1	364	1.290128
1	1282	1.215902
1	588	1.176612
1	1022	1.158953
1	1035	1.138193
1	2096	1.081324
1	2565	0.990148
1	2081	0.982047
1	1947	0.977784
1	2174	0.927245
2	380	1.501196
2	316	1.376373
2	1876	1.360545
2	1608	1.351493
2	329	1.337210
2	349	1.267758
2	292	1.244454
2	2763	1.211006
2	1573	1.201978
2	2393	1.194753
3	349	1.143697
3	380	0.959913
3	1	0.934419
3	112	0.875282
3	10	0.874750
3	1580	0.725665
3	3166	0.721806
3	1080	0.694801
3	1552	0.687279
3	1356	0.644921
5	1650	0.784638
5	1573	0.744000
5	2916	0.706233
5	1527	0.702392
5	2994	0.602597
5	1653	0.574641
5	480	0.573621
5	1396	0.527903
5	1748	0.525783
5	10	0.522793
6	2922	1.600121
6	2401	1.533064
6	1951	1.358039
6	2565	1.314786
6	2921	1.260267
6	3494	1.239368
6	553	1.172718
6	1378	1.100196
6	1266	1.041531
6	2135	1.035529
7	474	1.575371
7	3256	1.553406
7	1240	1.521420
7	1200	1.521368
7	1198	1.378259
7	1580	1.342087
7	1573	1.302086
7	1214	1.280553
7	1036	1.244593
7	1291	1.166469
8	148	0.885480
8	1043	0.634354
8	893	0.611741
8	424	0.561370
8	697	0.551142
8	3045	0.540893
8	201	0.494841
8	209	0.489547
8	1727	0.468859
8	287	0.449583
9	150	0.646018
9	339	0.630011
9	62	0.589702
9	1704	0.573265
9	539	0.568623
9	1271	0.547159
9	1393	0.524420
9	2501	0.520553
9	261	0.513492
9	2424	0.510485
10	594	1.073759
10	1029	1.051455
10	1282	0.965699
10	595	0.910454
10	364	0.881181
10	2078	0.877966
10	2018	0.874295
10	1032	0.777587
10	596	0.729229
10	1267	0.724214
11	344	1.005619
11	1485	0.753903
11	2335	0.747149
11	500	0.730131
11	248	0.723718
11	1517	0.707709
11	743	0.681906
11	1614	0.644270
11	2706	0.558827
11	543	0.522129
13	2161	1.212646
13	1356	1.181265
13	2193	1.145930
13	1376	1.112793
13	2628	1.026138
13	2470	1.021702
13	2021	1.010251
13	1375	0.989536
13	2140	0.974656
13	2054	0.954017
15	695	1.038278
15	1552	0.823341
15	2749	0.765377
15	2	0.734176
15	350	0.721457
15	707	0.701001
15	463	0.691691
15	2002	0.661714
15	2338	0.630519
15	786	0.603727
16	2694	2.288512
16	2881	1.782064
16	3005	1.648120
16	2188	1.488099
16	2605	1.477443
16	223	1.447918
16	2433	1.405788
16	3203	1.392925
16	2541	1.384070
16	1093	1.348049
17	2528	2.006784
17	3704	1.260304
17	2311	1.226387
17	1356	1.221623
17	2533	1.196493
17	2046	1.180571
17	1375	1.177280
17	1909	1.146930
17	3375	1.122885
17	3659	1.105173
18	1393	0.819445
18	357	0.688366
18	1678	0.651393
18	509	0.617462
18	1183	0.614164
18	62	0.611150
18	1682	0.584952
18	3105	0.528529
18	1684	0.524845
18	1672	0.501402
19	2646	0.884677
19	2650	0.764263
19	2719	0.702058
19	532	0.685307
19	2784	0.678892
19	1342	0.677631
19	1580	0.643685
19	2392	0.632576
19	2327	0.593283
19	2571	0.591824
22	1967	1.386134
22	2143	0.951845
22	2105	0.891931
22	3479	0.884629
22	2174	0.786045
22	2021	0.710143
22	2	0.705795
22	2968	0.669450
22	2115	0.667848
22	2872	0.639051
23	2418	0.522297
23	850	0.406625
23	2158	0.395285
23	1242	0.394031
23	3694	0.383483
23	3693	0.370948
23	3448	0.369197
23	1036	0.356532
23	512	0.355471
23	3704	0.355241
24	1196	1.101781
24	969	0.855914
24	1247	0.851220
24	1210	0.788496
24	1240	0.776928
24	17	0.735527
24	3114	0.734798
24	318	0.733598
24	593	0.723452
24	2762	0.719516
25	1037	1.435849
25	1779	1.387971
25	2986	1.260953
25	748	1.149832
25	2393	1.122561
25	1591	1.107659
25	173	1.094588
25	3697	1.076049
25	196	1.046073
25	172	0.980320
26	914	0.568084
26	1947	0.560281
26	2803	0.500073
26	364	0.473318
26	2096	0.451712
26	594	0.447085
26	2565	0.429241
26	588	0.423917
26	1527	0.406512
26	454	0.403159
27	2797	1.545399
27	3479	1.301597
27	1967	1.269826
27	2161	1.265177
27	2193	1.207313
27	2968	1.045537
27	2140	1.024244
27	367	0.960694
27	2054	0.841632
27	2143	0.765890
28	2791	0.663167
28	2797	0.635592
28	1259	0.599177
28	357	0.519699
28	2918	0.504751
28	1307	0.476371
28	2948	0.474157
28	2997	0.452506
28	1171	0.447826
28	1265	0.446390
29	2640	1.386881
29	1101	1.188981
29	3633	1.082088
29	2985	0.969709
29	3699	0.932943
29	1580	0.852178
29	1374	0.849518
29	2105	0.773936
29	1275	0.773509
29	2990	0.771735
30	318	2.317466
30	527	1.700915
30	1089	1.475276
30	1704	1.468132
30	1358	1.446431
30	34	0.989792
30	858	0.955279
30	36	0.953657
30	3147	0.941000
30	1221	0.889433
31	3087	0.726866
31	3491	0.604827
31	3501	0.584779
31	2134	0.566166
31	2150	0.562270
31	2746	0.550232
31	2779	0.531259
31	3552	0.520856
31	2423	0.502667
31	3244	0.502484
32	318	1.637581
32	296	1.604644
32	1089	1.424512
32	1213	1.413885
32	527	1.387114
32	457	1.124891
32	589	1.095255
32	1704	0.867648
32	2858	0.828345
32	260	0.789553
33	2779	0.464466
33	3262	0.423381
33	2071	0.401474
33	3105	0.392976
33	2326	0.382884
33	733	0.375193
33	2946	0.358313
33	2874	0.356944
33	1704	0.334500
33	112	0.329010
34	539	1.741127
34	597	1.433377
34	1777	1.400042
34	252	1.211940
34	74	1.154153
34	236	1.146090
34	1457	1.135925
34	2671	1.062181
34	46	1.035281
34	11	0.940619
35	539	1.168830
35	339	1.015705
35	597	0.964653
35	11	0.841474
35	1777	0.773975
35	440	0.717539
35	356	0.674164
35	2570	0.671849
35	357	0.659222
35	1357	0.651582
36	206	1.276998
36	1192	1.203431
36	162	0.894966
36	2922	0.841215
36	363	0.830314
36	1111	0.774931
36	246	0.767008
36	1865	0.720960
36	2921	0.717052
36	3508	0.710419
37	1393	1.333133
37	539	1.289257
37	440	1.222138
37	39	1.118302
37	11	1.107342
37	597	1.035243
37	587	0.904352
37	339	0.877274
37	1777	0.876736
37	2424	0.857128
38	595	1.069676
38	1022	0.854770
38	2018	0.848127
38	2081	0.826467
38	594	0.795582
38	1282	0.745308
38	2087	0.724261
38	1029	0.717586
38	3114	0.705661
38	596	0.700372
39	2598	2.043675
39	2502	2.016243
39	2490	1.981945
39	2688	1.936297
39	1513	1.896137
39	2581	1.689880
39	2734	1.640721
39	2013	1.635640
39	3273	1.567120
39	2491	1.485677
40	3066	2.186746
40	3154	1.608085
40	3137	1.588232
40	3143	1.409393
40	2670	1.355942
40	760	1.335394
40	3366	1.152956
40	3644	1.106970
40	1263	1.078365
40	3441	1.013849
42	2918	2.239689
42	2797	1.650237
42	3039	1.647862
42	3210	1.560999
42	2791	1.466625
42	3552	1.436001
42	2174	1.331338
42	2352	1.206714
42	1270	1.181040
42	1285	1.118114
44	1356	0.887800
44	2916	0.768820
44	2006	0.766902
44	1347	0.764488
44	780	0.746369
44	733	0.688553
44	1350	0.664839
44	1580	0.642861
44	1372	0.630731
44	1049	0.567944
45	3144	0.943115
45	691	0.781350
45	2913	0.746275
45	489	0.561249
45	2255	0.555917
45	2566	0.539965
45	1113	0.529364
45	234	0.524899
45	3219	0.509479
45	1571	0.480694
46	1326	2.299181
46	2878	2.090411
46	606	1.955246
46	1972	1.916661
46	1756	1.911509
46	2113	1.895853
46	3021	1.811962
46	1970	1.760732
46	3572	1.748514
46	1971	1.643583
48	2799	1.682583
48	2953	1.648148
48	2036	1.269283
48	1445	1.046531
48	2027	0.946192
48	3248	0.913194
48	88	0.904767
48	2798	0.897305
48	867	0.879920
48	437	0.878700
49	1552	1.404633
49	10	1.283649
49	1608	1.212388
49	1370	1.197108
49	1573	1.012342
49	733	1.007502
49	1722	0.993555
49	292	0.987198
49	736	0.954974
49	1597	0.913612
50	3753	1.449884
50	3624	1.123455
50	3744	1.109259
50	3755	1.052725
50	3578	0.985715
50	3555	0.927137
50	3623	0.858077
50	3513	0.852691
50	3534	0.840549
50	3743	0.798675
51	2997	1.029689
51	3510	0.901210
51	2762	0.854434
51	1148	0.819368
51	593	0.814019
51	3555	0.780863
51	2599	0.706993
51	364	0.704773
51	3624	0.703745
51	3717	0.697165
52	786	1.372784
52	1917	1.285214
52	95	1.194193
52	780	1.139614
52	1377	1.093153
52	292	1.056362
52	511	1.048685
52	2002	1.040582
52	2487	1.010294
52	1608	0.987631
53	287	0.827090
53	2497	0.676236
53	2410	0.592356
53	3528	0.591261
53	209	0.578944
53	847	0.535895
53	168	0.520673
53	638	0.515538
53	498	0.489926
53	1894	0.475818
54	1080	1.646738
54	1294	1.494781
54	1136	1.444543
54	1234	1.362692
54	1244	1.357306
54	3421	1.215233
54	3671	1.047245
54	1079	0.973659
54	905	0.942717
54	910	0.876839
56	1610	0.985834
56	1	0.883043
56	1265	0.881434
56	1704	0.833000
56	3418	0.800468
56	589	0.763465
56	1923	0.670722
56	377	0.651735
56	527	0.651161
56	1094	0.636277
57	3753	1.001596
57	1975	0.972876
57	3624	0.966431
57	1986	0.955651
57	3826	0.930225
57	3863	0.919071
57	3755	0.887935
57	3800	0.873204
57	3555	0.862602
57	3623	0.846472
58	1882	2.619261
58	196	2.191160
58	1373	1.952562
58	1590	1.818964
58	2549	1.780369
58	160	1.729354
58	1917	1.657084
58	379	1.573210
58	2668	1.570485
58	2448	1.476762
59	1617	0.792286
59	1252	0.780448
59	904	0.767440
59	443	0.696602
59	1086	0.693507
59	908	0.681502
59	2186	0.657947
59	1248	0.625847
59	950	0.619525
59	951	0.601425
60	1892	1.406616
60	2749	1.040647
60	350	0.977389
60	1805	0.966697
60	113	0.841322
60	1092	0.841192
60	1589	0.793841
60	2467	0.792453
60	1732	0.768849
60	695	0.725501
61	3717	2.186079
61	3510	1.637261
61	3793	1.549636
61	3785	1.516533
61	3300	1.449179
61	3646	1.444852
61	3863	1.410088
61	3798	1.295351
61	3751	1.268810
61	3484	1.255435
62	903	1.453809
62	1248	1.013922
62	3870	0.859821
62	1252	0.789569
62	1267	0.779149
62	933	0.759382
62	1247	0.728278
62	928	0.726625
62	920	0.716080
62	1226	0.705693
63	2706	1.589266
63	3005	1.542744
63	2770	1.342315
63	2188	1.337877
63	223	1.266840
63	2572	1.198033
63	2433	1.130555
63	2771	1.024894
63	2541	0.945845
63	2355	0.871646
65	2050	0.830828
65	2735	0.788002
65	2405	0.763867
65	2642	0.621938
65	3465	0.570389
65	2054	0.551528
65	2643	0.539731
65	3591	0.528229
65	3066	0.524517
65	2406	0.523558
67	1358	0.695697
67	3198	0.668486
67	17	0.634802
67	3196	0.609660
67	527	0.564432
67	3135	0.538289
67	1208	0.530326
67	3670	0.528082
67	1682	0.527220
67	593	0.522722
68	3671	0.872886
68	1394	0.836673
68	1079	0.816511
68	1	0.811465
68	2918	0.804862
68	1136	0.763593
68	2797	0.700073
68	2599	0.697599
68	1278	0.661073
68	2716	0.646602
69	219	0.971338
69	1393	0.684693
69	1656	0.638407
69	1678	0.620650
69	150	0.565136
69	62	0.488810
69	1396	0.488790
69	3496	0.466985
69	1650	0.461264
69	1621	0.456983
70	785	1.901769
70	2734	1.876947
70	2723	1.726489
70	2605	1.670979
70	2598	1.666109
70	2581	1.621900
70	2502	1.542181
70	24	1.523744
70	3219	1.517902
70	2676	1.511716
72	1265	1.412791
72	357	1.374747
72	440	1.184940
72	1777	1.169407
72	1923	1.122432
72	539	0.939831
72	34	0.912458
72	141	0.901052
72	1641	0.899471
72	2359	0.887419
73	2371	1.306558
73	2378	1.275937
73	2100	1.266558
73	2145	1.062417
73	2786	0.991373
73	2469	0.952929
73	2463	0.948955
73	2407	0.895404
73	2133	0.882466
73	2423	0.875299
74	1213	0.890622
74	593	0.878637
74	1617	0.857217
74	318	0.849780
74	1704	0.751926
74	1358	0.751532
74	50	0.649874
74	527	0.648863
74	1280	0.643178
74	3578	0.635172
75	1917	1.011690
75	196	0.951194
75	316	0.950024
75	2393	0.933686
75	3697	0.923560
75	1320	0.906697
75	329	0.881638
75	435	0.856971
75	1676	0.819112
75	748	0.793277
76	3624	1.806967
76	3555	1.770373
76	3510	1.300927
76	3785	1.245683
76	3646	1.102554
76	3354	1.078211
76	3863	1.046314
76	3484	1.041794
76	3745	0.982641
76	3408	0.975455
77	2683	2.348652
77	2688	2.316766
77	2605	2.291843
77	223	2.275867
77	1911	2.059280
77	3203	1.926734
77	2355	1.916554
77	2706	1.889804
77	2336	1.855497
77	1093	1.824580
78	440	1.105478
78	2108	0.976518
78	104	0.944958
78	1747	0.814827
78	357	0.802753
78	2359	0.792512
78	39	0.762702
78	852	0.759188
78	1485	0.747914
78	597	0.744961
79	3753	1.280898
79	3755	1.209399
79	3555	1.108924
79	3717	1.101887
79	3578	1.049831
79	3745	0.989889
79	3300	0.914693
79	3617	0.903705
79	3623	0.897480
79	3646	0.847180
80	588	1.107951
80	1907	1.089293
80	783	0.784125
80	595	0.768490
80	2394	0.747025
80	1777	0.735435
80	1566	0.710848
80	2096	0.705843
80	2087	0.677838
80	2078	0.677636
81	260	1.273835
81	858	1.081478
81	1240	1.008331
81	1200	1.004991
81	1221	0.895452
81	2571	0.892075
81	589	0.826871
81	1387	0.795593
81	1207	0.768116
81	1267	0.763471
82	1573	1.637788
82	2058	1.618054
82	474	1.539575
82	10	1.185339
82	380	1.145939
82	2916	1.137175
82	454	1.128645
82	6	1.111201
82	2571	0.968655
82	2763	0.919684
83	2174	2.772902
83	3479	2.680116
83	2	2.027902
83	3489	1.383138
83	317	1.374055
83	3438	1.266468
83	788	1.060891
83	2086	0.874540
83	1009	0.833461
83	2162	0.673174
84	1196	2.356924
84	589	2.191300
84	1198	1.841391
84	1210	1.809111
84	1036	1.739377
84	1610	1.336662
84	1387	1.318672
84	2916	1.204122
84	1206	1.167058
84	858	1.159950
85	3717	1.368187
85	3753	1.352410
85	3578	1.263109
85	3555	1.118716
85	3861	1.080251
85	3624	1.024016
85	3646	1.023163
85	3863	0.984022
85	3623	0.911823
85	3798	0.902176
86	1513	0.640544
86	1566	0.637757
86	2687	0.631784
86	2089	0.595332
86	2724	0.578436
86	588	0.576075
86	2096	0.571000
86	1917	0.498046
86	595	0.494131
86	1086	0.487688
87	474	0.927052
87	6	0.872841
87	1610	0.801299
87	457	0.773215
87	465	0.631306
87	10	0.567539
87	110	0.566467
87	2571	0.561870
87	2993	0.561129
87	3256	0.557224
88	1225	1.280640
88	1185	1.002834
88	1956	0.947914
88	1196	0.856623
88	1299	0.798112
88	1240	0.768837
88	1079	0.751956
88	1247	0.749888
88	1270	0.745764
88	260	0.743547
90	3510	0.794274
90	3555	0.750711
90	904	0.747411
90	3623	0.744590
90	1252	0.741086
90	3755	0.723079
90	3753	0.722845
90	3481	0.706079
90	1278	0.636354
90	1267	0.572444
91	3361	1.825892
91	1278	1.346777
91	1270	1.304705
91	1136	1.182718
91	1288	1.154504
91	1968	1.129148
91	1259	1.126328
91	2797	1.080509
91	2973	1.075275
91	1080	1.068700
92	10	1.375287
92	1552	1.268489
92	1370	1.204648
92	349	1.156234
92	1573	1.094193
92	494	1.004478
92	2763	0.967692
92	2353	0.944947
92	288	0.935963
92	353	0.920626
93	1882	2.078243
93	1562	1.981899
93	1831	1.445430
93	849	1.423424
93	2986	1.321433
93	3431	1.312722
93	315	1.306836
93	694	1.253460
93	71	1.246630
93	1037	1.229147
95	296	2.161733
95	50	1.659665
95	1617	1.397504
95	1704	1.355506
95	2391	1.082715
95	2028	1.040785
95	293	1.037868
95	1729	0.944444
95	2762	0.930255
95	1041	0.910522
96	150	1.394976
96	457	1.126725
96	1704	1.059048
96	1343	0.870716
96	2391	0.772064
96	293	0.771836
96	110	0.756524
96	3105	0.737579
96	6	0.687165
96	2028	0.686237
97	903	1.135830
97	2186	1.098580
97	912	1.073731
97	919	0.965359
97	920	0.950012
97	3870	0.938111
97	1267	0.875302
97	1252	0.867010
97	926	0.859766
97	3335	0.841707
99	2174	0.911226
99	1079	0.900713
99	588	0.868030
99	594	0.848794
99	3361	0.820590
99	2918	0.800312
99	2096	0.798271
99	596	0.766518
99	1270	0.751126
99	1282	0.739302
100	329	1.730600
100	1917	1.308909
100	1372	1.099323
100	2641	0.988992
100	316	0.974242
100	736	0.921109
100	1876	0.893875
100	1552	0.840096
100	1676	0.795722
100	3698	0.776278
101	153	1.223969
101	71	1.044191
101	1606	0.877143
101	315	0.823501
101	1391	0.814799
101	694	0.784517
101	1591	0.754464
101	544	0.748648
101	704	0.737274
101	2422	0.728416
102	931	1.239565
102	1284	1.226728
102	904	1.194422
102	1247	1.048176
102	2186	0.918011
102	3095	0.917803
102	923	0.901265
102	1069	0.866331
102	858	0.863754
102	912	0.863692
103	1779	1.526960
103	172	1.440084
103	2722	1.377940
103	2986	1.297989
103	2808	1.244322
103	435	1.219083
103	1882	1.166188
103	1544	1.084892
103	173	1.076819
103	2094	1.037739
104	2770	1.508211
104	2881	1.471184
104	2605	1.445138
104	2490	1.389375
104	2694	1.382466
104	2716	1.351741
104	2683	1.336855
104	2762	1.324508
104	1513	1.312456
104	2598	1.300902
105	2947	1.261667
105	1610	1.118952
105	2194	1.091161
105	2000	1.066370
105	1291	0.910421
105	110	0.823212
105	2944	0.812047
105	1222	0.802678
105	1200	0.781989
105	1036	0.734895
106	17	1.180427
106	914	1.148845
106	916	0.976100
106	2243	0.960839
106	3668	0.882939
106	1265	0.835514
106	1296	0.788136
106	2248	0.771714
106	1393	0.762400
106	3531	0.753330
107	3559	0.583539
107	1929	0.572243
107	1086	0.539713
107	2183	0.527219
107	2565	0.521651
107	914	0.514299
107	1944	0.510570
107	594	0.481066
107	1022	0.475352
107	918	0.465739
108	3753	1.163489
108	524	1.096745
108	1035	1.054369
108	3481	1.037436
108	2160	1.026652
108	1673	1.023163
108	3624	0.994092
108	2291	0.932193
108	3510	0.926254
108	1580	0.892797
109	2797	0.818940
109	2174	0.807774
109	1394	0.793812
109	1270	0.740065
109	2005	0.734876
109	1079	0.730250
109	3671	0.684690
109	2161	0.643375
109	2918	0.637137
109	1580	0.627896
110	3753	1.476744
110	3510	1.268468
110	3624	1.191917
110	3623	1.074974
110	3409	0.900917
110	3751	0.856419
110	3535	0.754466
110	3513	0.751771
110	3745	0.715762
110	3354	0.701754
111	440	0.965133
111	2108	0.933230
111	39	0.871109
111	3253	0.863962
111	1641	0.742195
111	349	0.731288
111	539	0.723818
111	2353	0.716988
111	10	0.702235
111	377	0.701523
112	1069	1.987610
112	1267	1.887883
112	913	1.842462
112	1152	1.616900
112	2096	1.428521
112	2726	1.381544
112	3334	1.338696
112	596	1.233839
112	2087	1.186451
112	1022	1.120471
113	1917	1.767573
113	3697	1.600641
113	1527	1.568289
113	1391	1.446542
113	2393	1.442796
113	1876	1.359817
113	329	1.340009
113	748	1.338070
113	1779	1.332974
113	1909	1.238621
114	2052	1.283994
114	1713	1.107209
114	616	0.988049
114	2092	0.935617
114	1489	0.883241
114	2057	0.842927
114	1702	0.819453
114	1566	0.795825
114	2142	0.783362
114	2828	0.768267
115	3753	2.124709
115	3624	1.828207
115	3409	1.639756
115	3793	1.542094
115	3623	1.264381
115	3513	1.187340
115	3408	1.135209
115	3534	1.057524
115	3512	0.966085
115	3863	0.914000
116	3785	1.357890
116	3623	1.095910
116	3624	1.001590
116	3793	0.935034
116	3863	0.915420
116	3510	0.884796
116	3753	0.872815
116	3948	0.831155
116	3555	0.770759
116	3821	0.757428
117	1035	1.895427
117	1947	1.564558
117	3604	1.330001
117	2083	1.194894
117	1088	1.115730
117	2946	1.108627
117	918	1.084165
117	900	1.024125
117	3549	0.976198
117	3675	0.918401
118	2797	1.233297
118	1968	0.903437
118	2918	0.883239
118	3253	0.848069
118	1270	0.813349
118	2100	0.790087
118	1663	0.734789
118	2915	0.690431
118	3210	0.686846
118	1042	0.664530
119	1688	1.928397
119	2090	1.701474
119	2687	1.528048
119	2096	1.517310
119	1566	1.504931
119	2137	1.405584
119	2294	1.387267
119	1022	1.308306
119	364	1.278296
119	1029	1.234061
120	1193	1.294219
120	912	1.176144
120	593	1.114117
120	1952	1.058124
120	908	1.036833
120	1276	1.022851
120	1104	1.021040
120	527	1.015088
120	924	0.899461
120	858	0.876754
121	1374	1.817469
121	3527	1.564293
121	1653	1.404562
121	2528	1.397942
121	1372	1.388615
121	2407	1.357128
121	480	1.329510
121	2916	1.314345
121	2009	1.301051
121	1396	1.290692
122	434	1.242828
122	736	1.089167
122	316	1.063113
122	1320	1.038969
122	1552	1.009921
122	292	1.007197
122	1779	0.934813
122	2002	0.889138
122	2126	0.885178
122	533	0.878958
123	3423	0.461131
123	3847	0.383677
123	1125	0.380030
123	3261	0.362590
123	2923	0.360134
123	588	0.356935
123	2350	0.356235
123	2423	0.352484
123	2081	0.345644
123	2236	0.341191
125	1610	1.483533
125	1036	1.358438
125	1291	1.353703
125	457	1.334688
125	1240	1.329990
125	1200	1.222438
125	1222	1.181847
125	3702	1.062401
125	2000	1.053050
125	1210	1.051825
126	1198	1.010137
126	858	0.981291
126	2028	0.971684
126	1196	0.970219
126	1240	0.917565
126	1291	0.884547
126	457	0.880743
126	1200	0.821814
126	1214	0.805701
126	1954	0.787261
127	2947	1.624380
127	260	1.535450
127	1240	1.508417
127	1036	1.463569
127	2028	1.388870
127	1196	1.369524
127	1214	1.265192
127	1200	1.149398
127	457	1.136457
127	2194	1.037886
129	592	0.818438
129	1291	0.816041
129	1196	0.775174
129	3435	0.766890
129	1376	0.761512
129	1210	0.732191
129	1248	0.719559
129	2455	0.714776
129	922	0.691400
129	1260	0.677953
130	1356	1.325175
130	1580	1.218114
130	3635	1.208911
130	2916	1.127052
130	1370	1.109668
130	1129	0.947829
130	1573	0.944943
130	10	0.943964
130	1374	0.943718
130	3256	0.884060
131	755	0.606339
131	2705	0.606339
131	922	0.550647
131	2618	0.540257
131	1230	0.488094
131	3645	0.487223
131	904	0.473518
131	903	0.448469
131	750	0.438512
131	898	0.436922
132	3087	0.772450
132	2108	0.673606
132	3253	0.652868
132	440	0.603986
132	2407	0.596550
132	2463	0.562718
132	2470	0.554427
132	2150	0.545155
132	2797	0.519441
132	1042	0.513476
133	2598	1.508066
133	3219	1.311572
133	2490	1.248891
133	1513	1.193084
133	2605	1.141705
133	1911	1.093457
133	2805	1.031612
133	2394	0.998191
133	2840	0.938786
133	2724	0.938245
134	1562	1.026406
134	544	0.953008
134	694	0.868281
134	153	0.836246
134	3208	0.819831
134	1867	0.789478
134	2373	0.784680
134	809	0.764826
134	1004	0.747546
134	208	0.742594
135	2841	2.784152
135	2491	2.583379
135	2581	2.400991
135	2490	2.400559
135	2485	2.207017
135	2723	2.162362
135	3219	2.026292
135	2013	2.004856
135	2906	2.004457
135	2702	1.746381
136	3397	0.685839
136	2423	0.653346
136	2150	0.641710
136	2797	0.639566
136	3448	0.617812
136	3039	0.582414
136	1663	0.571028
136	1297	0.519345
136	3210	0.512777
136	2406	0.504833
137	1917	1.326668
137	316	1.308179
137	329	1.290437
137	1676	1.190253
137	1909	1.183368
137	2916	1.132481
137	1372	1.124788
137	1584	1.048011
137	1748	0.893022
137	2628	0.883123
138	1617	1.366551
138	50	1.353388
138	318	1.078901
138	858	1.074924
138	3362	1.035669
138	593	1.034127
138	624	0.857557
138	1227	0.827320
138	1953	0.778118
138	2391	0.769391
139	1350	1.655651
139	1407	1.555267
139	1321	1.525980
139	1130	1.384864
139	1717	1.315107
139	1991	1.303662
139	1982	1.303392
139	1342	1.169517
139	1258	1.114769
139	2118	1.024459
140	2203	1.297521
140	1260	1.203753
140	2206	1.182849
140	2066	1.179076
140	931	1.162040
140	1252	1.063920
140	3334	1.035564
140	1940	1.020461
140	942	1.011237
140	2186	0.952027
142	588	1.245667
142	1923	1.141032
142	3114	0.853396
142	1704	0.759235
142	2096	0.730499
142	2355	0.714334
142	594	0.710482
142	34	0.665178
142	1282	0.652938
142	235	0.650990
143	1370	1.592281
143	733	1.383727
143	2006	1.203258
143	1573	1.039708
143	357	1.022727
143	2278	0.934670
143	2763	0.933839
143	2916	0.908953
143	356	0.843303
143	2058	0.839417
144	2688	1.257199
144	2683	1.076390
144	2959	1.063256
144	3510	1.001532
144	2355	0.935872
144	3555	0.913641
144	2770	0.897115
144	3755	0.879206
144	2716	0.861487
144	318	0.858738
145	2694	2.533555
145	2770	2.435311
145	2706	2.383769
145	2433	2.239315
145	3005	2.099069
145	2336	2.036319
145	1093	1.825852
145	2712	1.797334
145	2355	1.791326
145	2605	1.661094
146	1527	0.624549
146	2215	0.580084
146	1876	0.577727
146	2989	0.551565
146	1370	0.543463
146	329	0.539020
146	780	0.538446
146	793	0.525888
146	1610	0.505929
146	2949	0.505090
147	3578	0.680306
147	3623	0.609888
147	1061	0.600488
147	3624	0.586754
147	357	0.572989
147	2268	0.549991
147	3489	0.535315
147	3555	0.529490
147	339	0.502023
147	3427	0.495590
148	867	1.659848
148	575	1.479652
148	881	1.446621
148	747	1.393594
148	2042	1.319569
148	1005	1.154076
148	2036	1.019104
148	87	1.011421
148	355	1.009519
148	93	0.982240
149	3624	0.700417
149	3578	0.617069
149	3717	0.613248
149	3536	0.601702
149	3755	0.567345
149	3951	0.565685
149	2471	0.548176
149	3288	0.548146
149	3860	0.548146
149	2950	0.538656
150	2866	1.123770
150	1294	0.978522
150	1244	0.926633
150	1292	0.862209
150	1263	0.809854
150	1082	0.772447
150	1278	0.750002
150	3198	0.745520
150	1080	0.735865
150	111	0.718105
151	2005	1.350136
151	1193	1.187237
151	3479	1.153606
151	2143	1.147867
151	527	1.085031
151	2105	1.074604
151	2174	1.070040
151	593	1.023869
151	923	0.992780
151	111	0.917531
154	2688	2.757973
154	223	2.358566
154	2605	2.309926
154	2881	2.305334
154	2694	2.183590
154	2683	2.165441
154	1911	2.132907
154	2541	2.067237
154	785	1.867614
154	3005	1.764827
155	2382	1.947533
155	2379	1.763205
155	3689	1.325019
155	810	1.040899
155	470	1.036874
155	2464	0.970463
155	3690	0.957796
155	2458	0.895798
155	3774	0.881903
155	3667	0.878810
156	2467	1.373472
156	731	1.234989
156	695	1.148768
156	3044	1.044715
156	113	0.916014
156	3176	0.889788
156	1589	0.884585
156	1805	0.824396
156	904	0.808205
156	1247	0.785419
157	1250	1.481505
157	1272	1.310643
157	1262	1.262189
157	3066	0.987230
157	1090	0.983011
157	1224	0.977406
157	969	0.858605
157	1927	0.839253
157	920	0.829012
157	3670	0.810869
159	2598	1.782853
159	223	1.772820
159	1093	1.763503
159	2770	1.698068
159	2541	1.631171
159	2694	1.596053
159	1911	1.519872
159	785	1.504588
159	2706	1.503610
159	2716	1.476644
161	1682	0.534262
161	1678	0.529019
161	1082	0.512986
161	1466	0.472574
161	1061	0.468018
161	3508	0.442993
161	47	0.435595
161	293	0.416145
161	1399	0.408242
161	555	0.406018
162	3555	1.490621
162	3617	1.418869
162	3785	1.350026
162	3717	1.331003
162	3578	1.234105
162	3646	1.114233
162	3753	1.110947
162	3510	1.092964
162	3751	1.074468
162	3827	1.052160
163	2491	1.385282
163	3081	1.367618
163	2724	1.324747
163	2762	1.307818
163	2395	1.271814
163	2581	1.187809
163	2700	1.152015
163	2490	1.125802
163	2763	1.000067
163	3219	0.999663
165	3014	1.120604
165	3850	1.069638
165	2528	0.945421
165	2386	0.742769
165	3902	0.736746
165	2536	0.700243
165	2185	0.694167
165	3900	0.694073
165	3394	0.636083
165	3947	0.626922
166	2089	1.090192
166	2096	1.054336
166	1864	1.017449
166	87	0.970241
166	2085	0.927721
166	3034	0.907071
166	1907	0.878818
166	596	0.864938
166	616	0.853370
166	2294	0.839430
167	3897	0.689135
167	3596	0.667010
167	3555	0.662759
167	3481	0.635009
167	3515	0.617701
167	3317	0.611964
167	2510	0.584827
167	3556	0.549715
167	3512	0.496615
167	3408	0.495819
169	1967	0.651290
169	2161	0.570427
169	2193	0.494286
169	2174	0.442078
169	3437	0.435231
169	3479	0.432055
169	385	0.402911
169	2469	0.374998
169	2301	0.359212
169	3308	0.350701
170	318	1.341259
170	1207	1.105317
170	608	0.997688
170	2858	0.922590
170	1193	0.921357
170	1247	0.813523
170	3095	0.808932
170	111	0.778880
170	750	0.732924
170	1221	0.723901
173	1573	0.453205
173	1939	0.445572
173	2401	0.442993
173	3152	0.426501
173	1362	0.424596
173	1944	0.424012
173	670	0.421076
173	2210	0.410864
173	780	0.406202
173	1370	0.399922
174	349	1.160862
174	2640	1.101092
174	2991	1.092101
174	733	1.088235
174	380	1.071383
174	2989	1.055012
174	2916	1.039569
174	1580	1.024219
174	1722	1.013600
174	1573	0.986776
175	1347	0.603250
175	16	0.548255
175	2994	0.455799
175	1625	0.454979
175	596	0.429903
175	6	0.422063
175	1573	0.419655
175	1748	0.419643
175	1130	0.413008
175	1350	0.406303
176	3688	1.550772
176	1091	1.541172
176	2134	1.391331
176	2088	1.377614
176	2478	1.330274
176	2374	1.300372
176	3391	1.298632
176	2786	1.297447
176	2471	1.218389
176	2259	1.215785
177	1210	1.607513
177	260	1.390345
177	1196	1.359280
177	2571	1.239737
177	1200	1.224062
177	2916	1.173476
177	1214	0.987549
177	589	0.953544
177	2968	0.886176
177	1376	0.866966
178	1022	1.324248
178	1947	1.222538
178	2922	1.158821
178	1907	1.142262
178	1035	1.109637
178	1029	1.027228
178	1030	0.992086
178	900	0.987154
178	595	0.968414
178	1028	0.937068
179	1909	2.090397
179	780	2.038803
179	329	2.021918
179	1676	1.908631
179	1748	1.756790
179	1573	1.702031
179	1396	1.641852
179	480	1.578304
179	198	1.566660
179	3697	1.511373
180	608	1.392363
180	318	1.381199
180	1213	1.143380
180	50	1.098294
180	1704	1.093541
180	527	1.056880
180	3555	1.045370
180	3911	1.032694
180	3893	0.969598
180	3317	0.929676
181	1278	1.276875
181	3671	0.972110
181	1394	0.887688
181	1125	0.855794
181	1292	0.756143
181	1276	0.738940
181	1193	0.727455
181	2191	0.709503
181	1079	0.706102
181	296	0.699519
182	3253	1.198859
182	141	1.087771
182	1042	1.087513
182	539	1.070199
182	2108	1.066981
182	339	1.001618
182	587	0.967021
182	2539	0.872122
182	1569	0.829817
182	585	0.811064
183	1136	0.588358
183	1244	0.575173
183	593	0.543386
183	3656	0.529752
183	1080	0.517123
183	3421	0.509294
183	1172	0.504455
183	3504	0.501141
183	3039	0.496027
183	1307	0.485743
184	1022	2.703204
184	595	2.562418
184	1029	2.488395
184	1282	2.244124
184	2294	1.886130
184	2085	1.833062
184	1032	1.822138
184	2137	1.701471
184	783	1.695671
184	2089	1.585566
185	316	1.835304
185	1573	1.714206
185	1356	1.685665
185	349	1.508168
185	1527	1.366112
185	1876	1.303119
185	733	1.299593
185	2628	1.296732
185	1917	1.207706
185	494	1.141866
186	2605	2.866407
186	1093	2.730928
186	2719	2.415878
186	2770	2.216241
186	223	1.963784
186	2694	1.940755
186	2683	1.766461
186	2710	1.605868
186	3005	1.533297
186	2433	1.512250
187	339	0.667148
187	597	0.644120
187	708	0.590575
187	471	0.562805
187	500	0.557541
187	1569	0.556201
187	1485	0.541111
187	1020	0.539508
187	104	0.524394
187	2424	0.518758
188	2734	2.122496
188	2716	2.068047
188	785	2.033803
188	2770	1.915521
188	1093	1.818840
188	2333	1.810309
188	2881	1.735257
188	2719	1.733940
188	1959	1.688925
188	2712	1.652218
189	527	1.133546
189	296	1.124420
189	1213	1.020984
189	608	1.020160
189	2997	0.934766
189	50	0.829408
189	2683	0.817050
189	1704	0.793158
189	2694	0.787656
189	2188	0.772292
190	1022	1.371455
190	2018	1.246086
190	596	1.221658
190	364	1.008728
190	595	0.956778
190	588	0.944831
190	1035	0.916795
190	2087	0.888856
190	1032	0.874595
190	2081	0.777792
191	2683	1.054824
191	2694	0.882434
191	3005	0.798735
191	2572	0.791105
191	223	0.671439
191	2997	0.668873
191	2699	0.663172
191	318	0.601789
191	2770	0.585079
191	2541	0.579179
192	3893	0.851155
192	3317	0.811585
192	3948	0.793120
192	318	0.658528
192	50	0.632394
192	608	0.610828
192	3566	0.608874
192	1221	0.597855
192	3831	0.531245
192	1079	0.522973
193	2967	0.669262
193	2916	0.667764
193	1580	0.637474
193	3527	0.632711
193	1356	0.619830
193	2640	0.616414
193	1376	0.598922
193	1097	0.594395
193	1129	0.591455
193	2256	0.534482
194	1485	1.133482
194	500	1.091617
194	11	1.046829
194	1777	1.017079
194	141	0.845617
194	2539	0.845080
194	539	0.841515
194	3253	0.833544
194	597	0.810925
194	1747	0.788498
195	1606	0.548889
195	3641	0.512148
195	615	0.421814
195	737	0.415095
195	344	0.402205
195	2196	0.400005
195	204	0.374670
195	3661	0.370908
195	888	0.358249
195	3833	0.351330
196	318	2.037243
196	527	1.632119
196	858	1.560675
196	1089	1.425226
196	111	1.156486
196	1193	1.149927
196	2028	1.132211
196	1207	1.049714
196	3893	1.042295
196	904	1.029861
198	1372	1.002366
198	1356	1.002100
198	329	0.944512
198	2393	0.852149
198	1527	0.784752
198	1371	0.735234
198	2985	0.718619
198	1580	0.687580
198	2916	0.669113
198	3699	0.618031
199	204	1.110245
199	3710	1.032515
199	1562	0.983483
199	420	0.966375
199	1497	0.956538
199	1599	0.949845
199	315	0.918317
199	2835	0.853790
199	1752	0.759076
199	1432	0.745714
201	3162	1.659971
201	3481	0.939947
201	3240	0.904808
201	3911	0.695833
201	3897	0.641731
201	3893	0.622583
201	3861	0.612879
201	3571	0.589952
201	3555	0.582855
201	2696	0.569433
202	2018	1.471004
202	595	1.249012
202	588	1.239890
202	1907	1.120748
202	2096	1.113006
202	1022	1.100133
202	2799	1.093489
202	1029	1.092168
202	2087	0.957453
202	2078	0.955878
203	463	0.836725
203	46	0.806745
203	1624	0.747694
203	381	0.676557
203	1043	0.653787
203	613	0.650148
203	1465	0.647050
203	1044	0.586998
203	1366	0.582873
203	3428	0.573195
204	1293	0.770801
204	1231	0.728014
204	1956	0.722251
204	1022	0.560920
204	1394	0.534413
204	1185	0.533605
204	1968	0.529188
204	3421	0.527165
204	3037	0.498362
204	3098	0.494645
205	1221	0.987318
205	923	0.738745
205	541	0.677050
205	912	0.660797
205	1252	0.654989
205	922	0.629340
205	1213	0.587347
205	1196	0.586332
205	3095	0.578666
205	1214	0.570826
206	3623	0.634973
206	3555	0.578040
206	3578	0.540202
206	3753	0.509008
206	3624	0.508215
206	3510	0.507683
206	3481	0.506002
206	3409	0.486148
206	1911	0.427676
206	2688	0.424563
208	16	0.744475
208	2391	0.598349
208	3563	0.588235
208	1573	0.571101
208	733	0.565235
208	3101	0.555368
208	2452	0.544311
208	6	0.533930
208	1272	0.503584
208	1089	0.496248
210	1606	1.895618
210	1562	1.692936
210	1004	1.516672
210	71	1.420110
210	1382	1.398655
210	996	1.249535
210	2808	1.237844
210	208	1.226413
210	849	1.202116
210	1432	1.191449
211	3409	1.367900
211	3624	1.362003
211	1171	1.223374
211	1673	1.186293
211	3755	1.080506
211	3481	1.070362
211	2791	1.068197
211	2455	1.065402
211	3300	1.032251
211	3623	1.026004
212	2100	1.015695
212	2918	0.868446
212	3552	0.835978
212	2872	0.750099
212	597	0.711691
212	1777	0.662359
212	2539	0.659624
212	2424	0.647785
212	2915	0.646079
212	3039	0.626991
214	1562	0.713973
214	1857	0.692566
214	420	0.672835
214	2002	0.667361
214	429	0.666044
214	2253	0.657551
214	3258	0.605738
214	434	0.579350
214	178	0.537419
214	520	0.537112
215	1356	1.876199
215	316	1.701732
215	780	1.642473
215	1580	1.611945
215	1573	1.405057
215	329	1.325358
215	2628	1.240927
215	198	1.228743
215	1653	1.184196
215	2571	1.179573
216	1573	0.531684
216	329	0.529622
216	600	0.492472
216	1722	0.491574
216	2803	0.487269
216	3256	0.469673
216	2989	0.457454
216	80	0.448796
216	1527	0.435804
216	605	0.435550
218	2491	2.681709
218	2841	2.641538
218	2734	2.335891
218	2906	2.307147
218	2395	2.290645
218	3081	2.165353
218	2723	2.130208
218	2762	1.965238
218	2805	1.873700
218	2502	1.753897
219	3624	1.228881
219	3510	1.220340
219	3578	1.161211
219	3717	1.121653
219	3793	1.078994
219	3948	1.073387
219	2694	1.028786
219	2858	1.020578
219	3751	1.019791
219	3827	0.929687
220	3386	1.381939
220	3044	1.285455
220	1892	1.215040
220	113	1.213219
220	695	0.959528
220	731	0.929486
220	2749	0.894986
220	164	0.870135
220	1092	0.813005
220	1645	0.766911
222	2193	1.553840
222	3489	1.540279
222	2143	1.452474
222	1967	1.366345
222	2161	1.326456
222	1073	1.321938
222	3479	1.098482
222	2105	0.995883
222	2086	0.950103
222	2162	0.949383
223	2474	0.864106
223	1302	0.850209
223	3577	0.760286
223	3360	0.648966
223	640	0.647861
223	2942	0.637405
223	1124	0.613679
223	3343	0.595325
223	2240	0.556160
223	3620	0.548059
224	593	0.904088
224	50	0.798596
224	608	0.792254
224	318	0.704598
224	3114	0.698250
224	1617	0.692771
224	745	0.689023
224	2858	0.600574
224	1704	0.591561
224	1223	0.589775
225	457	0.579695
225	261	0.505439
225	452	0.501709
225	1509	0.499453
225	619	0.494961
225	718	0.491964
225	3418	0.488259
225	2570	0.480737
225	3304	0.480240
225	3679	0.474052
228	3624	1.618681
228	3510	1.468291
228	3409	1.346132
228	3623	1.271965
228	3484	1.100555
228	3793	1.053577
228	3755	1.051582
228	3408	1.046855
228	3535	0.958031
228	524	0.883738
229	1831	0.731990
229	2808	0.646608
229	3697	0.608678
229	780	0.603579
229	2722	0.561528
229	338	0.545604
229	1544	0.543599
229	748	0.542155
229	2986	0.541547
229	196	0.532842
230	1278	1.095227
230	1080	0.901666
230	1387	0.849904
230	3421	0.824455
230	1125	0.804036
230	1304	0.760317
230	3363	0.759836
230	1294	0.735223
230	1208	0.728414
230	1230	0.667053
231	1291	1.500770
231	1968	1.239544
231	1079	1.231091
231	1197	1.173364
231	3039	1.074380
231	3210	1.069764
231	1240	1.053800
231	260	0.932880
231	2915	0.916689
231	2174	0.915548
232	1923	0.965593
232	1883	0.923421
232	2108	0.856219
232	52	0.852221
232	223	0.818471
232	39	0.797207
232	1641	0.783589
232	2770	0.768913
232	1747	0.759111
232	357	0.733712
233	1022	3.217053
233	1282	2.774222
233	2087	2.269126
233	2078	2.191205
233	914	1.911983
233	2018	1.841835
233	2080	1.802426
233	899	1.792795
233	900	1.672445
233	596	1.655855
235	2599	0.791350
235	2580	0.675307
235	2502	0.576325
235	2291	0.573741
235	1704	0.567933
235	785	0.552661
235	2318	0.523345
235	913	0.518155
235	2723	0.511396
235	281	0.504064
236	1198	2.231608
236	589	1.830778
236	1214	1.810426
236	1387	1.805278
236	457	1.650773
236	1210	1.631122
236	1242	1.511800
236	1270	1.481013
236	2947	1.475013
236	858	1.368793
237	457	0.545552
237	2027	0.540322
237	3667	0.522414
237	2571	0.504217
237	3893	0.494250
237	2916	0.480323
237	480	0.477681
237	1036	0.472722
237	1240	0.464226
237	3948	0.452684
238	3656	0.639601
238	1082	0.464656
238	3724	0.440381
238	3449	0.426692
238	3109	0.417548
238	731	0.417097
238	2627	0.408557
238	2620	0.408385
238	3678	0.394065
238	2866	0.387336
239	1222	1.007810
239	1148	0.818692
239	2028	0.775734
239	1208	0.773093
239	1250	0.755581
239	1	0.731313
239	1200	0.649844
239	1224	0.640333
239	527	0.612662
239	1223	0.609634
240	1263	1.150081
240	1090	1.011698
240	527	0.971076
240	3066	0.944353
240	3670	0.910480
240	1208	0.888292
240	1927	0.834540
240	3062	0.720444
240	2028	0.718710
240	969	0.688296
241	3527	1.586098
241	2916	1.240816
241	1356	1.158129
241	2985	1.078333
241	1240	1.070331
241	2640	1.055997
241	1200	1.019853
241	3070	1.016881
241	2571	0.992801
241	2529	0.977286
242	3555	0.749383
242	594	0.592265
242	3409	0.557184
242	588	0.543863
242	2096	0.543123
242	596	0.534448
242	3717	0.526205
242	3623	0.523008
242	3753	0.522454
242	3513	0.516822
243	1394	1.136587
243	3421	1.055216
243	1079	1.036458
243	3671	0.902293
243	1080	0.895697
243	1294	0.867297
243	1278	0.848245
243	3361	0.716759
243	2997	0.707530
243	2918	0.706462
244	1079	1.908871
244	2918	1.668008
244	3210	1.345907
244	3039	1.345575
244	1968	1.345412
244	1394	1.332344
244	1663	1.172691
244	3552	1.121490
244	1259	1.008599
244	2571	0.867233
245	2941	1.040532
245	1263	0.883995
245	3196	0.861344
245	897	0.848290
245	1208	0.839224
245	3062	0.808301
245	3372	0.746960
245	1090	0.708250
245	2944	0.681633
245	1250	0.672780
247	296	1.001959
247	593	0.993071
247	912	0.874502
247	1704	0.840774
247	1213	0.838915
247	608	0.832710
247	1193	0.799015
247	1952	0.744937
247	923	0.740866
247	150	0.731486
248	1291	2.587382
248	1200	2.550967
248	2028	2.138385
248	1214	1.907935
248	1387	1.673923
248	2947	1.592727
248	1610	1.568544
248	1287	1.333735
248	2194	1.324905
248	858	1.284108
249	2174	0.921303
249	1079	0.626111
249	3361	0.619315
249	2100	0.617877
249	1663	0.602127
249	318	0.575051
249	1968	0.564522
249	3039	0.554132
249	1220	0.548531
249	2915	0.531940
251	3508	1.551100
251	2401	1.500722
251	2922	1.489981
251	3494	1.336193
251	3074	1.234464
251	1378	1.228374
251	458	1.175393
251	1007	1.144271
251	589	1.143082
251	416	1.114731
252	1917	1.445432
252	316	1.427603
252	2393	1.235851
252	1876	1.232486
252	1527	1.224077
252	329	1.183596
252	1603	1.163372
252	1370	1.145439
252	2916	1.045077
252	349	1.017285
253	608	1.112989
253	308	0.834247
253	593	0.801190
253	443	0.795832
253	2028	0.661492
253	527	0.655667
253	1704	0.597672
253	1369	0.584633
253	296	0.581821
253	3260	0.572667
255	1240	2.079863
255	1196	1.787754
255	2571	1.651460
255	1206	1.416487
255	3471	1.415187
255	2529	1.404626
255	589	1.389994
255	32	1.381499
255	260	1.257904
255	3527	1.121955
256	736	1.122443
256	648	1.093571
256	3107	1.086130
256	786	1.052699
256	1370	0.992221
256	1616	0.961533
256	292	0.947861
256	2002	0.906169
256	165	0.906084
256	349	0.905671
257	1610	1.311170
257	2762	1.043861
257	6	0.859216
257	377	0.786444
257	733	0.768851
257	589	0.763465
257	593	0.750748
257	50	0.732481
257	3256	0.731326
257	1625	0.721301
258	1610	1.210865
258	1036	1.137709
258	2571	0.938690
258	2028	0.877705
258	1200	0.865976
258	1214	0.804542
258	1291	0.787715
258	589	0.780537
258	260	0.771663
258	1196	0.763755
259	1240	1.110871
259	1196	0.957966
259	1214	0.940876
259	589	0.923187
259	260	0.849695
259	1270	0.708797
259	1210	0.646642
259	1387	0.618479
259	2028	0.616969
259	1198	0.616578
260	204	1.278780
260	1499	1.267423
260	71	1.121883
260	1438	1.107210
260	153	1.106204
260	2404	1.099674
260	1882	1.088119
260	1867	1.085358
260	485	1.074371
260	1898	1.021147
261	3440	0.767850
261	2162	0.678609
261	153	0.623266
261	2253	0.611722
261	1091	0.564630
261	2042	0.549085
261	867	0.544628
261	3688	0.541353
261	2259	0.538693
261	2196	0.537541
262	2143	2.176532
262	2054	1.692319
262	3489	1.663944
262	2140	1.574806
262	2968	1.545855
262	2021	1.478040
262	2105	1.396591
262	1097	1.257782
262	2453	1.174133
262	788	1.037218
263	1196	1.907229
263	32	1.760129
263	1200	1.710851
263	2916	1.657572
263	1214	1.496444
263	3527	1.248834
263	541	1.248028
263	3702	1.214378
263	480	1.199088
263	1580	1.192132
264	457	0.794818
264	2918	0.698788
264	1036	0.671407
264	2194	0.648394
264	589	0.648094
264	3256	0.622664
264	2000	0.587959
264	2947	0.582610
264	1240	0.576653
264	110	0.560015
265	296	1.718747
265	1213	1.661657
265	1250	1.507447
265	923	1.380755
265	1225	1.374365
265	858	1.356183
265	1221	1.345204
265	2028	1.291947
265	919	1.287228
265	111	1.217038
266	593	1.414918
266	527	1.371424
266	1213	1.182066
266	1617	1.014905
266	912	0.967903
266	1247	0.955242
266	1193	0.877712
266	50	0.849194
266	2762	0.786200
266	904	0.780128
267	3753	0.945078
267	3578	0.918953
267	3624	0.864105
267	1552	0.851659
267	292	0.812770
267	3755	0.812757
267	3481	0.793694
267	3827	0.788073
267	3717	0.783519
267	3408	0.717616
268	2463	1.267701
268	2406	1.264805
268	2145	1.156706
268	2470	1.133074
268	2134	1.099646
268	2150	1.059594
268	3524	1.057230
268	2161	0.977328
268	3479	0.947953
268	3552	0.925794
269	1980	0.780795
269	1979	0.769166
269	2396	0.709186
269	593	0.662822
269	2858	0.658867
269	50	0.625619
269	608	0.625475
269	3081	0.623506
269	2028	0.579751
269	3793	0.569545
270	1303	1.260303
270	1198	1.181645
270	1287	1.026272
270	912	1.004232
270	2944	0.925020
270	2949	0.838236
270	260	0.825745
270	1196	0.824232
270	1036	0.793777
270	2194	0.732664
271	2876	0.718470
271	374	0.625256
271	609	0.621976
271	1359	0.530813
271	673	0.523862
271	169	0.521175
271	3820	0.502732
271	2090	0.502700
271	761	0.488609
271	783	0.488186
272	2402	0.908611
272	1242	0.875531
272	1250	0.809817
272	318	0.787665
272	3372	0.762313
272	473	0.743074
272	1090	0.732833
272	1221	0.717150
272	858	0.709119
272	2404	0.700672
273	1562	0.755139
273	2797	0.665073
273	2028	0.600636
273	2571	0.594789
273	1097	0.584111
273	1005	0.560168
273	2161	0.549611
273	260	0.543799
273	1967	0.541936
273	2005	0.518852
274	2066	0.990316
274	3435	0.983452
274	913	0.940389
274	1267	0.883238
274	1248	0.832820
274	922	0.698913
274	2186	0.681652
274	903	0.678822
274	1260	0.638341
274	904	0.618820
275	1240	1.098217
275	2797	1.042778
275	1307	1.005534
275	2915	0.987226
275	3210	0.982978
275	1270	0.971447
275	3552	0.971110
275	1291	0.965116
275	3039	0.963379
275	1663	0.906103
278	1326	3.326612
278	2878	2.921752
278	3572	2.640851
278	1980	2.604626
278	1979	2.543788
278	1989	2.512613
278	1984	2.491313
278	2113	2.404814
278	1996	2.004075
278	2515	1.850487
279	3519	0.880949
279	1250	0.866230
279	1242	0.765153
279	3406	0.761063
279	1944	0.747837
279	3366	0.740577
279	527	0.717661
279	2028	0.703409
279	1263	0.699921
279	151	0.684605
280	1394	1.048859
280	1278	1.006027
280	2973	0.949311
280	1080	0.879221
280	1079	0.834424
280	1270	0.823813
280	3504	0.728824
280	1307	0.704125
280	3306	0.701872
280	1136	0.677520
281	3256	0.590500
281	457	0.563549
281	3044	0.554650
281	1684	0.540728
281	1343	0.493535
281	21	0.478637
281	3108	0.477829
281	2353	0.471354
281	1925	0.457150
281	6	0.436367
284	733	0.845951
284	648	0.776083
284	2006	0.756627
284	10	0.749529
284	1101	0.732938
284	349	0.709659
284	1370	0.696333
284	2617	0.665525
284	1608	0.628984
284	2000	0.594691
285	593	0.682489
285	1252	0.637332
285	608	0.632876
285	1219	0.630392
285	2467	0.629381
285	1343	0.577683
285	1089	0.569905
285	695	0.533097
285	1092	0.520527
285	2762	0.493715
286	1617	1.122313
286	318	1.023391
286	50	1.004266
286	1089	0.987093
286	1265	0.837744
286	1213	0.832768
286	357	0.819055
286	296	0.814511
286	1610	0.771709
286	1358	0.768236
287	150	0.747068
287	2291	0.681490
287	1704	0.681412
287	300	0.676778
287	1682	0.648703
287	265	0.640766
287	1094	0.628005
287	778	0.570152
287	1466	0.569249
287	1358	0.542642
288	3256	1.860757
288	2916	1.819092
288	457	1.564508
288	349	1.545945
288	377	1.468231
288	1370	1.386291
288	6	1.221641
288	1356	1.101977
288	592	1.088295
288	112	1.085658
289	1036	2.262609
289	1200	2.047729
289	589	1.808360
289	2194	1.677000
289	2949	1.612060
289	1954	1.592099
289	260	1.557760
289	2028	1.520337
289	2571	1.460985
289	1287	1.460976
290	593	1.816047
290	2028	1.546977
290	1704	1.383711
290	296	1.374774
290	1213	1.154888
290	1358	1.075139
290	1089	1.043773
290	1617	0.959722
290	2762	0.903960
290	34	0.847575
291	1231	0.911898
291	1185	0.782515
291	1957	0.750058
291	2919	0.669579
291	1955	0.668445
291	1962	0.645292
291	3360	0.637768
291	1299	0.632236
291	1225	0.599996
291	2852	0.550765
292	480	1.784247
292	1748	1.683839
292	1356	1.512043
292	1909	1.503297
292	1396	1.392546
292	1372	1.312285
292	1240	1.295218
292	1210	1.235922
292	260	1.234803
292	316	1.204940
293	3897	0.785299
293	3481	0.764919
293	583	0.752277
293	3863	0.743005
293	3911	0.691745
293	912	0.630978
293	3569	0.597495
293	3798	0.597339
293	3952	0.589008
293	3556	0.586063
294	1517	1.200088
294	440	1.008367
294	1641	0.961573
294	2302	0.954647
294	2321	0.931956
294	39	0.920810
294	52	0.840397
294	3255	0.832354
294	2108	0.815496
294	1265	0.800175
295	593	1.168063
295	608	1.028683
295	1213	0.927425
295	296	0.837608
295	904	0.805032
295	1252	0.780957
295	912	0.779849
295	50	0.744655
295	1248	0.720050
295	2186	0.718172
296	1997	1.584712
296	2644	1.481568
296	1982	1.330096
296	1128	1.209725
296	2784	1.156586
296	1258	1.140328
296	1387	1.126297
296	2648	1.122337
296	1341	1.100088
296	3923	1.086996
297	1923	0.928420
297	457	0.902104
297	441	0.864457
297	2359	0.769345
297	6	0.705626
297	3108	0.682211
297	480	0.679446
297	2058	0.670956
297	3256	0.645140
297	2916	0.636476
299	3893	0.653851
299	912	0.643957
299	858	0.587593
299	1213	0.585444
299	1221	0.566736
299	3481	0.563809
299	527	0.556690
299	318	0.547845
299	608	0.528957
299	1084	0.525963
300	1370	1.974768
300	1552	1.843116
300	349	1.802301
300	380	1.574463
300	1580	1.387388
300	1372	1.321824
300	1527	1.313040
300	2916	1.303603
300	2393	1.298676
300	648	1.294338
301	500	0.778133
301	520	0.761012
301	216	0.711221
301	833	0.705372
301	276	0.702916
301	231	0.672957
301	275	0.657608
301	2683	0.647414
301	2552	0.620576
301	370	0.570593
302	2986	0.839272
302	1223	0.828512
302	2642	0.817237
302	1882	0.728445
302	173	0.679624
302	2918	0.676090
302	1037	0.663788
302	3361	0.662788
302	2668	0.652348
302	1831	0.592611
303	1079	1.381667
303	2352	1.184536
303	2918	1.177160
303	2915	1.147494
303	1663	1.138549
303	2174	1.122684
303	3210	1.079531
303	1394	1.046345
303	3552	1.040257
303	1270	0.982729
305	2565	2.272577
305	364	2.203910
305	1022	2.089198
305	1029	2.049467
305	2081	1.797348
305	2078	1.683571
305	594	1.668714
305	914	1.558223
305	2083	1.453936
305	3549	1.434534
306	3578	1.668476
306	3717	1.551846
306	3510	1.179441
306	3300	1.124186
306	3624	1.122649
306	3755	1.074312
306	3354	1.071281
306	3301	0.974071
306	3513	0.951105
306	3646	0.895288
307	2028	0.944042
307	1263	0.842908
307	1136	0.821755
307	2858	0.780916
307	1387	0.779280
307	2762	0.757020
307	1704	0.690099
307	1294	0.663178
307	318	0.661154
307	1240	0.658238
308	1326	1.147174
308	3572	1.124373
308	3833	1.103718
308	3661	1.101535
308	2113	1.064867
308	2462	1.048360
308	1989	1.006746
308	1756	0.962477
308	2515	0.929608
308	3021	0.912784
309	1917	1.405053
309	1320	1.288050
309	196	1.091208
309	748	1.067191
309	316	1.052814
309	1037	0.977254
309	318	0.951842
309	880	0.951824
309	2393	0.928941
309	2028	0.893872
310	374	1.737631
310	2042	1.160677
310	1005	1.133212
310	867	1.126078
310	575	1.078269
310	1731	0.957694
310	3400	0.900965
310	747	0.888467
310	881	0.872499
310	1445	0.860577
312	1213	1.053956
312	318	0.931063
312	527	0.891524
312	593	0.777973
312	608	0.757804
312	50	0.686546
312	2028	0.617843
312	1214	0.617496
312	2396	0.617310
312	1250	0.611371
314	906	0.515845
314	2206	0.509514
314	898	0.498893
314	1674	0.471739
314	910	0.434479
314	1694	0.432496
314	560	0.430228
314	2919	0.429339
314	1944	0.416545
314	3496	0.409673
316	329	2.160262
316	316	1.768462
316	1372	1.644632
316	780	1.467760
316	2641	1.369818
316	2021	1.218616
316	2009	1.168424
316	1917	1.113853
316	1391	1.103070
316	1356	1.099499
319	3408	0.607171
319	3328	0.533139
319	3317	0.526920
319	1263	0.515409
319	3578	0.511428
319	3794	0.500651
319	3897	0.495784
319	3161	0.481676
319	1278	0.460940
319	3796	0.454032
321	733	1.305387
321	349	1.258692
321	2058	1.195469
321	1552	1.142840
321	3256	1.125959
321	1722	1.017687
321	1343	1.017078
321	3107	0.987572
321	380	0.938894
321	292	0.937487
322	2922	1.148847
322	2401	1.045104
322	920	0.962963
322	3508	0.931195
322	2951	0.925496
322	2921	0.897343
322	383	0.778929
322	1094	0.771559
322	17	0.769157
322	1944	0.762339
323	2396	2.271011
323	2762	2.195520
323	2841	2.015553
323	2598	1.864354
323	2395	1.789654
323	2491	1.745041
323	2806	1.494818
323	2013	1.220033
323	2907	1.167133
323	1959	1.136487
324	595	2.913287
324	1029	2.714445
324	1282	2.624104
324	2087	2.510638
324	2081	2.470627
324	918	2.411658
324	3061	2.153226
324	1951	2.015445
324	1032	1.856947
324	2018	1.676825
325	2424	1.159731
325	597	1.042330
325	539	0.933516
325	2671	0.917599
325	11	0.871006
325	440	0.783724
325	500	0.741774
325	587	0.706047
325	1485	0.690567
325	2504	0.682617
326	1262	0.547778
326	2916	0.504501
326	480	0.481318
326	2206	0.446283
326	1263	0.435808
326	1527	0.434425
326	2571	0.414146
326	2529	0.390967
326	32	0.384080
326	1396	0.378709
327	3951	1.047702
327	3555	0.944680
327	3002	0.914555
327	3948	0.912583
327	3624	0.895562
327	3753	0.850931
327	3568	0.838162
327	3751	0.833972
327	3623	0.800697
327	2773	0.783699
328	1552	1.880542
328	2002	1.535592
328	786	1.479088
328	316	1.256525
328	329	1.170795
328	2393	1.051693
328	10	1.008234
328	1385	0.988777
328	95	0.958528
328	3082	0.953010
329	2945	0.688247
329	3617	0.675273
329	3948	0.634793
329	2265	0.618903
329	3863	0.602140
329	761	0.593023
329	3646	0.585385
329	3439	0.578546
329	3755	0.574505
329	3744	0.569931
330	3578	1.996962
330	3717	1.781636
330	3744	1.711694
330	3300	1.684862
330	3510	1.440694
330	3617	1.378281
330	3861	1.333679
330	3751	1.289716
330	3408	1.167692
330	3893	1.077999
331	3578	0.902819
331	3753	0.883214
331	3408	0.881959
331	3555	0.862586
331	3755	0.845401
331	3893	0.837142
331	3624	0.834737
331	3481	0.820241
331	3948	0.806858
331	3039	0.804219
332	539	1.065204
332	339	0.990142
332	2671	0.932873
332	2424	0.844832
332	1777	0.837461
332	11	0.796301
332	1393	0.778467
332	838	0.699099
332	440	0.659508
332	39	0.627219
333	1079	0.652040
333	1923	0.609986
333	3671	0.575628
333	1926	0.551709
333	2545	0.551709
333	1968	0.532376
333	1270	0.513243
333	3253	0.499215
333	3421	0.483901
333	3361	0.469400
334	339	1.126872
334	357	1.018182
334	1569	1.017771
334	2671	0.935410
334	1393	0.935199
334	11	0.893189
334	440	0.880477
334	1721	0.853373
334	1777	0.844535
334	1094	0.764472
335	318	1.284431
335	296	1.145970
335	858	1.142609
335	1221	1.123916
335	1225	1.008337
335	1952	1.003387
335	593	0.991334
335	527	0.925951
335	1136	0.881746
335	608	0.866617
336	329	1.309923
336	1372	1.291374
336	316	1.243375
336	780	1.109460
336	1376	1.095367
336	1527	1.074447
336	2985	1.028324
336	1391	1.001147
336	3697	0.990445
336	1831	0.967276
337	1552	1.006862
337	42	0.980980
337	1918	0.927796
337	494	0.842487
337	786	0.787165
337	733	0.786337
337	10	0.774929
337	3082	0.765221
337	1370	0.761509
337	376	0.704593
338	2571	0.610759
338	2989	0.562445
338	1200	0.559541
338	3471	0.545487
338	589	0.479070
338	3555	0.473067
338	733	0.471535
338	260	0.467383
338	3430	0.464608
338	608	0.463782
339	2866	0.720521
339	3211	0.704445
339	1678	0.669352
339	62	0.654703
339	475	0.564733
339	1954	0.555544
339	806	0.536298
339	3135	0.533600
339	16	0.532729
339	753	0.523606
340	589	0.740311
340	3210	0.673316
340	2918	0.620278
340	1663	0.607656
340	1240	0.582078
340	1580	0.577160
340	2000	0.569032
340	1220	0.535025
340	480	0.517317
340	2352	0.516265
342	3527	1.764386
342	1580	1.692893
342	1584	1.661469
342	1527	1.591276
342	2571	1.542123
342	1376	1.516050
342	1356	1.419470
342	1374	1.358761
342	1210	1.249711
342	1396	1.238093
343	1377	0.559127
343	434	0.556041
343	2571	0.504217
343	1562	0.488135
343	480	0.483926
343	1968	0.462479
343	1240	0.459674
343	2791	0.452396
343	393	0.441439
343	1580	0.437756
344	2694	2.221891
344	2688	2.183005
344	1093	1.882560
344	223	1.873509
344	785	1.865634
344	2433	1.686922
344	3005	1.660746
344	1959	1.634947
344	2605	1.618785
344	2336	1.610173
346	1246	0.553727
346	560	0.547512
346	1186	0.536101
346	959	0.510092
346	1682	0.461326
346	1210	0.453396
346	2000	0.442626
346	1956	0.437822
346	1374	0.428000
346	3360	0.416655
347	1213	0.963121
347	608	0.907464
347	50	0.898810
347	318	0.877966
347	593	0.806120
347	1080	0.659929
347	1294	0.651660
347	1	0.645758
347	1617	0.618329
347	527	0.588584
348	3066	1.538309
348	1272	1.373749
348	2941	1.169945
348	3367	1.077288
348	3196	1.051910
348	3406	1.036814
348	1242	1.005363
348	3519	0.983445
348	1262	0.969094
348	1208	0.956148
349	1779	0.497252
349	2710	0.493753
349	3437	0.486933
349	253	0.486518
349	2683	0.486351
349	1037	0.482484
349	435	0.476718
349	1167	0.457052
349	3697	0.453844
349	1526	0.450662
350	1580	1.489406
350	316	1.322054
350	1527	1.127311
350	329	1.079614
350	349	1.035131
350	2628	0.935844
350	780	0.921594
350	733	0.917916
350	1676	0.829423
350	1909	0.747513
351	10	1.769655
351	3256	1.727317
351	733	1.546543
351	2058	1.406325
351	2273	1.144539
351	1552	1.122080
351	648	1.093772
351	1573	1.085759
351	2763	1.075353
351	353	1.064229
352	1867	0.940270
352	1004	0.899294
352	1864	0.872438
352	1731	0.789834
352	204	0.748769
352	1105	0.734456
352	2153	0.715132
352	2953	0.699794
352	65	0.666929
352	694	0.661532
354	3053	2.187366
354	1513	2.183886
354	2490	2.105352
354	2581	2.061450
354	1959	2.060943
354	785	1.882037
354	24	1.861315
354	2716	1.831763
354	2805	1.799450
354	2906	1.637067
355	1372	1.123624
355	2393	1.007403
355	1374	0.860801
355	316	0.827795
355	1371	0.794692
355	2532	0.783061
355	1580	0.725426
355	2985	0.693960
355	3699	0.683511
355	2528	0.680932
357	1089	0.692151
357	296	0.610439
357	593	0.570980
357	1213	0.568723
357	50	0.531970
357	608	0.522977
357	32	0.502163
357	150	0.485608
357	2005	0.478712
357	1358	0.462817
358	1147	1.150867
358	3304	1.051071
358	1649	1.018809
358	1192	0.926256
358	581	0.911697
358	1947	0.881929
358	3679	0.878034
358	3935	0.860849
358	3944	0.860849
358	363	0.810118
359	1356	2.044545
359	1909	1.979148
359	1584	1.910024
359	1396	1.805643
359	1374	1.576154
359	3699	1.455391
359	2527	1.454619
359	1376	1.444820
359	2571	1.427296
359	1372	1.415954
360	1372	0.996048
360	2393	0.991891
360	329	0.978760
360	2105	0.822925
360	2641	0.764588
360	2405	0.761983
360	2945	0.691054
360	1356	0.689405
360	3465	0.683351
360	2050	0.633765
362	2916	1.611345
362	3256	1.275028
362	1240	1.240855
362	480	1.218085
362	1573	1.196873
362	733	1.179916
362	1912	1.134780
362	1036	1.066348
362	1200	1.050361
362	2947	1.025352
363	3555	1.634956
363	3578	1.265380
363	3481	1.209337
363	3300	1.132626
363	2160	1.101623
363	1673	1.098052
363	3513	1.060151
363	3793	1.007710
363	2291	1.001227
363	524	0.987041
365	539	1.731765
365	1569	1.342727
365	1409	1.308513
365	236	1.171282
365	7	1.107304
365	597	1.050044
365	2497	1.019371
365	252	1.003564
365	2671	0.907078
365	2506	0.901642
366	2949	0.977284
366	1201	0.919944
366	3639	0.907308
366	2948	0.733142
366	1291	0.692464
366	2522	0.690796
366	1728	0.646105
366	2944	0.634431
366	1387	0.617704
366	1036	0.616527
368	997	0.665012
368	2683	0.560857
368	736	0.498729
368	1093	0.487423
368	2710	0.470186
368	1792	0.466431
368	786	0.455705
368	3082	0.452486
368	1573	0.451238
368	1271	0.449764
369	1485	1.084701
369	2539	0.867972
369	141	0.679806
369	367	0.678849
369	597	0.669434
369	2424	0.664199
369	2302	0.658653
369	440	0.651289
369	1409	0.634026
369	1777	0.627732
370	2598	2.268168
370	1513	2.197741
370	2841	1.970479
370	24	1.937857
370	2491	1.935881
370	3219	1.722956
370	2502	1.635238
370	2581	1.537704
370	2692	1.524932
370	2013	1.524697
371	593	1.931510
371	296	1.511801
371	1213	1.485912
371	1196	1.403652
371	2028	1.272391
371	527	1.255006
371	2858	1.241646
371	2571	0.981639
371	1193	0.964149
371	2762	0.940535
372	2338	1.660661
372	1342	1.473747
372	2514	1.383228
372	1993	1.328344
372	2719	1.204134
372	2793	1.179013
372	1717	1.075404
372	2461	1.019745
372	12	1.010726
372	2004	0.968138
374	1193	0.905403
374	593	0.849126
374	912	0.842266
374	318	0.833863
374	2997	0.796183
374	527	0.729471
374	1213	0.728366
374	608	0.682356
374	1221	0.679174
374	50	0.665348
375	608	0.890728
375	1225	0.827030
375	150	0.812296
375	1682	0.771954
375	1957	0.761729
375	3006	0.717574
375	1089	0.689985
375	318	0.672400
375	1213	0.625424
375	1358	0.589490
376	2762	1.076539
376	1513	1.003584
376	2395	0.983125
376	3176	0.969514
376	2491	0.960588
376	2806	0.933890
376	2598	0.896378
376	3081	0.844474
376	2396	0.760277
376	2724	0.750640
377	318	1.506019
377	1617	1.358892
377	541	1.112073
377	1252	1.060123
377	296	1.048363
377	1207	1.047344
377	1267	1.042618
377	50	1.025431
377	923	1.022087
377	260	1.014395
378	608	1.855394
378	318	1.718636
378	296	1.503711
378	1089	1.330697
378	1213	1.242210
378	2858	1.115633
378	745	1.031273
378	457	0.995504
378	34	0.989863
378	3114	0.988925
379	357	1.345240
379	339	1.188454
379	2424	0.970259
379	587	0.959405
379	1777	0.908637
379	2125	0.904591
379	1721	0.904571
379	2108	0.898492
379	1569	0.840761
379	1094	0.828060
380	3087	1.208028
380	2150	0.983499
380	3552	0.840682
380	2371	0.818071
380	2174	0.814919
380	2470	0.782413
380	2407	0.710280
380	2746	0.675063
380	1663	0.662997
380	2245	0.629754
381	541	2.323757
381	260	2.193775
381	1206	2.146303
381	3471	1.788139
381	1199	1.547162
381	2529	1.503623
381	1036	1.349674
381	3702	1.317262
381	1198	1.199116
381	1291	1.162031
382	2522	0.872192
382	2694	0.637574
382	2539	0.612824
382	2572	0.592740
382	3524	0.569471
382	2858	0.564921
382	2521	0.539001
382	2792	0.526168
382	413	0.520437
382	2145	0.510495
385	1422	1.143569
385	695	1.109962
385	1625	0.814909
385	1645	0.808159
385	1198	0.794926
385	350	0.723076
385	3386	0.711468
385	2026	0.607385
385	1459	0.598927
385	2467	0.588564
386	3361	2.002372
386	1394	1.834133
386	2791	1.595828
386	1968	1.454868
386	2797	1.452854
386	1288	1.409869
386	3421	1.341197
386	2915	1.340405
386	3039	1.319722
386	1270	1.229047
387	1967	1.917550
387	2161	1.802836
387	2005	1.656111
387	317	1.487202
387	2143	1.387282
387	2140	1.352815
387	1097	1.286646
387	2054	1.223333
387	339	1.089762
387	653	1.086796
388	1246	1.194916
388	2000	1.183156
388	3210	1.171939
388	2915	1.132571
388	3552	1.107764
388	2918	1.050618
388	2174	0.977856
388	1968	0.936383
388	1036	0.913114
388	2144	0.882037
389	588	0.792986
389	356	0.656444
389	3255	0.628952
389	1923	0.618150
389	39	0.599402
389	357	0.595124
389	3624	0.588841
389	11	0.556902
389	1042	0.547989
389	3481	0.525691
390	1617	1.468779
390	908	1.399989
390	750	1.327672
390	912	1.300572
390	2186	1.235021
390	3435	1.167322
390	608	1.138197
390	50	1.110145
390	858	1.099688
390	1104	1.094511
391	2922	1.890809
391	3074	1.507696
391	2951	1.395819
391	3494	1.304726
391	3681	1.246514
391	3062	1.128428
391	599	1.106501
391	964	1.062141
391	383	1.047007
391	1266	1.039979
392	2786	0.682739
392	2794	0.677420
392	1474	0.579941
392	3667	0.565727
392	2042	0.560168
392	370	0.551862
392	1445	0.550938
392	2036	0.523091
392	1494	0.520495
392	2317	0.520495
393	1509	0.472455
393	1259	0.464101
393	921	0.445949
393	2791	0.429267
393	3814	0.424396
393	3671	0.416304
393	767	0.405093
393	2949	0.404736
393	1234	0.396950
393	495	0.395414
394	1610	1.932904
394	3256	1.900616
394	1580	1.895208
394	349	1.801427
394	474	1.632795
394	110	1.492474
394	2278	1.401541
394	10	1.399573
394	1722	1.387898
394	380	1.263646
396	2424	1.182528
396	1777	1.085911
396	1614	1.050664
396	597	1.044182
396	539	0.910384
396	468	0.895696
396	1409	0.850331
396	7	0.849788
396	1485	0.822488
396	289	0.788763
397	1210	2.379141
397	858	1.963842
397	110	1.940346
397	1387	1.897037
397	2947	1.842746
397	1242	1.815295
397	1610	1.794056
397	1287	1.401014
397	1954	1.375773
397	1221	1.369974
398	1617	1.317793
398	2762	1.134386
398	296	1.091027
398	318	1.046875
398	2571	1.044007
398	1358	1.043010
398	1213	1.036853
398	2391	1.035568
398	1343	0.897598
398	2916	0.856892
399	2688	1.909563
399	2683	1.782765
399	2605	1.645273
399	2881	1.621772
399	1911	1.437198
399	785	1.413428
399	2706	1.301793
399	2959	1.273388
399	2720	1.268467
399	1093	1.237740
400	1968	1.351325
400	3361	1.338850
400	1270	1.162523
400	2915	1.155899
400	3039	1.151397
400	2174	1.066851
400	2797	1.032958
400	3210	0.991965
400	3552	0.972640
400	1663	0.963545
401	736	0.761075
401	1479	0.579346
401	1792	0.572417
401	2126	0.501427
401	1610	0.498543
401	2028	0.491789
401	153	0.486354
401	2002	0.476289
401	1377	0.467831
401	733	0.461036
402	2694	2.920167
402	2770	2.237875
402	2706	2.087574
402	2355	1.944363
402	2771	1.898669
402	2707	1.872643
402	1093	1.859123
402	223	1.858392
402	2605	1.850395
402	2541	1.655228
403	3510	0.735845
403	3753	0.675294
403	1672	0.649996
403	3578	0.647019
403	832	0.611200
403	3897	0.576150
403	3555	0.525330
403	3534	0.514118
403	3755	0.512018
403	3624	0.500389
404	318	1.114172
404	2028	0.949293
404	296	0.936690
404	1358	0.855224
404	2858	0.839654
404	527	0.838069
404	2762	0.834207
404	1265	0.788219
404	1	0.775573
404	3793	0.736888
405	1394	1.015500
405	2797	0.997428
405	2174	0.991001
405	2915	0.989590
405	2791	0.926592
405	1968	0.922063
405	3072	0.896218
405	3552	0.893814
405	3210	0.846868
405	3039	0.846341
406	2918	0.951755
406	1270	0.845804
406	2174	0.786470
406	1079	0.778011
406	1246	0.711715
406	1394	0.706144
406	457	0.665394
406	3210	0.663326
406	2915	0.650059
406	1663	0.649447
407	2858	0.911643
407	1394	0.840685
407	1270	0.837869
407	1198	0.707601
407	2918	0.688176
407	260	0.687288
407	1196	0.660546
407	1221	0.659867
407	3421	0.644263
407	1291	0.619404
408	1610	0.784625
408	1036	0.717353
408	2947	0.567981
408	2194	0.556961
408	2028	0.543911
408	474	0.536478
408	110	0.519498
408	904	0.487919
408	1240	0.475790
408	1198	0.466736
409	454	0.617027
409	1412	0.614693
409	1672	0.500075
409	884	0.455842
409	3256	0.446868
409	1059	0.429927
409	147	0.423727
409	369	0.421939
409	1271	0.421722
409	1601	0.417564
410	1777	1.175910
410	2469	0.964739
410	1517	0.758331
410	500	0.738182
410	2247	0.729382
410	1135	0.724660
410	2302	0.705997
410	1042	0.674716
410	2671	0.664886
410	2424	0.664785
411	2688	1.066200
411	2805	1.015169
411	2881	0.929793
411	2683	0.917113
411	2720	0.916585
411	2694	0.901285
411	2392	0.852003
411	2355	0.825975
411	1093	0.796534
411	2770	0.788832
412	3785	0.588747
412	3859	0.563420
412	3882	0.557475
412	3317	0.535233
412	1235	0.526099
412	3618	0.488185
412	3326	0.479850
412	3481	0.463051
412	3566	0.461676
412	2696	0.452922
413	364	1.096426
413	594	0.950156
413	2687	0.772264
413	3791	0.769237
413	2761	0.710974
413	596	0.705048
413	3691	0.697091
413	1286	0.678178
413	2114	0.656722
413	2402	0.634050
414	903	1.116918
414	1263	0.926916
414	3066	0.925359
414	1250	0.881409
414	1294	0.840881
414	1252	0.825777
414	1262	0.813559
414	1242	0.799736
414	897	0.793222
414	1090	0.771035
415	1962	0.935712
415	1291	0.910433
415	1036	0.865127
415	1961	0.851796
415	1240	0.841025
415	1090	0.839153
415	1210	0.818859
415	1200	0.813309
415	260	0.809910
415	3403	0.750561
416	2840	2.532558
416	2491	2.505834
416	2490	2.372293
416	3219	2.287255
416	2485	2.275126
416	2013	2.248809
416	2394	2.209336
416	2734	1.970717
416	2723	1.934831
416	2502	1.882798
418	1552	1.053750
418	733	1.002664
418	380	0.894950
418	10	0.847119
418	349	0.841808
418	2989	0.841187
418	292	0.787411
418	1573	0.785468
418	3256	0.756315
418	780	0.716468
419	593	1.540284
419	260	1.491081
419	858	1.222994
419	1193	1.220432
419	1221	1.187287
419	608	1.163740
419	1247	1.153946
419	296	1.117440
419	1225	1.070227
419	923	1.016518
420	1230	1.279614
420	2973	1.115550
420	1136	1.112193
420	1238	0.934895
420	1304	0.750604
420	1278	0.748590
420	1394	0.725933
420	951	0.691977
420	3067	0.686918
420	947	0.682484
422	2916	1.407551
422	1584	1.386648
422	1240	1.380952
422	2985	1.332546
422	1356	1.316628
422	2529	1.306939
422	2640	1.209808
422	1210	1.153693
422	3699	1.145193
422	1214	1.123695
423	2723	2.482576
423	2598	2.294209
423	1513	2.271722
423	785	1.947319
423	2581	1.903353
423	2840	1.790893
423	2491	1.703069
423	3273	1.681533
423	2841	1.542776
423	2734	1.496121
424	3288	0.637495
424	3860	0.637495
424	3454	0.487177
424	3232	0.415227
424	2884	0.386481
424	3567	0.374466
424	2215	0.371391
424	3562	0.370552
424	998	0.366157
424	3321	0.361195
425	2469	0.753304
425	1135	0.614339
425	3256	0.594955
425	597	0.593640
425	733	0.569050
425	2003	0.549536
425	339	0.541286
425	2145	0.539552
425	2671	0.535909
425	3591	0.533046
426	786	1.554943
426	10	1.519561
426	1792	1.495756
426	780	1.322967
426	1917	1.199332
426	1597	1.172636
426	95	1.118680
426	329	1.104230
426	165	1.090633
426	648	1.066075
428	608	1.091724
428	2028	1.002206
428	296	0.977315
428	858	0.947035
428	1213	0.943124
428	50	0.914833
428	1221	0.865016
428	912	0.811515
428	2858	0.801198
428	1265	0.776277
429	1675	1.104888
429	170	1.019268
429	998	1.014034
429	208	0.902322
429	1647	0.828209
429	786	0.776088
429	2387	0.741166
429	608	0.738942
429	95	0.716146
429	1352	0.714302
430	357	2.097116
430	11	2.007192
430	1777	1.745638
430	2424	1.675589
430	1569	1.610535
430	1393	1.514190
430	852	1.165318
430	587	1.139747
430	802	0.938339
430	141	0.883042
431	2916	2.035987
431	1527	1.857582
431	2571	1.574929
431	1372	1.552425
431	1396	1.527768
431	316	1.409098
431	1573	1.399631
431	1374	1.359948
431	780	1.353406
431	2640	1.326734
432	1894	1.582269
432	74	1.366749
432	1409	1.353964
432	1835	1.250094
432	236	1.226619
432	539	1.214504
432	2485	1.166675
432	7	1.138127
432	339	1.122985
432	2506	1.085717
433	597	1.850359
433	2424	1.621426
433	440	1.584806
433	587	1.551984
433	357	1.423717
433	2108	1.180579
433	852	1.068529
433	1441	1.035551
433	39	0.973320
433	7	0.962599
434	3427	0.769418
434	2180	0.742216
434	1083	0.675837
434	1016	0.592273
434	702	0.586635
434	2085	0.562626
434	1947	0.551345
434	2300	0.543885
434	901	0.501853
434	430	0.496856
435	1101	1.319145
435	780	1.168946
435	3082	0.990422
435	10	0.933725
435	2991	0.880002
435	3639	0.874587
435	380	0.853372
435	3197	0.831528
435	349	0.822753
435	1356	0.815741
436	1372	2.224357
436	1356	1.794967
436	1676	1.581563
436	1375	1.561315
436	1573	1.515995
436	1876	1.477918
436	1580	1.423548
436	1917	1.420923
436	3697	1.333251
436	1391	1.278012
437	596	2.007037
437	588	1.713466
437	2096	1.699168
437	1022	1.668415
437	595	1.604849
437	1029	1.551085
437	2087	1.382744
437	2078	1.269680
437	2081	1.259796
437	2687	1.059610
438	2049	0.706981
438	1016	0.602892
438	2366	0.588973
438	1083	0.526432
438	3199	0.521825
438	3759	0.517783
438	2035	0.484938
438	2951	0.472089
438	2410	0.469454
438	2056	0.465180
439	236	1.409335
439	2671	1.352815
439	587	1.324079
439	440	1.204237
439	11	1.168604
439	356	1.148743
439	1569	1.119454
439	1777	1.087729
439	357	1.035913
439	2125	0.978360
441	2916	1.461364
441	1584	1.451310
441	1374	1.390589
441	2021	1.366891
441	3699	1.344625
441	1214	1.311674
441	1206	1.246927
441	1356	1.238158
441	1580	1.221554
441	2529	1.197629
442	1380	0.702154
442	1947	0.636354
442	1262	0.616890
442	914	0.587421
442	1951	0.576918
442	1123	0.547998
442	1193	0.504411
442	1028	0.503094
442	3721	0.500000
442	3675	0.486867
443	318	1.858796
443	593	1.856824
443	1466	1.152454
443	1912	1.129568
443	1358	1.124346
443	2028	1.107282
443	2858	1.102166
443	1193	1.099794
443	1729	1.009466
443	2762	1.002475
444	1267	1.176471
444	3367	1.150811
444	3406	1.133580
444	1204	1.093246
444	1263	1.041698
444	1250	0.971614
444	1944	0.946087
444	897	0.919007
444	3366	0.859193
444	912	0.848903
445	1136	1.321455
445	1294	1.259069
445	1244	0.923590
445	1080	0.906213
445	1234	0.877709
445	1221	0.795571
445	1304	0.784438
445	2788	0.775790
445	1	0.758174
445	3504	0.714025
446	902	0.505942
446	1360	0.492661
446	954	0.472556
446	541	0.440717
446	1947	0.430759
446	750	0.428638
446	495	0.427321
446	509	0.424644
446	1214	0.417950
446	1196	0.399543
447	1956	1.313162
447	3068	1.150433
447	2313	0.858178
447	1961	0.824968
447	1247	0.779124
447	2852	0.750057
447	1302	0.714128
447	3360	0.706339
447	1224	0.706013
447	1674	0.691171
449	3018	2.294806
449	1321	1.639183
449	2644	1.601566
449	2160	1.522279
449	3476	1.402525
449	2118	1.390312
449	1347	1.388872
449	2648	1.343190
449	1255	1.320709
449	1407	1.236583
450	1240	0.998878
450	260	0.924795
450	904	0.809806
450	858	0.790916
450	1136	0.787297
450	1276	0.755305
450	924	0.753088
450	1200	0.743719
450	1196	0.738989
450	3471	0.731547
451	1307	0.710056
451	1270	0.695676
451	1394	0.693633
451	2174	0.647683
451	1079	0.640880
451	2791	0.610011
451	1259	0.549927
451	3210	0.516678
451	1968	0.500951
451	2248	0.478077
452	1682	1.021488
452	3105	0.969409
452	1393	0.908133
452	3100	0.891638
452	475	0.712654
452	1660	0.663966
452	1678	0.658148
452	36	0.594171
452	1095	0.581418
452	34	0.568027
453	2005	0.733976
453	2161	0.728075
453	2193	0.718820
453	2143	0.595470
453	2021	0.569195
453	3948	0.551737
453	1073	0.542237
453	2140	0.528888
453	2918	0.497504
453	3893	0.494250
454	3591	1.263431
454	3039	1.215160
454	2786	1.212619
454	2371	1.196282
454	2797	1.115649
454	2378	1.106491
454	2100	1.077226
454	3361	1.032021
454	1079	1.017184
454	1968	0.998484
456	2922	1.625309
456	3508	1.425794
456	2401	1.407724
456	2951	1.225426
456	3074	1.179682
456	3681	1.068023
456	416	0.941319
456	599	0.933095
456	383	0.899817
456	1266	0.856204
457	150	0.798542
457	3105	0.760759
457	1062	0.734284
457	488	0.686143
457	778	0.627750
457	428	0.614104
457	1120	0.582745
457	1693	0.561408
457	269	0.548914
457	1358	0.539860
458	2454	1.787894
458	1171	1.742339
458	480	1.682820
458	3627	1.516416
458	2291	1.462501
458	3928	1.411544
458	524	1.341889
458	3929	1.325945
458	3923	1.264824
458	551	1.167885
459	3005	1.804389
459	2770	1.616369
459	223	1.521339
459	2188	1.385382
459	2355	1.308419
459	1911	1.291974
459	2710	1.283282
459	2707	1.268449
459	2433	1.243652
459	2699	1.162405
460	1079	0.919920
460	3552	0.862926
460	3421	0.861315
460	3361	0.838443
460	2791	0.834679
460	2797	0.824860
460	2918	0.819878
460	3210	0.765487
460	1307	0.735947
460	2915	0.725895
461	329	1.001704
461	3697	0.969822
461	1373	0.952539
461	1779	0.834664
461	1544	0.825247
461	1372	0.799212
461	2393	0.796511
461	1690	0.778185
461	1037	0.731684
461	1375	0.719937
462	2598	0.614173
462	2490	0.587100
462	788	0.576323
462	1513	0.569800
462	2581	0.551783
462	1614	0.533509
462	1372	0.501613
462	344	0.491713
462	2687	0.490746
462	2054	0.476699
463	2191	1.036088
463	2478	0.878749
463	2424	0.782185
463	974	0.732625
463	1011	0.682209
463	597	0.671408
463	2055	0.635404
463	1113	0.626715
463	1485	0.625431
463	3385	0.622767
464	271	0.670591
464	1199	0.660763
464	3424	0.630524
464	1079	0.626046
464	1240	0.588963
464	1214	0.583859
464	924	0.565962
464	1394	0.553781
464	32	0.543570
464	1270	0.535425
465	593	1.107244
465	296	1.031697
465	50	1.005616
465	1213	0.980321
465	1192	0.835603
465	2776	0.798115
465	1617	0.795431
465	556	0.779396
465	2644	0.768028
465	1207	0.722604
466	1260	2.150708
466	2066	1.746475
466	1069	1.501775
466	2203	1.296795
466	913	1.256428
466	904	1.233735
466	903	1.180885
466	930	1.144088
466	1617	1.143539
466	1152	1.049771
467	539	1.304269
467	2424	1.165009
467	7	0.973757
467	1457	0.957299
467	597	0.842078
467	1894	0.817996
467	2497	0.802392
467	1569	0.744912
467	207	0.739154
467	236	0.712385
469	912	1.008618
469	318	0.997606
469	1214	0.979215
469	527	0.899196
469	1262	0.885647
469	260	0.872537
469	1207	0.811779
469	904	0.805257
469	1204	0.751161
469	1247	0.745352
470	2096	3.680991
470	588	2.887436
470	1035	2.657818
470	1028	2.548878
470	1907	2.353666
470	2078	2.295915
470	2018	2.039961
470	596	1.991000
470	918	1.897407
470	2080	1.893274
471	2393	2.087291
471	780	2.050189
471	1376	1.822493
471	1676	1.728528
471	2916	1.681832
471	1909	1.652420
471	1580	1.613753
471	2985	1.578383
471	2046	1.413367
471	480	1.351354
472	1653	1.718741
472	1196	1.630392
472	1206	1.591542
472	1214	1.547229
472	480	1.460791
472	2529	1.388109
472	1748	1.325047
472	1210	1.295527
472	1396	1.250232
472	3702	1.249792
473	1022	1.756937
473	2096	1.560166
473	2565	1.438946
473	1947	1.361971
473	595	1.332983
473	2080	1.243505
473	588	1.192608
473	914	1.128936
473	936	1.093939
473	364	1.071582
474	172	0.881936
474	546	0.865634
474	2986	0.819614
474	71	0.768832
474	1591	0.699072
474	173	0.684553
474	66	0.661564
474	443	0.631748
474	160	0.628518
474	502	0.625836
475	3667	2.009074
475	2464	1.691941
475	2149	1.683666
475	2755	1.428996
475	3401	1.385774
475	1822	1.272701
475	3235	1.222215
475	1490	1.100236
475	2468	1.046683
475	2794	1.003870
476	2383	1.485849
476	2382	1.321554
476	2380	1.224464
476	2379	1.200005
476	1731	1.162735
476	437	1.049778
476	3667	0.952764
476	3041	0.903968
476	267	0.898270
476	419	0.895665
477	204	1.600043
477	1432	1.356117
477	1752	1.318974
477	849	1.207734
477	485	1.142751
477	886	1.140442
477	1037	1.057279
477	694	1.030003
477	1882	0.978721
477	3208	0.821517
478	296	2.195516
478	2762	1.789379
478	527	1.600403
478	1617	1.567533
478	2028	1.323710
478	1089	1.312948
478	34	1.264845
478	36	1.216344
478	1265	1.123459
478	3006	1.060435
479	318	1.377714
479	593	1.141922
479	608	0.964871
479	36	0.918015
479	1246	0.899488
479	1358	0.877279
479	527	0.866891
479	1302	0.809632
479	858	0.670707
479	1957	0.652771
480	1120	0.578474
480	3948	0.557934
480	1678	0.541035
480	3556	0.511523
480	3755	0.476965
480	3861	0.470276
480	2776	0.469668
480	1682	0.462772
480	1404	0.446379
480	1580	0.428642
481	370	0.609680
481	1665	0.559763
481	1404	0.557430
481	333	0.505989
481	3881	0.489528
481	1485	0.453714
481	3198	0.446177
481	1380	0.445005
481	429	0.433812
481	3504	0.424194
482	1409	0.842518
482	1541	0.836643
482	3257	0.752101
482	74	0.747790
482	46	0.743891
482	2487	0.708889
482	1569	0.686094
482	1866	0.685598
482	1398	0.656522
482	2424	0.637663
484	1911	1.626068
484	2772	1.496560
484	3005	1.478235
484	2770	1.469236
484	223	1.415285
484	2605	1.315596
484	2355	1.222380
484	2188	1.167257
484	2433	1.123496
484	2710	1.092814
485	1394	1.234216
485	1278	1.159317
485	1270	1.065153
485	1513	1.047862
485	3081	1.032242
485	1307	1.028477
485	1136	1.011369
485	1080	0.986964
485	3623	0.937331
485	1	0.909221
486	593	1.798862
486	296	1.348576
486	150	1.295748
486	608	1.229854
486	2396	1.118509
486	1213	1.100160
486	3006	1.032338
486	2997	0.963738
486	50	0.872883
486	25	0.849942
487	3897	1.117264
487	2997	1.041741
487	2599	0.995921
487	3481	0.975529
487	3317	0.799170
487	2959	0.748205
487	2694	0.716118
487	2770	0.679646
487	3952	0.673290
487	1093	0.670647
490	2565	1.844782
490	1947	1.717336
490	594	1.479418
490	1035	1.437795
490	783	1.335730
490	1688	1.314190
490	2089	1.306360
490	918	1.287838
490	1282	1.275085
490	2087	1.266232
492	2683	2.849173
492	223	2.290035
492	2707	2.288906
492	2433	2.065142
492	2541	1.902457
492	1911	1.504720
492	2355	1.488168
492	3203	1.414688
492	1093	1.412145
492	2881	1.235781
493	2916	0.730420
493	3496	0.628724
493	1573	0.573963
493	357	0.571466
493	3253	0.556074
493	733	0.527886
493	3256	0.499669
493	480	0.482708
493	380	0.477322
493	377	0.468662
494	780	1.900665
494	1552	1.798552
494	316	1.571519
494	1722	1.525973
494	1597	1.498610
494	1876	1.368097
494	329	1.368068
494	380	1.338955
494	292	1.327832
494	349	1.310062
495	2028	1.220796
495	329	0.954870
495	2916	0.938931
495	589	0.938785
495	318	0.932029
495	457	0.892621
495	1372	0.890601
495	1580	0.866167
495	110	0.860765
495	593	0.828310
496	1356	1.341483
496	1372	1.297946
496	780	1.297904
496	316	1.215388
496	1676	1.102826
496	1371	0.985964
496	1917	0.961968
496	1573	0.953691
496	1876	0.849547
496	2916	0.827492
498	3552	1.609698
498	3210	1.499571
498	3039	1.425435
498	2100	1.378408
498	1663	1.270977
498	2915	1.169029
498	2918	1.136888
498	1079	1.076581
498	2469	1.066701
498	3448	1.027006
499	1271	0.841862
499	62	0.809169
499	508	0.778836
499	1120	0.628445
499	1810	0.626036
499	261	0.578258
499	3246	0.552121
499	3215	0.519925
499	1357	0.504229
499	150	0.489062
500	3114	1.134262
500	318	1.124491
500	608	1.122266
500	593	1.116435
500	1223	1.042028
500	2858	0.986481
500	2396	0.983426
500	296	0.969153
500	2028	0.963217
500	1265	0.916172
501	1972	2.513585
501	3918	2.032158
501	3939	1.926292
501	3941	1.905526
501	1327	1.736581
501	1977	1.537500
501	1986	1.503784
501	891	1.496869
501	3917	1.405757
501	1975	1.205838
504	1248	2.067978
504	1069	1.809906
504	1284	1.631350
504	2203	1.313554
504	1617	1.256659
504	930	1.231209
504	2726	1.137628
504	1152	1.075080
504	904	0.972644
504	750	0.875422
505	1136	1.666298
505	3421	1.526946
505	3361	1.474200
505	1307	1.418614
505	3671	1.340978
505	1270	1.171551
505	2174	1.137794
505	3363	1.066950
505	921	1.048998
505	1259	1.019408
506	2598	3.140174
506	2013	2.464479
506	2841	2.441445
506	2491	2.334502
506	3623	2.263922
506	2581	2.208908
506	2395	2.121022
506	2840	2.118511
506	2723	1.817120
506	2485	1.726807
507	858	0.796454
507	1225	0.779421
507	1252	0.779204
507	3894	0.739147
507	318	0.730550
507	296	0.691073
507	745	0.662217
507	593	0.658591
507	923	0.657810
507	1260	0.656216
508	1591	2.695389
508	1831	2.412371
508	2986	2.332831
508	880	2.135576
508	435	1.884624
508	3802	1.774595
508	3697	1.769665
508	748	1.540111
508	504	1.482039
508	379	1.396411
509	291	0.983213
509	600	0.965231
509	280	0.925024
509	1003	0.891675
509	89	0.848422
509	2320	0.835293
509	1092	0.745603
509	103	0.735500
509	1798	0.685690
509	1841	0.685657
510	596	1.217703
510	2018	1.175311
510	594	1.145287
510	2096	1.123782
510	1907	1.114682
510	588	1.103436
510	1022	1.011963
510	1025	0.993877
510	2089	0.966372
510	595	0.947528
512	3624	1.189559
512	1086	1.094207
512	3717	1.074622
512	2206	0.976127
512	731	0.959249
512	1422	0.953894
512	350	0.948498
512	3510	0.940248
512	3300	0.872559
512	3827	0.845674
513	815	1.379245
513	1170	1.379245
513	853	1.225725
513	667	1.124867
513	2818	0.844612
513	3434	0.684737
513	3767	0.622473
513	3877	0.568219
513	1599	0.563074
513	780	0.520101
514	1240	1.657526
514	1196	1.558900
514	260	1.437124
514	1214	1.382295
514	50	1.283912
514	858	1.268484
514	589	1.252469
514	541	1.229600
514	318	1.128664
514	1210	1.123353
515	2918	0.709011
515	457	0.658158
515	1358	0.626053
515	589	0.624006
515	1240	0.618451
515	2028	0.571445
515	1307	0.564016
515	3418	0.541706
515	1704	0.534788
515	1200	0.531191
516	1779	2.417648
516	3697	2.046549
516	172	1.912942
516	1591	1.834048
516	1882	1.661785
516	1603	1.633528
516	2808	1.624569
516	1320	1.617340
516	1590	1.604985
516	748	1.477077
517	1035	0.422518
517	2157	0.420452
517	460	0.366492
517	1805	0.354196
517	1150	0.349491
517	1083	0.347706
517	2877	0.333056
517	1673	0.331890
517	1380	0.324723
517	3825	0.316150
518	3639	0.604613
518	1073	0.538809
518	3096	0.528989
518	3088	0.457688
518	2100	0.448876
518	3858	0.441443
518	2872	0.430699
518	3520	0.425550
518	1028	0.408210
518	3405	0.405759
519	2876	1.003735
519	3753	0.759306
519	2096	0.681003
519	364	0.680163
519	783	0.670474
519	313	0.657607
519	2142	0.640964
519	3510	0.637162
519	888	0.623864
519	595	0.596074
520	1136	0.986401
520	1294	0.771251
520	1394	0.743198
520	1278	0.705162
520	541	0.594431
520	1244	0.583264
520	3504	0.576249
520	2300	0.573388
520	3363	0.538870
520	1230	0.538290
521	3494	2.218291
521	3681	2.099984
521	3074	2.096607
521	553	1.800256
521	1266	1.729442
521	599	1.638986
521	383	1.598572
521	1378	1.426647
521	904	1.232036
521	1209	1.200393
522	1584	2.056551
522	1653	1.961585
522	1356	1.880052
522	1374	1.799109
522	1376	1.634812
522	2571	1.540283
522	1127	1.536311
522	1129	1.401880
522	32	1.384446
522	316	1.307720
523	2949	1.631403
523	2194	1.582185
523	457	1.159208
523	1036	1.127802
523	1240	1.117911
523	1200	1.018704
523	1210	0.999885
523	1954	0.994642
523	1291	0.975721
523	2944	0.944432
524	1752	1.086939
524	1004	1.064937
524	71	1.038514
524	1432	0.947270
524	3056	0.860307
524	1867	0.814193
524	694	0.761702
524	103	0.734950
524	291	0.718977
524	1556	0.717091
525	1230	1.074429
525	914	0.958140
525	1235	0.952156
525	1028	0.949201
525	2565	0.935497
525	3549	0.912414
525	858	0.866006
525	1035	0.857735
525	594	0.839523
525	1282	0.792102
526	2944	1.661914
526	457	1.473016
526	1036	1.444389
526	1222	1.387398
526	2949	1.355765
526	1200	1.294413
526	1287	1.269224
526	1240	1.237670
526	1954	1.210808
526	589	1.195789
528	3893	0.843885
528	3317	0.691058
528	3948	0.665333
528	3481	0.654530
528	3952	0.526400
528	3821	0.519215
528	3916	0.512004
528	3798	0.491251
528	3408	0.488830
528	3566	0.479166
529	1267	1.255013
529	903	1.085485
529	1617	1.072442
529	2186	0.930432
529	922	0.888294
529	1212	0.828887
529	1206	0.808095
529	1219	0.751081
529	2010	0.727668
529	1260	0.719798
530	1198	0.925594
530	1231	0.898398
530	1240	0.860039
530	1200	0.854819
530	1222	0.812092
530	1954	0.784528
530	457	0.734323
530	1225	0.706885
530	1210	0.700850
530	608	0.699046
531	2847	0.577350
531	3454	0.475892
531	296	0.457835
531	3646	0.451969
531	3717	0.438132
531	608	0.387220
531	386	0.381671
531	1089	0.376059
531	148	0.374634
531	383	0.369905
532	1200	2.434136
532	32	2.128773
532	589	2.062497
532	1206	1.923339
532	1584	1.867121
532	1270	1.744644
532	3702	1.689284
532	3471	1.673601
532	3527	1.669792
532	3699	1.467893
533	1079	0.856697
533	3421	0.854702
533	2464	0.750000
533	2918	0.733364
533	2791	0.723322
533	3552	0.696989
533	2421	0.659893
533	3361	0.640323
533	1923	0.639325
533	2755	0.631617
534	2424	1.153777
534	1777	0.926794
534	597	0.894364
534	252	0.835227
534	708	0.820105
534	2244	0.818763
534	3259	0.813851
534	7	0.799913
534	2671	0.754042
534	440	0.720521
536	2089	2.689860
536	1022	2.653712
536	364	2.637812
536	2018	2.474296
536	1566	2.375948
536	588	2.222414
536	2137	2.043684
536	1025	1.905783
536	1032	1.845685
536	3034	1.788642
537	1235	0.838888
537	1244	0.735132
537	608	0.648136
537	1265	0.636423
537	3006	0.621050
537	1136	0.554865
537	2858	0.549731
537	1394	0.519068
537	1278	0.507519
537	36	0.474019
538	1394	0.972891
538	1	0.873429
538	1196	0.865236
538	2858	0.838209
538	34	0.801206
538	1197	0.798549
538	2599	0.774451
538	1262	0.757821
538	1265	0.756841
538	1136	0.735002
539	364	2.695271
539	2087	1.992254
539	2081	1.887161
539	1907	1.856499
539	1	1.826485
539	1032	1.798666
539	2687	1.624722
539	2078	1.614620
539	2085	1.459874
539	2294	1.445548
540	593	1.785314
540	2858	1.501345
540	50	1.366201
540	1617	1.254837
540	1704	1.042845
540	1221	1.021852
540	858	1.012913
540	1225	1.002333
540	2028	0.945584
540	2762	0.880194
541	150	0.867421
541	356	0.853629
541	2028	0.786375
541	589	0.738274
541	457	0.738255
541	1682	0.706642
541	1639	0.700961
541	17	0.653358
541	2671	0.647779
541	1610	0.637515
542	3481	1.520113
542	2291	1.464300
542	3753	1.224953
542	2160	1.177145
542	2948	1.152621
542	2791	1.131835
542	1171	1.006687
542	3300	0.989223
542	3408	0.919591
542	3751	0.909173
543	1907	1.153629
543	2090	1.131529
543	783	1.003857
543	1025	0.868932
543	2400	0.855761
543	1033	0.843279
543	3400	0.741645
543	1688	0.738874
543	1566	0.679995
543	1031	0.674810
544	1035	1.493351
544	1022	1.337692
544	1947	1.321990
544	595	1.264562
544	2081	1.259956
544	2087	1.178703
544	2078	1.139271
544	1951	1.138379
544	1029	1.082388
544	1198	1.077080
546	922	0.837543
546	3610	0.746873
546	1104	0.724965
546	903	0.721714
546	1947	0.716160
546	3417	0.694401
546	3486	0.694401
546	912	0.674580
546	908	0.656729
546	914	0.633060
547	1240	2.251368
547	1210	2.014978
547	1374	1.767352
547	589	1.736865
547	3527	1.728605
547	1206	1.707103
547	1356	1.700284
547	260	1.644718
547	2916	1.515013
547	2529	1.510743
548	328	1.656482
548	2279	1.386065
548	2158	1.311378
548	3694	1.272224
548	2026	1.265823
548	1974	1.259134
548	3017	1.256537
548	742	1.251217
548	879	1.233812
548	188	1.232777
549	3646	1.366428
549	3273	1.334431
549	3793	1.132714
549	3744	1.096146
549	3454	1.070790
549	3827	1.007371
549	3753	0.982676
549	3623	0.946456
549	3785	0.934523
549	3743	0.927869
550	3071	0.528168
550	1682	0.521157
550	1633	0.502512
550	261	0.447683
550	944	0.446042
550	1942	0.432228
550	1246	0.428603
550	2929	0.422755
550	3211	0.411870
550	2291	0.407765
551	357	0.821723
551	3255	0.791325
551	2359	0.734531
551	1747	0.722432
551	2108	0.692465
551	2302	0.685229
551	1883	0.666604
551	1641	0.643217
551	1265	0.631898
551	597	0.592775
552	2257	0.701513
552	3520	0.693887
552	3499	0.464555
552	2402	0.464404
552	250	0.461768
552	2174	0.445073
552	2751	0.436718
552	3584	0.408294
552	3385	0.392811
552	2950	0.386535
553	1777	0.558449
553	1571	0.550763
553	597	0.532775
553	1485	0.519196
553	357	0.498811
553	496	0.471714
553	1539	0.442865
553	970	0.442793
553	440	0.435983
553	500	0.429805
554	1093	2.532292
554	1911	2.453925
554	2599	2.374332
554	2580	2.085479
554	2333	1.976353
554	2541	1.957722
554	3219	1.944882
554	2683	1.884409
554	2433	1.777867
554	2694	1.737722
555	3753	1.481655
555	3948	1.408275
555	3897	1.394196
555	3510	1.282726
555	3624	1.250504
555	3863	1.209330
555	3623	1.160195
555	3555	1.142085
555	3536	1.100234
555	3617	1.058790
556	2393	1.879542
556	1375	1.698385
556	316	1.368643
556	1356	1.321653
556	2530	1.247221
556	780	1.133276
556	1376	1.063216
556	2311	1.046857
556	1676	1.031757
556	2533	1.000614
557	1527	2.545224
557	1356	1.968626
557	1372	1.959957
557	2916	1.830479
557	1676	1.736640
557	1909	1.723479
557	329	1.719705
557	2393	1.456219
557	198	1.395485
557	1653	1.392200
558	3062	0.712745
558	3066	0.687673
558	1263	0.624516
558	3367	0.595438
558	2941	0.586494
558	914	0.576864
558	1262	0.560889
558	1222	0.547935
558	161	0.536345
558	1242	0.525315
560	2393	1.514108
560	1779	1.316662
560	780	1.270998
560	3697	1.155092
560	1690	1.143611
560	173	1.004289
560	1372	0.995894
560	1831	0.975836
560	316	0.968989
560	1876	0.965165
561	3578	1.807134
561	3555	1.498470
561	3354	1.408087
561	3624	1.360929
561	3755	1.360582
561	3409	1.303003
561	3646	1.262147
561	3793	1.214794
561	3534	1.179682
561	3863	1.067076
562	1198	2.328785
562	589	2.126870
562	260	2.022786
562	1036	1.997802
562	2571	1.995151
562	1210	1.541016
562	1291	1.535491
562	1233	1.524333
562	1287	1.357446
562	1610	1.356768
563	173	2.519913
563	1779	1.747561
563	1591	1.504966
563	196	1.472716
563	327	1.394404
563	2986	1.390904
563	1882	1.359856
563	2549	1.290177
563	2448	1.175566
563	1831	1.093334
564	318	1.334340
564	912	1.323646
564	750	1.271369
564	1207	1.186546
564	1208	0.981988
564	919	0.901800
564	608	0.872867
564	260	0.859017
564	969	0.817101
564	3196	0.793998
566	2096	1.902930
566	1022	1.828144
566	596	1.776484
566	2018	1.720860
566	783	1.628046
566	2089	1.568123
566	595	1.560458
566	1032	1.521614
566	2687	1.508817
566	594	1.457680
567	2005	1.405768
567	2143	1.183996
567	3479	1.037706
567	2140	0.942438
567	2054	0.941983
567	2021	0.927059
567	2	0.908233
567	2968	0.852011
567	653	0.848647
567	2115	0.839651
569	867	1.849546
569	1707	1.752511
569	2152	1.663191
569	575	1.495795
569	881	1.405579
569	267	1.270617
569	1822	1.261409
569	1489	1.243397
569	325	1.229640
569	1731	1.174756
570	510	0.727824
570	753	0.644649
570	2789	0.644087
570	2605	0.626965
570	140	0.619628
570	1727	0.609873
570	779	0.606293
570	1902	0.604945
570	282	0.529104
570	613	0.525859
571	1343	1.512835
571	2391	1.479928
571	50	1.218909
571	2058	1.022268
571	2278	1.019570
571	349	1.016981
571	377	1.016311
571	1625	0.958578
571	608	0.950231
571	2916	0.927706
573	50	1.447110
573	457	1.176631
573	1089	1.175566
573	1610	1.123517
573	318	1.117127
573	2391	0.957052
573	2028	0.920778
573	296	0.920393
573	1358	0.903798
573	527	0.853440
575	1911	1.550301
575	785	1.337713
575	3219	1.246310
575	2581	1.219965
575	2336	1.197258
575	3578	1.189492
575	2599	1.168367
575	2805	1.156749
575	2490	1.144096
575	2598	1.132052
576	1527	1.576611
576	780	1.429390
576	2628	1.367140
576	1573	1.320472
576	1676	1.149904
576	1909	1.139793
576	1653	1.054883
576	1376	1.054188
576	349	1.032054
576	2393	0.991261
577	1036	1.733540
577	1610	1.732717
577	1291	1.614257
577	589	1.376558
577	2944	1.351701
577	1287	1.333102
577	2571	1.255198
577	1200	1.222664
577	1222	1.218162
577	1954	1.211809
579	3361	1.591336
579	2797	1.526857
579	1079	1.425529
579	2918	1.371056
579	2352	1.294791
579	2150	1.244510
579	2144	1.217944
579	1257	1.060823
579	3448	1.047475
579	1285	0.927430
580	1240	1.063655
580	3066	0.878750
580	1036	0.852915
580	1198	0.823719
580	1263	0.813244
580	260	0.796075
580	1214	0.789730
580	1291	0.755515
580	1208	0.715919
580	110	0.713342
581	2424	1.615114
581	339	1.426329
581	2671	1.315981
581	2316	1.117218
581	7	1.103055
581	357	1.098728
581	3528	1.084576
581	207	1.027252
581	708	1.006790
581	440	0.996403
582	2598	2.403045
582	2724	1.908026
582	2395	1.866132
582	3623	1.823222
582	2396	1.720601
582	2723	1.675967
582	3219	1.570416
582	2560	1.519054
582	2394	1.492130
582	2906	1.416018
583	2985	0.554331
583	3699	0.457688
583	3611	0.457496
583	3775	0.457496
583	3345	0.449859
583	3698	0.431966
583	803	0.425320
583	1376	0.424410
583	2527	0.415487
583	1129	0.400978
584	593	1.499150
584	2028	1.409613
584	858	1.374789
584	1221	1.278089
584	1193	1.153422
584	608	1.151045
584	1213	1.116458
584	1225	1.083498
584	1207	1.078555
584	1204	0.934851
585	783	1.191191
585	1907	1.161283
585	2096	1.125120
585	2193	1.088602
585	595	1.060425
585	2687	0.969845
585	2089	0.837053
585	3479	0.828316
585	2143	0.806054
585	2081	0.801535
586	1206	2.570320
586	32	2.126137
586	1198	1.990137
586	1036	1.849973
586	3702	1.771016
586	858	1.562667
586	457	1.534929
586	1291	1.504806
586	1097	1.413129
586	1253	1.396370
587	3744	0.501652
587	3646	0.495500
587	1117	0.495074
587	1163	0.495074
587	3717	0.467209
587	3948	0.445234
587	3793	0.436735
587	260	0.435709
587	1302	0.405413
587	3454	0.398879
588	3951	0.710823
588	1947	0.708672
588	1035	0.645015
588	3568	0.568659
588	1282	0.496278
588	3822	0.485593
588	1307	0.484198
588	308	0.475988
588	563	0.472537
588	1068	0.455460
590	2305	0.664914
590	1669	0.637184
590	452	0.599284
590	2359	0.587755
590	1471	0.498052
590	3060	0.483416
590	108	0.481543
590	3609	0.481543
590	2291	0.464767
590	1177	0.463537
591	2734	0.518801
591	1252	0.500846
591	785	0.446177
591	2585	0.444618
591	2598	0.438508
591	806	0.432337
591	1650	0.420023
591	1267	0.413183
591	113	0.398424
591	2723	0.398047
593	832	0.748421
593	57	0.712802
593	580	0.592309
593	1672	0.590465
593	1611	0.541692
593	1271	0.486163
593	16	0.482943
593	1051	0.469062
593	1399	0.468897
593	1686	0.466890
594	2918	0.777875
594	2290	0.689745
594	1079	0.674188
594	2926	0.669956
594	3361	0.658989
594	3072	0.647061
594	1937	0.642630
594	1968	0.596208
594	3671	0.582221
594	3421	0.579738
595	6	1.475596
595	2391	1.330617
595	608	1.318950
595	2571	1.218228
595	593	1.122552
595	2028	1.119693
595	1704	0.966074
595	110	0.955181
595	296	0.949897
595	16	0.898926
596	3624	1.811799
596	3753	1.724385
596	480	1.668512
596	2948	1.609325
596	3481	1.323088
596	3578	1.309563
596	1673	1.303929
596	2160	1.228784
596	1171	1.225922
596	2455	1.098175
597	3623	2.254298
597	3160	2.146355
597	2599	2.103688
597	1959	2.093352
597	2581	2.046285
597	3174	2.042870
597	968	1.936749
597	2318	1.893473
597	2805	1.880788
597	2336	1.877673
598	2734	1.787669
598	2959	1.763443
598	3578	1.759432
598	3219	1.750400
598	2712	1.629084
598	2433	1.624877
598	2013	1.593153
598	2336	1.552387
598	2502	1.474006
598	2599	1.452059
601	2571	1.320800
601	2916	1.108397
601	1527	0.972786
601	1584	0.967203
601	1200	0.951742
601	1214	0.939425
601	260	0.887642
601	1573	0.882068
601	1580	0.865429
601	1196	0.847890
602	1603	1.376213
602	3697	1.312142
602	1917	1.213153
602	1037	1.131550
602	2531	1.095057
602	435	1.054463
602	1373	1.033511
602	2393	1.016784
602	674	0.997007
602	196	0.988022
603	1610	2.063235
603	2916	1.859955
603	589	1.560068
603	349	1.523878
603	1370	1.427439
603	2353	1.354462
603	474	1.266386
603	6	1.084942
603	10	1.040359
603	1722	0.994964
604	153	1.399619
604	423	1.224617
604	996	1.143641
604	1552	1.135480
604	1479	1.085230
604	434	1.083856
604	1792	1.072286
604	2487	1.030544
604	1499	1.012253
604	3208	1.009271
605	2688	2.001597
605	2694	1.839198
605	2770	1.725864
605	3005	1.632869
605	1911	1.560558
605	1093	1.444391
605	3203	1.434789
605	2336	1.433638
605	2706	1.401356
605	2433	1.340619
606	1394	0.959169
606	1270	0.835586
606	2918	0.791024
606	364	0.742560
606	1148	0.727414
606	2997	0.701846
606	745	0.677085
606	1259	0.673981
606	1265	0.666371
606	3421	0.657273
608	2683	0.830150
608	1527	0.830051
608	2694	0.828191
608	1911	0.817115
608	10	0.808184
608	2881	0.717243
608	511	0.714518
608	349	0.703285
608	380	0.700767
608	3203	0.692580
609	1372	2.289322
609	329	2.251931
609	1573	1.864718
609	480	1.814504
609	1584	1.688581
609	1748	1.655784
609	2571	1.645084
609	1653	1.586024
609	1396	1.523225
609	2985	1.485983
610	1372	2.807772
610	1676	2.082417
610	1391	1.772285
610	1371	1.762663
610	1527	1.661565
610	3697	1.651438
610	1544	1.540717
610	2311	1.512509
610	2046	1.441927
610	2094	1.417414
611	1610	0.691073
611	110	0.612060
611	1036	0.590708
611	2028	0.528904
611	331	0.470880
611	1198	0.466736
611	2947	0.466229
611	2338	0.457279
611	1265	0.456365
611	1399	0.454106
612	480	1.679924
612	3917	1.400720
612	2791	1.315187
612	2454	1.264594
612	3555	1.219559
612	268	1.185373
612	1965	1.131896
612	3927	1.080515
612	551	1.003721
612	3932	0.990582
613	34	1.721823
613	2762	1.110910
613	318	1.021595
613	593	1.017182
613	608	1.002675
613	2324	0.946113
613	1358	0.912335
613	110	0.907936
613	527	0.870214
613	36	0.804680
614	2096	2.703440
614	1907	2.578360
614	2078	2.066587
614	2018	2.046816
614	595	2.031119
614	1029	1.950795
614	2137	1.902097
614	2687	1.774831
614	596	1.728369
614	2085	1.726013
615	1573	1.437660
615	733	1.378996
615	349	1.352112
615	3256	1.315620
615	2571	1.219817
615	480	1.163232
615	2006	1.141557
615	2353	0.989087
615	2763	0.900651
615	1610	0.892625
616	3624	1.590701
616	3510	1.413829
616	3300	1.392620
616	3623	1.210821
616	3751	1.201174
616	3917	1.170316
616	524	1.143482
616	2291	1.122967
616	551	1.115995
616	2791	1.115398
618	2160	1.561229
618	3928	1.338847
618	3555	1.326096
618	1673	1.320773
618	3923	1.310380
618	3937	1.269878
618	1327	1.233901
618	3450	1.200917
618	480	1.149385
618	2455	1.123637
620	344	0.897349
620	231	0.881650
620	3243	0.762700
620	3773	0.723065
620	2913	0.716537
620	216	0.711399
620	2770	0.703508
620	3258	0.682948
620	1439	0.641948
620	1526	0.637881
621	2291	1.371314
621	2455	1.154540
621	2791	1.131285
621	2160	1.087266
621	2948	1.005986
621	1249	0.886053
621	110	0.873043
621	2571	0.842596
621	2916	0.819440
621	3527	0.808107
622	608	1.225556
622	527	1.063332
622	296	0.991636
622	50	0.950487
622	1213	0.931508
622	1358	0.652009
622	1704	0.629933
622	2028	0.626848
622	1225	0.615437
622	1193	0.584726
623	912	0.591023
623	1252	0.539113
623	1207	0.535780
623	1204	0.524970
623	318	0.516153
623	1262	0.509822
623	750	0.502939
623	608	0.475265
623	923	0.469570
623	2580	0.463805
624	1252	0.649986
624	2206	0.641154
624	2186	0.626198
624	1284	0.595661
624	906	0.584872
624	904	0.543954
624	1260	0.515227
624	922	0.489699
624	3788	0.481790
624	2185	0.481064
625	1682	0.904239
625	1704	0.902594
625	62	0.806133
625	475	0.761573
625	300	0.698953
625	1721	0.692402
625	3105	0.691207
625	39	0.679063
625	1678	0.651173
625	36	0.630829
626	1196	1.582458
626	260	1.503789
626	1200	1.225236
626	1210	1.029575
626	2028	1.021546
626	2797	1.018763
626	1214	1.001287
626	1206	0.940624
626	541	0.882847
626	2571	0.882670
627	2193	1.658871
627	2161	1.560443
627	1073	1.559436
627	2005	1.384324
627	367	1.179814
627	2143	1.074150
627	2105	1.060010
627	2054	0.994550
627	2138	0.884485
627	3893	0.872288
628	440	1.194882
628	342	1.135921
628	3253	1.019964
628	52	0.923191
628	39	0.898564
628	1777	0.894630
628	2683	0.878801
628	1923	0.809072
628	597	0.801814
628	1517	0.800179
629	1489	1.166206
629	2042	1.159375
629	711	1.038913
629	244	1.034056
629	1474	0.993898
629	3400	0.950306
629	1750	0.920210
629	239	0.889151
629	867	0.873456
629	888	0.851628
630	2396	1.028317
630	3114	0.811299
630	914	0.774368
630	17	0.758293
630	2080	0.737771
630	2324	0.715001
630	1188	0.691515
630	2997	0.681498
630	235	0.681060
630	1394	0.655765
631	1372	0.795824
631	2009	0.774583
631	2640	0.756942
631	2528	0.706619
631	2985	0.697202
631	2021	0.662761
631	1580	0.638609
631	1376	0.626372
631	1527	0.614982
631	480	0.586439
632	1653	2.359514
632	1676	2.227150
632	2393	1.918760
632	1396	1.778070
632	1748	1.744817
632	1876	1.598220
632	198	1.596927
632	2985	1.582472
632	1921	1.553258
632	1376	1.454155
633	1513	1.302310
633	3408	1.189689
633	2598	1.173008
633	3081	1.146619
633	2858	1.123395
633	3578	1.098729
633	2013	1.004308
633	2502	0.992133
633	2997	0.989627
633	1959	0.953021
634	1022	1.592565
634	595	1.515194
634	2018	1.416035
634	1907	1.383442
634	594	1.363005
634	2687	1.333155
634	596	1.289851
634	1029	1.238022
634	1032	1.116710
634	2078	1.101574
635	1394	1.472779
635	3097	1.269133
635	955	1.134218
635	3067	1.055173
635	1136	1.014326
635	1080	0.991588
635	1256	0.990792
635	2936	0.969312
635	1278	0.936993
635	951	0.926392
636	329	2.061595
636	2393	1.723301
636	1676	1.696672
636	1917	1.562375
636	1876	1.511418
636	2528	1.507191
636	1356	1.504478
636	1320	1.500756
636	1909	1.494531
636	3033	1.340637
637	383	0.819816
637	2401	0.801424
637	3508	0.782446
637	2922	0.770629
637	599	0.713784
637	2921	0.683701
637	3074	0.642295
637	2951	0.625852
637	416	0.611722
637	1378	0.593913
638	2470	1.184396
638	3087	1.135912
638	1135	1.035922
638	1967	1.020755
638	2193	0.950630
638	2054	0.835235
638	2100	0.798911
638	2005	0.789650
638	3480	0.762477
638	1376	0.713870
639	2005	0.635141
639	1967	0.549091
639	2193	0.497122
639	2137	0.473668
639	3671	0.444366
639	2305	0.435045
639	3003	0.414286
639	2021	0.411919
639	1278	0.405211
639	2040	0.400726
641	1240	1.434551
641	260	1.267015
641	1198	1.260732
641	1200	1.154487
641	1210	1.036470
641	1036	1.007354
641	858	0.976654
641	1214	0.902124
641	1291	0.877206
641	110	0.870750
643	2013	2.172051
643	3623	2.158674
643	2491	2.068801
643	2490	2.033158
643	2840	1.969634
643	2906	1.964837
643	24	1.845910
643	2841	1.817821
643	2734	1.789484
643	3219	1.787306
644	3578	1.736957
644	3624	1.627400
644	3755	1.404522
644	3623	1.398796
644	3717	1.265917
644	3863	1.228499
644	3409	1.185525
644	3534	1.100051
644	3793	1.074031
644	3513	1.063304
645	318	1.445035
645	1617	1.242196
645	1193	1.193571
645	296	1.129363
645	1196	1.078331
645	111	1.058266
645	858	0.959147
645	904	0.942561
645	50	0.936406
645	527	0.935926
646	292	1.087205
646	434	1.037936
646	736	1.027468
646	1552	0.980729
646	208	0.975492
646	1866	0.955813
646	1432	0.915483
646	1438	0.902250
646	1792	0.867659
646	1918	0.830737
647	1474	1.528596
647	1731	1.471462
647	867	1.382063
647	1707	1.281913
647	881	1.226902
647	2042	1.156967
647	1005	1.138457
647	747	1.093225
647	2152	1.014365
647	575	1.000282
648	2841	1.943262
648	2840	1.793906
648	3219	1.642278
648	3081	1.634760
648	2491	1.608061
648	2724	1.524427
648	2396	1.524378
648	2490	1.517271
648	2395	1.482508
648	24	1.458015
649	1980	0.882678
649	1978	0.858644
649	1979	0.785939
649	1977	0.769897
649	457	0.724801
649	1985	0.722935
649	1975	0.721516
649	1417	0.695833
649	1976	0.690177
649	3021	0.658754
650	589	1.526646
650	1610	1.443487
650	733	1.167255
650	480	1.153850
650	1240	1.083840
650	377	0.991359
650	1291	0.978056
650	1527	0.977785
650	3256	0.974989
650	1196	0.950954
651	3041	1.551624
651	2473	1.549139
651	2717	1.449919
651	2379	1.272787
651	2375	1.250937
651	2796	1.143064
651	2382	1.134839
651	2380	1.084017
651	2381	1.051541
651	3688	1.004853
652	1372	2.410071
652	1320	2.391115
652	1876	2.300804
652	1690	2.216483
652	1603	2.097547
652	748	2.020034
652	1527	2.003542
652	1831	1.961230
652	435	1.713567
652	185	1.649253
654	1293	1.371599
654	1962	1.217307
654	1957	1.169534
654	3360	1.061857
654	1090	1.009170
654	1185	0.961946
654	1246	0.783187
654	1124	0.691185
654	1132	0.666557
654	1096	0.662349
655	3448	0.826190
655	2469	0.786923
655	597	0.704069
655	500	0.662745
655	1135	0.656381
655	1042	0.631056
655	539	0.630244
655	2100	0.621720
655	2144	0.597945
655	2915	0.591475
656	1022	1.059042
656	596	1.044759
656	594	0.983481
656	364	0.829202
656	1029	0.813095
656	588	0.794577
656	2080	0.743838
656	595	0.722643
656	2087	0.651058
656	1940	0.647388
657	2333	2.050899
657	2013	2.026019
657	3219	1.913203
657	2581	1.898042
657	2723	1.766296
657	1959	1.572704
657	2805	1.498378
657	24	1.467345
657	2490	1.452254
657	2318	1.448772
658	2694	0.959845
658	2683	0.861020
658	2858	0.841195
658	223	0.823276
658	2433	0.764467
658	2706	0.752061
658	2355	0.689891
658	2707	0.657779
658	2908	0.599748
658	2188	0.574732
659	150	1.373195
659	1704	1.296822
659	3246	0.867338
659	318	0.776354
659	2501	0.760536
659	62	0.697647
659	296	0.675716
659	1095	0.674485
659	1784	0.626923
659	1729	0.626765
660	2412	0.744057
660	1432	0.723031
660	1499	0.677812
660	3850	0.654654
660	880	0.611340
660	1591	0.591493
660	2411	0.588397
660	148	0.577350
660	354	0.574943
660	173	0.540782
661	1196	2.046955
661	1200	1.994052
661	1198	1.770097
661	589	1.675770
661	1214	1.552616
661	2947	1.545426
661	110	1.540845
661	858	1.503512
661	260	1.447290
661	1387	1.232494
662	1552	1.595553
662	1573	1.584171
662	10	1.548323
662	733	1.543959
662	349	1.394190
662	2916	1.267303
662	780	1.251837
662	1722	1.185898
662	2628	1.150277
662	736	1.088494
663	3499	1.348788
663	1347	1.216257
663	2986	1.064988
663	173	0.955169
663	2003	0.952143
663	1342	0.920152
663	1591	0.908204
663	1831	0.899210
663	1345	0.871494
663	2279	0.856455
664	2797	1.285184
664	3039	1.273165
664	3361	1.131871
664	3210	1.127126
664	3552	1.052024
664	2352	1.050144
664	1968	1.002955
664	1265	0.940328
664	1394	0.892826
664	1663	0.884370
666	2916	0.780637
666	339	0.747223
666	475	0.677552
666	357	0.669333
666	832	0.636764
666	2571	0.634057
666	1580	0.630266
666	1909	0.629972
666	805	0.626696
666	1527	0.622297
667	1200	1.035862
667	1214	0.911109
667	3527	0.874726
667	1580	0.869928
667	1584	0.840622
667	589	0.827863
667	1196	0.827314
667	32	0.820582
667	1573	0.817092
667	2529	0.789270
668	316	1.647677
668	1527	1.610230
668	1573	1.456635
668	329	1.437633
668	3697	1.433734
668	1372	1.205748
668	2393	1.205367
668	1876	1.181033
668	1603	1.173456
668	1089	1.165627
669	1907	1.468644
669	364	1.309015
669	2327	1.219182
669	328	1.208754
669	1566	1.208327
669	2793	1.172547
669	588	1.115308
669	407	1.091252
669	2279	1.037566
669	2514	1.027801
670	3317	0.966311
670	3893	0.949851
670	1260	0.876011
670	1252	0.836826
670	3435	0.828125
670	3952	0.822915
670	1952	0.799110
670	1406	0.788464
670	2769	0.779696
670	910	0.732866
671	912	0.897716
671	1267	0.807543
671	858	0.790514
671	1204	0.771501
671	1248	0.767470
671	3481	0.721697
671	904	0.708356
671	527	0.698457
671	3317	0.661703
671	3948	0.630881
672	1196	1.337095
672	3923	1.189177
672	1214	1.066257
672	3917	1.048381
672	1291	0.890636
672	2028	0.881538
672	2454	0.825914
672	3926	0.791488
672	1240	0.785864
672	1200	0.785046
673	2291	1.388790
673	1673	1.386372
673	2948	1.203182
673	1965	1.171756
673	1171	1.139190
673	524	1.111654
673	3753	1.036003
673	2160	1.025348
673	3624	0.988041
673	2858	0.947426
674	1206	2.106503
674	32	2.048720
674	3471	1.937411
674	2571	1.935567
674	1097	1.642072
674	2916	1.616084
674	3703	1.603896
674	3702	1.578584
674	1270	1.556649
674	1199	1.554135
675	2683	3.249891
675	2688	2.848050
675	2706	2.428240
675	2599	2.365023
675	2716	2.315967
675	2976	2.109056
675	2707	2.078478
675	2959	1.945488
675	2699	1.939082
675	3113	1.852217
676	2375	1.255564
676	2794	1.075310
676	2468	1.021932
676	2259	0.979812
676	3385	0.974536
676	3688	0.959256
676	2088	0.941065
676	2350	0.938783
676	520	0.895863
676	2473	0.829890
677	3255	0.659758
677	264	0.644637
677	2916	0.549502
677	1500	0.547757
677	10	0.539277
677	733	0.525487
677	2302	0.522398
677	357	0.520861
677	1370	0.507818
677	1596	0.505444
678	594	0.870103
678	596	0.864155
678	364	0.860889
678	1022	0.836935
678	595	0.798658
678	2096	0.798345
678	1029	0.759518
678	858	0.724350
678	1907	0.662437
678	919	0.615923
679	1291	0.897312
679	1387	0.854941
679	1079	0.768781
679	1278	0.763187
679	1036	0.741881
679	1197	0.728371
679	1270	0.717044
679	2797	0.709865
679	2947	0.688899
679	1968	0.679959
680	2694	2.540484
680	1093	2.247574
680	2355	2.217138
680	1911	2.212671
680	2959	2.164881
680	2541	2.137542
680	2433	2.083452
680	3005	2.030202
680	2710	1.910703
680	2881	1.875668
681	1907	2.647112
681	364	2.394166
681	595	2.285017
681	2018	2.263781
681	596	2.215797
681	1029	2.052372
681	2294	1.982670
681	2078	1.812773
681	2087	1.808340
681	1566	1.610771
682	1136	1.115129
682	1200	0.973443
682	3671	0.935405
682	3421	0.927472
682	589	0.906034
682	1291	0.893779
682	1394	0.867934
682	457	0.823389
682	1079	0.818637
682	1214	0.806604
684	2688	1.724303
684	2770	1.532102
684	1513	1.495398
684	1911	1.389530
684	2683	1.368789
684	2959	1.292145
684	3005	1.273867
684	2694	1.241751
684	1093	1.229294
684	2355	1.214396
685	2469	1.552696
685	2736	1.261197
685	2378	1.251738
685	2746	1.249963
685	2133	1.208825
685	2463	1.166342
685	2407	1.163049
685	2245	1.133545
685	2416	1.118906
685	3501	1.114575
687	2424	1.231470
687	74	1.230310
687	1888	1.212385
687	2497	1.201623
687	539	1.149374
687	236	1.087807
687	2875	1.082087
687	3528	1.059504
687	1541	1.025298
687	3259	0.991804
688	527	1.428418
688	1224	1.186832
688	3811	1.071005
688	920	1.028423
688	1939	1.025166
688	1960	0.938805
688	1090	0.925852
688	2944	0.864415
688	1944	0.827331
688	1254	0.763640
689	1375	1.841001
689	1320	1.794151
689	1676	1.733664
689	1917	1.698064
689	1876	1.534470
689	2094	1.462255
689	2046	1.392501
689	1356	1.392082
689	2528	1.363404
689	1391	1.356167
690	480	1.067095
690	2916	1.034728
690	1372	0.981690
690	1376	0.896813
690	1396	0.876231
690	780	0.869016
690	1653	0.853061
690	2985	0.832913
690	1584	0.789545
690	1374	0.789217
691	2918	0.639950
691	1288	0.602574
691	3039	0.569515
691	3526	0.544847
691	2324	0.517622
691	3552	0.505230
691	1307	0.504749
691	1704	0.499860
691	3492	0.468936
691	3361	0.467434
692	3641	0.685994
692	3317	0.629839
692	3481	0.627090
692	3948	0.590185
692	2185	0.571258
692	3556	0.515373
692	1329	0.514496
692	3663	0.500130
692	3573	0.488094
692	2532	0.483291
693	457	1.063452
693	2571	1.010312
693	1552	0.945506
693	2916	0.924864
693	1917	0.879905
693	780	0.867338
693	1876	0.865169
693	480	0.861552
693	2058	0.858559
693	3256	0.841007
694	223	1.530094
694	2770	1.505502
694	785	1.445364
694	3174	1.361220
694	2716	1.355743
694	2580	1.276732
694	2688	1.270124
694	2396	1.244828
694	1513	1.242519
694	2683	1.237473
695	2458	1.585372
695	3041	1.498548
695	2464	1.317307
695	3690	1.301640
695	3042	1.280015
695	2149	1.193624
695	3667	1.166240
695	3689	1.128563
695	2755	1.053845
695	3401	1.009658
696	3087	1.281753
696	2145	1.172203
696	2245	1.072438
696	2371	0.985991
696	2518	0.866349
696	2470	0.860549
696	2423	0.842033
696	3591	0.799618
696	3039	0.757602
696	2100	0.745954
697	1641	1.103345
697	1265	1.088872
697	2359	1.045534
697	2396	0.892371
697	1883	0.866148
697	441	0.855155
697	235	0.799143
697	2997	0.774617
697	356	0.758527
697	3255	0.739708
698	1037	1.730032
698	3697	1.566372
698	1779	1.520101
698	1603	1.270720
698	1391	1.242591
698	849	1.220474
698	329	1.134589
698	748	1.123129
698	196	1.084321
698	1372	1.077199
699	3041	1.977782
699	3690	1.902961
699	3042	1.775149
699	2464	1.691941
699	3689	1.660702
699	2149	1.506638
699	2755	1.486085
699	3667	1.486041
699	3401	1.337463
699	3388	1.142570
700	541	1.278561
700	1748	1.218053
700	480	1.122140
700	3435	1.117129
700	1267	1.105491
700	1580	1.102578
700	1527	1.062556
700	1240	1.052600
700	1653	1.005951
700	1356	1.005818
701	2580	0.779830
701	441	0.714780
701	785	0.649258
701	2716	0.632640
701	3174	0.628492
701	1517	0.619493
701	2581	0.613454
701	3253	0.612665
701	2700	0.590610
701	2302	0.587753
702	2375	2.019862
702	3385	1.677375
702	2374	1.593181
702	2796	1.554088
702	2378	1.376822
702	2405	1.261575
702	2072	1.172555
702	2050	1.113421
702	3387	1.103740
702	3520	1.029780
704	2688	2.467105
704	1513	2.303866
704	2906	1.999558
704	2502	1.883249
704	2719	1.858729
704	2491	1.855446
704	2840	1.855078
704	2841	1.820064
704	785	1.677182
704	2676	1.600605
705	1978	1.673616
705	1979	1.670005
705	1980	1.606706
705	1984	1.575588
705	1977	1.455810
705	2455	1.229937
705	3021	1.222215
705	891	1.165301
705	1327	1.131949
705	1986	1.127769
706	1758	0.598198
706	242	0.549458
706	1650	0.530722
706	1682	0.530564
706	2994	0.524403
706	271	0.505722
706	302	0.489492
706	281	0.488888
706	1357	0.488739
706	1660	0.476757
707	2770	1.038990
707	2694	1.013916
707	2355	0.972558
707	2710	0.926131
707	1093	0.905901
707	223	0.897896
707	3005	0.891312
707	2433	0.845049
707	1911	0.822473
707	2605	0.812898
709	1989	2.212987
709	2113	2.211578
709	1326	2.115208
709	1324	2.109687
709	2515	1.815164
709	1984	1.698652
709	3833	1.683302
709	2878	1.665882
709	1993	1.618084
709	3021	1.549381
710	1068	1.229325
710	2205	1.229325
710	3122	0.983460
710	931	0.873473
710	3644	0.869264
710	3014	0.825464
710	956	0.705066
710	906	0.635611
710	964	0.608607
710	3792	0.598186
711	541	0.901659
711	260	0.887620
711	924	0.879199
711	1214	0.788406
711	1200	0.729672
711	1199	0.671165
711	32	0.644595
711	1267	0.584043
711	1240	0.580799
711	2571	0.565667
712	2120	0.957453
712	1717	0.848004
712	2160	0.826151
712	2167	0.810109
712	1171	0.763118
712	1347	0.678327
712	480	0.665306
712	2710	0.662404
712	1965	0.658742
712	1342	0.640153
713	2096	2.024869
713	2087	1.724278
713	2081	1.599257
713	3061	1.587305
713	1028	1.564397
713	914	1.552360
713	918	1.489796
713	364	1.472748
713	588	1.407120
713	900	1.335468
714	374	1.898598
714	1005	1.474301
714	239	1.473593
714	1474	1.463827
714	867	1.208019
714	355	1.133988
714	2354	1.108916
714	2142	1.100765
714	2953	1.091568
714	881	1.030957
715	2797	0.956819
715	2987	0.782117
715	392	0.775160
715	2005	0.742738
715	2161	0.737654
715	34	0.693230
715	3911	0.676943
715	1967	0.669977
715	2	0.665114
715	3479	0.663111
716	588	3.028467
716	2078	3.023343
716	594	2.842385
716	595	2.550572
716	2687	2.538922
716	661	2.223808
716	1033	2.167072
716	1282	2.139629
716	1566	2.087742
716	2139	1.987987
717	3555	1.634552
717	3624	1.595575
717	2291	1.329711
717	2455	1.320187
717	3917	1.293590
717	2948	1.245039
717	1171	1.201068
717	3755	1.183359
717	3300	1.180293
717	3481	1.177984
718	1917	1.605667
718	786	1.596221
718	780	1.547392
718	1608	1.367226
718	1687	1.220483
718	2616	1.173316
718	1876	1.152763
718	648	1.124644
718	434	1.033107
718	376	1.033069
720	1291	0.868663
720	2161	0.756966
720	1196	0.711196
720	1240	0.695839
720	2005	0.691823
720	2140	0.685351
720	3479	0.679041
720	1376	0.633257
720	1097	0.609820
720	1931	0.605406
721	1207	1.099228
721	912	1.037236
721	923	0.892987
721	920	0.750586
721	1263	0.671769
721	3435	0.627667
721	1276	0.625885
721	527	0.589328
721	1252	0.584070
721	1225	0.578283
722	608	1.075192
722	1089	1.059235
722	1223	0.996842
722	2396	0.978148
722	1265	0.962335
722	34	0.911335
722	593	0.882081
722	318	0.817829
722	296	0.770704
722	3105	0.745510
724	1370	1.991958
724	2353	1.581595
724	2058	1.508122
724	377	1.432896
724	380	1.398048
724	2334	1.146434
724	1552	1.143616
724	2273	1.142817
724	1527	1.053146
724	3082	1.042879
725	1247	1.016161
725	1617	0.809354
725	318	0.786866
725	922	0.781511
725	904	0.753380
725	1267	0.748693
725	908	0.737305
725	593	0.699823
725	858	0.676863
725	296	0.659768
726	539	2.528423
726	11	1.764326
726	440	1.696149
726	587	1.404678
726	852	1.312169
726	7	1.205536
726	356	1.203474
726	838	1.201365
726	252	1.116134
726	39	1.082679
727	595	0.908785
727	594	0.867601
727	596	0.854326
727	2096	0.850908
727	1282	0.754758
727	1022	0.749694
727	2081	0.710739
727	1907	0.666049
727	2080	0.603750
727	919	0.602084
728	2114	1.433320
728	3591	1.127821
728	1246	1.041229
728	2469	0.911991
728	3109	0.877632
728	3360	0.801819
728	1962	0.799176
728	2929	0.770831
728	3211	0.753139
728	3098	0.748652
729	1370	1.449362
729	1573	1.163614
729	10	1.139101
729	2006	1.136289
729	2115	1.114713
729	1356	1.100179
729	1722	1.088621
729	329	1.059585
729	2641	1.049465
729	2916	1.044856
730	1240	1.385015
730	1036	1.277311
730	1200	1.250401
730	1291	1.194428
730	1196	1.165605
730	2947	1.117521
730	3418	0.999593
730	1079	0.961280
730	1198	0.923752
730	3256	0.915401
731	3130	1.406637
731	2953	1.144276
731	174	1.109458
731	135	0.937272
731	54	0.922861
731	1864	0.893248
731	2458	0.873926
731	881	0.873486
731	3144	0.848745
731	3520	0.788100
732	2468	1.209423
732	3688	1.089461
732	2410	1.061264
732	2950	1.013012
732	2257	1.003918
732	2375	0.948526
732	2794	0.922806
732	2471	0.832328
732	2796	0.806925
732	3394	0.796909
733	3361	0.852716
733	3072	0.839893
733	2174	0.796753
733	1394	0.753735
733	1136	0.724074
733	2918	0.723491
733	1256	0.710657
733	1307	0.681115
733	1079	0.677931
733	3671	0.666859
734	2770	1.828613
734	2433	1.826994
734	2541	1.796533
734	2881	1.790263
734	223	1.773514
734	2605	1.749058
734	2355	1.722654
734	2688	1.566141
734	2722	1.521561
734	3203	1.479952
735	1644	1.005825
735	2548	0.941063
735	2279	0.913383
735	1957	0.745419
735	2606	0.737553
735	103	0.737319
735	2338	0.699147
735	1293	0.698403
735	1993	0.677219
735	291	0.651915
736	2571	0.985784
736	50	0.875135
736	1213	0.723449
736	2916	0.702503
736	1912	0.678541
736	293	0.676008
736	608	0.640957
736	1729	0.623378
736	1136	0.610727
736	2391	0.605384
737	1198	1.218077
737	2571	1.135710
737	527	1.063528
737	1214	0.988431
737	858	0.848913
737	1240	0.823802
737	1200	0.814026
737	589	0.790719
737	608	0.773557
737	296	0.757656
738	3623	1.846882
738	3755	1.601560
738	3534	1.533769
738	3717	1.338328
738	3512	1.324342
738	3481	1.287594
738	3190	1.117904
738	3509	1.103380
738	3744	1.008919
738	3515	0.986273
739	594	0.658213
739	1022	0.605108
739	2	0.563300
739	364	0.544006
739	2003	0.530095
739	1035	0.529413
739	1130	0.528089
739	1029	0.525625
739	2096	0.513586
739	588	0.507808
740	2160	1.554192
740	1171	1.398755
740	551	1.311734
740	2455	1.301472
740	2948	1.213527
740	1249	1.006613
740	1259	0.958647
740	1580	0.936888
740	110	0.936208
740	1035	0.889568
741	1969	2.704440
741	1986	2.253498
741	1978	2.053734
741	1976	2.036481
741	2451	2.027739
741	1972	2.024556
741	2513	1.803845
741	1995	1.657568
741	2328	1.615490
741	1981	1.580633
742	1584	2.201047
742	1527	2.183980
742	480	2.024323
742	1374	2.007270
742	2985	1.838763
742	32	1.727112
742	1396	1.686512
742	3699	1.676940
742	1376	1.654702
742	1372	1.548886
743	3885	0.678800
743	2509	0.668118
743	52	0.638576
743	2359	0.618912
743	2591	0.600751
743	250	0.497369
743	1883	0.488109
743	3437	0.483211
743	3253	0.482410
743	1923	0.475132
744	2133	1.018136
744	2371	0.921532
744	3525	0.870140
744	1485	0.831915
744	231	0.794194
744	3591	0.789447
744	3087	0.753040
744	2469	0.738884
744	344	0.717397
744	2736	0.693756
746	3753	0.730312
746	3623	0.700621
746	1200	0.679440
746	3510	0.638427
746	181	0.626959
746	3617	0.600672
746	3646	0.585385
746	3755	0.576285
746	3793	0.560292
746	3863	0.552032
747	3753	1.610473
747	3555	1.605405
747	3354	1.331664
747	3300	1.308010
747	3793	1.265432
747	1240	1.252815
747	1214	1.166185
747	589	1.075006
747	1198	1.063340
747	3717	1.030770
748	1584	1.688304
748	1580	1.579262
748	3527	1.541535
748	1653	1.539101
748	1376	1.435166
748	1374	1.397862
748	480	1.364024
748	1372	1.234256
748	1748	1.224189
748	2571	1.190270
749	1970	2.021335
749	1969	1.685028
749	3939	1.505103
749	3941	1.484156
749	1977	1.210420
749	3937	1.190426
749	1976	1.190387
749	1973	1.177033
749	1983	1.169085
749	1327	1.036434
750	318	2.441336
750	912	1.774500
750	1193	1.502246
750	1207	1.451930
750	858	1.407394
750	50	1.348963
750	1247	1.334669
750	111	1.323987
750	1617	1.272513
750	1225	1.234304
752	1356	0.766372
752	329	0.658463
752	1580	0.652961
752	480	0.647486
752	1371	0.632364
752	1376	0.618280
752	2121	0.611086
752	1369	0.589768
752	1345	0.560215
752	1375	0.543372
753	102	0.967176
753	1474	0.773228
753	374	0.732360
753	2555	0.712729
753	2036	0.703851
753	1005	0.673421
753	2953	0.651589
753	575	0.621567
753	2052	0.597897
753	867	0.561093
754	1513	2.714017
754	2906	2.302382
754	2491	2.119640
754	24	1.847322
754	2688	1.822514
754	2395	1.766605
754	2762	1.702516
754	2396	1.694774
754	3081	1.659146
754	2502	1.639033
755	1240	0.937469
755	1387	0.852456
755	2571	0.815724
755	1394	0.785991
755	1196	0.774899
755	593	0.773354
755	1198	0.752864
755	1036	0.749297
755	457	0.733226
755	1242	0.729591
756	589	2.225377
756	2571	2.112051
756	1291	1.987133
756	1210	1.787456
756	110	1.532795
756	1197	1.483505
756	1954	1.467451
756	1242	1.364236
756	1610	1.348317
756	1201	1.344515
757	292	1.724084
757	494	1.722211
757	1552	1.617239
757	1370	1.297438
757	376	1.175283
757	10	1.153834
757	349	1.126860
757	1573	1.117601
757	736	1.078825
757	18	0.999441
759	236	1.494914
759	339	1.479946
759	1894	1.383814
759	1569	1.233434
759	539	1.212556
759	597	1.158529
759	2497	1.145865
759	1409	1.124693
759	2724	1.052847
759	1457	1.036106
760	318	1.306707
760	1231	1.079996
760	1228	1.064062
760	527	1.000863
760	1952	0.922406
760	908	0.901603
760	1207	0.887805
760	296	0.863593
760	1213	0.855783
760	912	0.854419
762	316	2.673820
762	1676	1.825721
762	1527	1.644598
762	2046	1.569039
762	1371	1.520227
762	1376	1.496914
762	1917	1.489300
762	1909	1.401258
762	1391	1.358010
762	2094	1.198914
764	1375	1.026432
764	2193	1.016999
764	2011	1.016639
764	2134	0.969414
764	1967	0.965654
764	2005	0.960241
764	3699	0.937171
764	2406	0.889121
764	2463	0.870693
764	3033	0.860246
765	1777	1.451668
765	597	1.343430
765	500	1.213701
765	252	1.022387
765	7	0.914342
765	1409	0.908716
765	141	0.904803
765	2671	0.849100
765	1895	0.830469
765	1042	0.821656
766	3087	1.401257
766	2150	1.288222
766	3524	1.230976
766	3552	1.174850
766	1135	1.088174
766	2470	1.064193
766	2463	1.021376
766	2144	1.021183
766	2915	0.920203
766	1958	0.886845
767	1573	1.286417
767	1343	1.244359
767	2058	1.199939
767	6	1.141615
767	1370	1.128865
767	377	1.112509
767	2278	1.098504
767	110	0.931759
767	16	0.927658
767	2571	0.926798
768	329	0.970723
768	1917	0.828411
768	1037	0.801504
768	3697	0.728984
768	1603	0.706658
768	316	0.684186
768	1391	0.670299
768	1690	0.643905
768	2490	0.627347
768	780	0.621267
769	1136	0.974370
769	1294	0.904388
769	1263	0.801375
769	1214	0.785866
769	1196	0.710307
769	1193	0.678537
769	1953	0.659022
769	1234	0.652854
769	260	0.652464
769	1199	0.647528
770	1022	1.107264
770	2096	0.947243
770	1029	0.937301
770	594	0.885694
770	1028	0.820697
770	588	0.815227
770	1035	0.813528
770	2081	0.779455
770	2087	0.768160
770	918	0.765388
772	1372	1.823834
772	3697	1.724409
772	1676	1.699230
772	2393	1.571896
772	780	1.562736
772	1527	1.527290
772	1779	1.523732
772	1603	1.511739
772	1917	1.451934
772	1391	1.413133
773	3219	1.906506
773	2598	1.886131
773	2581	1.798281
773	3578	1.674427
773	1513	1.671541
773	2502	1.632718
773	2734	1.611712
773	2805	1.581760
773	2723	1.573918
773	2840	1.571197
774	1343	0.716512
774	2840	0.708702
774	2058	0.639942
774	3317	0.633790
774	3893	0.616616
774	3256	0.604221
774	2762	0.591067
774	3176	0.589678
774	3408	0.538682
774	3911	0.510590
776	2100	1.108774
776	1270	0.837619
776	1097	0.818236
776	1198	0.798201
776	1214	0.766328
776	1079	0.754728
776	2872	0.750099
776	2915	0.746625
776	2918	0.704329
776	3479	0.675282
777	2383	1.631392
777	2379	1.280888
777	3041	0.973712
777	2458	0.866383
777	3690	0.860052
777	3042	0.779588
777	3689	0.695967
777	3667	0.679576
777	2464	0.646020
777	3843	0.634180
778	2028	1.931958
778	858	1.563846
778	2762	1.403901
778	1221	1.390524
778	1196	1.302161
778	1193	1.251836
778	1358	1.221169
778	1198	1.177254
778	912	1.144431
778	1704	1.125869
779	2598	2.362496
779	2490	1.841672
779	2723	1.670347
779	2724	1.646254
779	1911	1.636425
779	2770	1.625853
779	2734	1.571880
779	2881	1.559075
779	2568	1.555112
779	2502	1.508723
780	3249	0.903021
780	1343	0.714589
780	1422	0.607860
780	1805	0.591684
780	832	0.588505
780	18	0.582419
780	2353	0.580134
780	1608	0.545242
780	3102	0.540560
780	490	0.513814
781	810	2.199219
781	1490	1.635044
781	93	1.576107
781	1240	1.253446
781	260	1.180478
781	3689	1.095272
781	374	1.092548
781	1210	0.926183
781	1214	0.900167
781	437	0.889176
783	1552	1.281917
783	423	1.158742
783	780	1.075019
783	1917	0.861215
783	329	0.816141
783	1432	0.807855
783	442	0.802470
783	9	0.776672
783	1769	0.776049
783	494	0.756395
784	2694	2.095010
784	2770	1.771160
784	2541	1.663969
784	3005	1.517375
784	2707	1.328307
784	1911	1.289571
784	1093	1.269497
784	2355	1.231106
784	2772	1.138817
784	2699	1.089271
785	786	0.890415
785	736	0.844391
785	494	0.778226
785	1552	0.770733
785	3753	0.765105
785	2115	0.728659
785	3624	0.719008
785	3107	0.717310
785	780	0.712834
785	1377	0.685079
786	2916	2.524919
786	316	2.348853
786	2985	1.972562
786	1375	1.963233
786	1653	1.943156
786	2393	1.865979
786	2628	1.743677
786	1584	1.699515
786	1573	1.689239
786	480	1.679251
787	1704	1.097811
787	2890	0.881674
787	529	0.723193
787	1784	0.711597
787	3105	0.632510
787	1721	0.578402
787	608	0.554756
787	1358	0.547153
787	2268	0.528775
787	25	0.525780
788	2134	1.262912
788	1663	1.175969
788	2463	1.156974
788	2100	1.065358
788	2797	1.013295
788	2378	0.999436
788	2918	0.972094
788	3591	0.955260
788	2372	0.932536
788	2150	0.879455
789	1240	1.966874
789	1214	1.889860
789	1206	1.462669
789	32	1.410465
789	1198	1.370332
789	924	1.198359
789	1270	1.150193
789	1199	1.082779
789	2028	1.057764
789	1291	1.046258
791	616	0.854705
791	2054	0.768202
791	2096	0.760776
791	2105	0.645856
791	1022	0.641879
791	2005	0.586898
791	364	0.548519
791	3776	0.548373
791	1073	0.545127
791	2400	0.544847
792	1196	2.530036
792	3471	1.996735
792	589	1.881775
792	924	1.832952
792	3703	1.557668
792	1584	1.329788
792	2529	1.257396
792	2010	1.255935
792	1198	1.162862
792	1036	1.092821
793	364	0.982689
793	594	0.950406
793	1022	0.933939
793	588	0.913020
793	1028	0.853544
793	2096	0.814407
793	2565	0.763819
793	1029	0.759074
793	2915	0.758647
793	2797	0.740099
794	3361	1.739856
794	1079	1.639470
794	1968	1.545754
794	3552	1.466572
794	1663	1.326398
794	3210	1.256373
794	2174	1.218775
794	2144	1.119653
794	2791	1.082827
794	3072	1.020256
795	339	0.762538
795	3874	0.701091
795	2424	0.679699
795	597	0.631195
795	252	0.575107
795	846	0.574146
795	1664	0.543529
795	2063	0.543529
795	2671	0.542294
795	708	0.485124
796	2565	1.337355
796	1035	1.147586
796	918	1.120691
796	914	1.107600
796	938	0.973013
796	1342	0.963120
796	3061	0.948696
796	2428	0.845942
796	3675	0.829273
796	606	0.786557
797	1409	0.864537
797	2497	0.852050
797	539	0.850989
797	638	0.811080
797	339	0.801588
797	597	0.744749
797	236	0.684823
797	74	0.680970
797	708	0.621747
797	469	0.605254
798	1282	0.977664
798	2018	0.892537
798	1022	0.866148
798	595	0.844258
798	1029	0.843843
798	364	0.841516
798	1028	0.730672
798	2565	0.719909
798	596	0.716392
798	1947	0.708032
799	3510	2.468860
799	3623	1.859330
799	3409	1.801772
799	3535	1.713290
799	3484	1.608572
799	3513	1.522126
799	3481	1.462302
799	3827	1.355907
799	3744	1.231665
799	3457	1.153976
800	2532	0.888883
800	2531	0.862324
800	780	0.695310
800	1356	0.596360
800	1779	0.588567
800	1580	0.565470
800	2916	0.556475
800	1376	0.541271
800	316	0.527616
800	318	0.522760
801	1196	1.736150
801	1200	1.618852
801	1214	1.589998
801	541	1.450347
801	32	1.306642
801	3471	1.095510
801	1210	1.071474
801	924	0.965218
801	1198	0.956910
801	3703	0.948181
802	1272	1.121906
802	1090	0.969432
802	3670	0.879430
802	912	0.870004
802	3066	0.836434
802	1927	0.808539
802	3062	0.802698
802	969	0.800672
802	2028	0.775742
802	1224	0.734656
803	2571	1.325195
803	349	1.251172
803	589	1.246277
803	1573	1.166349
803	1527	1.094342
803	2115	1.064085
803	1356	1.055341
803	1610	1.046958
803	1210	1.024553
803	380	0.982658
804	318	0.844389
804	296	0.716149
804	593	0.713338
804	527	0.645223
804	912	0.632866
804	2716	0.630241
804	2318	0.600604
804	2997	0.596897
804	2858	0.578503
804	2336	0.570204
805	539	2.269258
805	339	1.960204
805	1777	1.492559
805	587	1.081031
805	356	1.048740
805	3259	1.003962
805	802	1.003816
805	852	1.003480
805	708	1.002202
805	838	0.928953
806	1291	1.118849
806	1214	1.033002
806	2871	0.915692
806	1085	0.865544
806	912	0.832984
806	941	0.826808
806	858	0.815791
806	1200	0.790793
806	750	0.789771
806	1287	0.766387
807	364	1.012093
807	3510	0.986193
807	3555	0.978973
807	783	0.957085
807	1907	0.944531
807	244	0.906701
807	2089	0.841227
807	1566	0.771323
807	2096	0.741860
807	3751	0.721921
808	608	1.556152
808	318	1.404553
808	1617	1.354627
808	593	1.279757
808	1252	1.190350
808	912	1.105129
808	858	1.042901
808	527	1.033260
808	922	0.991467
808	3435	0.958978
809	440	1.515439
809	357	1.467908
809	1923	1.372293
809	2302	1.293034
809	1747	1.168571
809	104	1.138056
809	597	0.990671
809	2671	0.936290
809	1569	0.872163
809	2359	0.867252
810	318	1.471675
810	296	1.327543
810	50	1.270868
810	34	1.194598
810	1213	1.120868
810	1148	1.118079
810	858	1.092632
810	1	1.079986
810	912	1.063488
810	922	1.048355
811	318	1.334308
811	1196	1.129676
811	608	1.087763
811	593	1.038024
811	858	1.020513
811	527	0.974199
811	1193	0.958933
811	589	0.919118
811	1213	0.916259
811	296	0.906690
812	2840	2.923304
812	2491	2.782891
812	2581	2.438831
812	2013	2.215413
812	2396	2.168206
812	2485	2.021018
812	1959	1.961625
812	2394	1.947021
812	2702	1.725340
812	2734	1.629456
813	2424	1.372860
813	339	1.216962
813	597	1.202671
813	1777	1.111583
813	586	0.853219
813	708	0.841191
813	3614	0.781890
813	231	0.777696
813	1042	0.756819
813	367	0.724417
814	1196	1.479293
814	1198	1.369422
814	592	1.230899
814	2571	1.159856
814	1374	1.157573
814	1580	1.109783
814	1376	1.052721
814	2628	1.012909
814	1240	0.985926
814	2640	0.953084
816	1356	2.186505
816	1676	1.899724
816	1527	1.661324
816	1917	1.456180
816	2311	1.417210
816	2641	1.381633
816	1573	1.299224
816	2628	1.283501
816	1320	1.274942
816	1376	1.258948
817	1805	1.103817
817	47	0.955725
817	1089	0.933137
817	6	0.839079
817	42	0.792291
817	431	0.787544
817	1213	0.659340
817	998	0.657225
817	1791	0.656534
817	1227	0.644752
818	1343	0.987692
818	1092	0.982037
818	113	0.962279
818	6	0.933103
818	350	0.918617
818	1459	0.898559
818	3386	0.882742
818	3044	0.830128
818	1464	0.772837
818	1729	0.760353
819	1370	1.630352
819	316	1.621214
819	165	1.614453
819	1608	1.580482
819	349	1.551628
819	292	1.447796
819	1917	1.422655
819	1527	1.400284
819	2393	1.389771
819	736	1.335425
820	1037	2.330416
820	1831	2.230491
820	2986	1.787957
820	435	1.601086
820	3697	1.562585
820	1882	1.541692
820	849	1.529051
820	880	1.454639
820	748	1.400589
820	185	1.379583
822	1196	0.607597
822	260	0.523538
822	3525	0.448979
822	541	0.407024
822	3385	0.406817
822	1125	0.405404
822	840	0.388521
822	1291	0.387880
822	2372	0.376073
822	2294	0.367709
823	296	1.205556
823	50	1.167568
823	593	0.910859
823	1358	0.782128
823	318	0.777795
823	293	0.737655
823	47	0.700838
823	1729	0.608613
823	3019	0.597437
823	2762	0.585030
824	1148	0.683265
824	1304	0.680649
824	2565	0.657598
824	1947	0.614840
824	975	0.604984
824	1111	0.593589
824	858	0.571650
824	3421	0.532482
824	899	0.526055
824	2863	0.524945
825	904	1.566728
825	955	1.184679
825	898	1.143471
825	1104	1.053872
825	912	1.021187
825	343	0.937166
825	2300	0.924547
825	1247	0.917810
825	1252	0.902926
825	922	0.851175
826	556	1.581281
826	1192	1.490595
826	363	1.372619
826	1189	1.294224
826	1191	1.113664
826	1289	1.068365
826	3304	1.050352
826	206	1.030587
826	1827	0.960298
826	108	0.923613
828	2671	1.413029
828	597	1.354667
828	11	1.135224
828	357	1.073044
828	7	1.041219
828	708	1.028260
828	440	0.957203
828	252	0.913459
828	587	0.860944
828	1894	0.860361
829	1394	0.876055
829	527	0.874591
829	2918	0.871458
829	296	0.665704
829	608	0.660605
829	1	0.656050
829	3361	0.638983
829	1704	0.612354
829	2791	0.601856
829	1221	0.595093
830	1350	1.378545
830	1997	1.361221
830	3018	1.256476
830	1345	0.964197
830	1982	0.941617
830	1214	0.921762
830	2648	0.877425
830	1321	0.860270
830	3344	0.827433
830	1130	0.762370
831	593	1.387844
831	318	1.237134
831	47	1.056129
831	2762	1.042453
831	1358	0.966718
831	3930	0.940214
831	293	0.938570
831	1912	0.930103
831	3923	0.875954
831	3627	0.843936
832	2469	0.814806
832	2371	0.797332
832	2378	0.673062
832	2011	0.613210
832	1135	0.612583
832	1777	0.598600
832	252	0.572781
832	2133	0.572097
832	1569	0.560394
832	539	0.554410
834	440	0.743288
834	356	0.703191
834	17	0.681423
834	2125	0.672368
834	11	0.671637
834	497	0.664922
834	1094	0.636769
834	914	0.626833
834	1674	0.624229
834	2108	0.593620
836	1022	2.246945
836	588	2.063155
836	1029	2.039194
836	595	2.030540
836	594	1.747457
836	2565	1.637462
836	1947	1.570329
836	1566	1.532873
836	1032	1.460434
836	1907	1.421428
837	457	1.201436
837	589	1.185755
837	2947	0.906746
837	2028	0.859296
837	1036	0.833095
837	474	0.830079
837	1256	0.829622
837	947	0.822714
837	2194	0.794709
837	1230	0.786269
838	329	1.800868
838	1690	1.744046
838	1676	1.662400
838	1917	1.556824
838	1037	1.519615
838	1320	1.476100
838	1603	1.417609
838	3697	1.383942
838	1779	1.344854
838	1372	1.338390
839	3375	0.935680
839	3417	0.790505
839	3486	0.790505
839	2667	0.762760
839	2663	0.707049
839	3624	0.662074
839	2660	0.514108
839	2656	0.509861
839	3555	0.505303
839	3831	0.460126
840	2051	1.030051
840	597	0.669303
840	1042	0.667506
840	2031	0.637855
840	2215	0.632456
840	1777	0.611317
840	440	0.588652
840	2055	0.545167
840	2779	0.521582
840	11	0.519287
842	2734	2.231070
842	785	2.175825
842	2688	2.143843
842	2333	2.124263
842	2770	1.919260
842	1093	1.833424
842	2598	1.784180
842	2502	1.783122
842	3219	1.573449
842	3623	1.560166
843	608	1.873350
843	296	1.792967
843	527	1.453858
843	50	1.050361
843	36	1.031408
843	1221	1.014304
843	1207	0.942384
843	2028	0.937308
843	1228	0.871288
843	912	0.834819
844	1967	2.416392
844	2005	2.133295
844	2054	1.836020
844	3479	1.737062
844	2872	1.619725
844	2143	1.615497
844	367	1.394616
844	2453	1.195926
844	2	1.130286
844	2138	1.079404
845	2391	0.914248
845	6	0.848714
845	474	0.674667
845	293	0.666524
845	1265	0.663968
845	1089	0.634675
845	1610	0.616547
845	1343	0.568769
845	608	0.564569
845	50	0.541712
846	1977	0.962924
846	1980	0.911095
846	1975	0.798687
846	1979	0.769166
846	1976	0.734128
846	1986	0.718801
846	1985	0.672418
846	1971	0.585500
846	1981	0.550421
846	912	0.548931
847	2918	1.376916
847	1307	1.224979
847	3361	1.201476
847	2797	1.154413
847	1079	1.140609
847	3552	1.026076
847	1663	0.946743
847	3039	0.943111
847	2352	0.895184
847	1641	0.883982
848	608	2.002256
848	527	1.696401
848	1617	1.561127
848	1089	1.381880
848	1196	1.295863
848	1358	1.254222
848	2762	1.253686
848	260	1.246140
848	457	1.214296
848	110	1.200044
849	597	0.643913
849	1485	0.635626
849	2469	0.615985
849	1569	0.585570
849	1457	0.581591
849	1441	0.578544
849	236	0.566702
849	1777	0.550242
849	231	0.548796
849	3301	0.538074
850	3922	1.311083
850	2521	0.703686
850	2035	0.651933
850	2847	0.577350
850	1005	0.539850
850	631	0.535826
850	1978	0.525159
850	1979	0.496609
850	1679	0.488185
850	1984	0.481208
851	1037	1.862614
851	1544	1.764341
851	3697	1.686773
851	1603	1.529482
851	1690	1.495340
851	1591	1.453318
851	748	1.340157
851	737	1.319831
851	2808	1.201277
851	435	1.187873
852	1079	1.534209
852	1394	1.353974
852	2791	1.331875
852	1968	1.210630
852	1307	1.126417
852	3671	1.114252
852	1270	1.066387
852	1278	1.034585
852	1923	1.026357
852	2797	0.958461
853	2050	1.292452
853	2105	1.228556
853	2143	1.185361
853	1375	1.181885
853	329	1.129195
853	2393	1.118888
853	208	0.999470
853	316	0.990147
853	1372	0.954884
853	1967	0.949451
854	62	0.963547
854	1271	0.919505
854	1672	0.856545
854	1120	0.732851
854	1682	0.716869
854	150	0.714203
854	1810	0.681690
854	16	0.665141
854	3100	0.634191
854	805	0.618910
855	1894	0.847805
855	236	0.707634
855	1835	0.687942
855	351	0.643701
855	2497	0.641969
855	102	0.637703
855	2558	0.631591
855	3039	0.598295
855	3552	0.594589
855	1663	0.593415
856	3317	1.086803
856	2769	0.897237
856	3568	0.836591
856	3241	0.835883
856	3747	0.800867
856	3951	0.741461
856	3481	0.739489
856	3787	0.696523
856	1673	0.695576
856	3897	0.668995
857	3435	1.099931
857	912	1.052697
857	1284	0.968505
857	1267	0.895810
857	922	0.845790
857	1248	0.791058
857	913	0.789570
857	928	0.789109
857	1296	0.721743
857	904	0.717920
858	296	1.150789
858	1779	1.069089
858	1373	1.013085
858	1089	0.929336
858	50	0.910686
858	1831	0.885900
858	849	0.871987
858	435	0.870555
858	593	0.852093
858	1320	0.829843
859	1975	2.347429
859	1978	2.056226
859	891	1.869221
859	1985	1.751554
859	1979	1.647429
859	3918	1.602221
859	3939	1.597749
859	1980	1.582649
859	3941	1.576983
859	3937	1.568378
860	1333	1.073606
860	2644	1.027537
860	1982	1.018552
860	2648	0.942290
860	1255	0.893437
860	1350	0.800876
860	1387	0.787288
860	1994	0.786345
860	3696	0.784146
860	1980	0.779875
861	2717	2.021914
861	3688	1.835917
861	2786	1.719875
861	2134	1.602885
861	2468	1.400805
861	2473	1.247243
861	2416	1.224733
861	2752	1.137219
861	2471	1.112060
861	2735	1.087180
862	3328	1.338737
862	3893	1.313519
862	583	1.260954
862	3897	1.236981
862	3747	1.215317
862	3566	1.063533
862	3948	0.963670
862	3578	0.945728
862	3515	0.938959
862	3858	0.933329
863	1240	1.723251
863	1036	1.672042
863	2571	1.470696
863	2194	1.380628
863	1198	1.296398
863	1196	1.242562
863	2028	1.227693
863	2949	1.188618
863	1287	1.157459
863	1242	1.143294
864	731	1.064215
864	2749	0.963203
864	2467	0.733341
864	318	0.729308
864	350	0.704405
864	1589	0.696133
864	1539	0.668153
864	695	0.643543
864	3386	0.618939
864	527	0.612812
865	589	2.225297
865	457	2.161549
865	1200	1.870566
865	1036	1.610305
865	1210	1.501868
865	2916	1.445223
865	260	1.417928
865	1214	1.335733
865	3418	1.195301
865	858	1.145253
866	595	1.366987
866	783	1.293349
866	2089	1.228841
866	2355	1.137935
866	2294	1.107079
866	2096	1.064746
866	3753	1.027793
866	2018	0.973665
866	3751	0.971907
866	1688	0.950125
867	1035	0.641590
867	1022	0.629768
867	480	0.627847
867	1580	0.604797
867	364	0.590337
867	2571	0.553216
867	1965	0.545696
867	588	0.540369
867	594	0.532885
867	2081	0.501034
868	1347	1.506081
868	1991	1.325731
868	1345	1.032860
868	2148	1.022218
868	1128	1.010113
868	1407	0.995281
868	2513	0.984559
868	2868	0.940567
868	1983	0.938667
868	1130	0.937073
869	2051	1.101390
869	2088	0.976747
869	1855	0.805292
869	2031	0.801923
869	2473	0.788167
869	2794	0.781572
869	274	0.753550
869	2478	0.708421
869	2375	0.706277
869	2717	0.703639
870	2694	0.738189
870	2572	0.607315
870	344	0.591419
870	223	0.585655
870	2770	0.580794
870	2188	0.568440
870	3005	0.554443
870	2707	0.547708
870	2997	0.534228
870	1693	0.523033
871	2688	3.561469
871	1093	2.246690
871	2683	2.179866
871	785	2.078023
871	2805	1.940724
871	3113	1.926603
871	2676	1.921112
871	2541	1.886124
871	2433	1.855686
871	223	1.848425
872	3681	0.666760
872	2401	0.641561
872	2922	0.609144
872	3508	0.608896
872	1967	0.584791
872	858	0.579713
872	3074	0.574434
872	2951	0.561921
872	553	0.541948
872	3897	0.531872
873	1262	0.490470
873	1263	0.476240
873	3339	0.474640
873	3363	0.444210
873	2276	0.441526
873	1278	0.422981
873	1250	0.419821
873	919	0.418778
873	2871	0.408897
873	1931	0.408490
875	2028	1.058206
875	589	0.988147
875	1387	0.985296
875	1350	0.931271
875	1214	0.923413
875	1610	0.899495
875	1240	0.891978
875	110	0.790683
875	1200	0.763723
875	1198	0.750362
876	2916	2.703347
876	1580	2.304109
876	1676	2.168177
876	329	2.090672
876	480	1.675158
876	2985	1.568715
876	2393	1.403311
876	2094	1.355377
876	2571	1.326357
876	1917	1.319890
877	454	0.791340
877	2939	0.732635
877	2803	0.724119
877	1805	0.562415
877	2267	0.533605
877	2320	0.532416
877	3686	0.527858
877	3832	0.525450
877	132	0.522976
877	1999	0.517207
878	1527	2.336696
878	2916	1.946953
878	316	1.622195
878	1653	1.543296
878	780	1.470879
878	1584	1.448415
878	1356	1.421434
878	1372	1.373049
878	1396	1.300282
878	329	1.274249
879	2598	1.693768
879	3219	1.453873
879	1959	1.270404
879	2485	1.255515
879	2734	1.175630
879	2394	1.099852
879	785	1.091716
879	2490	1.034829
879	2688	1.033068
879	2906	1.031194
880	588	1.445540
880	783	1.177755
880	2687	1.083393
880	2294	1.031511
880	2189	1.003189
880	1907	1.001024
880	2987	0.907041
880	594	0.840386
880	317	0.824559
880	3489	0.815971
881	1278	1.487374
881	1136	1.382353
881	3671	1.236574
881	1080	1.211493
881	3361	1.172794
881	1079	1.057315
881	1259	1.023725
881	3421	0.978304
881	1304	0.964301
881	1292	0.946169
882	316	2.454595
882	329	2.082992
882	1917	1.975381
882	1876	1.921383
882	2393	1.828804
882	1320	1.787564
882	1580	1.779403
882	1372	1.737113
882	3697	1.700349
882	1356	1.567031
883	3481	1.790077
883	3555	1.770182
883	3753	1.617177
883	3717	1.466938
883	3863	1.309702
883	3793	1.295731
883	3751	1.281322
883	3408	1.199526
883	3510	1.170994
883	3798	1.167825
884	2548	2.029719
884	1975	1.570871
884	2606	1.537315
884	2514	1.514303
884	2389	1.464873
884	1979	1.464800
884	742	1.449628
884	891	1.379811
884	1977	1.373742
884	1980	1.366571
885	1527	1.709206
885	1375	1.573909
885	1917	1.551613
885	1876	1.454647
885	1603	1.337021
885	1391	1.334127
885	1909	1.305680
885	3697	1.270708
885	1573	1.256772
885	2528	1.249332
886	3948	1.420273
886	3481	1.348356
886	3747	1.257579
886	3855	1.173572
886	3794	1.147525
886	3949	1.129864
886	3852	1.117726
886	3831	1.025383
886	3863	1.000527
886	3568	0.915128
887	350	0.879802
887	1343	0.778051
887	1569	0.678202
887	3256	0.672132
887	597	0.661029
887	1777	0.618553
887	2058	0.607412
887	377	0.591121
887	1092	0.587233
887	1370	0.574176
888	1580	1.098897
888	1370	1.095544
888	733	1.022372
888	380	0.974746
888	2006	0.927672
888	2571	0.864036
888	1610	0.848439
888	2058	0.839066
888	2353	0.819397
888	457	0.775158
889	1342	2.246680
889	2548	1.894231
889	1756	1.585938
889	1992	1.580263
889	2793	1.517915
889	3709	1.432509
889	2004	1.420601
889	1324	1.402061
889	1973	1.401314
889	407	1.394288
890	2683	0.837903
890	1551	0.647675
890	2694	0.590236
890	2770	0.560547
890	2355	0.556480
890	3005	0.548479
890	339	0.548156
890	223	0.546571
890	1911	0.525387
890	1485	0.523436
891	695	1.159996
891	1892	0.992023
891	1422	0.762493
891	1408	0.712402
891	3069	0.635048
891	1552	0.615872
891	2026	0.607385
891	1589	0.601629
891	318	0.580380
891	1242	0.552922
892	1200	2.123402
892	1210	1.674413
892	2571	1.482676
892	1206	1.438216
892	541	1.311682
892	3703	1.300971
892	32	1.231890
892	2529	1.196788
892	3699	1.145633
892	1374	1.100546
893	3897	1.978559
893	3911	1.927719
893	3755	1.632952
893	3861	1.531514
893	3717	1.496699
893	3481	1.434096
893	3896	1.390425
893	3826	1.362337
893	3646	1.291079
893	3555	1.220093
894	1240	1.128211
894	1036	1.013893
894	260	1.005780
894	1291	0.997673
894	1242	0.950325
894	1210	0.885128
894	1200	0.733840
894	1270	0.718562
894	1307	0.693710
894	1394	0.689787
895	2321	1.229441
895	3114	1.213681
895	1923	1.123696
895	2324	1.077804
895	2396	1.068588
895	1223	0.888550
895	3108	0.881090
895	745	0.871040
895	39	0.824658
895	1188	0.798098
896	2598	1.369921
896	2840	1.366389
896	2491	1.322040
896	2841	1.312115
896	3081	1.287649
896	3623	1.222392
896	2395	1.126459
896	2485	1.125379
896	2906	1.049823
896	2702	0.997476
897	1242	0.654507
897	3578	0.567216
897	1200	0.521080
897	2599	0.505954
897	1954	0.487795
897	3821	0.471026
897	3863	0.469201
897	3624	0.451784
897	1960	0.444753
897	3702	0.443048
899	1120	0.899013
899	1271	0.888378
899	150	0.781142
899	1660	0.680767
899	3105	0.678965
899	2291	0.678479
899	3246	0.650653
899	1682	0.640706
899	1357	0.585951
899	457	0.579695
901	3481	1.808195
901	3555	1.342006
901	3753	1.181443
901	2291	1.076229
901	3408	1.062744
901	1673	0.958490
901	3751	0.957919
901	2455	0.928399
901	3793	0.912338
901	3952	0.879822
903	2712	2.316214
903	2336	2.181530
903	2723	1.988191
903	2333	1.973401
903	2598	1.925845
903	3623	1.827578
903	2580	1.763965
903	2770	1.753096
903	1911	1.740620
903	2805	1.706083
904	454	1.187032
904	47	1.098123
904	2353	1.048310
904	600	1.044358
904	1459	1.018081
904	3386	0.949967
904	695	0.923619
904	280	0.838097
904	1589	0.748015
904	6	0.733011
905	36	1.406984
905	296	1.203845
905	150	1.076005
905	608	1.071366
905	527	1.004298
905	593	0.941941
905	1423	0.924991
905	1213	0.809952
905	2028	0.764439
905	25	0.703987
908	1350	1.332991
908	318	1.172066
908	1258	1.095207
908	1089	1.055769
908	1982	1.037350
908	296	1.034734
908	2858	1.024799
908	1997	1.015239
908	1213	0.974561
908	527	0.873653
909	2160	2.100696
909	2455	1.599657
909	589	1.487847
909	3927	1.257429
909	3917	1.249819
909	524	1.228835
909	3555	1.191039
909	144	1.162461
909	1249	1.110300
909	2657	1.066990
910	1247	0.788237
910	1035	0.733506
910	3468	0.718623
910	3467	0.661154
910	1207	0.650421
910	1674	0.602382
910	2951	0.582059
910	2132	0.571805
910	2947	0.570477
910	2863	0.555160
911	2922	0.999420
911	2921	0.917383
911	3508	0.903861
911	3074	0.834780
911	3494	0.822158
911	339	0.756475
911	587	0.702383
911	1777	0.698558
911	1378	0.662529
911	1569	0.638442
912	2858	1.028647
912	908	0.666346
912	2716	0.623493
912	2959	0.621092
912	318	0.613815
912	3751	0.602212
912	1213	0.598831
912	2712	0.597371
912	2336	0.593911
912	2395	0.537533
913	2393	0.928054
913	1372	0.902400
913	1375	0.860501
913	1356	0.686099
913	3444	0.644848
913	316	0.629260
913	1580	0.579331
913	2641	0.567290
913	2815	0.558998
913	2642	0.552018
914	1212	1.417173
914	2206	1.266733
914	913	1.039861
914	1284	1.003705
914	908	0.978962
914	1964	0.916562
914	2467	0.903737
914	1617	0.898083
914	942	0.887027
914	1248	0.867411
915	1552	1.717058
915	165	1.523410
915	736	1.408444
915	1792	1.277073
915	316	1.194749
915	786	1.158826
915	1527	1.156652
915	1370	1.098138
915	1676	1.092043
915	329	1.079960
916	3361	1.676718
916	2915	1.429177
916	1394	1.350549
916	1968	1.338306
916	1270	1.280139
916	1036	1.238353
916	1197	1.135339
916	1222	1.086942
916	2174	1.079221
916	3039	1.072772
918	597	1.344152
918	2354	1.115607
918	1569	1.115495
918	1777	1.092667
918	587	1.009417
918	7	0.984735
918	2671	0.947952
918	236	0.887812
918	1614	0.856523
918	252	0.823023
919	2794	1.374562
919	2378	1.267132
919	3465	1.249990
919	2134	1.184826
919	2786	1.153676
919	2286	1.056739
919	2372	1.036486
919	2416	1.012261
919	3087	1.010403
919	3385	1.008580
920	1580	1.554461
920	1370	1.361676
920	1527	1.344604
920	1573	1.244864
920	3256	1.029564
920	316	1.003997
920	1372	0.993332
920	480	0.990519
920	1552	0.967091
920	329	0.931903
921	2407	1.544462
921	3087	1.422035
921	2003	1.229850
921	3591	0.972550
921	2985	0.857889
921	2640	0.838072
921	2134	0.826374
921	2455	0.819485
921	2423	0.810271
921	2518	0.797924
922	2683	0.729146
922	260	0.706772
922	2694	0.692202
922	1198	0.679933
922	223	0.641220
922	2710	0.630537
922	2858	0.625833
922	2762	0.620777
922	1196	0.607302
922	2997	0.550975
923	1923	1.449628
923	441	1.064434
923	357	0.971211
923	1883	0.913166
923	1500	0.874994
923	2108	0.845257
923	1777	0.833622
923	1265	0.806884
923	3060	0.796148
923	2302	0.735496
924	1296	0.917449
924	914	0.891980
924	1094	0.884110
924	898	0.831902
924	899	0.821457
924	969	0.820547
924	2020	0.818084
924	17	0.779818
924	936	0.732110
924	3097	0.729506
925	1035	1.306461
925	2080	1.068328
925	899	0.888801
925	2565	0.862544
925	900	0.822232
925	17	0.814299
925	1951	0.751156
925	1380	0.723249
925	1247	0.720414
925	480	0.707738
926	2598	2.123727
926	2840	1.888878
926	2485	1.783549
926	2841	1.735474
926	2396	1.695187
926	2491	1.693774
926	2395	1.647172
926	24	1.548302
926	2013	1.540305
926	2490	1.508170
927	356	0.809566
927	1393	0.780078
927	2671	0.673864
927	1721	0.599427
927	539	0.583895
927	1183	0.576570
927	6	0.542244
927	380	0.542020
927	39	0.535548
927	2396	0.532584
928	3361	0.757653
928	2352	0.733870
928	1307	0.631562
928	2926	0.603222
928	3510	0.487206
928	2065	0.447560
928	3039	0.441399
928	21	0.435886
928	3623	0.429595
928	3481	0.426921
929	2683	0.729696
929	2816	0.644870
929	2694	0.595217
929	1665	0.586439
929	867	0.580381
929	466	0.573058
929	3767	0.528180
929	104	0.523927
929	2572	0.500068
929	2897	0.495496
930	1580	0.802482
930	1610	0.699782
930	6	0.668815
930	3256	0.632451
930	592	0.593260
930	457	0.591887
930	1374	0.586067
930	2353	0.572970
930	1573	0.566090
930	1912	0.564962
931	2215	1.645788
931	974	1.262788
931	898	1.223477
931	1094	1.097494
931	912	1.042923
931	902	1.038412
931	945	0.979533
931	1244	0.865020
931	899	0.835006
931	2067	0.813776
933	3114	0.748785
933	1704	0.720575
933	588	0.698413
933	357	0.671683
933	1265	0.643761
933	1682	0.642070
933	1610	0.623503
933	1408	0.617580
933	151	0.606131
933	2028	0.605706
934	2866	0.672811
934	207	0.521223
934	3359	0.500502
934	2109	0.474850
934	3152	0.473884
934	3093	0.464907
934	3198	0.449211
934	3420	0.416540
934	539	0.414554
934	1177	0.413486
935	3733	1.080786
935	2239	0.997874
935	1419	0.945195
935	1263	0.905498
935	3551	0.886410
935	3230	0.864778
935	2923	0.811284
935	2819	0.690297
935	2779	0.686160
935	2520	0.671771
936	608	1.086074
936	527	1.045420
936	3623	1.044145
936	2762	1.030416
936	1265	0.998047
936	2028	0.995182
936	1358	0.977291
936	296	0.945518
936	3717	0.904533
936	3578	0.878752
937	1323	0.721688
937	1979	0.686252
937	1977	0.591393
937	1756	0.585955
937	1947	0.581375
937	1978	0.550421
937	2565	0.547180
937	1975	0.529251
937	2174	0.524508
937	3843	0.517193
938	745	1.119230
938	3114	1.074025
938	2997	1.011549
938	1079	0.832341
938	1265	0.828865
938	1307	0.785317
938	2918	0.743563
938	1394	0.739699
938	1136	0.718970
938	2355	0.688920
939	1079	1.361137
939	3361	1.155552
939	1240	1.135260
939	1222	1.088768
939	1270	1.021407
939	1259	0.991466
939	1197	0.960476
939	1214	0.925037
939	1196	0.857971
939	2194	0.838833
940	2688	2.774241
940	2694	2.631686
940	1911	2.494590
940	1093	2.334244
940	223	2.317277
940	2433	2.112982
940	2716	2.101027
940	2706	1.930839
940	2959	1.849854
940	2336	1.830845
943	58	0.540320
943	475	0.520147
943	3252	0.518767
943	2419	0.512598
943	1633	0.512471
943	2734	0.503957
943	62	0.495261
943	261	0.472062
943	832	0.471982
943	2598	0.452189
944	2734	2.587151
944	2502	2.456667
944	3219	2.437747
944	1513	2.155381
944	2688	2.033875
944	2490	2.006442
944	2581	1.908476
944	2686	1.877541
944	3174	1.840842
944	2712	1.763168
945	2770	1.430956
945	2707	1.425236
945	2699	1.311227
945	2433	1.307327
945	2188	1.299180
945	2572	1.278156
945	2355	1.223761
945	223	1.161011
945	1911	1.142373
945	2858	1.005738
946	1673	1.333787
946	2948	1.235286
946	3917	0.984514
946	551	0.951683
946	589	0.948681
946	2454	0.941523
946	1965	0.923775
946	1171	0.899239
946	1580	0.897080
946	524	0.887351
948	1372	1.030975
948	2105	0.988489
948	2393	0.976722
948	3698	0.963247
948	329	0.940563
948	2050	0.877208
948	1356	0.826108
948	2528	0.823553
948	3704	0.698316
948	2311	0.680638
949	1867	1.145444
949	1606	1.137931
949	1382	1.043756
949	694	1.019482
949	1432	0.996046
949	1882	0.889013
949	1562	0.865729
949	71	0.862750
949	420	0.856900
949	849	0.692071
950	1544	2.596255
950	1831	2.275173
950	316	2.114921
950	780	2.069022
950	435	1.998522
950	329	1.932348
950	2808	1.754110
950	880	1.753791
950	1591	1.656249
950	442	1.589401
952	36	1.054648
952	1704	0.943247
952	296	0.779371
952	3100	0.704680
952	593	0.682203
952	318	0.675717
952	58	0.617940
952	608	0.535691
952	293	0.534064
952	306	0.528008
953	2922	0.983909
953	3508	0.950428
953	2401	0.902864
953	1266	0.889472
953	416	0.851918
953	1007	0.790374
953	1378	0.787084
953	2921	0.733854
953	2951	0.720395
953	3494	0.701777
954	2455	0.547579
954	2333	0.534316
954	1376	0.467626
954	474	0.450939
954	2336	0.439647
954	2916	0.417254
954	110	0.417204
954	2692	0.413889
954	2599	0.408617
954	2686	0.403330
955	454	0.964913
955	1892	0.752454
955	3551	0.697862
955	1625	0.696658
955	16	0.673678
955	1573	0.635938
955	280	0.599684
955	230	0.568360
955	2803	0.559537
955	2916	0.531232
956	595	2.513303
956	2565	2.481800
956	588	2.181759
956	1028	2.163299
956	2087	2.027840
956	918	1.900971
956	2078	1.894130
956	2018	1.803280
956	1032	1.675847
956	596	1.664720
957	3114	0.721256
957	1089	0.630399
957	1265	0.624827
957	1148	0.599615
957	1	0.581552
957	555	0.574477
957	1231	0.548885
957	1036	0.530482
957	2804	0.502379
957	745	0.502022
958	556	1.487141
958	206	1.455703
958	162	1.263632
958	363	1.126669
958	1123	1.007905
958	549	0.957687
958	1649	0.861226
958	246	0.849772
958	2632	0.738937
958	3281	0.724132
959	2058	1.247613
959	1370	1.175798
959	733	1.156678
959	3256	1.145377
959	457	0.949472
959	1610	0.929215
959	165	0.919529
959	1527	0.886964
959	280	0.863568
959	377	0.837267
960	597	0.836774
960	1573	0.818863
960	587	0.782174
960	539	0.764859
960	1370	0.758109
960	1722	0.745700
960	2763	0.717380
960	1477	0.676807
960	2628	0.672966
960	1777	0.644082
961	3578	1.826014
961	3624	1.765643
961	3510	1.676816
961	3555	1.526783
961	3744	1.522345
961	3755	1.429204
961	2683	1.295609
961	2694	1.240386
961	3793	1.183356
961	3827	1.101896
962	593	1.788775
962	50	1.366839
962	318	1.281177
962	296	1.253742
962	2028	1.244862
962	1089	1.210559
962	1213	1.091115
962	527	0.981528
962	2997	0.964381
962	1610	0.947316
963	1962	0.787265
963	2501	0.701468
963	150	0.693759
963	2000	0.662023
963	1302	0.647566
963	1246	0.566906
963	1704	0.556964
963	1186	0.540982
963	1729	0.537399
963	3098	0.508432
964	1883	1.361082
964	440	1.211046
964	1923	1.210861
964	3253	1.173107
964	39	1.147429
964	471	1.138387
964	2671	1.131507
964	3255	1.026860
964	2302	1.025914
964	1569	1.010678
965	318	1.774751
965	527	1.593976
965	912	1.494017
965	296	1.438342
965	1213	1.389218
965	1207	1.383304
965	923	1.242766
965	1198	1.207540
965	908	1.111613
965	1267	1.107451
966	1534	0.752277
966	715	0.554603
966	1423	0.545005
966	1885	0.486400
966	3158	0.482008
966	306	0.429730
966	309	0.426477
966	2357	0.425924
966	2602	0.419314
966	347	0.398566
967	339	2.105190
967	539	1.754629
967	500	1.607844
967	587	1.206126
967	708	1.035756
967	7	1.025494
967	852	1.018135
967	1042	0.947431
967	141	0.900636
967	1409	0.895653
968	2599	1.061671
968	34	0.993236
968	2324	0.958957
968	1	0.948835
968	357	0.931626
968	3114	0.868810
968	1641	0.863899
968	2700	0.859930
968	1223	0.843038
968	1883	0.768865
970	640	2.016488
970	463	1.807183
970	1427	1.668379
970	1798	1.488904
970	540	1.410260
970	291	1.314108
970	782	1.294492
970	2446	1.122708
970	217	1.112649
970	2338	1.082853
971	733	1.475109
971	1376	1.141948
971	2916	1.056887
971	2006	0.983763
971	1356	0.968277
971	1374	0.889505
971	480	0.863415
971	1370	0.827264
971	3699	0.759254
971	2991	0.712789
972	1673	1.950964
972	2291	1.924484
972	2160	1.673641
972	1171	1.601178
972	480	1.478078
972	2455	1.227346
972	110	1.076823
972	3555	1.060981
972	524	1.058655
972	3753	0.946397
973	1198	0.992100
973	1204	0.828223
973	1291	0.771858
973	1214	0.769848
973	339	0.746475
973	1303	0.746101
973	1931	0.743282
973	539	0.742271
973	597	0.688258
973	1254	0.621333
974	745	0.913611
974	570	0.864485
974	1265	0.786005
974	1	0.724349
974	3114	0.700222
974	1610	0.684186
974	1036	0.662292
974	457	0.640528
974	2194	0.636559
974	1394	0.629930
975	2688	1.452107
975	2770	1.309502
975	2881	1.166129
975	2922	1.155358
975	3203	1.134658
975	2333	1.112691
975	2605	1.108366
975	2401	1.093403
975	1093	1.090257
975	2433	1.089174
976	2716	2.674245
976	2723	2.567897
976	24	2.241899
976	2906	2.181463
976	2502	2.020508
976	3174	2.017286
976	1911	1.956102
976	2881	1.924602
976	2676	1.882765
976	3623	1.856817
977	1345	1.449747
977	1717	1.449008
977	253	1.231689
977	3499	1.227183
977	2710	1.042046
977	3918	1.002379
977	1342	1.000255
977	1974	0.977219
977	188	0.960298
977	2867	0.950553
978	2599	1.951926
978	2541	1.443450
978	2716	1.442451
978	2770	1.402654
978	2336	1.343124
978	2605	1.249270
978	3174	1.198427
978	785	1.165158
978	2694	1.148491
978	2333	1.137984
979	318	0.898212
979	1204	0.856032
979	2028	0.813257
979	1250	0.770527
979	1221	0.717734
979	1196	0.688185
979	912	0.673214
979	593	0.622812
979	1193	0.606265
979	349	0.588654
980	349	1.297884
980	1210	1.220559
980	1370	1.173497
980	1356	1.172354
980	733	1.166409
980	1527	1.141513
980	3256	1.136738
980	1291	1.132154
980	2991	1.113916
980	1573	1.104014
981	329	1.248729
981	1372	1.153245
981	1356	1.128265
981	2393	1.013668
981	780	0.988654
981	1527	0.968790
981	316	0.952883
981	2916	0.893903
981	2021	0.893418
981	1748	0.820632
982	17	1.137788
982	902	1.046679
982	357	0.936873
982	1307	0.864628
982	1265	0.773097
982	356	0.744126
982	914	0.737808
982	265	0.693669
982	915	0.681335
982	2919	0.658743
983	1371	1.417058
983	2105	1.274027
983	2193	1.197094
983	2421	0.903335
983	2161	0.854807
983	2021	0.783818
983	2468	0.771327
983	674	0.740541
983	2786	0.736104
983	2470	0.730699
984	780	0.909414
984	329	0.806472
984	1372	0.766943
984	1527	0.694580
984	2985	0.693170
984	1917	0.667307
984	1356	0.665348
984	1240	0.661094
984	1676	0.645496
984	2393	0.645181
985	1892	1.218874
985	3044	1.026773
985	350	0.980093
985	1459	0.932789
985	695	0.927167
985	1347	0.861585
985	1422	0.789500
985	2749	0.748537
985	731	0.704149
985	800	0.703128
987	608	0.607615
987	296	0.551223
987	1213	0.507047
987	162	0.505889
987	1827	0.499994
987	527	0.469157
987	318	0.464109
987	912	0.460597
987	1678	0.382618
987	3677	0.379811
988	318	2.312808
988	1213	1.922459
988	527	1.715972
988	50	1.699024
988	1193	1.398013
988	1617	1.372428
988	1196	1.330060
988	1198	1.289797
988	589	1.248457
988	1240	1.110556
989	2565	1.649609
989	922	1.587317
989	1248	1.499902
989	1284	1.405820
989	1267	1.362158
989	3549	1.339599
989	2186	1.235961
989	918	1.196882
989	1069	1.188354
989	1617	1.096836
990	2706	1.545745
990	2770	1.492103
990	3005	1.354016
990	223	1.325752
990	1911	1.090681
990	2881	1.076664
990	2355	1.073810
990	2605	1.037329
990	2997	0.976338
990	2771	0.935281
991	2020	0.907021
991	2243	0.885036
991	17	0.880634
991	915	0.866465
991	1035	0.773418
991	2081	0.757228
991	3475	0.743384
991	2565	0.743315
991	497	0.729688
991	900	0.726893
992	3510	0.827706
992	3555	0.806626
992	3753	0.735677
992	3534	0.719415
992	3484	0.677256
992	3513	0.676358
992	3624	0.617719
992	3512	0.614997
992	3536	0.606301
992	3300	0.597350
993	318	1.213639
993	608	1.165702
993	593	1.128193
993	2028	1.104359
993	260	1.045704
993	1213	1.011371
993	296	1.003727
993	1198	0.865216
993	1617	0.839779
993	1193	0.763604
994	1214	1.990418
994	858	1.982644
994	1200	1.810069
994	2028	1.752239
994	1036	1.720433
994	2571	1.597093
994	1197	1.439488
994	1210	1.341248
994	2947	1.246407
994	1233	1.107969
995	440	1.281374
995	597	1.238404
995	339	1.218461
995	708	1.105271
995	1777	1.076144
995	2424	1.063852
995	1569	0.931730
995	1393	0.925927
995	356	0.917355
995	2108	0.759232
996	150	0.708231
996	58	0.608625
996	265	0.520731
996	1393	0.518122
996	1704	0.511357
996	1183	0.488510
996	3246	0.484583
996	2890	0.470262
996	36	0.432779
996	1664	0.429115
997	1704	1.523503
997	608	1.224817
997	2762	1.179701
997	527	1.152671
997	296	1.131755
997	110	1.103605
997	260	1.080747
997	457	0.944229
997	2396	0.940869
997	1198	0.934733
998	357	0.653449
998	588	0.553790
998	988	0.525979
998	440	0.524952
998	1393	0.468771
998	2573	0.466065
998	3118	0.446502
998	1357	0.443873
998	39	0.439744
998	589	0.434073
999	148	0.929769
999	3528	0.762431
999	2734	0.706662
999	1836	0.687422
999	2805	0.682189
999	46	0.668251
999	2598	0.653689
999	697	0.623337
999	2906	0.617861
999	3219	0.601438
1000	364	2.680391
1000	2096	2.340133
1000	1022	2.259251
1000	1907	2.022054
1000	1029	2.017215
1000	2087	1.815006
1000	2078	1.790806
1000	2085	1.545407
1000	783	1.329558
1000	1032	1.317038
1001	1597	0.720097
1001	1370	0.555053
1001	501	0.547961
1001	1316	0.518476
1001	10	0.506674
1001	376	0.499495
1001	2058	0.498374
1001	605	0.484653
1001	2353	0.480585
1001	2273	0.465713
1002	1682	0.771823
1002	1704	0.754134
1002	778	0.663193
1002	62	0.649254
1002	3246	0.572825
1002	1784	0.521407
1002	3100	0.513455
1002	2501	0.508884
1002	36	0.508401
1002	3105	0.486828
1004	2350	1.649691
1004	1689	0.792375
1004	3243	0.781262
1004	418	0.737053
1004	2255	0.730666
1004	3258	0.680947
1004	2379	0.673733
1004	3385	0.664260
1004	830	0.655086
1004	1091	0.654434
1005	457	1.416405
1005	2947	1.399804
1005	1291	1.356867
1005	2000	1.297663
1005	1036	1.203454
1005	2571	1.089924
1005	589	1.086565
1005	592	1.007689
1005	1200	1.004020
1005	3304	0.984883
1006	1552	0.762246
1006	1544	0.687169
1006	3354	0.643009
1006	3623	0.611032
1006	292	0.606485
1006	3826	0.606395
1006	1479	0.560300
1006	1603	0.533840
1006	1779	0.532516
1006	3717	0.532446
1007	1278	1.208941
1007	1079	1.161560
1007	3361	1.099909
1007	1080	1.086730
1007	2918	1.077683
1007	3210	0.947204
1007	1394	0.942530
1007	3039	0.901962
1007	1294	0.877122
1007	2915	0.779288
1008	1079	1.665933
1008	1278	1.327295
1008	2396	1.109617
1008	1288	1.083604
1008	2987	0.996148
1008	3504	0.996144
1008	2840	0.982016
1008	3114	0.975321
1008	2973	0.969108
1008	3081	0.968129
1009	2444	1.158648
1009	3535	0.918081
1009	3317	0.828401
1009	3510	0.787276
1009	3512	0.782137
1009	1739	0.754553
1009	3755	0.703802
1009	3301	0.675917
1009	3717	0.673171
1009	3624	0.633635
1010	2694	1.635239
1010	3578	1.457508
1010	2605	1.436337
1010	223	1.349169
1010	2683	1.308321
1010	2881	1.297912
1010	3005	1.227222
1010	1911	1.168893
1010	2706	1.093768
1010	785	1.085372
1011	1967	1.118443
1011	1097	1.076210
1011	2100	1.053640
1011	2193	1.040573
1011	2161	0.978504
1011	2140	0.913722
1011	1221	0.905678
1011	367	0.858699
1011	2005	0.776918
1011	2858	0.754433
1012	2257	0.653338
1012	1286	0.646762
1012	2470	0.582627
1012	3584	0.563620
1012	3524	0.558288
1012	2134	0.536618
1012	2100	0.523333
1012	2245	0.518577
1012	2471	0.509834
1012	1772	0.505938
1013	2918	1.129200
1013	2100	1.039974
1013	2915	1.021144
1013	3039	0.950582
1013	3552	0.926842
1013	3210	0.835785
1013	1079	0.832951
1013	2352	0.814944
1013	3361	0.793614
1013	2791	0.711501
1014	260	1.864178
1014	1291	1.580027
1014	2571	1.333678
1014	1240	1.313407
1014	1221	1.216706
1014	1214	1.206219
1014	1210	1.160749
1014	1036	1.106242
1014	1387	1.053762
1014	589	1.022255
1015	3318	0.763962
1015	2148	0.516355
1015	3943	0.491680
1015	3563	0.484836
1015	1971	0.477093
1015	1996	0.456741
1015	3852	0.447213
1015	2441	0.446522
1015	1969	0.444280
1015	3242	0.443603
1016	339	0.687351
1016	236	0.686117
1016	539	0.648468
1016	970	0.595389
1016	2424	0.594312
1016	1353	0.590762
1016	287	0.581420
1016	780	0.569345
1016	2497	0.556344
1016	1894	0.550032
1017	3664	3.419909
1017	3021	3.160724
1017	1326	3.057706
1017	3663	3.037676
1017	2462	2.998829
1017	1984	2.684005
1017	2655	2.652164
1017	1329	2.576088
1017	3572	2.513199
1017	2113	2.433801
1018	1079	1.829931
1018	3210	1.538494
1018	2174	1.441669
1018	3039	1.357077
1018	1394	1.306475
1018	1197	1.253316
1018	2352	1.203383
1018	3552	1.149177
1018	1663	1.127937
1018	1220	1.022125
1019	2552	0.611132
1019	275	0.576697
1019	3031	0.529256
1019	597	0.505625
1019	2231	0.458149
1019	3562	0.443811
1019	3321	0.442326
1019	2302	0.438246
1019	452	0.434906
1019	1777	0.428536
1020	2694	1.283734
1020	3005	1.093017
1020	2572	1.032508
1020	2699	0.925683
1020	2433	0.845537
1020	2770	0.829108
1020	2188	0.828433
1020	2710	0.795932
1020	1406	0.763792
1020	2997	0.758966
1021	2401	1.563375
1021	3681	1.522870
1021	3508	1.381543
1021	3074	1.276565
1021	912	1.272466
1021	2921	1.221506
1021	599	1.219261
1021	1248	1.189289
1021	3435	1.167225
1021	904	1.162070
1022	472	0.618463
1022	1729	0.566162
1022	3481	0.528547
1022	2112	0.518139
1022	148	0.507093
1022	1728	0.494721
1022	3510	0.476738
1022	3753	0.467045
1022	1410	0.456592
1022	1466	0.438310
1023	3845	0.865375
1023	480	0.808494
1023	1171	0.806332
1023	1673	0.779058
1023	551	0.769495
1023	2291	0.748879
1023	2948	0.660163
1023	1196	0.656769
1023	3917	0.655516
1023	1511	0.640547
1024	17	1.449252
1024	902	1.394419
1024	1674	1.337628
1024	1296	0.991061
1024	2067	0.923621
1024	916	0.919253
1024	899	0.829492
1024	3097	0.729816
1024	3475	0.727925
1024	1230	0.691574
1025	3005	2.270728
1025	1093	2.242891
1025	2355	2.017963
1025	2433	1.945508
1025	2881	1.885835
1025	2688	1.863569
1025	2707	1.709446
1025	2699	1.603128
1025	2599	1.549415
1025	2336	1.544296
1026	3435	2.005632
1026	1248	1.639570
1026	1260	1.546739
1026	1152	1.460510
1026	2186	1.454159
1026	913	1.421853
1026	2203	1.172787
1026	3334	1.060057
1026	3683	1.030109
1026	1153	1.025024
1027	608	1.842748
1027	858	1.629019
1027	2028	1.512319
1027	1193	1.506706
1027	50	1.308108
1027	1225	1.190308
1027	2858	1.116485
1027	923	0.974949
1027	110	0.931388
1027	1617	0.909201
1028	318	1.428125
1028	1213	1.375197
1028	527	1.234751
1028	1225	1.071655
1028	1247	1.070347
1028	111	1.033113
1028	50	0.978894
1028	1207	0.782012
1028	2858	0.770535
1028	1358	0.743471
1029	2814	1.278951
1029	2378	1.126441
1029	3591	0.823164
1029	2644	0.804875
1029	3087	0.760343
1029	2785	0.758509
1029	3013	0.739621
1029	2654	0.730229
1029	1337	0.706183
1029	2634	0.695498
1030	849	1.686467
1030	173	1.407644
1030	1037	1.377969
1030	546	1.332371
1030	1499	1.309356
1030	485	1.263557
1030	1779	1.261828
1030	315	1.191334
1030	435	1.136305
1030	327	1.129853
1031	3471	1.860733
1031	1214	1.629156
1031	1240	1.526155
1031	1196	1.490829
1031	1199	1.445532
1031	2571	1.306550
1031	260	1.104945
1031	2529	1.077832
1031	2010	1.048736
1031	1210	1.019929
1032	178	0.838629
1032	2916	0.803965
1032	1356	0.720258
1032	1857	0.670903
1032	480	0.661383
1032	316	0.658417
1032	1573	0.619493
1032	780	0.618714
1032	653	0.569198
1032	1837	0.524599
1033	3062	0.991149
1033	3406	0.959773
1033	1222	0.871100
1033	3154	0.771173
1033	1200	0.758421
1033	1960	0.739489
1033	2890	0.702444
1033	3137	0.702262
1033	3143	0.697461
1033	897	0.688031
1034	2096	1.872779
1034	364	1.687625
1034	594	1.445909
1034	588	1.405067
1034	2089	1.391809
1034	783	1.378609
1034	595	1.374555
1034	1029	1.349135
1034	596	1.297340
1034	2018	1.236371
1035	3555	0.790583
1035	3623	0.743858
1035	3409	0.634286
1035	3300	0.566675
1035	3624	0.554074
1035	3755	0.547093
1035	3354	0.528294
1035	1729	0.518334
1035	3717	0.503026
1035	3408	0.498551
1036	318	1.320344
1036	593	1.142081
1036	608	1.118804
1036	1617	1.030959
1036	527	1.018846
1036	1208	0.992353
1036	1278	0.985590
1036	1	0.860571
1036	928	0.831608
1036	1207	0.827813
1037	3948	1.868027
1037	3624	1.594496
1037	3556	1.519423
1037	3555	1.485365
1037	3863	1.443327
1037	3717	1.429029
1037	3793	1.420237
1037	3566	1.383870
1037	3952	1.370435
1037	3623	1.345085
1038	357	0.539245
1038	1183	0.497590
1038	17	0.432080
1038	2988	0.428178
1038	1784	0.395657
1038	1265	0.388848
1038	971	0.376931
1038	1365	0.371937
1038	440	0.364523
1038	2125	0.356919
1040	924	1.153333
1040	1267	1.128192
1040	1952	1.058592
1040	912	1.030222
1040	923	0.993379
1040	1104	0.845917
1040	1252	0.827732
1040	1212	0.811359
1040	1193	0.806504
1040	1248	0.802715
1041	1293	0.702755
1041	1231	0.661326
1041	2869	0.587323
1041	3094	0.558260
1041	1235	0.554527
1041	1230	0.514113
1041	2859	0.503461
1041	898	0.494473
1041	2935	0.478530
1041	1185	0.477319
1042	2143	2.239203
1042	2161	2.129528
1042	2005	2.011920
1042	1073	1.626988
1042	2140	1.498363
1042	653	1.484602
1042	3489	1.457590
1042	2174	1.337090
1042	367	1.273928
1042	317	1.240341
1043	1089	1.165505
1043	593	1.147499
1043	318	1.118672
1043	1617	1.067231
1043	551	0.950129
1043	110	0.947087
1043	1249	0.946322
1043	3481	0.913065
1043	524	0.902944
1043	480	0.895909
1044	2470	0.893420
1044	2407	0.733990
1044	592	0.721094
1044	2150	0.656753
1044	3087	0.627158
1044	1376	0.621387
1044	2134	0.614997
1044	1135	0.597946
1044	3527	0.597670
1044	2100	0.591019
1045	1265	1.243145
1045	2359	0.897933
1045	1923	0.810411
1045	1188	0.771393
1045	2997	0.767115
1045	2108	0.708939
1045	1148	0.693397
1045	3108	0.664209
1045	1784	0.653069
1045	11	0.649581
1047	1372	2.133079
1047	1375	1.986414
1047	1320	1.971593
1047	780	1.930700
1047	1391	1.655790
1047	1779	1.635978
1047	1544	1.608895
1047	1037	1.473384
1047	748	1.457847
1047	1603	1.443328
1048	593	1.952298
1048	2858	1.559975
1048	1704	1.436839
1048	50	1.427453
1048	1617	1.318286
1048	34	1.283406
1048	1089	1.128996
1048	1358	1.103861
1048	2762	1.044320
1048	2324	0.961836
1049	316	2.321887
1049	1573	2.140671
1049	780	1.922965
1049	1396	1.893375
1049	329	1.893166
1049	2628	1.838495
1049	480	1.831498
1049	32	1.568043
1049	2985	1.448526
1049	3527	1.267217
1050	3717	2.590114
1050	3793	2.107376
1050	3484	2.041603
1050	3354	1.692309
1050	3513	1.642938
1050	3534	1.581172
1050	3751	1.575465
1050	3617	1.503964
1050	3452	1.469662
1050	3861	1.407799
1051	3623	0.767472
1051	3785	0.610642
1051	3617	0.603173
1051	3744	0.602404
1051	3273	0.602289
1051	3827	0.570129
1051	3161	0.560337
1051	3301	0.553381
1051	3826	0.551739
1051	3578	0.537601
1052	912	1.202060
1052	527	1.078484
1052	898	1.023582
1052	920	1.022088
1052	318	0.983459
1052	1207	0.915706
1052	1213	0.853220
1052	919	0.802323
1052	1945	0.801493
1052	908	0.787123
1053	2991	1.061020
1053	1573	1.056559
1053	1370	1.040220
1053	1101	0.992622
1053	380	0.916935
1053	733	0.867722
1053	10	0.856620
1053	3256	0.854307
1053	1356	0.818865
1053	2006	0.785606
1054	1731	1.535975
1054	1489	1.468686
1054	2036	1.370414
1054	2798	1.312781
1054	2142	1.259522
1054	1588	1.255756
1054	460	1.172168
1054	3248	1.129451
1054	274	1.118688
1054	310	1.091979
1055	1	1.127689
1055	2396	0.994851
1055	1394	0.968848
1055	1230	0.920635
1055	745	0.919730
1055	955	0.895042
1055	947	0.843552
1055	2208	0.732204
1055	1223	0.725030
1055	1136	0.718971
1056	1979	3.434946
1056	1980	3.196596
1056	1986	2.523761
1056	1984	2.459356
1056	1976	2.405725
1056	1993	2.338986
1056	1971	2.334859
1056	2279	2.127951
1056	891	2.053084
1056	1985	2.013491
1057	1907	2.025887
1057	2294	1.914539
1057	596	1.770347
1057	2096	1.686108
1057	588	1.564855
1057	2018	1.542124
1057	2089	1.511861
1057	661	1.445684
1057	1022	1.431039
1057	595	1.369022
1058	3317	0.631859
1058	1208	0.621147
1058	3827	0.590538
1058	527	0.570945
1058	1225	0.547184
1058	1090	0.538828
1058	1299	0.537436
1058	3618	0.510224
1058	3617	0.504860
1058	3897	0.497217
1059	1952	0.606224
1059	1263	0.541963
1059	903	0.531358
1059	1208	0.519461
1059	1084	0.518175
1059	923	0.507071
1059	1207	0.491705
1059	750	0.479921
1059	904	0.479316
1059	3224	0.471511
1060	1917	1.063900
1060	208	1.036979
1060	2002	0.989071
1060	1552	0.982549
1060	694	0.895473
1060	809	0.844633
1060	292	0.768441
1060	1606	0.766885
1060	544	0.766495
1060	1833	0.749010
1061	594	1.467275
1061	588	1.314033
1061	595	1.228635
1061	2096	1.021173
1061	2085	0.931018
1061	2687	0.926233
1061	1907	0.908690
1061	1022	0.887339
1061	1282	0.885094
1061	2087	0.786814
1062	597	0.965375
1062	440	0.837750
1062	2406	0.791255
1062	339	0.753350
1062	2424	0.717174
1062	3448	0.713037
1062	1777	0.700071
1062	587	0.689809
1062	1135	0.659187
1062	2145	0.657498
1063	2921	1.178688
1063	2401	1.075406
1063	3508	1.073136
1063	599	0.973764
1063	3074	0.953099
1063	3494	0.950783
1063	1617	0.876490
1063	1209	0.790581
1063	3487	0.787828
1063	903	0.740462
1064	3623	0.594044
1064	1112	0.564405
1064	1044	0.533981
1064	1825	0.485071
1064	3555	0.464743
1064	1043	0.459069
1064	46	0.448008
1064	1366	0.440672
1064	3578	0.429838
1064	354	0.426886
1065	597	1.659626
1065	2424	1.413873
1065	1441	1.391042
1065	1569	1.351850
1065	2885	1.169448
1065	440	1.135546
1065	357	1.102584
1065	7	1.048900
1065	11	1.005053
1065	2108	0.943088
1066	2424	1.917304
1066	440	1.332126
1066	1777	1.324378
1066	2671	1.201887
1066	236	1.164909
1066	252	1.125185
1066	356	1.081119
1066	1569	1.057333
1066	852	1.049516
1066	3259	0.915701
1067	541	1.873014
1067	1206	1.504147
1067	1200	1.466655
1067	32	1.372589
1067	1240	1.171577
1067	1196	1.089330
1067	924	1.081355
1067	2571	1.057951
1067	2529	1.043640
1067	260	1.035929
1068	1982	0.831472
1068	1350	0.811693
1068	3499	0.785840
1068	1994	0.667623
1068	1997	0.663059
1068	1347	0.652976
1068	253	0.632939
1068	1219	0.628416
1068	2455	0.623200
1068	3476	0.615834
1069	1811	0.833333
1069	580	0.724398
1069	209	0.702981
1069	3141	0.682106
1069	1363	0.672785
1069	418	0.642765
1069	2574	0.620153
1069	1509	0.543670
1069	839	0.534274
1069	2419	0.498318
1071	2424	1.287266
1071	1569	1.204952
1071	2671	1.179125
1071	1777	1.006068
1071	11	0.956196
1071	708	0.923946
1071	7	0.919122
1071	236	0.804331
1071	2125	0.798140
1071	852	0.769296
1072	1704	1.146829
1072	1674	0.966068
1072	296	0.828927
1072	318	0.762673
1072	2028	0.730831
1072	25	0.700042
1072	1270	0.663875
1072	1200	0.652141
1072	1394	0.647360
1072	608	0.644288
1073	2694	1.205679
1073	223	1.205223
1073	2683	1.168106
1073	3005	1.138311
1073	2771	1.115162
1073	912	1.068933
1073	2706	1.041676
1073	2710	1.035824
1073	2599	1.028714
1073	2881	1.020225
1074	1573	0.636665
1074	1370	0.557719
1074	1597	0.538198
1074	2058	0.530219
1074	914	0.528537
1074	3082	0.516603
1074	3107	0.515135
1074	3519	0.489143
1074	3087	0.488331
1074	10	0.485684
1075	922	1.700918
1075	923	1.558076
1075	908	1.459764
1075	1617	1.388381
1075	593	1.336158
1075	1212	1.330511
1075	1260	1.257786
1075	3435	1.222584
1075	858	1.208987
1075	1204	1.194664
1076	1777	1.624412
1076	3255	1.246663
1076	440	1.153007
1076	2424	1.087602
1076	339	1.046505
1076	1569	1.017761
1076	1485	0.996180
1076	2108	0.932648
1076	539	0.927393
1076	11	0.902037
1077	920	0.598664
1077	1094	0.562484
1077	1704	0.521492
1077	150	0.494828
1077	1265	0.493149
1077	555	0.468233
1077	1253	0.465509
1077	1729	0.407690
1077	914	0.407451
1077	1188	0.403039
1078	1672	0.716274
1078	1624	0.711642
1078	452	0.704454
1078	3252	0.624800
1078	1357	0.554002
1078	1682	0.537782
1078	1725	0.509022
1078	369	0.506676
1078	3186	0.495924
1078	1575	0.489583
1079	457	1.155983
1079	1610	1.077176
1079	1573	1.024461
1079	3256	0.943161
1079	733	0.849724
1079	2916	0.832744
1079	2571	0.826093
1079	2353	0.807609
1079	1370	0.784385
1079	110	0.763426
1080	1970	2.451341
1080	1977	1.689057
1080	1986	1.458876
1080	3937	1.433681
1080	1973	1.425019
1080	3939	1.419286
1080	3941	1.398521
1080	1978	1.396413
1080	3918	1.389584
1080	1975	1.322185
1081	2858	1.347172
1081	296	0.950491
1081	318	0.938919
1081	593	0.894127
1081	1265	0.826182
1081	589	0.767032
1081	527	0.758210
1081	2395	0.743288
1081	50	0.731884
1081	2599	0.716713
1082	1200	1.756611
1082	1196	1.643517
1082	260	1.533705
1082	1036	1.521651
1082	457	1.213764
1082	2028	1.200697
1082	1210	1.134907
1082	1610	1.073153
1082	2947	1.052710
1082	858	1.025826
1084	1552	0.978143
1084	733	0.922639
1084	1687	0.899145
1084	377	0.857497
1084	589	0.796829
1084	2916	0.782966
1084	1573	0.776363
1084	457	0.750387
1084	10	0.738788
1084	1432	0.725365
1085	2571	1.470549
1085	50	1.391493
1085	2028	1.212284
1085	110	1.174322
1085	2353	1.170516
1085	377	1.149983
1085	1213	1.069301
1085	318	1.064672
1085	6	0.999227
1085	2916	0.985061
1086	3578	1.125400
1086	3755	1.117229
1086	3793	1.051114
1086	3624	1.033760
1086	3752	1.018805
1086	3510	1.013685
1086	3617	0.991983
1086	3744	0.975935
1086	3897	0.960202
1086	3481	0.954376
1087	2134	0.694638
1087	2262	0.619405
1087	3308	0.603388
1087	1130	0.595256
1087	2133	0.594163
1087	2469	0.563865
1087	2371	0.560849
1087	3501	0.542083
1087	3087	0.509721
1087	1664	0.492366
1088	3559	1.031550
1088	3850	0.648886
1088	3335	0.630072
1088	793	0.599975
1088	1226	0.517643
1088	2128	0.500000
1088	2708	0.490102
1088	3315	0.474103
1088	3288	0.471404
1088	3860	0.471404
1089	47	1.425845
1089	296	1.372276
1089	1213	1.340917
1089	318	1.327102
1089	2571	1.227277
1089	589	1.101589
1089	2028	1.060570
1089	474	1.051610
1089	866	0.976998
1089	1704	0.945057
1090	2694	1.781330
1090	2881	1.726955
1090	1911	1.624680
1090	3203	1.623322
1090	2716	1.569607
1090	3005	1.548015
1090	223	1.510726
1090	2336	1.508665
1090	2355	1.467289
1090	2599	1.452290
1091	589	1.406574
1091	1917	0.907023
1091	780	0.904761
1091	1573	0.874084
1091	2160	0.871258
1091	2948	0.868466
1091	2791	0.863062
1091	2571	0.858268
1091	524	0.854427
1091	457	0.847854
1092	1282	2.923220
1092	2565	2.669546
1092	1032	2.425874
1092	2018	2.281663
1092	596	2.164250
1092	1907	1.896819
1092	918	1.830390
1092	783	1.807320
1092	914	1.745149
1092	1951	1.689035
1093	2947	1.248637
1093	2194	1.140718
1093	1291	1.089142
1093	3256	1.054423
1093	1240	1.050245
1093	2949	1.037740
1093	1610	1.037024
1093	457	1.024955
1093	733	0.950152
1093	1387	0.880705
1094	2096	1.059251
1094	1029	0.852501
1094	1282	0.687199
1094	2565	0.646877
1094	594	0.635514
1094	2081	0.616830
1094	364	0.605551
1094	2089	0.585572
1094	1907	0.578563
1094	2087	0.573772
1095	593	0.884490
1095	1213	0.777951
1095	608	0.760697
1095	296	0.725707
1095	50	0.698938
1095	912	0.654790
1095	1225	0.579221
1095	1247	0.576678
1095	1193	0.514183
1095	919	0.512007
1096	71	1.253456
1096	1882	1.110216
1096	3268	1.038710
1096	694	0.948244
1096	204	0.882440
1096	2152	0.850923
1096	1731	0.847731
1096	1626	0.814067
1096	153	0.802461
1096	1497	0.790492
1097	1552	0.939897
1097	95	0.938328
1097	736	0.901153
1097	2002	0.880079
1097	1377	0.861277
1097	153	0.834877
1097	71	0.832451
1097	1917	0.809585
1097	315	0.781825
1097	1687	0.768780
1098	1196	1.138319
1098	1198	1.128654
1098	1136	1.098744
1098	1214	1.087519
1098	1278	1.053309
1098	1240	0.966042
1098	1200	0.913931
1098	1197	0.874554
1098	1304	0.833220
1098	318	0.794449
1099	1917	2.002184
1099	1552	1.533335
1099	1876	1.368872
1099	2393	1.326532
1099	1377	1.299761
1099	1676	1.256272
1099	3697	1.175208
1099	95	1.159217
1099	1918	1.144474
1099	376	1.109633
1100	2259	1.255223
1100	2380	1.077802
1100	2383	1.064411
1100	2381	0.957557
1100	3667	0.954497
1100	2382	0.922998
1100	355	0.904746
1100	2379	0.892536
1100	325	0.886623
1100	1602	0.869119
1101	1562	0.608040
1101	2402	0.569686
1101	420	0.435348
1101	3441	0.419938
1101	2371	0.417554
1101	1438	0.415003
1101	274	0.411476
1101	87	0.400857
1101	502	0.398121
1101	2412	0.396055
1103	1664	1.185384
1103	2063	1.185384
1103	539	1.122668
1103	2671	1.017072
1103	11	1.016836
1103	1777	1.010174
1103	597	0.905430
1103	2424	0.880809
1103	2108	0.861736
1103	302	0.841025
1104	2599	0.850085
1104	3006	0.773901
1104	1094	0.771159
1104	36	0.749345
1104	150	0.742041
1104	593	0.707544
1104	2501	0.628619
1104	25	0.609196
1104	296	0.598143
1104	1265	0.593240
1105	2353	1.113029
1105	1625	1.086147
1105	350	0.813136
1105	1805	0.812968
1105	3256	0.771389
1105	2762	0.758499
1105	2058	0.735161
1105	2391	0.706644
1105	457	0.676969
1105	1370	0.662395
1106	1374	1.733518
1106	2640	1.509709
1106	3702	1.431505
1106	1214	1.411646
1106	1097	1.376306
1106	2571	1.247986
1106	2529	1.220847
1106	1584	1.210823
1106	1206	1.186835
1106	1270	1.185776
1107	2724	0.849592
1107	2485	0.787978
1107	7	0.690658
1107	2424	0.682245
1107	2396	0.677313
1107	236	0.650371
1107	339	0.635759
1107	1569	0.635232
1107	1409	0.619509
1107	2598	0.552302
1108	1673	2.050625
1108	1171	1.819966
1108	2791	1.748957
1108	3936	1.388543
1108	2454	1.386377
1108	1580	1.382046
1108	3927	1.188154
1108	1035	1.141048
1108	3930	1.113975
1108	110	1.104390
1109	2642	0.944451
1109	1882	0.884922
1109	2450	0.850785
1109	3386	0.755894
1109	800	0.739590
1109	1606	0.717123
1109	904	0.694888
1109	3208	0.685179
1109	2735	0.674340
1109	2467	0.664164
1110	2734	2.623744
1110	785	1.975334
1110	2013	1.959663
1110	3219	1.948584
1110	2580	1.946082
1110	2712	1.862178
1110	2723	1.807299
1110	3174	1.602164
1110	2390	1.536840
1110	1513	1.475943
1111	410	1.054423
1111	2444	1.009393
1111	3153	0.842971
1111	960	0.837337
1111	1739	0.676576
1111	3648	0.564378
1111	2124	0.563564
1111	414	0.526767
1111	1062	0.519687
1111	2098	0.516362
1112	3621	0.632529
1112	2797	0.585259
1112	594	0.548649
1112	1967	0.529223
1112	2161	0.521966
1112	595	0.490138
1112	914	0.466436
1112	2174	0.465910
1112	3596	0.448251
1112	2005	0.415046
1113	912	0.924217
1113	1262	0.842224
1113	750	0.787172
1113	1252	0.781844
1113	527	0.685552
1113	1248	0.671269
1113	3670	0.668531
1113	1927	0.582019
1113	1207	0.537901
1113	942	0.535815
1114	1947	0.953795
1114	1944	0.703123
1114	900	0.697203
1114	1247	0.692567
1114	928	0.651696
1114	17	0.608223
1114	1674	0.598808
1114	1035	0.595385
1114	2565	0.587680
1114	918	0.571625
1115	608	1.556898
1115	2028	1.387915
1115	111	1.226207
1115	260	1.194868
1115	50	1.184646
1115	1225	1.125519
1115	2858	1.122644
1115	912	1.082941
1115	1207	1.046526
1115	1617	1.015646
1116	1079	0.898713
1116	1307	0.870805
1116	2918	0.843626
1116	2915	0.829071
1116	3361	0.728339
1116	2463	0.707065
1116	3685	0.684542
1116	3039	0.624341
1116	2352	0.614646
1116	2926	0.540641
1117	1391	0.787384
1117	1831	0.761221
1117	1876	0.719657
1117	292	0.655579
1117	1552	0.648709
1117	329	0.635412
1117	3697	0.622405
1117	376	0.621461
1117	3257	0.619314
1117	1371	0.599077
1118	1580	1.380355
1118	1673	1.275342
1118	2791	1.234887
1118	524	1.193966
1118	2571	1.091945
1118	2948	1.067026
1118	1196	1.041806
1118	1171	0.961025
1118	2028	0.957505
1118	260	0.954490
1119	1672	0.664724
1119	3252	0.572056
1119	1399	0.554593
1119	506	0.501274
1119	3308	0.496776
1119	3333	0.490917
1119	536	0.464288
1119	57	0.463474
1119	475	0.460487
1119	2441	0.450835
1120	1668	0.546214
1120	251	0.529244
1120	1597	0.490653
1120	1608	0.473041
1120	391	0.454582
1120	2091	0.432990
1120	89	0.431040
1120	165	0.430904
1120	2528	0.430571
1120	780	0.429371
1121	1684	0.903876
1121	2885	0.766532
1121	302	0.766400
1121	2943	0.669226
1121	58	0.657878
1121	17	0.619124
1121	2621	0.566952
1121	301	0.560282
1121	3580	0.531283
1121	838	0.523376
1122	2393	1.971360
1122	1320	1.907708
1122	1037	1.681324
1122	1591	1.670689
1122	435	1.629286
1122	3697	1.560233
1122	748	1.555847
1122	1372	1.537386
1122	316	1.533502
1122	185	1.446557
1123	3578	1.617245
1123	3535	1.507328
1123	3484	1.414079
1123	3534	1.376228
1123	3623	1.279049
1123	3755	1.243318
1123	3509	0.959655
1123	3793	0.930431
1123	3190	0.889554
1123	3408	0.864786
1124	2916	0.578843
1124	1255	0.571696
1124	1580	0.539042
1124	441	0.528197
1124	480	0.520583
1124	903	0.513841
1124	3696	0.509028
1124	32	0.487371
1124	3527	0.485312
1124	2997	0.485105
1125	2918	0.614938
1125	1079	0.567014
1125	2174	0.537534
1125	2915	0.498170
1125	3210	0.487687
1125	1394	0.483979
1125	3039	0.467782
1125	832	0.459449
1125	1968	0.455687
1125	2352	0.453596
1127	3917	1.425075
1127	1673	1.298756
1127	524	1.254903
1127	2160	1.158685
1127	1580	1.136231
1127	1171	1.119901
1127	2455	1.119292
1127	2291	0.862724
1127	3923	0.835156
1127	3918	0.823474
1128	3690	1.425756
1128	2373	1.046961
1128	2381	0.995779
1128	1329	0.988424
1128	1323	0.979970
1128	3573	0.974462
1128	2382	0.920350
1128	2379	0.916782
1128	2380	0.914450
1128	2458	0.913421
1129	1307	1.648788
1129	3210	1.456901
1129	3039	1.386820
1129	2797	1.356711
1129	3552	1.247057
1129	1270	1.156843
1129	2352	1.041284
1129	2791	0.999472
1129	2144	0.991019
1129	1394	0.987963
1130	2916	0.958243
1130	592	0.660393
1130	1291	0.635294
1130	3699	0.605757
1130	2985	0.604294
1130	2640	0.601478
1130	1080	0.585352
1130	1376	0.582310
1130	1240	0.574020
1130	480	0.567822
1131	1240	0.823885
1131	1214	0.791287
1131	260	0.709629
1131	541	0.643857
1131	3471	0.610407
1131	2571	0.610041
1131	1117	0.598100
1131	1163	0.598100
1131	924	0.564704
1131	1291	0.556894
1132	196	1.962614
1132	3697	1.942967
1132	2986	1.852875
1132	435	1.839484
1132	1917	1.739248
1132	172	1.682069
1132	748	1.594731
1132	1544	1.453749
1132	849	1.432795
1132	1882	1.420686
1133	1598	1.378780
1133	707	1.257098
1133	1564	1.031818
1133	1671	0.830438
1133	2616	0.806410
1133	153	0.776097
1133	1647	0.747747
1133	2737	0.730297
1133	1675	0.724572
1133	391	0.649788
1134	2916	1.367990
1134	2640	1.059935
1134	1240	1.044865
1134	349	0.998474
1134	592	0.935058
1134	1210	0.917912
1134	110	0.912164
1134	1214	0.884387
1134	1291	0.882673
1134	1129	0.851290
1135	316	1.889673
1135	1690	1.659196
1135	329	1.611539
1135	173	1.585254
1135	2393	1.572131
1135	1544	1.565569
1135	3697	1.536682
1135	1603	1.517834
1135	1876	1.488277
1135	1591	1.480387
1136	1610	1.866799
1136	733	1.479509
1136	457	1.422100
1136	47	1.350012
1136	1573	1.247747
1136	377	1.228137
1136	454	1.112365
1136	2058	1.088366
1136	2391	1.084956
1136	1370	1.053163
1137	3943	0.750959
1137	3906	0.571687
1137	2509	0.541888
1137	3798	0.524636
1137	3885	0.509947
1137	3785	0.500164
1137	3861	0.470803
1137	3285	0.452567
1137	3743	0.452542
1137	3617	0.438311
1138	3717	1.612381
1138	3863	1.301900
1138	3753	1.169706
1138	3744	1.049218
1138	3510	1.001995
1138	3624	0.984518
1138	3617	0.982225
1138	3616	0.953849
1138	3273	0.895842
1138	3555	0.875567
1139	1552	0.938470
1139	3107	0.865086
1139	2763	0.740643
1139	1370	0.725818
1139	780	0.721253
1139	10	0.687253
1139	736	0.686668
1139	1676	0.674189
1139	292	0.672348
1139	3300	0.670016
1140	2947	2.306038
1140	1222	1.678035
1140	1240	1.614619
1140	1200	1.394801
1140	1954	1.355659
1140	1291	1.351719
1140	1610	1.268120
1140	1242	1.219327
1140	3703	1.049186
1140	2571	1.027113
1141	2193	0.695373
1141	1376	0.686844
1141	595	0.609281
1141	2096	0.582444
1141	603	0.576697
1141	594	0.554069
1141	2005	0.543861
1141	2140	0.543189
1141	2161	0.529346
1141	2021	0.526490
1142	3850	0.648886
1142	2470	0.526560
1142	2598	0.506315
1142	2840	0.483849
1142	318	0.470955
1142	1036	0.457357
1142	2987	0.455124
1142	3176	0.454629
1142	1376	0.443363
1142	3921	0.442159
1143	750	0.827842
1143	1674	0.760456
1143	1307	0.756977
1143	1079	0.738706
1143	1394	0.732529
1143	1250	0.722251
1143	912	0.720043
1143	541	0.712993
1143	1952	0.701735
1143	1950	0.691708
1145	1294	1.388095
1145	1080	1.207536
1145	593	1.088667
1145	296	1.022156
1145	3421	0.955647
1145	1193	0.932946
1145	1244	0.883353
1145	527	0.875351
1145	1230	0.859092
1145	3114	0.837310
1146	103	2.326993
1146	291	2.119537
1146	640	2.009929
1146	3063	1.921881
1146	1798	1.776068
1146	540	1.602400
1146	1515	1.554188
1146	3056	1.550364
1146	436	1.381775
1146	1779	1.179985
1147	1360	0.787922
1147	1214	0.717050
1147	1200	0.623249
1147	1240	0.592081
1147	1198	0.542537
1147	1210	0.484927
1147	260	0.484770
1147	1291	0.473158
1147	2191	0.464238
1147	254	0.463573
1148	3361	1.300564
1148	1307	1.057282
1148	3421	1.025294
1148	1394	1.005768
1148	1278	1.002442
1148	3039	0.948371
1148	1259	0.947603
1148	3210	0.919496
1148	2174	0.911567
1148	2915	0.834700
1149	1356	1.669328
1149	349	1.477428
1149	1580	1.450567
1149	780	1.445587
1149	733	1.363426
1149	1372	1.236380
1149	10	1.183316
1149	329	1.122748
1149	1527	1.115466
1149	1370	1.090314
1150	820	1.117213
1150	2242	1.117213
1150	2811	1.117213
1150	3337	1.117213
1150	749	1.059882
1150	1068	0.760133
1150	2205	0.760133
1150	2201	0.671076
1150	824	0.647100
1150	931	0.622206
1151	113	1.308611
1151	1625	1.139636
1151	1589	1.125365
1151	1092	1.041889
1151	2749	0.996583
1151	3044	0.984976
1151	1422	0.896966
1151	2583	0.894003
1151	2	0.876474
1151	1732	0.866960
1152	2716	0.989923
1152	3174	0.988506
1152	2581	0.909379
1152	2762	0.905674
1152	2490	0.897860
1152	2599	0.890811
1152	2502	0.883803
1152	2598	0.871925
1152	2840	0.865311
1152	3623	0.850689
1153	2598	2.783509
1153	24	1.943924
1153	2490	1.830879
1153	3176	1.729949
1153	3157	1.698179
1153	2906	1.665393
1153	2502	1.638144
1153	2723	1.613257
1153	2987	1.576998
1153	2560	1.545015
1155	608	1.754617
1155	296	1.486586
1155	1213	1.409370
1155	527	1.142037
1155	1358	1.049741
1155	2997	0.992691
1155	2858	0.959054
1155	2028	0.917467
1155	1060	0.889529
1155	1	0.864380
1156	1894	1.506162
1156	2424	1.173950
1156	236	1.154164
1156	1888	1.059619
1156	7	1.030400
1156	46	1.010129
1156	74	1.001596
1156	237	0.961250
1156	1569	0.929991
1156	351	0.920334
1158	339	1.392223
1158	597	1.276891
1158	207	1.235203
1158	11	1.124435
1158	1441	1.089949
1158	1409	1.071711
1158	357	1.049879
1158	1777	1.042039
1158	2671	1.022661
1158	440	1.017001
1159	1037	2.283531
1159	173	2.091227
1159	196	1.835355
1159	1917	1.724949
1159	172	1.703126
1159	1603	1.672431
1159	435	1.663010
1159	3697	1.661515
1159	2986	1.614149
1159	1882	1.566576
1160	2598	2.299147
1160	1513	2.288423
1160	2490	1.899262
1160	2724	1.765565
1160	2581	1.688361
1160	24	1.593320
1160	2723	1.580055
1160	3219	1.564426
1160	3623	1.537427
1160	2702	1.472263
1161	1952	0.863813
1161	903	0.863115
1161	1104	0.854921
1161	905	0.813138
1161	858	0.758210
1161	608	0.738786
1161	898	0.724710
1161	1207	0.719487
1161	1212	0.712234
1161	2019	0.707488
1162	2353	1.298378
1162	3256	1.253396
1162	377	1.120752
1162	1573	0.998134
1162	2058	0.957269
1162	474	0.915468
1162	373	0.781062
1162	1625	0.780115
1162	349	0.766822
1162	16	0.736495
1163	3624	1.051977
1163	3555	1.034708
1163	3646	1.034043
1163	3578	0.986826
1163	3753	0.961567
1163	3623	0.914897
1163	3785	0.875143
1163	3744	0.852064
1163	3536	0.687980
1163	3513	0.684143
1164	318	0.517176
1164	527	0.495234
1164	1674	0.489645
1164	296	0.474909
1164	150	0.458830
1164	2858	0.428538
1164	1094	0.424645
1164	3147	0.417312
1164	593	0.409140
1164	1206	0.401339
1165	1345	0.600096
1165	318	0.584608
1165	1347	0.553507
1165	1213	0.500654
1165	2003	0.495773
1165	593	0.461817
1165	1407	0.449472
1165	1219	0.425030
1165	2	0.405048
1165	2118	0.401597
1167	150	0.669320
1167	1393	0.662252
1167	1784	0.626947
1167	34	0.545833
1167	1265	0.501621
1167	2599	0.500431
1167	2688	0.496740
1167	2355	0.492268
1167	2501	0.479296
1167	39	0.469352
1168	36	0.902091
1168	2358	0.784465
1168	3184	0.784465
1168	150	0.760090
1168	1213	0.717339
1168	318	0.670481
1168	529	0.628837
1168	1807	0.627572
1168	593	0.608030
1168	778	0.590493
1169	2478	1.013496
1169	2471	0.967255
1169	2350	0.925201
1169	3385	0.879124
1169	2794	0.822215
1169	2016	0.813035
1169	3258	0.776248
1169	2335	0.771732
1169	2255	0.765581
1169	3388	0.745626
1170	1093	2.209025
1170	2688	1.976251
1170	2605	1.831340
1170	2683	1.819148
1170	785	1.810943
1170	2997	1.776464
1170	2433	1.757008
1170	2580	1.728255
1170	2710	1.547724
1170	2541	1.503919
1172	1541	1.080584
1172	1894	1.039126
1172	7	1.037496
1172	2424	0.954431
1172	236	0.916716
1172	605	0.860250
1172	2316	0.854472
1172	46	0.850490
1172	539	0.802062
1172	74	0.781543
1173	95	1.485692
1173	1479	1.389751
1173	2002	1.176073
1173	316	1.155473
1173	1597	1.122103
1173	1377	1.103710
1173	376	1.017898
1173	886	0.998562
1173	434	0.977389
1173	89	0.969316
1175	2497	1.713359
1175	2424	1.544772
1175	2316	1.393230
1175	7	1.230682
1175	207	1.128610
1175	1888	1.015179
1175	378	1.011446
1175	339	0.980493
1175	195	0.976903
1175	539	0.967598
1176	912	1.187669
1176	593	1.098343
1176	1952	1.007284
1176	1250	0.934410
1176	1213	0.909602
1176	296	0.899524
1176	919	0.797911
1176	1221	0.785198
1176	3639	0.777986
1176	908	0.777778
1177	1704	1.543914
1177	608	1.404146
1177	539	1.214086
1177	1265	1.094544
1177	597	1.085736
1177	1213	1.081198
1177	527	1.034544
1177	34	1.024787
1177	2671	1.009973
1177	50	0.997919
1178	3386	1.197594
1178	1086	1.195375
1178	2749	1.185013
1178	1092	1.115419
1178	1459	0.938185
1178	1212	0.937348
1178	950	0.918925
1178	1805	0.915354
1178	1267	0.886459
1178	2206	0.885400
1179	903	1.115952
1179	922	1.056653
1179	1101	0.976404
1179	2186	0.925650
1179	1260	0.828541
1179	1370	0.826948
1179	750	0.798264
1179	1284	0.735216
1179	1219	0.713389
1179	10	0.711563
1180	608	1.473309
1180	1221	1.463307
1180	50	1.457204
1180	527	1.352696
1180	1213	1.347369
1180	2028	1.323425
1180	2571	1.243877
1180	2858	1.087445
1180	1252	1.065690
1180	1193	1.022899
1181	3902	0.494001
1181	3827	0.478340
1181	3354	0.478103
1181	3511	0.460807
1181	3863	0.450398
1181	3912	0.437234
1181	3285	0.430895
1181	3145	0.411074
1181	3903	0.402549
1181	3242	0.398432
1182	2096	2.004143
1182	364	1.812316
1182	1029	1.732646
1182	2087	1.682123
1182	588	1.662865
1182	1282	1.603301
1182	1947	1.556796
1182	2565	1.426447
1182	2080	1.336282
1182	1035	1.228922
1183	1200	2.397294
1183	1206	2.142154
1183	1210	2.140378
1183	32	2.053954
1183	589	1.745613
1183	1270	1.729891
1183	3703	1.672454
1183	924	1.591800
1183	1374	1.388519
1183	3527	1.307346
1184	2552	1.124685
1184	1091	1.071922
1184	2374	1.060238
1184	3031	0.974006
1184	3385	0.953315
1184	460	0.936309
1184	486	0.897982
1184	1005	0.858627
1184	2378	0.779484
1184	569	0.777224
1185	2534	0.963396
1185	1316	0.797003
1185	1603	0.684731
1185	1704	0.659670
1185	2694	0.527849
1185	2501	0.526822
1185	2324	0.509394
1185	2706	0.508914
1185	1676	0.496247
1185	1391	0.467880
1186	2204	0.999501
1186	2206	0.897771
1186	1284	0.813371
1186	1213	0.678994
1186	906	0.668899
1186	3644	0.616608
1186	2651	0.593904
1186	2066	0.588721
1186	944	0.585162
1186	1964	0.574656
1187	2096	1.026561
1187	594	0.971789
1187	539	0.864842
1187	1022	0.855415
1187	597	0.849686
1187	1282	0.816025
1187	2078	0.806780
1187	1784	0.802516
1187	2081	0.798686
1187	1907	0.789842
1188	1200	2.617138
1188	1291	2.338616
1188	2571	2.002792
1188	858	1.994508
1188	2028	1.920841
1188	1387	1.845026
1188	2947	1.698003
1188	457	1.689505
1188	1222	1.355969
1188	1201	1.282707
1191	1674	1.552381
1191	902	1.188658
1191	3097	1.146708
1191	899	1.139704
1191	912	0.894556
1191	943	0.890216
1191	916	0.872036
1191	2969	0.825695
1191	2020	0.800719
1191	1230	0.795703
1193	719	0.958044
1193	830	0.838935
1193	3881	0.765677
1193	419	0.702346
1193	1390	0.677443
1193	2597	0.670296
1193	520	0.641058
1193	5	0.638554
1193	2335	0.603893
1193	460	0.592264
1194	2915	0.703284
1194	1246	0.679660
1194	2100	0.646596
1194	3448	0.623450
1194	3087	0.599904
1194	2463	0.593127
1194	3169	0.571058
1194	2420	0.535469
1194	1961	0.529729
1194	3071	0.520478
1195	1970	1.610818
1195	2513	1.427926
1195	1977	1.414906
1195	2614	1.370778
1195	1997	1.340228
1195	2003	1.315664
1195	1974	1.218673
1195	1321	1.197742
1195	1975	1.172831
1195	2148	1.136097
1196	1307	0.712398
1196	1094	0.665790
1196	17	0.625917
1196	3246	0.517537
1196	1947	0.466908
1196	960	0.462652
1196	1704	0.453091
1196	1278	0.449463
1196	902	0.425117
1196	1393	0.416701
1198	1784	0.657210
1198	2706	0.605818
1198	316	0.587682
1198	2628	0.556246
1198	329	0.546741
1198	231	0.511684
1198	1527	0.499650
1198	1777	0.496099
1198	1196	0.490936
1198	2393	0.476466
1199	2915	1.450694
1199	2797	1.331002
1199	3039	1.237453
1199	2174	1.191319
1199	2000	1.155095
1199	3210	1.096793
1199	1961	1.026828
1199	2918	1.000447
1199	3360	0.985897
1199	3361	0.960654
1200	3219	1.636556
1200	3623	1.514575
1200	24	1.417053
1200	2491	1.398851
1200	2734	1.387734
1200	2502	1.305672
1200	3081	1.239167
1200	2490	1.237493
1200	2013	1.196824
1200	2723	1.193910
1201	2841	2.219840
1201	1513	1.974711
1201	2598	1.860418
1201	3081	1.857213
1201	2396	1.791545
1201	2581	1.496869
1201	2987	1.458895
1201	2491	1.453179
1201	2724	1.313945
1201	2692	1.302460
1202	733	0.492391
1202	3256	0.489113
1202	480	0.480199
1202	2916	0.476572
1202	110	0.444459
1202	457	0.440380
1202	1951	0.424265
1202	2994	0.421842
1202	1573	0.377617
1202	474	0.373905
1203	912	0.695737
1203	904	0.601510
1203	1076	0.542614
1203	2174	0.522235
1203	2949	0.516961
1203	2776	0.514023
1203	1674	0.508539
1203	919	0.503992
1203	1073	0.502016
1203	3635	0.500995
1204	3918	1.909512
1204	2160	1.617876
1204	1580	1.456424
1204	3930	1.361757
1204	1970	1.326936
1204	551	1.320532
1204	1971	1.272092
1204	2948	1.169823
1204	1171	1.116296
1204	3939	1.090162
1205	1	0.999293
1205	34	0.957353
1205	3114	0.869064
1205	2324	0.862378
1205	1360	0.853852
1205	1923	0.802229
1205	39	0.789830
1205	2599	0.726407
1205	235	0.710804
1205	17	0.687598
1206	173	2.134662
1206	2808	2.122383
1206	1591	1.859765
1206	185	1.771197
1206	1373	1.648172
1206	1391	1.581910
1206	849	1.534783
1206	1320	1.519883
1206	1690	1.506422
1206	1603	1.390234
1207	1984	2.109244
1207	1977	1.858379
1207	1976	1.825185
1207	1975	1.796088
1207	1986	1.435093
1207	1326	1.301916
1207	2878	1.262227
1207	1756	1.115212
1207	3021	0.972611
1207	1293	0.964812
1208	1673	1.660794
1208	2160	1.486539
1208	2455	1.175957
1208	1965	1.114721
1208	3936	1.090760
1208	1249	1.073744
1208	3929	1.069485
1208	524	0.952800
1208	480	0.939533
1208	3917	0.911465
1209	2161	1.136046
1209	1967	1.117212
1209	2054	1.014452
1209	2021	0.909484
1209	2378	0.867010
1209	2143	0.794928
1209	2115	0.750857
1209	3698	0.742580
1209	3087	0.740842
1209	1376	0.731076
1210	1372	1.923873
1210	329	1.796709
1210	1909	1.703561
1210	1876	1.548316
1210	1917	1.485495
1210	2916	1.434513
1210	2393	1.370495
1210	1580	1.315414
1210	1391	1.305082
1210	2628	1.286936
1211	1240	1.247259
1211	2571	1.142452
1211	1374	1.113213
1211	2916	1.107857
1211	32	1.083839
1211	1210	1.079107
1211	2985	1.061969
1211	1253	1.053141
1211	1206	1.009717
1211	589	0.968358
1212	293	1.179364
1212	50	1.056106
1212	1227	0.994926
1212	1662	0.928858
1212	1447	0.842442
1212	2542	0.824292
1212	1645	0.803948
1212	296	0.778487
1212	999	0.770124
1212	1625	0.769430
1214	1068	2.407734
1214	2205	2.407734
1214	2201	1.829903
1214	956	1.458766
1214	3025	1.285484
1214	2922	1.231633
1214	2204	1.203867
1214	1928	1.157446
1214	416	1.093893
1214	3681	1.029091
1215	2105	1.175341
1215	1375	1.041973
1215	3704	0.944403
1215	1372	0.937193
1215	1580	0.931572
1215	780	0.917036
1215	2571	0.906881
1215	316	0.872872
1215	480	0.838159
1215	1356	0.813644
1216	1377	1.309032
1216	3082	1.250523
1216	494	1.217653
1216	10	1.182640
1216	1597	1.176293
1216	780	1.138228
1216	3107	1.133105
1216	95	1.073124
1216	736	1.072822
1216	2989	1.015705
1217	1196	2.181253
1217	1200	1.824104
1217	2028	1.634557
1217	1291	1.608711
1217	1214	1.480619
1217	2947	1.447134
1217	1387	1.404489
1217	1210	1.350035
1217	589	1.235799
1217	318	0.996430
1218	2877	0.483606
1218	780	0.447687
1218	377	0.412232
1218	61	0.406892
1218	1876	0.390247
1218	3604	0.388003
1218	592	0.381750
1218	1573	0.378526
1218	1676	0.360702
1218	257	0.355277
1219	204	1.393641
1219	1681	1.183797
1219	694	1.125444
1219	839	1.079042
1219	1591	0.993129
1219	1606	0.971102
1219	2412	0.906308
1219	2808	0.889597
1219	420	0.860292
1219	1882	0.843642
1220	867	2.083302
1220	374	2.055480
1220	1707	1.802748
1220	355	1.416083
1220	747	1.330167
1220	2152	1.226363
1220	419	1.167212
1220	239	1.137905
1220	1445	1.128631
1220	2798	1.118888
1221	2478	0.871367
1221	2088	0.865689
1221	2375	0.812485
1221	370	0.734261
1221	2259	0.734097
1221	2372	0.724767
1221	3688	0.671293
1221	64	0.668877
1221	3385	0.658867
1221	2378	0.645614
1222	2688	2.752438
1222	2605	2.051510
1222	1093	2.023376
1222	2770	1.998638
1222	2881	1.976024
1222	2683	1.944905
1222	1911	1.896911
1222	2694	1.831397
1222	785	1.702477
1222	2541	1.643322
1223	3481	1.192929
1223	3555	1.111825
1223	3793	1.067123
1223	3753	1.028946
1223	3624	1.021731
1223	2160	1.002130
1223	1580	0.991344
1223	2791	0.987942
1223	524	0.940069
1223	3510	0.877135
1224	736	1.183406
1224	1917	0.939444
1224	292	0.856702
1224	1377	0.845421
1224	786	0.748247
1224	780	0.741419
1224	1616	0.708663
1224	1792	0.698014
1224	2002	0.684515
1224	369	0.667211
1227	52	0.620262
1227	357	0.610900
1227	1883	0.589550
1227	2599	0.570056
1227	785	0.548235
1227	2716	0.543779
1227	2997	0.542212
1227	3052	0.525109
1227	441	0.524448
1227	1500	0.510020
1228	1037	0.743976
1228	998	0.719622
1228	1831	0.712124
1228	153	0.700805
1228	886	0.680606
1228	2002	0.672730
1228	1377	0.671297
1228	376	0.645851
1228	1882	0.645777
1228	1499	0.623871
1229	2858	0.743849
1229	864	0.627414
1229	1041	0.627031
1229	593	0.571262
1229	608	0.562598
1229	2848	0.541196
1229	3555	0.491819
1229	318	0.489502
1229	3753	0.439403
1229	1413	0.436973
1230	1994	1.090878
1230	1907	1.055156
1230	588	1.024078
1230	1025	0.973008
1230	1345	0.942787
1230	783	0.940404
1230	2018	0.939993
1230	2096	0.927000
1230	2193	0.915103
1230	1321	0.900001
1231	1597	0.585356
1231	2617	0.560222
1231	2881	0.521002
1231	165	0.493106
1231	2770	0.473578
1231	736	0.462955
1231	2534	0.444124
1231	2321	0.440417
1231	1336	0.429552
1231	2699	0.424327
1232	3361	1.221596
1232	1079	1.137597
1232	2797	1.135395
1232	2918	1.122526
1232	3421	1.023676
1232	2915	0.983984
1232	3039	0.969033
1232	1394	0.930406
1232	2791	0.915121
1232	1307	0.810134
1233	1214	1.550916
1233	1240	1.374095
1233	3471	1.127289
1233	924	1.095213
1233	2571	1.077972
1233	1270	1.066651
1233	1198	0.960365
1233	1210	0.959515
1233	1199	0.944641
1233	32	0.912132
1235	1650	0.847754
1235	2890	0.585245
1235	1271	0.569506
1235	2318	0.554352
1235	2599	0.552193
1235	3174	0.537616
1235	2333	0.521209
1235	350	0.518521
1235	3215	0.517875
1235	1357	0.513270
1237	1394	0.955741
1237	1717	0.947372
1237	3361	0.799026
1237	1259	0.798128
1237	2791	0.785990
1237	1307	0.776142
1237	1968	0.767408
1237	724	0.742804
1237	1136	0.737524
1237	2120	0.696491
1238	2734	2.830746
1238	2598	2.067624
1238	2688	1.989788
1238	2502	1.934502
1238	785	1.918858
1238	2580	1.776570
1238	1959	1.714416
1238	2318	1.679922
1238	2959	1.462305
1238	2622	1.431265
1239	2396	0.817390
1239	1393	0.809451
1239	1641	0.757630
1239	150	0.753069
1239	2321	0.701470
1239	356	0.692566
1239	1923	0.691978
1239	2599	0.685446
1239	1188	0.646178
1239	1357	0.642827
1240	3317	1.091596
1240	3893	1.046515
1240	583	1.029101
1240	3616	0.990890
1240	3751	0.974856
1240	3798	0.895488
1240	3578	0.895042
1240	3556	0.859441
1240	3624	0.804727
1240	3911	0.783798
1241	2174	1.917847
1241	3361	1.648196
1241	3039	1.470072
1241	3210	1.383474
1241	2915	1.341959
1241	1968	1.317193
1241	1663	1.215392
1241	1270	1.063061
1241	3072	1.002524
1241	3424	0.940576
1242	3539	0.905865
1242	3787	0.719064
1242	3746	0.644990
1242	3509	0.633742
1242	556	0.623386
1242	3951	0.618833
1242	3456	0.614460
1242	3911	0.612490
1242	2776	0.592638
1242	162	0.588015
1243	2401	0.723239
1243	318	0.682506
1243	296	0.616351
1243	1198	0.593192
1243	608	0.588516
1243	2922	0.566729
1243	2028	0.555265
1243	590	0.554934
1243	2921	0.548803
1243	1213	0.548035
1244	3646	1.544789
1244	3301	1.503944
1244	3897	1.501494
1244	3861	1.460775
1244	3863	1.427448
1244	3755	1.406689
1244	3623	1.320469
1244	3556	1.313019
1244	3578	1.298370
1244	3952	1.271289
1245	1270	2.385468
1245	1210	2.275472
1245	2529	1.768867
1245	1198	1.633036
1245	3702	1.565852
1245	29	1.424555
1245	1036	1.368839
1245	2010	1.364668
1245	1584	1.344647
1245	858	1.341037
1246	1214	0.797018
1246	1200	0.761498
1246	2985	0.746821
1246	3471	0.703642
1246	2640	0.684571
1246	750	0.672425
1246	1270	0.634475
1246	1240	0.617119
1246	32	0.603748
1246	541	0.601248
1247	3300	1.698767
1247	3510	1.597718
1247	3484	1.511765
1247	3578	1.149247
1247	3509	1.050888
1247	3553	0.984064
1247	3623	0.976673
1247	3481	0.914613
1247	3566	0.885260
1247	3755	0.864865
1248	42	0.945280
1248	1675	0.888549
1248	998	0.807250
1248	903	0.749602
1248	3386	0.735770
1248	1645	0.678497
1248	1625	0.668866
1248	2467	0.650899
1248	1671	0.628391
1248	164	0.610613
1251	2688	2.316797
1251	2336	2.162591
1251	2333	2.053500
1251	2580	2.013322
1251	2683	1.968204
1251	2605	1.925047
1251	3203	1.798851
1251	2502	1.789769
1251	2541	1.774874
1251	1911	1.772065
1252	1880	0.787160
1252	1651	0.699540
1252	823	0.665057
1252	846	0.658495
1252	3915	0.643855
1252	755	0.606339
1252	2705	0.606339
1252	3317	0.605181
1252	3911	0.525275
1252	534	0.520525
1253	2396	0.933143
1253	1890	0.904534
1253	1641	0.897303
1253	235	0.891511
1253	3114	0.832307
1253	1923	0.831660
1253	1883	0.794909
1253	1188	0.758982
1253	357	0.739296
1253	3797	0.725241
1254	1835	0.927680
1254	2424	0.863140
1254	2485	0.860391
1254	2497	0.838191
1254	539	0.775345
1254	1477	0.748494
1254	2244	0.716660
1254	252	0.702137
1254	2426	0.668217
1254	2875	0.660660
1255	1244	1.005717
1255	898	0.706623
1255	1278	0.675596
1255	1292	0.644390
1255	2251	0.640427
1255	3421	0.610539
1255	1394	0.577349
1255	1288	0.574980
1255	1294	0.555928
1255	2788	0.543376
1256	1267	1.355340
1256	318	1.152026
1256	903	1.116858
1256	922	1.063079
1256	296	1.014470
1256	1213	1.000095
1256	1104	0.998659
1256	1219	0.979031
1256	1260	0.955923
1256	1089	0.899689
1257	2628	0.959386
1257	733	0.874574
1257	349	0.865809
1257	2916	0.863720
1257	1377	0.861344
1257	2161	0.859498
1257	316	0.842254
1257	1527	0.841372
1257	2193	0.824097
1257	2470	0.822367
1258	1248	1.481250
1258	1260	1.470547
1258	3922	1.408702
1258	1252	1.400475
1258	3921	1.383833
1258	922	1.360467
1258	3930	1.352991
1258	2186	1.272664
1258	3928	1.144677
1258	3932	1.072870
1259	1972	2.373776
1259	3917	2.056078
1259	3939	1.959977
1259	3941	1.951083
1259	1986	1.720850
1259	2792	1.700791
1259	1977	1.666528
1259	366	1.363877
1259	3927	1.235295
1259	1985	1.209508
1260	2145	1.066668
1260	3087	0.925593
1260	2150	0.874512
1260	2003	0.795003
1260	2797	0.768710
1260	1246	0.699787
1260	1958	0.675333
1260	3098	0.667262
1260	2423	0.645667
1260	2795	0.633574
1261	480	1.633188
1261	1580	1.452034
1261	1240	1.404684
1261	1673	1.377118
1261	1200	1.302941
1261	2160	1.187433
1261	2028	1.153900
1261	1198	1.118862
1261	1214	1.092889
1261	524	1.035672
1262	3300	1.521175
1262	3624	1.448796
1262	3408	1.428599
1262	3623	1.269025
1262	3755	1.263759
1262	3409	1.222170
1262	3751	1.220898
1262	3484	1.145462
1262	3535	1.119935
1262	3534	1.048386
1263	2396	2.434274
1263	2906	2.355580
1263	2395	2.301265
1263	2013	2.213907
1263	3219	2.178006
1263	2502	2.037036
1263	3623	2.036988
1263	3273	1.901885
1263	2700	1.847527
1263	2702	1.845034
1264	1192	1.352042
1264	363	1.325744
1264	556	1.165212
1264	1111	1.137704
1264	206	1.017332
1264	581	0.936660
1264	108	0.922665
1264	3609	0.922665
1264	1827	0.896280
1264	1147	0.865071
1265	2	1.100633
1265	3489	0.924836
1265	470	0.804128
1265	3774	0.684897
1265	1490	0.683377
1265	3438	0.665626
1265	2162	0.641373
1265	1848	0.621286
1265	93	0.618304
1265	367	0.605166
1266	1980	1.658298
1266	1977	1.390480
1266	1975	1.325530
1266	1976	1.230737
1266	1984	1.153567
1266	1981	1.152983
1266	1986	0.911566
1266	1326	0.869853
1266	3021	0.869509
1266	2878	0.828653
1267	2565	1.030655
1267	1947	1.029609
1267	1022	0.996229
1267	1282	0.956200
1267	1035	0.931416
1267	595	0.878147
1267	3061	0.836247
1267	2096	0.830097
1267	2081	0.727324
1267	659	0.697565
1268	966	0.707107
1268	1347	0.536034
1268	1394	0.527541
1268	1246	0.514850
1268	1079	0.501354
1268	1136	0.486021
1268	1259	0.483306
1268	3591	0.482221
1268	2470	0.481657
1268	2371	0.478718
1269	223	2.198616
1269	2683	2.147326
1269	2688	2.031073
1269	2712	1.778315
1269	1911	1.723768
1269	2710	1.658064
1269	3203	1.646762
1269	2881	1.610965
1269	2605	1.609414
1269	2694	1.586081
1271	374	1.237348
1271	1707	1.010400
1271	480	0.905671
1271	2291	0.819688
1271	3671	0.817744
1271	1005	0.812556
1271	1080	0.807788
1271	867	0.767070
1271	2042	0.724276
1271	38	0.713595
1272	594	1.551465
1272	2096	1.487567
1272	1022	1.352816
1272	596	1.260027
1272	1029	1.239385
1272	2087	1.125577
1272	1907	1.117744
1272	2080	1.049764
1272	2687	1.021651
1272	2078	0.977821
1273	1279	0.602174
1273	471	0.570671
1273	2750	0.567038
1273	2302	0.564800
1273	3099	0.555534
1273	2108	0.550545
1273	3282	0.547414
1273	2124	0.545604
1273	3501	0.512871
1273	2100	0.470529
1274	264	0.780869
1274	2705	0.606339
1274	2951	0.548865
1274	2098	0.478371
1274	2870	0.474543
1274	1496	0.472917
1274	3529	0.472325
1274	2931	0.452911
1274	2401	0.442993
1274	1728	0.420295
1275	1196	1.351700
1275	1207	1.267126
1275	318	1.169297
1275	3196	1.070117
1275	858	1.065379
1275	1193	1.064195
1275	1214	1.000223
1275	919	0.947525
1275	1267	0.936678
1275	923	0.920985
1276	3039	1.185362
1276	3361	1.149109
1276	1079	1.007156
1276	3072	0.931539
1276	1968	0.896023
1276	3210	0.893021
1276	2174	0.889022
1276	2791	0.814926
1276	1307	0.758731
1276	2795	0.734391
1277	1342	1.426273
1277	3499	1.381387
1277	2097	1.352683
1277	1339	1.296887
1277	1974	1.252598
1277	1982	1.193706
1277	1350	1.187496
1277	2120	1.052977
1277	1258	0.999438
1277	1321	0.995110
1278	608	0.996015
1278	1213	0.962393
1278	527	0.938169
1278	593	0.935679
1278	1225	0.900689
1278	1617	0.731166
1278	1193	0.725714
1278	1089	0.713078
1278	1207	0.609355
1278	111	0.578778
1279	2797	0.854491
1279	1307	0.674796
1279	1674	0.608599
1279	3361	0.542218
1279	2918	0.538669
1279	1259	0.538298
1279	2291	0.532596
1279	2919	0.515707
1279	846	0.514502
1279	1968	0.505396
1280	2541	1.897434
1280	2770	1.782986
1280	3005	1.761862
1280	1911	1.734352
1280	2605	1.512426
1280	2710	1.425202
1280	2188	1.412397
1280	1093	1.392123
1280	2881	1.362906
1280	785	1.337861
1281	3549	0.894857
1281	918	0.888907
1281	2565	0.816478
1281	1947	0.746325
1281	3317	0.704763
1281	3061	0.685303
1281	900	0.591744
1281	1247	0.578883
1281	3850	0.565685
1281	1957	0.543070
1283	1265	0.903377
1283	357	0.845916
1283	539	0.771705
1283	34	0.751605
1283	39	0.749995
1283	364	0.748905
1283	2671	0.731726
1283	2687	0.714617
1283	588	0.675343
1283	1	0.634600
1284	3300	1.029796
1284	3624	1.023060
1284	3753	0.948225
1284	3623	0.860687
1284	3755	0.824879
1284	3555	0.801132
1284	3717	0.724743
1284	3354	0.692858
1284	3513	0.688509
1284	170	0.624199
1285	2219	1.275813
1285	2649	1.008997
1285	2654	0.886026
1285	2651	0.885646
1285	3018	0.780137
1285	1323	0.721688
1285	1350	0.690619
1285	2550	0.657748
1285	3850	0.654654
1285	2215	0.648118
1286	2922	1.304252
1286	2840	1.296321
1286	2700	1.204657
1286	599	1.191573
1286	2921	1.153706
1286	1513	1.149289
1286	3081	1.138942
1286	2951	1.082854
1286	3122	1.027471
1286	2491	0.941488
1287	3755	1.835443
1287	3753	1.809583
1287	3623	1.494720
1287	3745	1.395213
1287	3717	1.272436
1287	3409	1.157448
1287	3827	1.127269
1287	3484	1.122274
1287	3861	1.097923
1287	3785	1.097059
1288	1728	0.585012
1288	1810	0.578777
1288	3158	0.567287
1288	715	0.546684
1288	2417	0.544820
1288	150	0.511168
1288	159	0.484649
1288	1965	0.433669
1288	2442	0.428546
1288	1580	0.418671
1289	1196	1.933630
1289	1200	1.358741
1289	1240	1.344854
1289	1931	1.333096
1289	1204	1.332923
1289	1214	1.291673
1289	1221	1.270841
1289	1036	1.252785
1289	1387	1.158576
1289	2571	1.157848
1290	2598	2.041049
1290	2840	1.475915
1290	2692	1.424500
1290	2724	1.408994
1290	2491	1.408787
1290	2841	1.358996
1290	2723	1.273490
1290	2702	1.247471
1290	2906	1.242488
1290	3219	1.204961
1291	858	0.559929
1291	593	0.545412
1291	1221	0.516701
1291	296	0.514043
1291	385	0.504483
1291	2028	0.503065
1291	3361	0.484044
1291	527	0.464865
1291	3363	0.464567
1291	318	0.458687
1292	3918	1.785114
1292	524	1.706379
1292	2160	1.530368
1292	1971	1.523612
1292	3928	1.511498
1292	3450	1.462797
1292	1673	1.435237
1292	3937	1.362804
1292	1969	1.326030
1292	480	1.316942
1293	1641	1.073407
1293	1	0.790691
1293	1060	0.758389
1293	1883	0.708784
1293	1784	0.706601
1293	3253	0.704571
1293	3751	0.676867
1293	2395	0.649971
1293	3108	0.636811
1293	2396	0.615029
1294	3731	0.913415
1294	1196	0.537679
1294	2968	0.492480
1294	1539	0.478913
1294	2168	0.452208
1294	1513	0.435464
1294	1206	0.434678
1294	3471	0.415250
1294	2485	0.403375
1294	1959	0.391210
1295	1069	2.597136
1295	1252	1.778764
1295	1260	1.738345
1295	1153	1.726758
1295	922	1.699405
1295	3334	1.516597
1295	2186	1.473034
1295	3683	1.463217
1295	1267	1.349270
1295	2726	1.147693
1296	1393	1.015355
1296	1721	0.808765
1296	440	0.805561
1296	356	0.786106
1296	1641	0.768090
1296	150	0.764982
1296	39	0.756831
1296	3100	0.713662
1296	1784	0.709763
1296	2997	0.706542
1297	1608	1.047302
1297	3686	1.028162
1297	1370	0.956385
1297	494	0.927013
1297	3249	0.919196
1297	1573	0.895939
1297	2334	0.875531
1297	1722	0.842323
1297	10	0.835067
1297	380	0.810606
1298	3048	0.741939
1298	1485	0.663945
1298	500	0.646645
1298	708	0.577089
1298	564	0.573997
1298	3450	0.559231
1298	1042	0.552932
1298	597	0.537580
1298	440	0.535653
1298	357	0.530667
1299	1610	1.692065
1299	733	1.240850
1299	589	1.057578
1299	1291	0.938509
1299	2944	0.920831
1299	3256	0.911668
1299	2194	0.898196
1299	2028	0.886015
1299	2000	0.877862
1299	3418	0.868680
1300	2598	3.231093
1300	3081	2.438276
1300	2724	2.200994
1300	2762	2.114277
1300	3219	1.927765
1300	2013	1.884090
1300	3273	1.831226
1300	2702	1.738400
1300	785	1.713821
1300	2394	1.674858
1301	3623	0.758423
1301	3752	0.588744
1301	1690	0.583266
1301	3578	0.581767
1301	1377	0.552821
1301	1562	0.515588
1301	2393	0.487110
1301	3354	0.484608
1301	485	0.463623
1301	3301	0.418347
1302	1527	2.328233
1302	329	1.946144
1302	1909	1.739100
1302	1356	1.696772
1302	1372	1.681933
1302	1573	1.659842
1302	1876	1.643836
1302	1544	1.640457
1302	2393	1.507377
1302	1391	1.505949
1303	2372	0.859767
1303	3688	0.663557
1303	3388	0.604719
1303	3525	0.592506
1303	1091	0.592186
1303	3385	0.582797
1303	2374	0.580045
1303	2261	0.578817
1303	603	0.576697
1303	2786	0.514393
1304	296	1.396586
1304	318	1.375958
1304	2918	1.251571
1304	50	1.162833
1304	1079	1.121822
1304	1136	1.027023
1304	3361	0.918011
1304	1270	0.914787
1304	1089	0.910994
1304	527	0.899915
1306	3623	1.021309
1306	3510	0.842673
1306	3578	0.816538
1306	3624	0.805211
1306	3753	0.785223
1306	3513	0.660516
1306	3354	0.654698
1306	3646	0.644993
1306	3755	0.569640
1306	2688	0.562701
1308	588	0.792986
1308	1370	0.740267
1308	3578	0.733730
1308	1580	0.725547
1308	1517	0.662544
1308	2916	0.653432
1308	3256	0.647302
1308	440	0.645617
1308	1573	0.643433
1308	3948	0.636243
1311	296	1.092144
1311	1089	0.818169
1311	318	0.798273
1311	50	0.792120
1311	593	0.743004
1311	1377	0.668862
1311	527	0.620493
1311	1193	0.612524
1311	1617	0.572390
1311	434	0.570226
1312	1037	2.568706
1312	2986	2.311372
1312	173	2.097476
1312	379	1.880588
1312	2658	1.695112
1312	3780	1.695112
1312	2808	1.645701
1312	2549	1.610242
1312	196	1.551747
1312	3697	1.532295
1314	374	1.669004
1314	1489	1.010641
1314	867	0.983110
1314	2953	0.906903
1314	881	0.860492
1314	239	0.858558
1314	3440	0.830481
1314	575	0.823641
1314	1707	0.803759
1314	2152	0.798922
1315	912	0.915399
1315	318	0.907051
1315	1207	0.884839
1315	608	0.848614
1315	527	0.797939
1315	1952	0.755154
1315	899	0.698662
1315	908	0.680844
1315	923	0.669652
1315	1193	0.602082
1316	2688	1.770555
1316	1959	1.747708
1316	1513	1.674593
1316	2716	1.651685
1316	785	1.599813
1316	2333	1.557449
1316	3219	1.502426
1316	2683	1.489081
1316	2599	1.347286
1316	2723	1.339672
1317	1185	0.788037
1317	1957	0.727926
1317	1302	0.681347
1317	1962	0.661647
1317	1231	0.640694
1317	3068	0.625363
1317	3360	0.550203
1317	2114	0.549931
1317	2915	0.544357
1317	1968	0.541824
1320	1370	1.071169
1320	903	1.009561
1320	1722	0.980062
1320	10	0.910732
1320	1267	0.883258
1320	780	0.837609
1320	1580	0.805203
1320	2916	0.783030
1320	1608	0.781939
1320	3020	0.750090
1321	50	1.034000
1321	1213	1.004753
1321	593	0.879831
1321	318	0.873536
1321	1617	0.838197
1321	1704	0.769401
1321	2762	0.722541
1321	47	0.658236
1321	293	0.598680
1321	2469	0.595025
1322	1401	0.634056
1322	2929	0.574879
1322	2000	0.541393
1322	2313	0.517049
1322	3333	0.502329
1322	944	0.501826
1322	1186	0.492906
1322	1222	0.489069
1322	1955	0.475860
1322	3071	0.451601
1323	1252	1.084966
1323	1267	1.070533
1323	908	1.060162
1323	900	0.851036
1323	3435	0.836424
1323	750	0.815283
1323	3335	0.810050
1323	926	0.773458
1323	1260	0.748022
1323	1269	0.724983
1324	924	1.007306
1324	750	0.999721
1324	1294	0.958161
1324	1200	0.946829
1324	1270	0.945422
1324	2571	0.905544
1324	1196	0.884948
1324	1199	0.860134
1324	260	0.843393
1324	1230	0.804936
1325	2565	1.869824
1325	918	1.672242
1325	3549	1.593910
1325	899	1.506631
1325	914	1.319241
1325	935	1.210967
1325	2081	1.016163
1325	945	0.939152
1325	1380	0.876412
1325	1067	0.870928
1326	296	1.689307
1326	50	1.672779
1326	1213	1.471147
1326	527	1.380751
1326	1617	1.342332
1326	2028	1.266245
1326	1265	1.200665
1326	1358	1.114269
1326	589	1.097640
1326	34	1.031456
1327	2402	1.066221
1327	364	0.867182
1327	3143	0.816841
1327	3372	0.806252
1327	1907	0.787518
1327	2089	0.737539
1327	1688	0.724855
1327	3066	0.716977
1327	2476	0.710483
1327	2096	0.649996
1328	329	1.242947
1328	316	1.234374
1328	1917	1.224940
1328	1552	1.056248
1328	2002	1.034194
1328	442	1.006621
1328	1372	0.961644
1328	1375	0.946119
1328	1356	0.919935
1328	517	0.892431
1329	1671	0.552052
1329	1091	0.521304
1329	2918	0.500154
1329	830	0.485174
1329	3243	0.474195
1329	1550	0.464661
1329	1645	0.455952
1329	3717	0.435854
1329	3888	0.433013
1329	1725	0.408882
1330	318	1.457832
1330	527	1.397615
1330	1221	1.203356
1330	912	1.120993
1330	608	1.075993
1330	1267	1.038000
1330	1198	1.003324
1330	2028	0.987136
1330	1193	0.981734
1330	1196	0.891918
1331	150	1.229722
1331	593	0.684566
1331	2890	0.682079
1331	1682	0.678333
1331	36	0.646249
1331	318	0.593656
1331	994	0.588374
1331	3006	0.587457
1331	1393	0.553282
1331	2260	0.531810
1332	1394	1.484444
1332	1080	1.273477
1332	1278	1.092586
1332	1234	1.011491
1332	1270	0.996364
1332	3361	0.986643
1332	1079	0.952950
1332	1259	0.934359
1332	1265	0.930508
1332	1244	0.887188
1333	1340	0.610587
1333	1294	0.538354
1333	2644	0.534196
1333	1288	0.519346
1333	3361	0.511004
1333	3335	0.469846
1333	1204	0.451657
1333	1238	0.448486
1333	2064	0.443842
1333	3543	0.442721
1334	2683	1.583560
1334	2694	1.557213
1334	2770	1.258544
1334	2188	1.231329
1334	593	1.168151
1334	223	1.148872
1334	296	1.078080
1334	2710	1.072691
1334	1196	1.042535
1334	2028	1.034785
1335	2455	1.476166
1335	2160	1.422691
1335	1171	1.406647
1335	1965	1.304316
1335	524	1.114802
1335	268	1.056570
1335	110	1.018900
1335	3917	1.014972
1335	551	1.013205
1335	2791	0.943125
1337	2096	1.609800
1337	2089	1.525192
1337	364	1.379400
1337	1022	1.361331
1337	2137	1.315575
1337	2687	1.299522
1337	3034	1.166695
1337	2294	1.166241
1337	1688	1.143761
1337	2085	1.128763
1338	2160	1.383062
1338	2291	1.253154
1338	480	0.891666
1338	2948	0.861203
1338	1965	0.775352
1338	3917	0.739487
1338	110	0.709200
1338	3481	0.707168
1338	2455	0.649379
1338	1261	0.634871
1339	2382	1.765847
1339	527	1.673105
1339	2381	1.654547
1339	2379	1.468025
1339	2458	1.363674
1339	593	1.280643
1339	1207	1.271604
1339	3690	1.252048
1339	923	1.089789
1339	3689	1.057301
1340	1969	0.806342
1340	1973	0.640331
1340	3752	0.613670
1340	1970	0.606061
1340	3939	0.593893
1340	3941	0.593893
1340	1458	0.584933
1340	1971	0.580945
1340	3863	0.546487
1340	3793	0.533629
1341	1990	3.146802
1341	2878	2.981184
1341	3572	2.652063
1341	2548	2.502483
1341	1326	2.483988
1341	1322	2.467332
1341	1989	2.244187
1341	3021	2.193091
1341	1979	2.122330
1341	1984	2.097253
1342	474	1.360014
1342	1240	1.158862
1342	2461	1.157523
1342	1200	1.143643
1342	733	1.125697
1342	2916	1.117754
1342	2548	1.030885
1342	3418	1.020289
1342	3256	0.985351
1342	1580	0.911065
1343	1580	2.328891
1343	1376	2.128663
1343	2640	1.824268
1343	1356	1.731833
1343	2117	1.599415
1343	1127	1.507470
1343	1527	1.482018
1343	32	1.480537
1343	1396	1.448505
1343	3070	1.440480
1344	1200	1.848834
1344	2529	1.704837
1344	1196	1.554134
1344	1210	1.437520
1344	3471	1.388347
1344	541	1.356138
1344	2571	1.331356
1344	1097	1.290271
1344	589	1.286900
1344	3527	1.237818
1345	1240	2.633657
1345	1214	2.295158
1345	1210	1.821182
1345	1206	1.707973
1345	3471	1.665528
1345	1584	1.248713
1345	3702	1.215102
1345	2529	1.210825
1345	1199	1.191228
1345	1198	1.116361
1347	339	1.645849
1347	2671	1.443617
1347	597	1.400590
1347	708	1.219057
1347	1569	1.151373
1347	2108	0.957847
1347	356	0.921044
1347	852	0.868975
1347	7	0.841982
1347	587	0.815691
1348	2916	0.776415
1348	589	0.715998
1348	480	0.647091
1348	260	0.643365
1348	1527	0.568037
1348	2968	0.559312
1348	1513	0.535439
1348	1240	0.516557
1348	1584	0.510016
1348	1356	0.498753
1349	1200	2.139657
1349	1036	2.133722
1349	457	2.116183
1349	1610	1.681139
1349	1210	1.665003
1349	1196	1.638930
1349	1954	1.568670
1349	1198	1.443262
1349	1222	1.409289
1349	2948	1.369397
1350	1394	1.242879
1350	1136	1.117725
1350	2918	1.095159
1350	3361	0.961172
1350	1235	0.885379
1350	3424	0.826433
1350	1265	0.822126
1350	2396	0.821785
1350	2064	0.785794
1350	3421	0.727532
1352	296	0.776299
1352	858	0.734955
1352	593	0.711022
1352	608	0.674007
1352	108	0.662266
1352	3609	0.662266
1352	527	0.655243
1352	3092	0.571429
1352	3281	0.528272
1352	3089	0.517246
1353	2089	2.213883
1353	364	2.199599
1353	1907	2.189903
1353	2018	2.087962
1353	783	2.019552
1353	588	1.887832
1353	2294	1.882060
1353	2137	1.845534
1353	2085	1.812680
1353	596	1.742475
1354	1234	0.418354
1354	3318	0.410980
1354	2944	0.387608
1354	2997	0.386646
1354	3912	0.377837
1354	1080	0.362724
1354	1240	0.359284
1354	1208	0.353612
1354	3903	0.347656
1354	2683	0.345794
1355	1230	1.172187
1355	916	0.983171
1355	902	0.941391
1355	1296	0.931449
1355	945	0.908924
1355	3097	0.878569
1355	1250	0.823902
1355	919	0.806055
1355	2215	0.796345
1355	527	0.786604
1356	457	1.412794
1356	593	1.229892
1356	1617	1.167465
1356	6	1.056536
1356	296	0.977380
1356	866	0.840668
1356	1358	0.812127
1356	1213	0.799664
1356	1343	0.797535
1356	293	0.758554
1357	1978	2.761025
1357	1975	2.722058
1357	1971	2.363728
1357	1986	2.337599
1357	1979	2.079054
1357	1980	2.005202
1357	1970	1.994181
1357	1983	1.990280
1357	1972	1.919779
1357	3021	1.877302
1358	533	1.184979
1358	3208	1.177813
1358	2126	1.166273
1358	1866	1.079229
1358	2487	1.024564
1358	1377	0.938796
1358	153	0.893743
1358	3257	0.878483
1358	2625	0.876076
1358	376	0.835582
1359	1513	1.647623
1359	2806	1.126168
1359	2598	1.123662
1359	2840	1.073968
1359	2987	1.056001
1359	2841	0.999928
1359	2396	0.985314
1359	2491	0.965359
1359	2906	0.926742
1359	2395	0.911278
1360	593	1.112899
1360	150	1.099405
1360	1358	1.027463
1360	1213	0.997978
1360	318	0.979828
1360	608	0.876458
1360	527	0.823770
1360	110	0.816191
1360	3006	0.700752
1360	2501	0.689599
1361	2571	0.730505
1361	1610	0.629855
1361	3418	0.602368
1361	110	0.558213
1361	2916	0.509987
1361	589	0.507806
1361	1704	0.494968
1361	1240	0.483270
1361	39	0.482427
1361	150	0.478463
1362	858	1.392530
1362	1267	1.094482
1362	527	0.972730
1362	908	0.957114
1362	1207	0.941602
1362	750	0.926206
1362	318	0.917806
1362	1193	0.894404
1362	903	0.869979
1362	608	0.846913
1364	1111	1.785008
1364	1192	1.656831
1364	1191	1.330228
1364	581	1.203587
1364	206	1.156212
1364	108	1.101025
1364	3609	1.101025
1364	1865	1.036039
1364	1258	1.025253
1364	3281	0.936528
1365	1196	1.835285
1365	1240	1.586211
1365	1097	1.533762
1365	1200	1.419770
1365	1967	1.419703
1365	1206	1.308503
1365	2193	1.270831
1365	2140	1.229859
1365	2161	1.218324
1365	1270	1.124345
1366	1198	1.094993
1366	1291	1.040295
1366	1240	1.020290
1366	1196	0.971390
1366	1387	0.938618
1366	1221	0.833562
1366	1200	0.828910
1366	1210	0.816595
1366	1327	0.746972
1366	2571	0.733302
1367	2134	0.816187
1367	2485	0.752192
1367	2598	0.688792
1367	2424	0.646998
1367	2805	0.644891
1367	2794	0.616399
1367	3525	0.593609
1367	2688	0.590397
1367	2378	0.588001
1367	3258	0.581705
1368	1235	0.953913
1368	1307	0.951493
1368	1	0.951346
1368	898	0.949870
1368	3361	0.935483
1368	1080	0.928922
1368	1294	0.907624
1368	1136	0.861360
1368	3421	0.860038
1368	2973	0.840574
1369	3689	0.706562
1369	2646	0.559431
1369	2814	0.481125
1369	1983	0.457255
1369	3667	0.452267
1369	1490	0.426401
1369	2668	0.389571
1369	2219	0.384900
1369	2963	0.378228
1369	2654	0.374291
1370	2119	0.759536
1370	2552	0.659829
1370	603	0.659241
1370	2327	0.629383
1370	1995	0.617480
1370	2655	0.515007
1370	751	0.507093
1370	1364	0.507093
1370	3221	0.507093
1370	1342	0.505808
1371	593	1.058573
1371	296	1.023322
1371	608	0.906549
1371	653	0.859372
1371	2162	0.794703
1371	2005	0.788073
1371	367	0.772826
1371	788	0.766536
1371	1704	0.743143
1371	2193	0.726263
1372	2490	1.254140
1372	1513	1.229576
1372	3623	1.172297
1372	2916	1.152140
1372	24	0.972376
1372	2395	0.969064
1372	3717	0.966364
1372	2841	0.935846
1372	2491	0.932636
1372	3081	0.924141
1373	3527	1.670688
1373	3699	1.610954
1373	2571	1.552312
1373	32	1.471461
1373	2916	1.456716
1373	1653	1.434156
1373	589	1.429825
1373	1356	1.403088
1373	3702	1.397142
1373	1200	1.377789
1374	1225	1.129549
1374	912	1.093127
1374	527	1.082364
1374	1193	1.029262
1374	1250	0.995163
1374	923	0.974975
1374	111	0.934476
1374	1950	0.864754
1374	899	0.854534
1374	2728	0.800094
1375	1513	1.624933
1375	2395	1.209487
1375	3081	1.145422
1375	2841	1.006248
1375	2840	0.984762
1375	2581	0.918665
1375	2394	0.886303
1375	3176	0.886225
1375	2702	0.880319
1375	2906	0.858244
1376	150	1.500279
1376	1358	0.975167
1376	1682	0.813698
1376	1393	0.807553
1376	593	0.727777
1376	265	0.654195
1376	2890	0.638178
1376	2284	0.627192
1376	3100	0.625261
1376	1639	0.622055
1377	1606	1.838887
1377	886	1.623690
1377	1562	1.601264
1377	71	1.543574
1377	809	1.494252
1377	204	1.367761
1377	1499	1.319420
1377	485	1.317393
1377	208	1.303280
1377	996	1.226592
1378	920	1.428571
1378	928	1.415800
1378	902	1.082378
1378	936	1.067817
1378	1247	0.999000
1378	905	0.922482
1378	899	0.921065
1378	1235	0.887956
1378	2935	0.868817
1378	2020	0.842487
1379	2454	1.619644
1379	551	1.614817
1379	480	1.607367
1379	524	1.312450
1379	3930	1.288674
1379	3917	1.256125
1379	1580	1.246719
1379	3929	1.143945
1379	268	1.132213
1379	3928	1.091671
1380	1907	1.059347
1380	2137	0.905032
1380	1566	0.886824
1380	3034	0.846717
1380	2294	0.801109
1380	364	0.779461
1380	616	0.771350
1380	2085	0.718349
1380	2687	0.688636
1380	2090	0.684048
1381	593	1.234567
1381	1193	1.087204
1381	1207	1.072309
1381	750	0.974480
1381	608	0.888256
1381	1252	0.861000
1381	1213	0.860572
1381	296	0.822672
1381	908	0.819754
1381	2028	0.767304
1382	1260	1.547339
1382	904	1.507182
1382	912	1.501820
1382	1267	1.363253
1382	1248	1.348603
1382	3095	1.163509
1382	1284	1.162363
1382	903	1.105873
1382	2186	0.996729
1382	1237	0.966407
1383	1610	0.609716
1383	6	0.590896
1383	457	0.570974
1383	1271	0.528550
1383	2439	0.516216
1383	838	0.505696
1383	1357	0.492210
1383	474	0.463918
1383	3100	0.459821
1383	3105	0.457987
1386	318	1.127643
1386	1234	1.085357
1386	1270	1.022819
1386	1198	0.991021
1386	2858	0.974223
1386	2804	0.942987
1386	3363	0.935820
1386	541	0.932955
1386	3421	0.911867
1386	3671	0.902952
1387	1094	1.170857
1387	17	1.005168
1387	1307	0.912437
1387	2020	0.866450
1387	920	0.817387
1387	2065	0.753900
1387	914	0.679436
1387	902	0.654924
1387	2919	0.653863
1387	943	0.624048
1388	1610	1.514967
1388	3256	1.385757
1388	1573	1.343565
1388	457	1.223640
1388	2058	1.137869
1388	1805	1.041542
1388	454	0.974666
1388	1370	0.949134
1388	2278	0.927860
1388	349	0.908504
1389	3737	0.691854
1389	3100	0.690715
1389	1660	0.594230
1389	1914	0.550762
1389	150	0.550442
1389	2439	0.506665
1389	1357	0.438078
1389	1393	0.433963
1389	232	0.426618
1389	475	0.404677
1390	1214	0.965528
1390	1270	0.866897
1390	589	0.766187
1390	2762	0.756526
1390	1198	0.752445
1390	1240	0.750946
1390	2987	0.730325
1390	1200	0.695257
1390	1387	0.675128
1390	32	0.665817
1391	2105	1.107428
1391	1376	1.074640
1391	1373	0.935413
1391	3699	0.903146
1391	2640	0.889545
1391	1372	0.886870
1391	329	0.870561
1391	3698	0.795783
1391	1356	0.793063
1391	2641	0.784905
1392	2866	1.183254
1392	3359	1.179598
1392	3167	0.978816
1392	1161	0.968452
1392	3471	0.852582
1392	3230	0.834386
1392	1913	0.808802
1392	3037	0.808481
1392	1125	0.796128
1392	2923	0.788083
1393	1704	0.945498
1393	529	0.870175
1393	47	0.655930
1393	2501	0.652874
1393	1784	0.587501
1393	3060	0.565397
1393	3255	0.551346
1393	778	0.544973
1393	1089	0.534925
1393	3147	0.493716
1395	1391	1.795890
1395	3697	1.746861
1395	1037	1.745375
1395	1603	1.513744
1395	1917	1.511400
1395	780	1.439719
1395	1779	1.414671
1395	316	1.396412
1395	173	1.343036
1395	172	1.314900
1396	2005	1.813678
1396	1073	1.692521
1396	2105	1.653834
1396	2054	1.557410
1396	3479	1.475778
1396	2872	1.415058
1396	2797	1.290127
1396	2453	1.176332
1396	2100	1.172738
1396	653	1.051427
1397	260	1.234828
1397	1584	1.110319
1397	1196	1.103862
1397	1240	1.020599
1397	589	1.012997
1397	912	0.911118
1397	1214	0.895067
1397	1200	0.885210
1397	1198	0.836952
1397	1193	0.792087
1398	3923	1.255096
1398	2291	1.211640
1398	2455	1.195582
1398	3927	1.180920
1398	3928	1.139689
1398	1673	1.116065
1398	1267	1.098507
1398	3929	1.044368
1398	524	0.957049
1398	1171	0.949732
1399	1890	0.801784
1399	2864	0.725241
1399	383	0.672213
1399	146	0.609363
1399	3354	0.581074
1399	3510	0.578296
1399	2055	0.556692
1399	1007	0.540766
1399	3453	0.540618
1399	3298	0.537475
1400	1704	1.068518
1400	1358	0.879705
1400	3246	0.756932
1400	1784	0.740553
1400	1393	0.680689
1400	1923	0.660818
1400	34	0.646208
1400	2028	0.634719
1400	593	0.623304
1400	1466	0.619736
1401	318	1.384467
1401	296	1.375372
1401	608	1.239148
1401	527	1.115101
1401	1213	1.049944
1401	2762	0.995335
1401	1089	0.816936
1401	904	0.815648
1401	1248	0.784443
1401	1252	0.765051
1402	608	1.467496
1402	50	1.282835
1402	2858	1.212026
1402	110	1.209220
1402	318	1.143478
1402	296	1.094177
1402	1610	1.030330
1402	1240	0.936447
1402	1265	0.919838
1402	1358	0.916762
1403	32	2.358884
1403	260	2.166596
1403	1206	2.144958
1403	1584	1.939564
1403	1210	1.890888
1403	3703	1.799111
1403	924	1.646352
1403	2916	1.587603
1403	3702	1.553521
1403	3527	1.406753
1404	1550	0.920194
1404	2051	0.861904
1404	135	0.698917
1404	1855	0.673214
1404	2683	0.671993
1404	1503	0.658530
1404	505	0.655743
1404	2541	0.651261
1404	1731	0.644029
1404	2191	0.602019
1405	1997	1.973377
1405	1258	1.396219
1405	2648	1.321262
1405	3018	1.232173
1405	1321	1.213621
1405	3727	1.205042
1405	1994	1.128409
1405	2784	1.096017
1405	2644	1.089473
1405	2118	1.049098
1407	3555	2.101690
1407	3300	1.779895
1407	3755	1.674836
1407	3534	1.456574
1407	3897	1.424590
1407	3717	1.369030
1407	3893	1.315567
1407	3744	1.294593
1407	3354	1.291580
1407	3566	1.285240
1408	1917	1.532690
1408	1552	1.405576
1408	95	1.118472
1408	1100	1.110525
1408	1591	1.074337
1408	1833	1.060180
1408	736	1.038097
1408	1320	1.001737
1408	1831	0.999886
1408	1377	0.981360
1409	2916	1.039326
1409	32	1.011547
1409	3527	0.843157
1409	1584	0.839150
1409	589	0.829653
1409	1374	0.790598
1409	1653	0.741116
1409	1097	0.727845
1409	2529	0.702649
1409	1200	0.678182
1410	2896	0.797721
1410	2748	0.761120
1410	413	0.713443
1410	1064	0.607122
1410	2766	0.585142
1410	888	0.557817
1410	609	0.501080
1410	1692	0.495684
1410	410	0.482261
1410	1117	0.472456
1411	2734	3.214145
1411	785	2.411708
1411	2688	2.385658
1411	2502	2.194685
1411	233	1.980195
1411	2686	1.967603
1411	1959	1.645830
1411	2723	1.607038
1411	3623	1.481873
1411	1093	1.452247
1413	1356	0.909837
1413	1372	0.681726
1413	1573	0.677545
1413	1580	0.656647
1413	329	0.636587
1413	2916	0.633323
1413	3361	0.632526
1413	2985	0.603433
1413	780	0.593949
1413	2918	0.585605
1414	1876	1.347549
1414	1676	1.191459
1414	292	1.189956
1414	2393	1.146946
1414	329	1.142784
1414	1918	1.120240
1414	1792	1.061319
1414	95	1.054267
1414	3082	1.051221
1414	2094	1.020242
1415	3753	0.766955
1415	3578	0.707019
1415	3624	0.650044
1415	1221	0.643035
1415	648	0.619657
1415	3717	0.593765
1415	3793	0.566804
1415	1376	0.533878
1415	2161	0.513426
1415	2406	0.488593
1418	694	1.497536
1418	71	1.456711
1418	3432	1.332588
1418	815	1.302995
1418	1170	1.302995
1418	2818	1.200006
1418	420	1.159089
1418	204	1.111873
1418	502	1.106530
1418	153	0.974893
1419	1970	2.009762
1419	3937	1.832146
1419	3918	1.610437
1419	1972	1.521847
1419	3939	1.286144
1419	3941	1.274205
1419	3923	1.160187
1419	1986	1.143262
1419	1977	1.140559
1419	3917	1.100821
1420	1036	1.767044
1420	1291	1.624307
1420	1240	1.478646
1420	1287	1.412869
1420	2949	1.391386
1420	1210	1.304238
1420	1610	1.127312
1420	2948	1.111507
1420	1201	1.091463
1420	457	1.005567
1421	1221	0.851647
1421	318	0.784154
1421	1193	0.782456
1421	912	0.771915
1421	608	0.751680
1421	923	0.684534
1421	1267	0.676380
1421	1952	0.623782
1421	2019	0.605360
1421	904	0.596525
1422	3911	1.115629
1422	3556	0.993317
1422	3408	0.831833
1422	3863	0.794223
1422	3952	0.785045
1422	3916	0.712365
1422	3751	0.656120
1422	2388	0.647204
1422	3618	0.643540
1422	3852	0.627082
1423	3897	1.288294
1423	3948	1.053177
1423	3534	0.977820
1423	3911	0.922746
1423	3408	0.922419
1423	3566	0.888076
1423	3322	0.839283
1423	3865	0.827997
1423	3617	0.824080
1423	3831	0.819568
1424	1342	2.283472
1424	2327	1.612405
1424	724	1.462098
1424	2120	1.211794
1424	2004	1.199811
1424	3709	1.034473
1424	407	0.969894
1424	328	0.967515
1424	2279	0.933823
1424	1407	0.920399
1425	3858	0.706786
1425	80	0.448796
1425	52	0.415617
1425	1513	0.412800
1425	2864	0.410421
1425	3014	0.397779
1425	600	0.386695
1425	1890	0.386695
1425	3797	0.363677
1425	1148	0.357225
1426	2948	0.914610
1426	1222	0.843033
1426	2949	0.835818
1426	457	0.818381
1426	2194	0.771791
1426	1291	0.763044
1426	2944	0.734668
1426	1242	0.733021
1426	2529	0.716565
1426	2922	0.668687
1427	2096	3.325710
1427	364	2.492374
1427	1032	2.340321
1427	2137	2.324872
1427	596	2.208778
1427	3034	2.145793
1427	2687	2.087062
1427	588	2.020863
1427	2078	1.979152
1427	709	1.966678
1428	2291	1.558405
1428	2948	1.536245
1428	551	1.524853
1428	2657	1.349331
1428	524	1.343181
1428	2791	1.234290
1428	1965	1.175778
1428	3923	1.159815
1428	70	1.131937
1428	3928	1.129869
1430	47	0.918329
1430	50	0.911291
1430	1213	0.893488
1430	608	0.851230
1430	296	0.843190
1430	593	0.829282
1430	1358	0.755557
1430	2571	0.730586
1430	2391	0.643207
1430	2997	0.626810
1432	223	1.916181
1432	2734	1.913694
1432	2688	1.894169
1432	1911	1.822146
1432	1093	1.743367
1432	2605	1.694759
1432	2580	1.654360
1432	2959	1.648712
1432	2881	1.591705
1432	2706	1.516674
1433	1591	1.705417
1433	327	1.241969
1433	71	1.237396
1433	694	1.229325
1433	420	1.213860
1433	3440	1.207896
1433	204	1.165005
1433	1037	1.138966
1433	546	1.095680
1433	1373	1.072823
1434	2953	1.261131
1434	374	1.147683
1434	2036	1.110709
1434	2042	0.957525
1434	2027	0.895685
1434	867	0.843520
1434	65	0.825538
1434	1707	0.809715
1434	239	0.797082
1434	2152	0.763259
1435	3481	1.310576
1435	1171	1.272721
1435	2160	1.136555
1435	480	1.133149
1435	2455	1.008082
1435	1580	0.898353
1435	2948	0.883989
1435	110	0.874350
1435	3317	0.865752
1435	3897	0.860247
1436	1513	3.029308
1436	3219	2.196911
1436	2840	2.191279
1436	2841	2.086950
1436	2581	1.943442
1436	2395	1.804395
1436	2485	1.680048
1436	2490	1.648712
1436	2394	1.582111
1436	2502	1.525378
1437	1240	0.637082
1437	2947	0.629409
1437	2918	0.535022
1437	2571	0.520920
1437	1136	0.504231
1437	1234	0.498774
1437	110	0.496026
1437	3421	0.488556
1437	2529	0.475637
1437	1965	0.470718
1438	3005	2.634013
1438	2770	2.449516
1438	1093	2.176175
1438	2706	2.158883
1438	2433	2.069496
1438	2605	1.869556
1438	3203	1.808035
1438	2188	1.594743
1438	2771	1.552014
1438	2707	1.509291
1439	1248	1.084518
1439	2066	1.025268
1439	922	1.012938
1439	3435	0.962510
1439	2291	0.950153
1439	2186	0.945902
1439	1267	0.936711
1439	589	0.921294
1439	913	0.849560
1439	1069	0.774676
1440	1214	0.870733
1440	3471	0.700766
1440	1270	0.661031
1440	1240	0.655925
1440	858	0.618457
1440	1387	0.600753
1440	2477	0.595281
1440	1200	0.592542
1440	589	0.585309
1440	457	0.558434
1441	236	0.988103
1441	1485	0.984294
1441	1777	0.890456
1441	2424	0.841337
1441	7	0.806660
1441	205	0.796090
1441	1569	0.791084
1441	500	0.770353
1441	597	0.769648
1441	2124	0.639124
1442	364	3.430666
1442	596	2.956614
1442	595	2.765933
1442	2089	2.760329
1442	594	2.625588
1442	2087	2.591581
1442	2078	2.512063
1442	2085	2.460477
1442	1566	2.264934
1442	1688	2.076919
1443	593	1.515824
1443	858	1.468512
1443	608	1.308001
1443	904	1.296490
1443	527	1.247892
1443	296	1.204714
1443	1196	1.184809
1443	1221	1.182501
1443	50	1.139595
1443	1193	1.135330
1445	1240	0.889378
1445	2916	0.776215
1445	1214	0.740789
1445	1196	0.709583
1445	1798	0.702863
1445	32	0.685254
1445	1200	0.650989
1445	3699	0.644011
1445	2529	0.638282
1445	3527	0.594592
1446	923	1.525196
1446	1207	1.415942
1446	858	1.350243
1446	318	1.240151
1446	1952	1.167920
1446	1262	1.165661
1446	1252	1.094034
1446	593	1.093528
1446	903	1.008670
1446	908	0.999631
1447	3696	0.991427
1447	735	0.867932
1447	3018	0.599304
1447	1350	0.529705
1447	1997	0.526957
1447	608	0.446500
1447	2762	0.445094
1447	1089	0.413951
1447	1994	0.409749
1447	1617	0.404352
1448	3623	0.907460
1448	3755	0.746976
1448	3615	0.746064
1448	3354	0.694624
1448	3624	0.693135
1448	3753	0.677193
1448	3744	0.674724
1448	3409	0.629222
1448	3785	0.596674
1448	3484	0.569193
1449	289	0.742636
1449	1894	0.647790
1449	2048	0.619449
1449	3400	0.608907
1449	1011	0.606624
1449	378	0.601488
1449	2424	0.573885
1449	1010	0.548837
1449	1043	0.542539
1449	1600	0.524535
1450	1777	1.203939
1450	1457	0.836324
1450	2424	0.763368
1450	500	0.730391
1450	597	0.725797
1450	539	0.620345
1450	1485	0.602416
1450	2567	0.595233
1450	2502	0.586556
1450	564	0.564886
1451	3351	0.902092
1451	2655	0.901364
1451	2483	0.869745
1451	2650	0.838945
1451	3777	0.837571
1451	1977	0.802042
1451	1329	0.794796
1451	2328	0.793745
1451	1323	0.791322
1451	3573	0.790771
1455	2125	1.037488
1455	1357	0.882076
1455	1680	0.869935
1455	3046	0.828204
1455	1684	0.814914
1455	2570	0.780341
1455	356	0.757675
1455	1265	0.701190
1455	1925	0.686237
1455	440	0.680553
1457	1777	0.633991
1457	2424	0.584250
1457	367	0.565285
1457	2671	0.546796
1457	11	0.541309
1457	339	0.519247
1457	587	0.490317
1457	2124	0.475394
1457	440	0.464023
1457	2683	0.457996
1458	2018	0.884240
1458	364	0.875839
1458	594	0.800918
1458	2096	0.787891
1458	595	0.779386
1458	1196	0.724540
1458	1029	0.699931
1458	2571	0.689698
1458	1240	0.656702
1458	1282	0.650313
1461	1971	3.310183
1461	1970	2.200654
1461	611	2.048893
1461	3937	1.672436
1461	3918	1.509551
1461	3923	1.144692
1461	1986	1.116200
1461	1977	1.064046
1461	1327	1.041382
1461	2159	1.023762
1462	2160	1.732855
1462	1580	1.615544
1462	2948	1.494822
1462	1171	1.444712
1462	3481	1.324343
1462	524	1.161508
1462	144	1.068934
1462	1269	1.058538
1462	3917	1.032539
1462	3929	0.946344
1463	539	1.157326
1463	270	1.009253
1463	1409	0.915374
1463	339	0.881972
1463	7	0.867104
1463	1457	0.832875
1463	736	0.799799
1463	1894	0.773339
1463	1605	0.759563
1463	605	0.753219
1464	539	0.867754
1464	597	0.817638
1464	11	0.753608
1464	2815	0.742128
1464	357	0.716023
1464	466	0.648692
1464	318	0.645477
1464	2125	0.617533
1464	587	0.603613
1464	3767	0.586925
1465	1068	1.686599
1465	2205	1.686599
1465	3122	1.603837
1465	594	1.327435
1465	1282	1.251245
1465	2201	1.230079
1465	2204	1.197234
1465	2096	1.166142
1465	3792	1.127055
1465	1022	1.043584
1466	316	0.985253
1466	1037	0.878523
1466	2393	0.856394
1466	329	0.842609
1466	208	0.825701
1466	1779	0.803184
1466	2126	0.790573
1466	1552	0.775066
1466	434	0.762900
1466	1377	0.746209
1467	2598	2.333260
1467	1513	2.202098
1467	2502	2.073819
1467	2581	1.875624
1467	2840	1.813977
1467	2013	1.779817
1467	2491	1.724060
1467	2394	1.679681
1467	3273	1.641398
1467	785	1.626013
1468	260	2.529690
1468	589	2.290139
1468	457	2.175074
1468	2028	1.955741
1468	1197	1.626881
1468	1221	1.596492
1468	1610	1.593002
1468	110	1.535092
1468	1242	1.488352
1468	1287	1.420512
1469	905	1.308237
1469	947	1.264678
1469	1136	1.167388
1469	1294	1.009892
1469	1244	0.920451
1469	2935	0.885547
1469	3067	0.863768
1469	1394	0.842265
1469	745	0.811450
1469	1235	0.787102
1470	3753	1.024534
1470	3624	0.996489
1470	3555	0.943759
1470	3785	0.857733
1470	3744	0.828930
1470	3827	0.763602
1470	3510	0.754496
1470	3452	0.735954
1470	3863	0.693093
1470	3646	0.666567
1472	1967	1.679393
1472	1073	1.545800
1472	2193	1.465428
1472	2872	1.388123
1472	2143	1.135553
1472	2140	1.081004
1472	2968	1.044345
1472	2	0.921966
1472	367	0.920618
1472	2105	0.913150
1473	1276	1.033332
1473	2922	0.942277
1473	1084	0.907736
1473	923	0.797452
1473	3365	0.770061
1473	2951	0.747029
1473	2921	0.729670
1473	1225	0.715535
1473	920	0.713390
1473	1201	0.712509
1474	1356	2.233443
1474	2916	2.113806
1474	1129	1.691127
1474	480	1.639553
1474	1584	1.617382
1474	2528	1.604554
1474	2407	1.502975
1474	1396	1.448289
1474	1375	1.373114
1474	3704	1.371070
1475	539	1.427299
1475	597	1.309317
1475	2671	1.291596
1475	1777	1.109137
1475	708	1.036106
1475	356	1.035918
1475	587	1.034103
1475	2424	1.005889
1475	2570	0.898170
1475	2125	0.827618
1476	318	1.435641
1476	527	1.366926
1476	608	1.301681
1476	2028	1.184246
1476	1907	1.162310
1476	2571	1.134709
1476	858	1.125806
1476	783	1.091883
1476	1198	1.016356
1476	296	0.994810
1477	1153	1.633147
1477	3934	1.315021
1477	2454	1.279022
1477	3850	1.069638
1477	3893	0.943888
1477	3627	0.820699
1477	2035	0.790592
1477	313	0.784024
1477	3481	0.746160
1477	3900	0.730907
1478	3568	0.590432
1478	3951	0.562177
1478	3241	0.558796
1478	1196	0.544270
1478	2028	0.477594
1478	1704	0.463476
1478	1214	0.454834
1478	318	0.454610
1478	246	0.447311
1478	111	0.437074
1480	3300	1.765789
1480	3510	1.724636
1480	3624	1.683363
1480	3484	1.545299
1480	3481	1.471148
1480	3578	1.325381
1480	3317	1.140308
1480	3911	1.070516
1480	3747	0.985951
1480	3515	0.981777
1481	593	1.169955
1481	260	1.015220
1481	527	0.962084
1481	296	0.941555
1481	2028	0.920434
1481	50	0.890766
1481	1196	0.826184
1481	1704	0.825924
1481	1213	0.823902
1481	858	0.819885
1482	2598	2.844193
1482	2840	2.507453
1482	3219	2.457275
1482	1513	2.316260
1482	3081	2.221189
1482	2013	2.155333
1482	24	1.957791
1482	1959	1.851617
1482	2491	1.846704
1482	2581	1.739523
1483	1610	0.795401
1483	2161	0.781976
1483	2193	0.731079
1483	2	0.698631
1483	2006	0.684288
1483	1967	0.673408
1483	2571	0.659177
1483	2628	0.652563
1483	2143	0.646021
1483	474	0.632523
1484	2539	0.616363
1484	231	0.591957
1484	1412	0.569803
1484	344	0.543695
1484	333	0.509701
1484	57	0.497377
1484	784	0.474505
1484	2487	0.439673
1484	3010	0.431144
1484	1614	0.426461
1486	2694	2.306086
1486	2683	2.228130
1486	1911	2.061768
1486	2881	1.927336
1486	1093	1.879287
1486	223	1.830509
1486	2688	1.816053
1486	2605	1.799054
1486	2433	1.782361
1486	2716	1.612379
1487	3753	1.508297
1487	3624	1.383954
1487	3555	1.299754
1487	3623	1.230835
1487	918	1.206679
1487	3717	1.191116
1487	3409	1.167887
1487	1947	1.163782
1487	3510	1.101554
1487	3793	1.050869
1489	807	0.986415
1489	2066	0.783350
1489	3816	0.669148
1489	1152	0.656755
1489	1406	0.618897
1489	1153	0.616512
1489	3749	0.580949
1489	645	0.551601
1489	3853	0.549121
1489	183	0.482203
1490	786	1.195584
1490	736	1.051731
1490	2616	1.043976
1490	288	0.991967
1490	10	0.982712
1490	1597	0.975141
1490	2989	0.962560
1490	2334	0.957409
1490	2002	0.942559
1490	292	0.836533
1491	318	0.708924
1491	1221	0.597855
1491	2028	0.550038
1491	608	0.539383
1491	1704	0.533595
1491	50	0.523915
1491	162	0.505889
1491	1213	0.498492
1491	3100	0.471873
1491	457	0.464573
1492	1573	1.906561
1492	2628	1.647313
1492	10	1.524960
1492	1917	1.489429
1492	1372	1.481875
1492	2393	1.444423
1492	292	1.417737
1492	349	1.387332
1492	1370	1.385918
1492	1876	1.324477
1494	595	1.842968
1494	2096	1.748545
1494	1029	1.717002
1494	1022	1.666534
1494	2087	1.594648
1494	2565	1.416612
1494	2018	1.374368
1494	596	1.312995
1494	2080	1.309141
1494	1035	1.176971
1495	317	1.035256
1495	54	0.976320
1495	158	0.961575
1495	1009	0.956005
1495	586	0.880766
1495	3489	0.811427
1495	107	0.778898
1495	577	0.763948
1495	1967	0.736627
1495	2143	0.718431
1496	1779	1.382794
1496	435	1.166443
1496	2851	1.147794
1496	173	1.125301
1496	2986	0.921817
1496	2642	0.908813
1496	3024	0.892658
1496	3697	0.841134
1496	748	0.837016
1496	1917	0.836547
1497	2989	1.042167
1497	1370	0.953365
1497	2006	0.938613
1497	2991	0.886917
1497	2403	0.862031
1497	494	0.843101
1497	349	0.835751
1497	1552	0.816970
1497	3698	0.815128
1497	2376	0.795901
1498	2951	0.966744
1498	1291	0.899882
1498	1240	0.868753
1498	3508	0.854570
1498	2948	0.805628
1498	1222	0.805105
1498	2922	0.803798
1498	1200	0.782700
1498	1954	0.768452
1498	1210	0.767189
1499	3578	1.166540
1499	3785	1.116163
1499	3744	1.082535
1499	3624	1.031770
1499	34	0.897770
1499	3646	0.889558
1499	3798	0.835477
1499	3863	0.832599
1499	3753	0.832142
1499	3555	0.828096
1500	3039	1.009867
1500	2352	0.769900
1500	3552	0.760751
1500	2174	0.725827
1500	2100	0.677879
1500	1270	0.676017
1500	2144	0.675520
1500	3361	0.670107
1500	2150	0.662348
1500	2791	0.653818
1501	3717	0.785833
1501	3624	0.748421
1501	3555	0.728636
1501	3578	0.691863
1501	3300	0.679959
1501	3623	0.657905
1501	3755	0.631588
1501	3785	0.616549
1501	3409	0.599851
1501	3793	0.591996
1502	1474	0.953049
1502	239	0.944344
1502	1562	0.902711
1502	1460	0.901044
1502	1005	0.820965
1502	355	0.810696
1502	71	0.781532
1502	1489	0.754418
1502	3710	0.751635
1502	460	0.713867
1503	380	0.661070
1503	733	0.655238
1503	539	0.591374
1503	2115	0.591359
1503	1370	0.562014
1503	2058	0.556017
1503	3087	0.550168
1503	1858	0.531461
1503	2353	0.528987
1503	349	0.523331
1504	1580	1.355219
1504	1610	1.350194
1504	1240	1.222067
1504	589	1.215113
1504	3527	1.203693
1504	480	1.185524
1504	1200	1.158814
1504	1527	1.140877
1504	3256	1.111956
1504	110	1.097977
1505	3361	1.302329
1505	1278	1.051617
1505	2918	1.014562
1505	1079	0.979509
1505	1307	0.950267
1505	2973	0.891497
1505	3671	0.859668
1505	3424	0.826614
1505	1294	0.808391
1505	2926	0.778873
1506	1580	1.391189
1506	2916	1.230342
1506	780	1.206493
1506	349	1.137925
1506	1370	1.097293
1506	1372	1.039092
1506	480	1.036211
1506	733	1.013075
1506	1527	0.972286
1506	316	0.843180
1507	2096	1.911127
1507	596	1.728571
1507	1029	1.646953
1507	364	1.641301
1507	2087	1.335007
1507	2081	1.259270
1507	1907	1.087000
1507	1032	1.066385
1507	2078	1.047801
1507	1	1.008715
1509	3704	0.969992
1509	2365	0.884378
1509	3717	0.756909
1509	3744	0.734258
1509	2105	0.723472
1509	2011	0.714590
1509	1375	0.684498
1509	3624	0.673089
1509	3785	0.615919
1509	435	0.610774
1510	2948	1.685182
1510	1171	1.635413
1510	2791	1.590825
1510	551	1.503751
1510	589	1.488886
1510	524	1.380730
1510	1035	1.327717
1510	3917	1.271022
1510	3481	1.106167
1510	2454	1.006076
1511	919	1.194651
1511	2565	1.088201
1511	1282	1.003818
1511	1035	0.928479
1511	900	0.922487
1511	1022	0.903442
1511	1931	0.897216
1511	1029	0.868679
1511	914	0.867146
1511	918	0.858690
1512	2291	1.793597
1512	2791	1.618014
1512	1965	1.251684
1512	480	1.168897
1512	551	1.071860
1512	1249	1.069990
1512	1269	0.962290
1512	3555	0.960591
1512	3897	0.959641
1512	524	0.955061
1513	1240	1.411470
1513	1214	1.379562
1513	1200	1.273126
1513	1206	1.228153
1513	2529	1.135383
1513	1196	1.034295
1513	1199	1.016535
1513	32	0.989386
1513	924	0.910848
1513	3702	0.843857
1514	1356	2.349495
1514	1909	2.216754
1514	1372	2.084811
1514	329	1.936041
1514	1396	1.847566
1514	2571	1.705446
1514	198	1.667109
1514	1921	1.614998
1514	1876	1.521693
1514	2393	1.450949
1516	1777	0.684795
1516	3450	0.657615
1516	2539	0.628480
1516	410	0.565935
1516	3253	0.558161
1516	333	0.533900
1516	1042	0.517673
1516	248	0.512834
1516	1895	0.512008
1516	500	0.506429
1517	2599	1.012483
1517	589	0.743109
1517	2396	0.722814
1517	2762	0.708723
1517	1704	0.655769
1517	3636	0.617266
1517	1369	0.598222
1517	296	0.597148
1517	527	0.594756
1517	2997	0.590249
1519	608	1.800295
1519	296	1.662204
1519	1213	1.602724
1519	1196	1.249501
1519	1193	1.178323
1519	1198	1.140184
1519	858	1.112932
1519	2028	1.101757
1519	2571	1.074580
1519	1221	1.060945
1521	113	1.770777
1521	1645	1.567325
1521	350	1.402500
1521	3044	1.302085
1521	1092	1.287853
1521	2391	1.044164
1521	457	0.992323
1521	2467	0.981511
1521	2749	0.971588
1521	1422	0.851977
1522	2985	2.313288
1522	1356	1.772041
1522	2528	1.740782
1522	1376	1.550717
1522	1527	1.539869
1522	1584	1.339251
1522	3527	1.285923
1522	3699	1.261808
1522	2916	1.245821
1522	2455	1.238611
1523	2947	2.758974
1523	1200	2.402530
1523	1287	1.890094
1523	1954	1.761454
1523	1196	1.756685
1523	1214	1.719436
1523	110	1.642474
1523	2944	1.561415
1523	1198	1.456607
1523	1387	1.391262
1524	2683	0.590830
1524	2188	0.543180
1524	2694	0.542755
1524	2571	0.528483
1524	1580	0.528256
1524	2916	0.513072
1524	1676	0.501317
1524	2185	0.497121
1524	1372	0.491918
1524	1196	0.484614
1525	2565	2.207712
1525	1022	1.994865
1525	594	1.807186
1525	914	1.771492
1525	918	1.758485
1525	364	1.718274
1525	1028	1.572851
1525	2087	1.527646
1525	1951	1.489356
1525	2096	1.429807
1526	928	0.954719
1526	899	0.905700
1526	3097	0.897940
1526	527	0.854681
1526	318	0.803446
1526	1244	0.795160
1526	910	0.748109
1526	1204	0.734622
1526	1674	0.724500
1526	969	0.722675
1527	589	1.223266
1527	1200	1.096128
1527	1196	0.993460
1527	541	0.940337
1527	1214	0.939855
1527	457	0.934388
1527	260	0.915465
1527	924	0.855196
1527	527	0.754308
1527	3471	0.734520
1528	1982	1.571787
1528	1350	1.446582
1528	1513	1.372271
1528	3018	1.301905
1528	2395	1.238641
1528	2841	1.189413
1528	3499	1.165366
1528	2598	1.159602
1528	2840	1.151741
1528	2288	1.099215
1529	2916	1.626139
1529	1356	1.251542
1529	1527	1.104969
1529	2115	1.057568
1529	1573	1.039125
1529	648	1.021506
1529	1370	0.999959
1529	780	0.942776
1529	10	0.937826
1529	112	0.910667
1530	1552	0.816547
1530	2001	0.656597
1530	1833	0.641448
1530	494	0.618632
1530	292	0.614421
1530	165	0.610821
1530	736	0.609420
1530	2393	0.592222
1530	1377	0.558979
1530	1385	0.548179
1531	1673	2.252478
1531	3627	1.717295
1531	3927	1.642059
1531	1580	1.574907
1531	2791	1.473736
1531	2657	1.455884
1531	3932	1.409694
1531	3928	1.364493
1531	3450	1.289603
1531	144	1.286516
1532	3282	0.880950
1532	223	0.799138
1532	2770	0.771776
1532	1923	0.705921
1532	2539	0.686588
1532	104	0.685368
1532	2598	0.683478
1532	500	0.650873
1532	3809	0.647598
1532	2485	0.623517
1533	2598	3.109106
1533	2906	2.291574
1533	2581	2.065440
1533	2734	2.042252
1533	2490	1.894973
1533	24	1.814157
1533	2841	1.704113
1533	3081	1.667576
1533	2762	1.588762
1533	43	1.515629
1536	367	1.230848
1536	2005	1.166282
1536	2872	1.078660
1536	3479	0.984508
1536	1967	0.924273
1536	2161	0.906573
1536	2968	0.864625
1536	2193	0.836741
1536	2140	0.835219
1536	2	0.810910
1537	3555	2.124446
1537	3624	1.856451
1537	3578	1.692724
1537	3354	1.486158
1537	480	1.442954
1537	2291	1.440095
1537	2160	1.233902
1537	1171	1.210561
1537	3513	1.071507
1537	3534	0.992918
1538	3450	0.946723
1538	141	0.893946
1538	2539	0.776560
1538	1747	0.639931
1538	3253	0.635554
1538	1777	0.630626
1538	480	0.624944
1538	1485	0.615332
1538	440	0.611133
1538	1020	0.596690
1540	1069	1.445235
1540	1252	1.431660
1540	899	1.357076
1540	1260	1.323400
1540	1152	1.265058
1540	942	1.238347
1540	1248	1.224892
1540	595	1.189301
1540	930	1.151798
1540	1267	1.113104
1542	2581	1.256943
1542	2598	1.112267
1542	318	1.108460
1542	593	1.004682
1542	2805	0.997906
1542	296	0.980653
1542	2605	0.964110
1542	2502	0.958405
1542	3219	0.946159
1542	2716	0.945986
1543	3039	1.014886
1543	1079	1.006993
1543	3361	0.951535
1543	3552	0.926265
1543	3210	0.858964
1543	2797	0.845841
1543	3072	0.788998
1543	2918	0.767672
1543	2174	0.748646
1543	2791	0.688475
1544	2581	2.491856
1544	785	2.388008
1544	2734	2.192785
1544	3219	2.054704
1544	2013	2.041629
1544	2490	1.964151
1544	2599	1.855697
1544	2716	1.714814
1544	24	1.667346
1544	3160	1.657451
1545	3074	2.709043
1545	383	2.208584
1545	1378	2.194319
1545	599	2.190267
1545	1266	2.130988
1545	416	1.926721
1545	1201	1.780883
1545	1379	1.652947
1545	964	1.575144
1545	3487	1.495420
1546	3897	1.293790
1546	3948	0.962982
1546	3911	0.955914
1546	3852	0.869984
1546	3863	0.855483
1546	3898	0.638827
1546	3481	0.623805
1546	3515	0.607287
1546	3408	0.584326
1546	3618	0.572937
1547	1200	1.130543
1547	457	1.107972
1547	589	1.046547
1547	2947	0.974364
1547	1291	0.938675
1547	1214	0.905896
1547	1610	0.905840
1547	1210	0.881797
1547	2028	0.867265
1547	1387	0.847643
1548	2598	1.928924
1548	1513	1.894817
1548	2395	1.463710
1548	2841	1.337476
1548	2840	1.260195
1548	3219	1.231438
1548	2581	1.216876
1548	2906	1.124081
1548	2724	1.119715
1548	2491	1.111497
1551	1247	0.512196
1551	912	0.475052
1551	3314	0.464991
1551	670	0.421076
1551	1276	0.418200
1551	2935	0.405796
1551	899	0.402677
1551	669	0.398086
1551	936	0.391969
1551	124	0.390647
1552	3552	1.766147
1552	1663	1.748818
1552	2463	1.419494
1552	2371	1.278769
1552	2245	1.266126
1552	3087	1.219614
1552	1297	1.203384
1552	2423	1.144181
1552	2174	1.133995
1552	3501	1.077186
1553	588	1.148530
1553	594	1.100171
1553	2096	1.096873
1553	2078	1.060530
1553	1029	0.972861
1553	919	0.946958
1553	2687	0.904401
1553	595	0.894757
1553	2087	0.891544
1553	1032	0.833491
1554	593	1.375693
1554	50	1.209769
1554	589	0.970184
1554	1248	0.964898
1554	904	0.922278
1554	1219	0.883335
1554	922	0.830063
1554	1284	0.808160
1554	1247	0.799233
1554	912	0.782516
1555	1240	0.917226
1555	608	0.900597
1555	593	0.841196
1555	318	0.822601
1555	2918	0.776871
1555	1079	0.763119
1555	2248	0.757168
1555	1394	0.753807
1555	1213	0.753396
1555	2028	0.751292
1556	349	0.671395
1556	733	0.662856
1556	1370	0.637275
1556	377	0.546347
1556	457	0.524018
1556	2353	0.523696
1556	2100	0.508647
1556	2089	0.475246
1556	2424	0.470117
1556	2916	0.451842
1557	2193	1.501984
1557	1073	1.488030
1557	2797	1.346091
1557	3479	1.194158
1557	2140	1.168525
1557	2968	1.165883
1557	1407	1.037207
1557	2872	1.001426
1557	2054	0.989168
1557	2143	0.970248
1559	2640	1.590979
1559	1580	1.238653
1559	2968	1.227077
1559	3702	1.202766
1559	1097	1.156296
1559	1356	1.139190
1559	1584	1.029281
1559	2916	1.028572
1559	1653	1.015802
1559	2117	1.004339
1560	2683	1.419094
1560	2694	1.275671
1560	2188	1.156031
1560	3005	1.043579
1560	3285	0.965221
1560	2770	0.814599
1560	223	0.727703
1560	2771	0.711301
1560	1911	0.678048
1560	3161	0.669118
1561	339	0.587058
1561	597	0.582973
1561	997	0.544331
1561	2424	0.482272
1561	1777	0.442136
1561	1485	0.441496
1561	3215	0.429897
1561	2125	0.426551
1561	11	0.407556
1561	468	0.405424
1562	3709	1.829670
1562	2713	1.640483
1562	328	1.544006
1562	606	1.534809
1562	2328	1.530640
1562	1407	1.514601
1562	407	1.503150
1562	177	1.499064
1562	2793	1.425128
1562	2389	1.392083
1563	1673	1.139351
1563	1171	1.051175
1563	3893	1.026832
1563	2948	0.994676
1563	3751	0.961223
1563	3911	0.917106
1563	3624	0.909348
1563	480	0.853878
1563	2455	0.842115
1563	1965	0.820284
1564	1562	1.329815
1564	1687	1.099859
1564	694	1.049617
1564	780	1.012524
1564	71	1.010446
1564	849	0.996473
1564	3208	0.919412
1564	1037	0.915512
1564	2722	0.913561
1564	1479	0.910592
1565	342	0.950377
1565	1923	0.900741
1565	11	0.884071
1565	1517	0.867223
1565	39	0.856915
1565	597	0.828216
1565	1265	0.802106
1565	1883	0.792605
1565	2321	0.762528
1565	2359	0.755749
1567	1213	1.404411
1567	527	1.292780
1567	296	1.229513
1567	1193	1.071065
1567	923	0.997882
1567	1221	0.977126
1567	1207	0.943053
1567	1225	0.884957
1567	50	0.879442
1567	912	0.871015
1569	1247	1.007474
1569	1299	0.852688
1569	1193	0.796695
1569	527	0.760099
1569	1208	0.739575
1569	1228	0.695964
1569	1225	0.678506
1569	296	0.662321
1569	1272	0.652389
1569	1293	0.628569
1570	695	1.707781
1570	3386	1.244283
1570	1422	1.187859
1570	2467	1.122628
1570	731	1.119616
1570	2749	1.035285
1570	113	1.019948
1570	1459	1.003553
1570	1464	0.995531
1570	3044	0.947289
1571	6	1.499138
1571	2571	1.372748
1571	2028	1.208338
1571	47	1.156449
1571	2391	1.077872
1571	733	0.968656
1571	377	0.952821
1571	2353	0.884693
1571	3418	0.876336
1571	1089	0.808006
1572	2433	1.860432
1572	1911	1.857696
1572	1093	1.739858
1572	2355	1.650773
1572	2694	1.590355
1572	2683	1.551658
1572	785	1.543680
1572	2336	1.526215
1572	2676	1.470962
1572	3005	1.464417
1574	588	2.153300
1574	2096	1.750631
1574	1022	1.746335
1574	596	1.719342
1574	2018	1.650535
1574	1907	1.520846
1574	1032	1.458860
1574	3114	1.318766
1574	1029	1.311184
1574	2687	1.235487
1575	1240	2.122854
1575	1200	1.881375
1575	1291	1.674297
1575	1954	1.595928
1575	1287	1.582868
1575	589	1.581918
1575	1196	1.478009
1575	2194	1.463624
1575	2949	1.446217
1575	2529	1.416820
1576	597	1.038965
1576	11	0.972384
1576	802	0.941264
1576	7	0.921748
1576	339	0.880200
1576	2671	0.837137
1576	1721	0.823947
1576	1569	0.774460
1576	440	0.756059
1576	587	0.735809
1577	2571	0.754083
1577	2359	0.706484
1577	1641	0.626361
1577	440	0.623517
1577	1240	0.616416
1577	52	0.614164
1577	2108	0.600957
1577	589	0.589438
1577	1196	0.584285
1577	457	0.576909
1578	1036	2.309798
1578	1210	2.147314
1578	1221	1.914890
1578	457	1.656189
1578	2947	1.627047
1578	110	1.556023
1578	1233	1.324934
1578	969	1.295100
1578	1270	1.284423
1578	1206	1.274083
1579	2036	0.638574
1579	2555	0.566892
1579	3635	0.500995
1579	2027	0.499939
1579	3162	0.492027
1579	1445	0.435086
1579	2042	0.421785
1579	3667	0.412428
1579	65	0.409133
1579	3571	0.400831
1580	1350	1.563568
1580	1333	1.185923
1580	1258	1.167354
1580	1212	1.068533
1580	2644	1.007544
1580	2648	1.000951
1580	1252	0.956902
1580	3476	0.945999
1580	1994	0.916629
1580	1267	0.914034
1581	3114	1.145568
1581	1265	1.077771
1581	2599	0.955007
1581	1641	0.937376
1581	1500	0.863367
1581	2858	0.827498
1581	2683	0.819190
1581	1923	0.790503
1581	2321	0.781273
1581	364	0.775500
1583	2598	2.641275
1583	2688	2.165610
1583	2490	2.024688
1583	1959	2.005115
1583	2502	1.993185
1583	2581	1.922156
1583	785	1.731973
1583	968	1.714630
1583	2841	1.505659
1583	43	1.502947
1584	2463	1.338033
1584	2134	1.311376
1584	3591	1.233508
1584	1135	1.219073
1584	3525	1.194438
1584	2144	1.096985
1584	2469	0.995855
1584	2423	0.966041
1584	2111	0.927897
1584	3501	0.873216
1585	1079	1.182462
1585	1307	1.113864
1585	260	1.070723
1585	1259	0.990505
1585	1197	0.980049
1585	1240	0.944530
1585	2797	0.838080
1585	1200	0.808991
1585	2115	0.795503
1585	1036	0.778026
1586	2644	1.515191
1586	1997	1.502393
1586	1982	1.455169
1586	1219	1.352428
1586	1345	1.166738
1586	2646	1.056283
1586	2650	1.055199
1586	1255	0.957447
1586	2784	0.921658
1586	2550	0.897864
1587	1983	0.784528
1587	374	0.759023
1587	1005	0.738752
1587	2121	0.720492
1587	2096	0.682206
1587	1731	0.657536
1587	2089	0.645677
1587	2513	0.635870
1587	2597	0.635107
1587	783	0.625206
1588	1079	1.776474
1588	3421	1.525174
1588	2918	1.454060
1588	1234	1.443566
1588	1136	1.278183
1588	1080	1.244413
1588	1307	1.205933
1588	921	0.980083
1588	2804	0.943576
1588	1276	0.928882
1589	2291	2.021642
1589	480	1.834880
1589	1249	1.360562
1589	1965	1.181901
1589	3627	1.129624
1589	2657	1.109663
1589	3450	1.085657
1589	589	1.085020
1589	3918	1.046482
1589	3930	1.043684
1590	1293	1.298431
1590	1231	1.247593
1590	1957	1.106951
1590	1150	0.698756
1590	2972	0.636802
1590	2537	0.625594
1590	1090	0.623641
1590	1196	0.620382
1590	2068	0.610762
1590	2988	0.580503
1591	1372	1.403364
1591	2393	1.375019
1591	1917	1.143578
1591	1375	0.996686
1591	1356	0.983967
1591	1371	0.933552
1591	1527	0.914221
1591	1676	0.912534
1591	442	0.888434
1591	2094	0.881141
1592	2918	0.933426
1592	3039	0.765418
1592	2144	0.728155
1592	2915	0.711755
1592	1307	0.704481
1592	1663	0.697400
1592	1079	0.687939
1592	2040	0.646175
1592	2791	0.599785
1592	3099	0.588818
1593	3510	1.379875
1593	3555	1.301134
1593	3624	1.270668
1593	3300	1.046874
1593	3623	1.046070
1593	3717	1.041453
1593	3646	0.991745
1593	3744	0.985952
1593	3863	0.938717
1593	3751	0.926970
1594	2915	0.825481
1594	2352	0.769520
1594	2065	0.727706
1594	1079	0.719816
1594	2926	0.705224
1594	2918	0.702954
1594	2791	0.681938
1594	1307	0.664287
1594	2144	0.626322
1594	3039	0.619913
1595	1674	1.068096
1595	2918	0.997473
1595	1231	0.941535
1595	1968	0.824179
1595	2797	0.807530
1595	2174	0.776705
1595	1079	0.772771
1595	1172	0.744308
1595	3039	0.736892
1595	2915	0.733892
1597	1213	0.775602
1597	318	0.711524
1597	2571	0.662221
1597	1394	0.634270
1597	608	0.624299
1597	2797	0.619109
1597	593	0.616892
1597	2174	0.610537
1597	1089	0.580538
1597	2352	0.573175
1598	1831	2.195990
1598	173	1.962895
1598	172	1.857347
1598	379	1.626518
1598	1882	1.613025
1598	1591	1.602776
1598	3697	1.575350
1598	1373	1.575100
1598	1544	1.478697
1598	327	1.460647
1599	3825	0.594106
1599	3525	0.481235
1599	3317	0.470767
1599	2532	0.444118
1599	3298	0.437629
1599	2769	0.426055
1599	3897	0.425513
1599	3556	0.423922
1599	2530	0.423277
1599	3408	0.401343
1600	317	0.601003
1600	1373	0.556477
1600	2162	0.513732
1600	2402	0.501621
1600	2105	0.498332
1600	3438	0.477747
1600	653	0.460830
1600	1985	0.457255
1600	2473	0.440976
1600	2032	0.433013
1601	170	1.072875
1601	786	0.985567
1601	1552	0.969594
1601	95	0.874017
1601	2126	0.852039
1601	1831	0.824671
1601	517	0.794617
1601	466	0.748834
1601	1385	0.748242
1601	1917	0.748055
1602	593	1.732582
1602	608	1.627066
1602	1213	1.317239
1602	110	1.209589
1602	1240	1.191834
1602	1036	1.160480
1602	1196	1.125484
1602	260	1.096171
1602	457	1.081603
1602	1089	1.077338
1603	1732	0.672704
1603	3301	0.606970
1603	1589	0.588820
1603	1892	0.574820
1603	3863	0.566879
1603	3901	0.546155
1603	350	0.516925
1603	3408	0.516482
1603	3386	0.504345
1603	200	0.496417
1605	3888	0.894427
1605	3943	0.656627
1605	1117	0.614410
1605	1163	0.614410
1605	3858	0.583255
1605	1743	0.539164
1605	2342	0.539164
1605	3292	0.539164
1605	1428	0.517719
1605	2914	0.517266
1606	1092	1.309219
1606	3686	1.156329
1606	1805	1.078211
1606	1552	1.075091
1606	1597	0.990249
1606	225	0.887491
1606	490	0.883761
1606	2353	0.806903
1606	2334	0.782300
1606	376	0.772048
1607	1080	0.760903
1607	2562	0.566349
1607	1256	0.532902
1607	1230	0.525156
1607	1829	0.506766
1607	3671	0.481905
1607	1270	0.479082
1607	3314	0.464991
1607	1294	0.461313
1607	1136	0.447308
1608	1513	2.918641
1608	2598	2.558513
1608	2724	2.197403
1608	2806	1.868096
1608	2581	1.705233
1608	2987	1.646544
1608	3176	1.614991
1608	1959	1.548132
1608	2490	1.368636
1608	2013	1.305881
1609	588	1.519905
1609	1022	1.474965
1609	2087	1.278432
1609	1029	1.271772
1609	1035	1.250371
1609	1028	1.214157
1609	594	1.195892
1609	1907	1.185171
1609	1032	1.179820
1609	1947	1.040465
1611	364	2.358297
1611	1907	2.326377
1611	1282	2.158480
1611	588	2.038660
1611	2078	2.022903
1611	1032	1.931794
1611	2081	1.777336
1611	2137	1.639748
1611	2294	1.634021
1611	2090	1.622293
1613	1029	1.964806
1613	594	1.935848
1613	364	1.632953
1613	2078	1.516873
1613	588	1.503098
1613	595	1.363025
1613	2081	1.335625
1613	1907	1.186429
1613	2085	1.180058
1613	2137	1.024098
1614	1356	1.542993
1614	780	1.523375
1614	648	1.326266
1614	1573	1.254961
1614	1676	1.205768
1614	2916	1.196527
1614	1580	1.181063
1614	1527	1.150206
1614	1370	1.135058
1614	1917	1.134424
1616	10	1.527944
1616	1552	1.351693
1616	786	1.328328
1616	3082	1.252453
1616	1597	1.218142
1616	165	1.122797
1616	1370	1.071380
1616	3107	1.052715
1616	1792	1.012031
1616	1586	1.002519
1617	593	1.106959
1617	318	1.058200
1617	2762	0.935358
1617	296	0.934092
1617	1784	0.905027
1617	34	0.877613
1617	608	0.837680
1617	110	0.788440
1617	2890	0.771781
1617	1500	0.769545
1618	1207	1.489180
1618	1225	1.488051
1618	296	1.482358
1618	593	1.430688
1618	912	1.283377
1618	608	1.185175
1618	1221	1.162442
1618	858	1.148702
1618	1945	0.978586
1618	1104	0.953744
1619	318	1.228664
1619	1221	1.215612
1619	527	1.197149
1619	1952	1.136930
1619	908	1.067516
1619	111	0.878899
1619	1212	0.863334
1619	1204	0.823901
1619	919	0.819339
1619	3468	0.812121
1620	593	1.492050
1620	318	1.384510
1620	1221	0.998507
1620	3362	0.973617
1620	527	0.927566
1620	2762	0.902892
1620	1358	0.889946
1620	2858	0.862299
1620	2028	0.848107
1620	1953	0.842287
1623	1240	1.984764
1623	3527	1.693643
1623	1584	1.666917
1623	1374	1.546348
1623	589	1.537878
1623	3471	1.513002
1623	1210	1.431823
1623	1196	1.330236
1623	1206	1.300462
1623	1253	1.299287
1624	3395	0.729606
1624	2816	0.556576
1624	2411	0.513707
1624	1971	0.482224
1624	3401	0.440554
1624	3917	0.434145
1624	1025	0.434058
1624	2464	0.420084
1624	3667	0.420084
1624	2161	0.417001
1625	3005	1.234078
1625	2694	1.198504
1625	2683	1.164990
1625	223	1.088323
1625	2707	1.078222
1625	2572	1.041125
1625	2541	1.032894
1625	2433	0.914406
1625	2771	0.804927
1625	2710	0.741562
1626	62	0.724122
1626	633	0.560128
1626	779	0.453557
1626	1902	0.452548
1626	475	0.450311
1626	2678	0.432671
1626	150	0.420160
1626	1509	0.413517
1626	1351	0.409673
1626	1279	0.392154
1627	3753	1.991150
1627	3513	1.535187
1627	3535	1.523117
1627	3578	1.520353
1627	3512	1.286258
1627	3481	1.278015
1627	3623	1.238209
1627	3534	1.225569
1627	3322	0.963174
1627	1673	0.939363
1628	1961	1.013404
1628	3526	0.837165
1628	2114	0.789321
1628	3210	0.757068
1628	3360	0.745447
1628	1968	0.734307
1628	2104	0.650002
1628	1231	0.634235
1628	3071	0.631725
1628	1307	0.625801
1629	1370	2.005010
1629	733	1.831025
1629	380	1.765924
1629	10	1.758181
1629	1356	1.548128
1629	2353	1.430000
1629	2058	1.343546
1629	377	1.226342
1629	3256	1.198662
1629	780	1.133658
1630	1037	2.168691
1630	1882	1.843058
1630	196	1.809376
1630	1779	1.656934
1630	1591	1.505318
1630	2450	1.282002
1630	327	1.259252
1630	2701	1.228721
1630	1917	1.211315
1630	3697	1.205169
1631	3922	1.311083
1631	3850	1.069638
1631	2383	0.990918
1631	374	0.979671
1631	419	0.926412
1631	1707	0.838821
1631	1460	0.809479
1631	355	0.803760
1631	867	0.794092
1631	1855	0.792661
1632	3317	0.694521
1632	3298	0.651741
1632	1685	0.651164
1632	3943	0.613369
1632	997	0.606558
1632	3246	0.586421
1632	1729	0.579471
1632	583	0.579105
1632	271	0.548302
1632	573	0.528079
1633	1171	1.703584
1633	524	1.644255
1633	2948	1.618754
1633	2791	1.577113
1633	3917	1.566700
1633	1580	1.417862
1633	1965	1.298233
1633	3481	1.274543
1633	2657	1.083465
1633	589	1.076177
1634	3105	0.879874
1634	1704	0.841595
1634	1393	0.714233
1634	2890	0.659019
1634	3100	0.586733
1634	300	0.584777
1634	539	0.559820
1634	356	0.535881
1634	62	0.532098
1634	3252	0.531917
1635	2380	1.179623
1635	3689	1.104715
1635	3690	1.076886
1635	2379	1.054729
1635	2382	1.021258
1635	810	0.914503
1635	470	0.892249
1635	2383	0.889745
1635	3042	0.855799
1635	2458	0.785894
1636	2762	0.956564
1636	150	0.791224
1636	2841	0.724508
1636	2702	0.709132
1636	2890	0.695573
1636	2840	0.684692
1636	36	0.680902
1636	3246	0.629483
1636	2700	0.588751
1636	3737	0.585375
1637	316	2.996893
1637	1917	2.832689
1637	1676	2.332849
1637	748	2.069521
1637	1391	1.983624
1637	1037	1.902832
1637	1544	1.758708
1637	442	1.630997
1637	1831	1.546056
1637	1909	1.542944
1638	3189	0.968548
1638	3897	0.964290
1638	3536	0.944608
1638	3510	0.877430
1638	3893	0.876362
1638	3326	0.838534
1638	3948	0.809014
1638	3566	0.797141
1638	3751	0.792154
1638	1252	0.763982
1639	2371	1.089699
1639	1135	0.953618
1639	3591	0.902962
1639	2134	0.852613
1639	223	0.851846
1639	2694	0.842936
1639	3087	0.803222
1639	2469	0.792644
1639	2470	0.770646
1639	1297	0.738707
1640	1779	1.551723
1640	1590	1.452718
1640	1037	1.424957
1640	1917	1.374399
1640	196	1.337508
1640	379	1.287476
1640	3697	1.130277
1640	1591	1.074102
1640	849	1.051778
1640	71	0.995308
1641	3578	2.475147
1641	3484	2.302187
1641	3861	1.636887
1641	3744	1.630899
1641	3300	1.574432
1641	3354	1.525069
1641	3535	1.487603
1641	3481	1.467610
1641	3863	1.444849
1641	3285	1.422768
1642	2922	0.978085
1642	3633	0.928591
1642	2401	0.915856
1642	3508	0.842224
1642	2951	0.773557
1642	3494	0.744856
1642	1082	0.641463
1642	3230	0.630307
1642	2528	0.612755
1642	3681	0.601984
1643	1982	1.863793
1643	3018	1.777650
1643	3344	1.412420
1643	2118	1.271538
1643	2459	1.268871
1643	2867	1.238356
1643	3499	1.229761
1643	2003	1.210371
1643	1340	1.190951
1643	1337	1.147858
1644	2598	2.112383
1644	2734	1.800525
1644	2959	1.763905
1644	1513	1.737067
1644	3219	1.708164
1644	2841	1.700708
1644	2395	1.686053
1644	2581	1.636735
1644	24	1.636502
1644	2013	1.632259
1645	3232	0.707107
1645	1214	0.531550
1645	2174	0.475318
1645	1	0.475070
1645	2105	0.455203
1645	2355	0.451588
1645	2797	0.443157
1645	2968	0.437645
1645	1387	0.436881
1645	1967	0.428198
1646	2890	1.001304
1646	3555	0.764077
1646	3300	0.712263
1646	356	0.699889
1646	1242	0.625792
1646	593	0.610015
1646	3624	0.608408
1646	1610	0.595436
1646	318	0.580380
1646	3534	0.562385
1647	2152	0.914100
1647	250	0.912293
1647	437	0.833920
1647	65	0.744842
1647	867	0.738716
1647	2555	0.733913
1647	1592	0.663544
1647	1474	0.645360
1647	2027	0.642796
1647	2036	0.637446
1648	457	1.153397
1648	6	0.910674
1648	110	0.818863
1648	2916	0.796589
1648	1089	0.792132
1648	733	0.711566
1648	474	0.689103
1648	349	0.687575
1648	2353	0.656980
1648	377	0.647370
1649	1200	2.172350
1649	1214	2.157842
1649	1196	2.108882
1649	260	1.734672
1649	3471	1.729862
1649	593	1.432896
1649	1199	1.373426
1649	750	1.356113
1649	2529	1.286027
1649	1193	1.256215
1650	1029	0.931521
1650	2096	0.830443
1650	1282	0.817994
1650	1022	0.723013
1650	1259	0.653912
1650	588	0.627849
1650	1307	0.574913
1650	3555	0.574619
1650	364	0.573437
1650	751	0.571429
1651	3555	0.987363
1651	1262	0.943132
1651	527	0.930689
1651	3409	0.889689
1651	3578	0.881739
1651	1196	0.876889
1651	1214	0.876456
1651	3624	0.846845
1651	2944	0.843425
1651	3066	0.824591
1654	549	0.955145
1654	1147	0.909646
1654	1192	0.875971
1654	1213	0.850989
1654	1111	0.836716
1654	556	0.806950
1654	593	0.770690
1654	3002	0.749787
1654	318	0.736668
1654	527	0.700725
1655	2096	1.013513
1655	1907	0.809792
1655	3752	0.787944
1655	588	0.781377
1655	1688	0.763685
1655	3623	0.761998
1655	1029	0.744684
1655	2090	0.704891
1655	2089	0.685605
1655	1566	0.673096
1657	588	2.036712
1657	2096	1.959531
1657	1029	1.895179
1657	594	1.766005
1657	1907	1.736289
1657	2078	1.695188
1657	2087	1.690532
1657	595	1.675819
1657	1022	1.577955
1657	783	1.427799
1658	858	0.935965
1658	1291	0.900574
1658	457	0.868006
1658	2028	0.856248
1658	589	0.839153
1658	2947	0.831945
1658	3095	0.783501
1658	910	0.763857
1658	260	0.739004
1658	1036	0.733698
1659	3939	1.972598
1659	3941	1.954108
1659	1973	1.916933
1659	3937	1.590081
1659	3918	1.557438
1659	3917	1.462675
1659	1327	1.304870
1659	1976	1.261809
1659	1977	1.110211
1659	3942	1.077197
1660	1471	0.603023
1660	2437	0.551391
1660	1236	0.527669
1660	1545	0.478294
1660	2914	0.460930
1660	2388	0.454746
1660	3349	0.437320
1660	3491	0.418297
1660	1360	0.416506
1660	388	0.415227
1661	593	1.427162
1661	296	1.077497
1661	1213	0.992481
1661	1704	0.948969
1661	50	0.939542
1661	150	0.840885
1661	527	0.836583
1661	1617	0.776133
1661	110	0.606855
1661	1221	0.585614
1663	318	1.083366
1663	593	0.968695
1663	1358	0.924426
1663	296	0.898435
1663	34	0.888867
1663	529	0.859645
1663	2324	0.854297
1663	1213	0.812039
1663	2028	0.735688
1663	3100	0.685830
1665	1580	2.003757
1665	1374	1.764054
1665	1584	1.658769
1665	1653	1.496418
1665	1527	1.478370
1665	480	1.424261
1665	3702	1.327903
1665	1129	1.285056
1665	2407	1.280304
1665	2527	1.261375
1666	2947	2.199128
1666	1036	1.544822
1666	1210	1.530519
1666	1200	1.374806
1666	1201	1.354296
1666	1287	1.313888
1666	592	1.304978
1666	1954	1.207047
1666	1374	1.182293
1666	3703	1.161534
1667	1867	1.594618
1667	3432	1.524818
1667	815	1.372198
1667	1170	1.372198
1667	1556	1.276490
1667	2818	1.267722
1667	502	1.264314
1667	1681	1.208659
1667	1606	1.182978
1667	1599	1.182809
1669	1265	1.135674
1669	34	1.091422
1669	2599	0.963572
1669	2321	0.873175
1669	3114	0.863243
1669	223	0.846094
1669	2359	0.806442
1669	2324	0.787831
1669	608	0.735921
1669	235	0.731276
1670	3039	1.114141
1670	2915	1.065370
1670	1079	1.032644
1670	2918	1.017485
1670	2174	0.920040
1670	1663	0.871297
1670	3552	0.866267
1670	2100	0.851373
1670	2243	0.818418
1670	3210	0.785353
1671	369	1.020342
1671	57	0.581035
1671	3707	0.567438
1671	2522	0.550833
1671	753	0.533149
1671	2341	0.530244
1671	3109	0.517657
1671	3112	0.486146
1671	261	0.475987
1671	3374	0.467541
1672	1200	2.530038
1672	1196	2.483550
1672	260	2.022773
1672	1210	1.751696
1672	2947	1.750643
1672	110	1.675833
1672	1610	1.573154
1672	1197	1.536136
1672	1221	1.376518
1672	1954	1.361363
1673	2355	0.797043
1673	1196	0.711196
1673	2628	0.633202
1673	588	0.576954
1673	364	0.563647
1673	2858	0.559236
1673	2571	0.553996
1673	1373	0.537482
1673	2987	0.534193
1673	594	0.523446
1675	2096	2.793146
1675	2085	2.493717
1675	2018	2.491894
1675	2687	2.452652
1675	1022	2.380702
1675	616	2.181234
1675	1566	2.171165
1675	595	2.106375
1675	1029	2.034517
1675	2078	1.991737
1676	544	0.997056
1676	1606	0.885924
1676	1605	0.849112
1676	1432	0.833382
1676	761	0.805768
1676	153	0.750099
1676	15	0.722807
1676	2822	0.711241
1676	1858	0.707539
1676	694	0.695690
1677	2694	2.043020
1677	1093	1.951109
1677	2683	1.935174
1677	2770	1.860844
1677	785	1.726428
1677	3005	1.660606
1677	2433	1.616917
1677	2336	1.606927
1677	2710	1.584852
1677	2599	1.482019
1678	3785	1.049035
1678	3863	1.023179
1678	2005	1.008367
1678	3861	0.842500
1678	3479	0.835432
1678	3755	0.831676
1678	1073	0.782996
1678	2797	0.775411
1678	2143	0.761792
1678	3646	0.746439
1679	1513	3.139019
1679	2490	2.513391
1679	2491	2.442209
1679	24	2.209710
1679	2724	2.163215
1679	2013	2.114125
1679	2502	2.005816
1679	3176	1.773156
1679	2702	1.746647
1679	1959	1.727434
1680	1427	3.115074
1680	3056	2.562727
1680	2741	1.921771
1680	662	1.490603
1680	100	1.471696
1680	3835	1.308916
1680	3063	1.279034
1680	3249	1.259546
1680	463	0.965374
1680	423	0.945143
1681	1196	1.454139
1681	1198	1.281567
1681	1240	1.207407
1681	1200	1.126786
1681	541	1.047213
1681	1294	1.013781
1681	750	1.008994
1681	1953	0.928427
1681	1278	0.923563
1681	924	0.914687
1683	1972	1.913514
1683	1977	1.453326
1683	3692	1.414540
1683	2945	1.395863
1683	2790	1.351651
1683	1976	1.339351
1683	177	1.298212
1683	2902	1.217475
1683	2121	1.162017
1683	1973	1.148983
1684	3481	1.197095
1684	3578	1.063265
1684	3893	0.958784
1684	3624	0.868976
1684	3911	0.868713
1684	3863	0.863104
1684	2174	0.845507
1684	3623	0.760014
1684	3510	0.751393
1684	1079	0.750294
1685	587	0.690029
1685	597	0.556789
1685	440	0.540220
1685	339	0.515442
1685	852	0.479711
1685	11	0.479527
1685	2424	0.475760
1685	2580	0.450751
1685	1154	0.436852
1685	1120	0.435082
1687	1089	0.919482
1687	2268	0.683125
1687	293	0.653122
1687	1729	0.647366
1687	1466	0.638554
1687	164	0.595364
1687	50	0.586186
1687	16	0.579862
1687	555	0.564958
1687	1029	0.537752
1688	1035	1.555261
1688	1028	1.241824
1688	1947	1.236723
1688	2017	1.147595
1688	2565	1.088279
1688	1688	0.931274
1688	3604	0.918751
1688	918	0.787278
1688	480	0.778672
1688	1029	0.771382
1689	457	1.743053
1689	1255	1.298850
1689	608	1.297557
1689	1240	1.266946
1689	2028	1.249589
1689	1258	1.179971
1689	1345	1.177412
1689	1200	1.133699
1689	260	1.116462
1689	3018	1.097436
1690	1513	3.125957
1690	2724	2.378864
1690	2841	2.294188
1690	24	2.166081
1690	2013	2.121110
1690	3219	2.034810
1690	2395	2.033199
1690	2734	1.897697
1690	2723	1.866198
1690	2485	1.832801
1691	3317	1.437788
1691	3515	1.248559
1691	3408	1.208442
1691	3536	1.159059
1691	583	1.092541
1691	3189	1.054314
1691	3865	0.971643
1691	3555	0.959002
1691	3617	0.927802
1691	3863	0.872785
1692	593	0.649014
1692	1307	0.643093
1692	150	0.592655
1692	1291	0.587071
1692	318	0.557644
1692	2947	0.557376
1692	457	0.552038
1692	1240	0.537697
1692	1394	0.537649
1692	1200	0.511867
1693	594	1.295536
1693	2096	1.249082
1693	596	1.078474
1693	595	0.983089
1693	2018	0.944675
1693	364	0.919516
1693	2087	0.818986
1693	1032	0.752578
1693	2081	0.749126
1693	2565	0.712458
1694	1252	1.205252
1694	1267	1.196480
1694	593	1.164190
1694	1617	1.087426
1694	1193	1.084949
1694	608	0.989158
1694	922	0.962842
1694	923	0.907192
1694	1207	0.902902
1694	2186	0.894750
1695	2770	1.218532
1695	2599	0.967731
1695	1093	0.964956
1695	2605	0.952395
1695	2694	0.947519
1695	2997	0.941616
1695	1722	0.922882
1695	3219	0.920452
1695	2710	0.893658
1695	2490	0.872576
1696	1678	0.646551
1696	1059	0.519905
1696	1721	0.499373
1696	3138	0.487970
1696	3105	0.486683
1696	2114	0.482905
1696	2262	0.469197
1696	2474	0.464695
1696	2145	0.459127
1696	1135	0.445743
1697	914	0.584116
1697	2687	0.559063
1697	1907	0.529614
1697	588	0.422908
1697	938	0.413375
1697	2294	0.402790
1697	616	0.399883
1697	3549	0.370767
1697	2915	0.363699
1697	364	0.363441
1698	3858	0.956528
1698	3911	0.835303
1698	3952	0.808401
1698	3893	0.755965
1698	3794	0.721139
1698	3783	0.675514
1698	2769	0.671758
1698	583	0.632417
1698	3912	0.630615
1698	3556	0.619914
1699	1674	0.454884
1699	1258	0.445410
1699	914	0.424363
1699	334	0.405775
1699	1247	0.398333
1699	2243	0.394456
1699	1944	0.387367
1699	2366	0.384511
1699	2028	0.378714
1699	265	0.371459
1700	3578	1.758347
1700	3510	1.463725
1700	3555	1.453182
1700	3863	1.351893
1700	3535	1.343732
1700	3624	1.323225
1700	3755	1.275414
1700	3717	1.234275
1700	3753	1.215874
1700	3285	1.178661
1701	1575	0.665482
1701	148	0.610847
1701	991	0.551951
1701	369	0.506504
1701	26	0.471755
1701	1672	0.458768
1701	838	0.399779
1701	766	0.396748
1701	22	0.391122
1701	57	0.386124
1702	2028	0.822282
1702	150	0.818812
1702	595	0.796090
1702	1673	0.782333
1702	1907	0.762064
1702	318	0.753869
1702	593	0.738905
1702	2081	0.720536
1702	2174	0.700390
1702	2791	0.697654
1704	2762	0.592932
1704	1196	0.571466
1704	2571	0.527339
1704	1923	0.510066
1704	2616	0.503831
1704	2987	0.500393
1704	1606	0.455509
1704	485	0.452839
1704	694	0.451758
1704	3175	0.427115
1705	1993	1.137130
1705	2548	0.998438
1705	2514	0.990025
1705	2026	0.900763
1705	1342	0.872063
1705	2389	0.809187
1705	2713	0.755896
1705	891	0.738022
1705	328	0.732670
1705	2338	0.711967
1706	3717	1.322493
1706	3534	1.262268
1706	3555	1.259643
1706	3300	1.210597
1706	3510	1.192711
1706	3481	1.184834
1706	3408	1.162929
1706	3753	1.137236
1706	3624	1.133391
1706	3484	1.036549
1707	1423	0.889720
1707	2599	0.856676
1707	58	0.790960
1707	150	0.758526
1707	34	0.653550
1707	515	0.650490
1707	233	0.649622
1707	994	0.634701
1707	25	0.629850
1707	1704	0.619678
1709	2382	1.487560
1709	2379	1.236866
1709	2381	1.226234
1709	3667	1.022881
1709	3689	0.917563
1709	3690	0.910719
1709	2458	0.884630
1709	3041	0.875056
1709	2040	0.813132
1709	3042	0.771694
1710	783	1.929295
1710	1881	1.187177
1710	364	1.149446
1710	2089	1.118976
1710	2294	1.062637
1710	588	1.022491
1710	709	0.929560
1710	595	0.880556
1710	244	0.875937
1710	2096	0.875708
1712	3039	0.761730
1712	1307	0.631710
1712	2352	0.554394
1712	1079	0.547641
1712	3499	0.510374
1712	1663	0.509433
1712	1345	0.506928
1712	1350	0.501329
1712	3361	0.495894
1712	2915	0.493927
1714	1967	1.303377
1714	2054	1.288393
1714	2378	1.119313
1714	2134	1.114901
1714	2005	1.042840
1714	2372	1.021157
1714	2088	0.922362
1714	2115	0.900039
1714	3698	0.854195
1714	2371	0.812519
1715	3624	1.962578
1715	3510	1.603666
1715	3827	1.554353
1715	3617	1.526415
1715	3484	1.341728
1715	3861	1.335504
1715	3752	1.204677
1715	3300	1.186791
1715	3745	1.117936
1715	3452	1.080022
1716	2841	1.553302
1716	2490	1.523606
1716	2598	1.512642
1716	1513	1.396495
1716	2574	1.284089
1716	3219	1.255980
1716	2485	1.237041
1716	2688	1.205529
1716	2502	1.142798
1716	2734	1.139928
1717	997	0.702662
1717	1471	0.682803
1717	3219	0.565171
1717	159	0.533691
1717	1669	0.530261
1717	2490	0.478315
1717	307	0.475988
1717	2840	0.461356
1717	2841	0.455004
1717	2644	0.445575
1718	593	1.539120
1718	2762	1.326721
1718	1213	1.303463
1718	2028	1.300426
1718	318	1.220939
1718	1673	1.194513
1718	1089	1.033698
1718	2571	1.016114
1718	457	0.966855
1718	1259	0.911445
1720	3555	1.795377
1720	3300	1.421031
1720	3917	1.382035
1720	3513	1.289043
1720	2791	1.264665
1720	480	1.248841
1720	2160	1.236979
1720	1971	1.177425
1720	2948	1.148013
1720	1171	1.112797
1721	2100	1.300871
1721	1079	1.035181
1721	1394	0.928798
1721	1663	0.920045
1721	2915	0.908176
1721	3552	0.901704
1721	1307	0.841208
1721	1968	0.833810
1721	3039	0.809845
1721	3210	0.797591
1722	3527	1.956483
1722	2985	1.855372
1722	1653	1.728370
1722	1584	1.565896
1722	2640	1.530043
1722	2455	1.462186
1722	2527	1.432830
1722	1527	1.365657
1722	1372	1.297986
1722	3070	1.289333
1723	3753	0.868253
1723	3755	0.822956
1723	3510	0.799303
1723	3793	0.774903
1723	3354	0.723432
1723	3646	0.720991
1723	3624	0.670753
1723	692	0.642274
1723	250	0.639491
1723	3785	0.623802
1724	463	0.991724
1724	1515	0.828829
1724	132	0.761390
1724	217	0.728066
1724	3620	0.642303
1724	148	0.608143
1724	1726	0.588366
1724	354	0.565092
1724	42	0.562557
1724	997	0.544331
1725	2683	1.966054
1725	2694	1.862538
1725	1911	1.810838
1725	3005	1.687402
1725	2881	1.667244
1725	2428	1.576997
1725	1093	1.478108
1725	2433	1.467588
1725	223	1.448189
1725	2355	1.352197
1726	1606	1.605449
1726	2196	1.494597
1726	815	1.302872
1726	1170	1.302872
1726	667	1.296812
1726	3432	1.289934
1726	1499	1.278418
1726	204	1.276928
1726	1882	1.273323
1726	694	1.255217
1727	1061	0.894237
1727	1089	0.762985
1727	162	0.728613
1727	555	0.678009
1727	999	0.675175
1727	2268	0.603618
1727	6	0.599844
1727	47	0.594594
1727	1805	0.514405
1727	1111	0.508082
1728	783	3.426306
1728	1022	3.352628
1728	2294	2.802909
1728	596	2.598996
1728	1029	2.575010
1728	594	2.412254
1728	3034	2.326023
1728	2085	2.303123
1728	1688	2.125041
1728	1033	2.086678
1729	3556	1.048124
1729	3795	0.820597
1729	3241	0.818785
1729	3783	0.818785
1729	3328	0.809853
1729	3948	0.804632
1729	3794	0.792598
1729	3897	0.778541
1729	3787	0.733898
1729	3911	0.718545
1731	3317	1.563903
1731	3794	1.274096
1731	3852	1.166256
1731	3481	1.141558
1731	3240	1.012205
1731	3902	1.009532
1731	3831	0.934495
1731	3952	0.924544
1731	2591	0.919775
1731	3949	0.892158
1732	3484	1.635777
1732	3578	1.593619
1732	3535	1.505015
1732	3513	1.416391
1732	3623	1.407462
1732	3481	1.339700
1732	3512	1.110597
1732	3755	1.004111
1732	3717	0.882845
1732	3793	0.853604
1733	803	0.496129
1733	1664	0.468165
1733	1846	0.468165
1733	2063	0.468165
1733	3002	0.463486
1733	2182	0.441700
1733	3154	0.439885
1733	2237	0.423405
1733	3874	0.418739
1733	134	0.418121
1734	1955	0.945349
1734	1956	0.639193
1734	1208	0.595462
1734	1964	0.548424
1734	1962	0.518340
1734	2132	0.491921
1734	3135	0.472211
1734	2852	0.466700
1734	111	0.466440
1734	1759	0.465712
1735	1911	1.014635
1735	2770	0.952512
1735	205	0.841351
1735	2683	0.833077
1735	223	0.815557
1735	141	0.810657
1735	2541	0.805690
1735	2706	0.793153
1735	2302	0.785670
1735	1485	0.764297
1736	2382	2.690571
1736	3041	1.620786
1736	3042	1.520263
1736	3690	1.449317
1736	3689	1.361311
1736	3667	1.188964
1736	3021	0.966033
1736	3692	0.952339
1736	2422	0.932239
1736	2945	0.929720
1737	3774	1.269800
1737	1707	1.187443
1737	1632	1.126901
1737	2953	1.116729
1737	93	1.067649
1737	867	1.050321
1737	1474	1.002357
1737	1497	0.956303
1737	3664	0.908116
1737	2296	0.905460
1738	2734	1.616174
1738	2723	1.612409
1738	1513	1.609145
1738	3623	1.608237
1738	3219	1.577185
1738	2502	1.559102
1738	2013	1.533915
1738	2716	1.499090
1738	785	1.498824
1738	2686	1.485159
1739	3219	1.660705
1739	1513	1.583407
1739	2013	1.509696
1739	2688	1.466489
1739	2906	1.423467
1739	2686	1.309316
1739	2840	1.263340
1739	2491	1.225013
1739	2841	1.224428
1739	43	1.210055
1740	2683	0.587386
1740	3421	0.572335
1740	2572	0.571679
1740	223	0.548507
1740	2959	0.508786
1740	2908	0.505497
1740	2188	0.500219
1740	2694	0.498396
1740	2707	0.491269
1740	3005	0.468240
1741	357	0.784410
1741	2570	0.706062
1741	1656	0.583174
1741	1755	0.568866
1741	2708	0.559769
1741	2969	0.557987
1741	838	0.553986
1741	471	0.543985
1741	2062	0.541726
1741	943	0.534799
1742	2086	1.006490
1742	1345	0.984018
1742	1130	0.973050
1742	3018	0.892929
1742	1350	0.869332
1742	1982	0.859472
1742	2867	0.782659
1742	1991	0.766492
1742	3489	0.737422
1742	2	0.679518
1743	3681	1.156855
1743	2922	1.082928
1743	1073	1.034479
1743	2951	1.002414
1743	3479	0.937471
1743	1283	0.867199
1743	2921	0.859651
1743	3508	0.827939
1743	2193	0.816701
1743	2401	0.813686
1744	3552	1.111292
1744	1307	1.062569
1744	3361	1.055239
1744	2797	1.011810
1744	1968	1.010876
1744	2918	0.958516
1744	1079	0.947933
1744	3255	0.875354
1744	1663	0.869382
1744	2926	0.866417
1745	1911	1.960792
1745	2676	1.879066
1745	2719	1.678341
1745	3623	1.615388
1745	2716	1.605413
1745	3005	1.599627
1745	2336	1.584743
1745	1093	1.526508
1745	2770	1.506802
1745	2712	1.499717
1746	2918	1.486779
1746	1394	1.172918
1746	3361	1.149687
1746	2791	1.036751
1746	1307	1.001792
1746	1270	0.965555
1746	3421	0.818588
1746	2797	0.763011
1746	1288	0.709701
1746	1255	0.702589
1747	1316	1.042096
1747	2464	0.750000
1747	2416	0.716063
1747	2974	0.658135
1747	2755	0.600000
1747	1496	0.530616
1747	2149	0.517439
1747	153	0.489399
1747	1606	0.473480
1747	2373	0.465642
1748	3427	0.711980
1748	702	0.665411
1748	291	0.662589
1748	1427	0.600188
1748	1798	0.570266
1748	539	0.542809
1748	339	0.528808
1748	3490	0.519490
1748	1337	0.517751
1748	3487	0.517161
1749	389	0.544565
1749	265	0.503392
1749	318	0.474805
1749	1358	0.466920
1749	2237	0.462704
1749	608	0.445306
1749	1880	0.437674
1749	1413	0.419120
1749	846	0.416311
1749	3668	0.376472
1750	3927	1.816625
1750	1171	1.593403
1750	268	1.521345
1750	3928	1.480593
1750	3923	1.453841
1750	1965	1.414997
1750	480	1.296229
1750	551	1.295408
1750	3917	1.268654
1750	524	1.262357
1752	2599	0.606794
1752	3114	0.589423
1752	223	0.577665
1752	2716	0.529456
1752	2858	0.510683
1752	2411	0.498767
1752	364	0.479587
1752	2770	0.474271
1752	2409	0.469454
1752	588	0.452525
1753	593	0.738009
1753	318	0.635527
1753	924	0.631232
1753	1	0.590625
1753	1213	0.586218
1753	1193	0.568658
1753	1219	0.567178
1753	1221	0.549349
1753	1263	0.545606
1753	296	0.544878
1755	539	1.435589
1755	2424	1.183665
1755	1894	1.027943
1755	2244	0.969894
1755	1777	0.961846
1755	597	0.941456
1755	638	0.927110
1755	2671	0.855606
1755	605	0.851962
1755	236	0.794508
1756	2598	2.333387
1756	1513	2.137905
1756	3219	1.993136
1756	2013	1.934744
1756	2581	1.795244
1756	2502	1.789229
1756	2734	1.778053
1756	2568	1.649491
1756	2605	1.611382
1756	2723	1.587818
1757	3249	1.245210
1757	2320	0.918035
1757	1552	0.890211
1757	291	0.880856
1757	103	0.825947
1757	1792	0.802633
1757	288	0.793533
1757	2803	0.787076
1757	1608	0.779417
1757	89	0.764861
1758	858	0.778121
1758	318	0.726819
1758	1846	0.721952
1758	1193	0.661858
1758	1247	0.641463
1758	1104	0.587097
1758	111	0.557653
1758	308	0.548624
1758	912	0.547452
1758	2481	0.530442
1759	3774	1.028740
1759	460	0.991409
1759	810	0.977772
1759	470	0.886226
1759	1857	0.872571
1759	178	0.863935
1759	747	0.859665
1759	867	0.842604
1759	1453	0.840809
1759	437	0.839005
1760	539	1.694257
1760	1569	1.176830
1760	1835	1.175565
1760	1441	1.138772
1760	252	1.088749
1760	1888	1.050561
1760	7	1.026894
1760	289	1.021054
1760	378	0.983651
1760	587	0.963517
1761	329	1.915706
1761	316	1.779462
1761	1372	1.646631
1761	1375	1.588424
1761	1356	1.320522
1761	2640	1.305720
1761	1676	1.254395
1761	1917	1.246304
1761	1376	1.193352
1761	2311	1.138471
1762	3256	1.774565
1762	1610	1.630282
1762	2058	1.479236
1762	377	1.432585
1762	349	1.402058
1762	1527	1.389146
1762	457	1.322525
1762	2115	1.216393
1762	2278	1.173811
1762	1356	1.168761
1764	1731	0.876453
1764	637	0.841943
1764	881	0.838721
1764	867	0.817511
1764	2335	0.808018
1764	135	0.782741
1764	743	0.747508
1764	1474	0.745872
1764	3243	0.734410
1764	1105	0.733551
1765	2160	1.848359
1765	1171	1.631750
1765	3450	1.384274
1765	524	1.379417
1765	2792	1.324316
1765	2791	1.276841
1765	2948	1.241494
1765	3930	1.152867
1765	2454	1.111794
1765	1035	1.073481
1767	316	1.572340
1767	2528	1.444021
1767	1372	1.428358
1767	2916	1.344611
1767	1375	1.199769
1767	1356	1.188464
1767	329	1.112620
1767	2640	1.098188
1767	780	1.093009
1767	2985	1.082421
1768	2191	0.959306
1768	1955	0.819937
1768	974	0.678332
1768	1913	0.672658
1768	3732	0.659804
1768	3733	0.650339
1768	1161	0.641914
1768	1082	0.622527
1768	3359	0.618402
1768	2040	0.615290
1769	2598	2.185378
1769	1513	1.981151
1769	3219	1.760375
1769	2688	1.671412
1769	2723	1.656923
1769	2013	1.655574
1769	2805	1.573811
1769	3174	1.548277
1769	2716	1.480586
1769	2333	1.464116
1770	2794	2.263124
1770	2372	2.010396
1770	2378	1.657113
1770	3385	1.446591
1770	2786	1.394271
1770	2473	1.270586
1770	2088	1.244335
1770	2796	1.204317
1770	2471	1.124900
1770	2134	1.096267
1772	2694	2.277940
1772	2770	2.057613
1772	2683	1.994261
1772	2433	1.961970
1772	3005	1.956628
1772	223	1.630162
1772	2605	1.551649
1772	2710	1.540483
1772	1093	1.502201
1772	2706	1.395564
1773	36	1.220709
1773	265	0.996785
1773	34	0.970680
1773	2501	0.940052
1773	296	0.931923
1773	1358	0.903402
1773	593	0.862505
1773	1265	0.851050
1773	527	0.782160
1773	1682	0.781205
1774	524	1.422517
1774	3918	1.401605
1774	3937	1.351299
1774	3555	1.324787
1774	3753	1.163905
1774	551	1.108956
1774	2160	1.101783
1774	3513	1.095300
1774	1971	1.081644
1774	3923	1.080809
1775	1240	0.913974
1775	1729	0.912799
1775	1089	0.907009
1775	1227	0.896843
1775	1213	0.809914
1775	2140	0.806559
1775	1967	0.802327
1775	2105	0.793272
1775	2174	0.758732
1775	260	0.738209
1776	3578	0.719937
1776	3354	0.564250
1776	3753	0.525582
1776	3646	0.496739
1776	3624	0.486834
1776	3755	0.478482
1776	3324	0.457882
1776	2244	0.457355
1776	3321	0.446213
1776	270	0.444351
1777	1221	0.768944
1777	2973	0.730898
1777	3435	0.706619
1777	670	0.668547
1777	1231	0.666544
1777	1252	0.579404
1777	2019	0.578255
1777	1228	0.577347
1777	1957	0.552203
1777	1248	0.538746
1778	3623	0.953001
1778	3717	0.889962
1778	3555	0.823699
1778	3755	0.775888
1778	3510	0.748120
1778	3624	0.709970
1778	3744	0.664569
1778	3513	0.606615
1778	3785	0.585473
1778	3565	0.577668
1779	2002	0.721395
1779	429	0.698122
1779	231	0.664495
1779	3243	0.663972
1779	415	0.624246
1779	3247	0.597907
1779	460	0.549345
1779	719	0.548723
1779	333	0.536095
1779	216	0.520418
1780	1370	0.780832
1780	1573	0.765374
1780	2353	0.653799
1780	2006	0.544390
1780	1552	0.528388
1780	339	0.514980
1780	2273	0.492876
1780	2424	0.488951
1780	1610	0.486799
1780	1858	0.475534
1781	2161	2.316177
1781	2174	2.015387
1781	2193	1.975300
1781	2143	1.907795
1781	2872	1.869367
1781	2021	1.495785
1781	2086	1.491627
1781	3489	1.423172
1781	2140	1.409981
1781	2105	1.338652
1782	223	2.221374
1782	2336	2.027012
1782	2694	1.952635
1782	1911	1.839551
1782	2688	1.764570
1782	2959	1.722600
1782	2433	1.693877
1782	3203	1.683569
1782	2710	1.626524
1782	2605	1.594300
1784	316	2.532468
1784	1676	2.440076
1784	748	2.229073
1784	1037	2.157277
1784	196	2.136826
1784	1544	2.018892
1784	1876	1.986830
1784	1527	1.875071
1784	1372	1.654754
1784	435	1.550296
1785	3555	1.743185
1785	3624	1.725160
1785	3646	1.634828
1785	3744	1.621185
1785	3510	1.556932
1785	3617	1.481121
1785	3300	1.472523
1785	3755	1.463532
1785	3798	1.326821
1785	3513	1.301720
1786	2291	1.038473
1786	3936	0.892626
1786	2948	0.825300
1786	2160	0.817172
1786	3481	0.768773
1786	3510	0.718458
1786	3930	0.714693
1786	3555	0.697772
1786	3409	0.685756
1786	3917	0.680376
1788	296	0.705131
1788	1213	0.686767
1788	593	0.627809
1788	608	0.567546
1788	527	0.558774
1788	164	0.548819
1788	858	0.538469
1788	1759	0.531059
1788	318	0.517850
1788	1625	0.490173
1789	3555	1.368192
1789	2396	1.244087
1789	1513	1.205310
1789	3081	1.121137
1789	3578	1.096845
1789	3623	1.048203
1789	2841	1.026798
1789	3744	1.011179
1789	2840	0.909280
1789	3300	0.893775
1790	2683	0.885237
1790	2694	0.878125
1790	223	0.767795
1790	2710	0.761741
1790	3005	0.682784
1790	2858	0.663942
1790	2770	0.659056
1790	2433	0.647090
1790	2772	0.573725
1790	2188	0.568999
1791	2391	1.119130
1791	608	1.006233
1791	296	0.988062
1791	1227	0.952062
1791	293	0.921758
1791	1466	0.840054
1791	1213	0.827188
1791	1500	0.788368
1791	2571	0.765360
1791	593	0.755249
1792	2762	0.911489
1792	2396	0.861169
1792	539	0.792102
1792	1265	0.791635
1792	357	0.789587
1792	2700	0.772311
1792	440	0.760069
1792	587	0.731990
1792	39	0.694196
1792	11	0.658230
1793	1552	1.302563
1793	1831	1.262696
1793	1591	1.230166
1793	849	1.183304
1793	1037	1.156698
1793	1779	1.148711
1793	172	1.069288
1793	780	1.027118
1793	1391	1.010429
1793	2986	0.967873
1794	124	1.179753
1794	100	0.800774
1794	530	0.730297
1794	354	0.720571
1794	617	0.670637
1794	114	0.627312
1794	510	0.561007
1794	1743	0.547723
1794	2342	0.547723
1794	3292	0.547723
1796	1191	1.422565
1796	363	1.263017
1796	1111	1.250900
1796	1192	1.187886
1796	1147	1.174358
1796	581	1.168887
1796	1421	1.129384
1796	3304	1.043644
1796	1649	1.030727
1796	206	0.961807
1797	2644	0.941228
1797	2653	0.707795
1797	1196	0.651338
1797	1200	0.646304
1797	1240	0.622236
1797	541	0.598408
1797	2028	0.595618
1797	1333	0.590257
1797	969	0.579326
1797	2366	0.571874
1798	2571	0.791823
1798	1214	0.728287
1798	2401	0.723239
1798	1200	0.678679
1798	3527	0.667079
1798	260	0.643382
1798	1387	0.626384
1798	553	0.584213
1798	1291	0.567249
1798	2922	0.566729
1799	3060	0.794247
1799	1641	0.746010
1799	1500	0.699536
1799	1784	0.691091
1799	1060	0.690103
1799	39	0.661622
1799	356	0.655348
1799	1393	0.651758
1799	2321	0.651415
1799	52	0.632492
1800	3555	0.747733
1800	2018	0.720001
1800	1282	0.693766
1800	1029	0.679408
1800	3510	0.663549
1800	3793	0.643370
1800	1	0.635621
1800	3481	0.616524
1800	595	0.611530
1800	364	0.600668
1802	1407	2.105995
1802	1130	1.557231
1802	1982	1.468055
1802	1321	1.442496
1802	1342	1.436395
1802	1994	1.319807
1802	1717	1.319359
1802	2097	1.204831
1802	2867	1.020726
1802	188	1.014093
1803	1777	1.244812
1803	597	1.199775
1803	2108	1.173609
1803	3255	1.087473
1803	1923	0.997377
1803	440	0.968630
1803	3450	0.940098
1803	852	0.929665
1803	1747	0.928436
1803	2539	0.889813
1804	1196	0.894777
1804	2115	0.884401
1804	260	0.834796
1804	1240	0.819685
1804	2571	0.773556
1804	733	0.762380
1804	1200	0.745515
1804	480	0.719241
1804	1198	0.708699
1804	1374	0.654950
1805	364	1.539737
1805	2096	1.314012
1805	1029	1.250683
1805	1282	1.236724
1805	1022	1.185749
1805	596	1.129556
1805	2087	1.107446
1805	2078	1.041319
1805	1907	0.942894
1805	2080	0.919544
1806	736	0.748168
1806	1552	0.733074
1806	95	0.665573
1806	2002	0.573670
1806	1597	0.561537
1806	1385	0.496103
1806	1377	0.491701
1806	586	0.489226
1806	1105	0.480867
1806	1586	0.447773
1807	1345	1.302917
1807	724	1.233028
1807	1339	1.135191
1807	2120	1.079556
1807	3459	0.989471
1807	1994	0.956895
1807	2097	0.912910
1807	3016	0.894018
1807	3476	0.886582
1807	1128	0.886184
1808	3578	1.753652
1808	3623	1.407462
1808	3535	1.377497
1808	3173	1.328604
1808	3513	1.289460
1808	3484	1.232712
1808	3755	1.178751
1808	3717	0.985554
1808	3565	0.972427
1808	3793	0.930431
1809	785	2.234879
1809	2502	2.162606
1809	2333	2.100649
1809	1513	1.888963
1809	3219	1.875699
1809	2013	1.842041
1809	3160	1.724099
1809	3578	1.719537
1809	1959	1.616493
1809	1093	1.595106
1810	904	1.720572
1810	950	1.541887
1810	2749	1.361342
1810	800	1.311109
1810	731	1.277094
1810	1284	1.152695
1810	1950	1.104241
1810	1252	1.035565
1810	1589	0.909213
1810	913	0.890791
1811	3923	1.185359
1811	2770	1.113237
1811	3928	1.042076
1811	2683	0.991439
1811	1153	0.965143
1811	2694	0.957546
1811	1798	0.915868
1811	3926	0.893881
1811	2699	0.886725
1811	3203	0.879058
1812	2424	0.713639
1812	597	0.704662
1812	1569	0.695740
1812	3639	0.694934
1812	339	0.694633
1812	7	0.646383
1812	1597	0.619073
1812	1409	0.567427
1812	2724	0.562885
1812	2316	0.548319
1814	1527	2.643266
1814	329	2.570992
1814	1676	2.491057
1814	1372	2.158310
1814	2393	1.944533
1814	1391	1.924832
1814	1573	1.861123
1814	748	1.739554
1814	1690	1.713707
1814	2094	1.516316
1815	589	1.657304
1815	1240	1.487387
1815	32	1.472357
1815	541	1.274696
1815	1214	1.221370
1815	2916	1.220611
1815	1210	1.165084
1815	1200	1.136761
1815	1527	1.134716
1815	3471	1.129508
1816	1240	2.578022
1816	1200	2.306653
1816	110	2.086144
1816	1214	1.902213
1816	1210	1.755271
1816	260	1.712984
1816	1954	1.704135
1816	1197	1.643045
1816	1242	1.627889
1816	2194	1.535444
1817	2174	1.463385
1817	1240	1.096512
1817	3479	1.022824
1817	1200	1.002246
1817	2968	0.985788
1817	3471	0.983241
1817	2005	0.978645
1817	2140	0.971494
1817	1198	0.962686
1817	924	0.954632
1818	596	1.313016
1818	588	1.296152
1818	595	1.206068
1818	2087	1.159525
1818	1029	1.127162
1818	2018	1.126001
1818	2096	1.109978
1818	1022	1.109141
1818	2081	1.048369
1818	3114	1.035199
1819	1097	1.199010
1819	1967	1.190160
1819	3479	1.153821
1819	2100	1.104828
1819	2161	1.029211
1819	2193	0.993106
1819	1584	0.843242
1819	2005	0.808456
1819	527	0.790120
1819	593	0.715717
1820	527	1.891074
1820	593	1.845186
1820	608	1.373117
1820	1221	1.355385
1820	858	1.351593
1820	111	1.339648
1820	1952	1.315618
1820	1247	1.283093
1820	2858	1.132119
1820	1104	1.035455
1822	1610	1.095864
1822	110	1.032334
1822	2571	0.951631
1822	2915	0.899642
1822	474	0.827772
1822	2144	0.797896
1822	3039	0.753000
1822	2100	0.718237
1822	2918	0.701431
1822	2245	0.665363
1824	3893	0.903294
1824	3952	0.784779
1824	3948	0.761287
1824	1685	0.713793
1824	3911	0.694605
1824	3863	0.600236
1824	3783	0.564714
1824	3408	0.527615
1824	3916	0.519370
1824	3481	0.509163
1825	1610	0.735010
1825	1089	0.695693
1825	2391	0.626382
1825	539	0.605371
1825	152	0.603565
1825	474	0.600614
1825	2571	0.593316
1825	6	0.559124
1825	1343	0.557681
1825	110	0.553430
1826	1374	2.310632
1826	3527	2.086488
1826	1584	2.049205
1826	2640	2.039667
1826	1653	2.005280
1826	480	1.821465
1826	1240	1.799352
1826	589	1.591543
1826	1748	1.551331
1826	1372	1.521679
1827	593	1.367158
1827	50	1.272588
1827	1213	1.193818
1827	2858	1.049860
1827	527	1.020103
1827	1089	0.978615
1827	2762	0.831269
1827	912	0.680863
1827	1193	0.668779
1827	858	0.664978
1828	608	1.416733
1828	593	1.224856
1828	2028	1.174720
1828	2762	1.110392
1828	1240	1.090266
1828	6	1.065737
1828	1610	1.048642
1828	1200	0.957423
1828	296	0.954553
1828	1196	0.916129
1829	608	1.191343
1829	593	0.929666
1829	318	0.890625
1829	1213	0.859011
1829	2858	0.764515
1829	1617	0.653116
1829	755	0.606339
1829	1089	0.592711
1829	260	0.575800
1829	2571	0.566769
1830	1200	1.604991
1830	1198	1.586992
1830	2571	1.486392
1830	1214	1.266265
1830	1374	1.214983
1830	1270	1.160660
1830	2947	1.052193
1830	2194	1.038028
1830	1376	1.015586
1830	3699	0.970990
1831	2840	1.998254
1831	1513	1.252330
1831	2396	1.215970
1831	3081	1.212747
1831	608	1.128020
1831	2395	1.077648
1831	2907	1.024414
1831	318	0.998278
1831	2491	0.988291
1831	2337	0.962895
1832	1704	0.648740
1832	58	0.596201
1832	1682	0.588926
1832	3580	0.581133
1832	150	0.569536
1832	36	0.552071
1832	1357	0.544378
1832	778	0.490084
1832	1094	0.484688
1832	2481	0.470338
1833	3510	1.048892
1833	3300	1.024526
1833	3409	0.986778
1833	551	0.967863
1833	524	0.965932
1833	2948	0.955964
1833	110	0.916167
1833	2160	0.879297
1833	3578	0.863281
1833	3623	0.851253
1834	3510	1.275274
1834	3717	1.266682
1834	3555	1.247525
1834	3624	1.148887
1834	3408	1.060608
1834	3793	0.976224
1834	3354	0.793744
1834	3744	0.792277
1834	3300	0.778333
1834	3512	0.769191
1835	2279	1.097692
1835	2548	1.009927
1835	1993	0.979446
1835	2713	0.915237
1835	891	0.801787
1835	692	0.795500
1835	1947	0.780741
1835	742	0.717278
1835	1981	0.691486
1835	2514	0.675525
1836	1214	0.884796
1836	2571	0.776076
1836	1196	0.763541
1836	1258	0.738167
1836	457	0.671729
1836	3702	0.658666
1836	3703	0.654678
1836	1210	0.650408
1836	1387	0.648927
1836	3505	0.629166
1837	3893	1.154844
1837	3317	1.022447
1837	3948	0.970855
1837	3863	0.861615
1837	3861	0.818547
1837	3911	0.809949
1837	3827	0.795356
1837	3831	0.675358
1837	3273	0.657134
1837	2769	0.646448
1839	733	1.690907
1839	3256	1.689860
1839	380	1.676344
1839	2916	1.523116
1839	1608	1.505323
1839	2273	1.504702
1839	1580	1.489564
1839	780	1.436377
1839	2278	1.319002
1839	1552	1.288000
1841	1474	1.128454
1841	2036	0.985582
1841	2042	0.941548
1841	1562	0.862572
1841	1445	0.849122
1841	126	0.848271
1841	1731	0.774728
1841	1005	0.763537
1841	546	0.747172
1841	881	0.741098
1842	2605	2.269375
1842	2716	1.840218
1842	2772	1.760310
1842	2676	1.756452
1842	1513	1.725187
1842	2598	1.703965
1842	1093	1.685653
1842	3174	1.680803
1842	3219	1.606308
1842	2720	1.600839
1843	1080	1.036755
1843	3504	1.027937
1843	3421	0.933525
1843	1234	0.906552
1843	1230	0.882957
1843	2455	0.876767
1843	3671	0.827262
1843	1136	0.773720
1843	1673	0.757842
1843	3917	0.726934
1845	991	0.786667
1845	2341	0.782992
1845	997	0.702662
1845	1728	0.693568
1845	2415	0.648886
1845	580	0.643043
1845	1054	0.590521
1845	365	0.558436
1845	242	0.498805
1845	412	0.486804
1846	1270	1.267121
1846	2918	1.246595
1846	1307	1.224572
1846	1200	0.960975
1846	1259	0.911284
1846	2000	0.902757
1846	1291	0.882178
1846	2797	0.873489
1846	1198	0.860871
1846	1197	0.804644
1847	593	1.879369
1847	1213	1.688697
1847	50	1.265032
1847	1358	1.036562
1847	2028	0.998126
1847	1704	0.974689
1847	1089	0.845133
1847	3006	0.823861
1847	34	0.822203
1847	1193	0.737670
1850	783	1.862570
1850	2800	1.195890
1850	2687	1.049573
1850	2089	1.040195
1850	1405	1.024082
1850	2096	0.987485
1850	616	0.981878
1850	2048	0.941913
1850	2092	0.935956
1850	2294	0.843621
1851	751	0.724117
1851	1364	0.724117
1851	3221	0.724117
1851	1864	0.676299
1851	1793	0.633769
1851	2964	0.632888
1851	1442	0.613170
1851	419	0.587904
1851	2402	0.569686
1851	473	0.551286
1852	1580	2.272101
1852	2916	2.226060
1852	2985	1.672626
1852	1376	1.649913
1852	1748	1.502424
1852	3527	1.477095
1852	2640	1.442121
1852	1396	1.424382
1852	32	1.369251
1852	329	1.280354
1853	1777	0.849241
1853	339	0.804352
1853	440	0.740585
1853	708	0.719609
1853	1485	0.696116
1853	1042	0.684010
1853	597	0.680761
1853	2797	0.679992
1853	2567	0.663457
1853	500	0.644736
1854	593	1.605936
1854	858	1.434537
1854	608	1.367448
1854	296	1.252369
1854	2028	1.204415
1854	1213	1.174392
1854	1198	0.968838
1854	1196	0.905635
1854	2858	0.866037
1854	1089	0.819578
1855	1552	1.343031
1855	780	1.276867
1855	316	1.199947
1855	786	1.116640
1855	1917	1.099697
1855	329	1.040304
1855	95	0.969257
1855	1792	0.941999
1855	2393	0.901833
1855	1385	0.886635
1856	435	1.843142
1856	173	1.501262
1856	1591	1.480167
1856	2642	1.431993
1856	172	1.431487
1856	379	1.194235
1856	849	1.127179
1856	196	1.050063
1856	737	1.044122
1856	2808	1.040340
1857	595	1.975963
1857	2096	1.728030
1857	1022	1.587281
1857	2687	1.585512
1857	2018	1.535250
1857	596	1.415431
1857	2294	1.411975
1857	1029	1.352104
1857	2078	1.310059
1857	2081	1.285976
1858	1022	1.819232
1858	1907	1.704023
1858	588	1.560292
1858	595	1.486984
1858	2687	1.400602
1858	1029	1.311112
1858	661	1.244909
1858	596	1.207129
1858	2078	1.200843
1858	2087	1.195243
1859	260	1.376056
1859	1200	1.028970
1859	1214	0.994344
1859	1240	0.947709
1859	318	0.945779
1859	1206	0.887628
1859	858	0.878827
1859	527	0.859006
1859	2571	0.833969
1859	904	0.826436
1860	1375	2.518888
1860	329	2.147126
1860	2311	1.697542
1860	2528	1.626821
1860	780	1.408778
1860	1676	1.353539
1860	2046	1.247037
1860	1356	1.188917
1860	1917	1.158384
1860	2532	1.110265
1861	905	0.852505
1861	909	0.837161
1861	910	0.795444
1861	951	0.777835
1861	1278	0.729794
1861	1136	0.724200
1861	1238	0.671351
1861	2863	0.660632
1861	2918	0.651323
1861	1080	0.639188
1862	2598	1.380423
1862	2716	1.193680
1862	785	1.145873
1862	2688	1.132042
1862	2724	1.112110
1862	2683	1.065923
1862	1093	1.043405
1862	2734	1.020563
1862	2485	1.003839
1862	2694	0.999473
1863	1213	0.691554
1863	2396	0.637640
1863	296	0.597087
1863	2858	0.583131
1863	318	0.539798
1863	2700	0.527021
1863	1208	0.526868
1863	2599	0.523613
1863	1136	0.498521
1863	608	0.493216
1865	3556	1.100904
1865	3317	1.041406
1865	3897	0.860104
1865	3555	0.851400
1865	3795	0.799618
1865	3903	0.798019
1865	3597	0.785199
1865	3859	0.769906
1865	3326	0.760083
1865	3895	0.745187
1866	231	1.130732
1866	1485	0.907633
1866	1919	0.840789
1866	304	0.706710
1866	1777	0.675611
1866	370	0.656770
1866	104	0.647816
1866	784	0.636740
1866	1550	0.588339
1866	141	0.566917
1867	2918	1.467654
1867	1278	1.463009
1867	3361	1.457978
1867	1136	1.374512
1867	1294	1.164431
1867	1307	1.150667
1867	3363	1.064230
1867	1080	0.975768
1867	1968	0.965226
1867	1197	0.923568
1868	1214	1.362493
1868	1201	1.349016
1868	1221	1.317870
1868	1240	1.174255
1868	1200	0.988978
1868	1291	0.929686
1868	2921	0.894763
1868	1210	0.884409
1868	1387	0.878762
1868	2922	0.870112
1869	318	0.878582
1869	593	0.738378
1869	912	0.722950
1869	1213	0.695153
1869	3569	0.671974
1869	1221	0.670469
1869	1196	0.659580
1869	1136	0.650156
1869	858	0.635336
1869	1293	0.617759
1870	252	1.446374
1870	597	1.432905
1870	539	1.327950
1870	1777	1.291160
1870	440	1.082217
1870	2671	1.053320
1870	708	1.012978
1870	1441	0.875269
1870	2496	0.846932
1870	357	0.832008
1871	3671	1.801495
1871	1080	1.758528
1871	1294	1.543013
1871	2791	1.497177
1871	1270	1.388170
1871	1259	1.279961
1871	2797	1.188725
1871	1968	1.148206
1871	1235	1.148050
1871	3072	1.145248
1872	318	1.527661
1872	296	1.480860
1872	47	1.377924
1872	1213	1.340917
1872	2028	1.274940
1872	2571	1.234601
1872	2858	1.230165
1872	589	1.186108
1872	1610	1.028230
1872	527	0.993185
1873	2688	0.767064
1873	1231	0.632081
1873	1370	0.630370
1873	780	0.623685
1873	2694	0.619604
1873	527	0.612987
1873	318	0.608363
1873	2605	0.604717
1873	1276	0.603088
1873	1228	0.576405
1874	2858	0.940561
1874	593	0.927019
1874	318	0.906149
1874	296	0.840838
1874	1213	0.832454
1874	1089	0.806137
1874	527	0.781542
1874	1617	0.768543
1874	2762	0.765247
1874	858	0.757867
1875	329	1.650609
1875	1372	1.371238
1875	316	1.363029
1875	3699	1.284518
1875	1527	1.266783
1875	1374	1.257497
1875	1375	1.237496
1875	2628	1.224369
1875	1356	1.196337
1875	1584	1.125969
1876	2770	2.745786
1876	2710	2.414617
1876	2188	2.398632
1876	2771	1.938023
1876	2827	1.841929
1876	1911	1.792428
1876	1093	1.705393
1876	3203	1.609908
1876	2881	1.495495
1876	2605	1.441421
1877	3717	0.984184
1877	3646	0.928530
1877	3511	0.897210
1877	3298	0.779922
1877	3744	0.763359
1877	3594	0.756376
1877	3863	0.737092
1877	3242	0.721472
1877	3798	0.682267
1877	3355	0.677012
1878	328	1.090242
1878	2710	0.918199
1878	1339	0.858072
1878	1342	0.838293
1878	2167	0.806141
1878	1717	0.756820
1878	2120	0.748909
1878	1591	0.725517
1878	366	0.713795
1878	256	0.711197
1879	1270	0.681371
1879	260	0.646483
1879	1278	0.635269
1879	1080	0.626892
1879	3671	0.568422
1879	3421	0.554338
1879	2000	0.513024
1879	1036	0.496936
1879	1394	0.490445
1879	2018	0.475035
1880	899	1.090894
1880	1947	0.867388
1880	2662	0.853648
1880	3417	0.822438
1880	3486	0.822438
1880	1022	0.788126
1880	2667	0.787902
1880	1944	0.771762
1880	3061	0.741221
1880	2663	0.735611
1881	339	1.635971
1881	1777	1.624594
1881	500	1.434373
1881	1569	1.301074
1881	2671	1.246095
1881	440	0.938844
1881	344	0.938096
1881	708	0.918888
1881	11	0.912229
1881	852	0.860227
1882	3578	0.815051
1882	3793	0.775965
1882	3624	0.738768
1882	3755	0.718184
1882	316	0.599900
1882	3753	0.580505
1882	3481	0.576831
1882	3510	0.513912
1882	480	0.511778
1882	1676	0.507264
1883	1029	2.674781
1883	595	2.492028
1883	1907	2.132757
1883	2078	1.977165
1883	2687	1.914020
1883	2081	1.851139
1883	2080	1.674598
1883	2085	1.582061
1883	783	1.558377
1883	2137	1.437790
1884	2210	0.616182
1884	1694	0.566820
1884	929	0.554008
1884	573	0.508493
1884	1096	0.504821
1884	3246	0.486108
1884	2967	0.479073
1884	961	0.441700
1884	2745	0.405578
1884	1941	0.397447
1885	3930	1.643358
1885	1327	1.452029
1885	3928	1.430032
1885	3937	1.116515
1885	2160	1.112939
1885	1282	1.028863
1885	1029	0.931521
1885	2455	0.927181
1885	480	0.898698
1885	3926	0.885322
1887	3635	1.530847
1887	2947	1.113876
1887	2533	1.110401
1887	1198	1.025371
1887	1214	0.910508
1887	1036	0.905246
1887	3014	0.890415
1887	2528	0.888971
1887	1387	0.881775
1887	1240	0.875775
1888	3921	1.420144
1888	3927	1.273152
1888	3922	1.225924
1888	329	1.150295
1888	3929	1.129448
1888	1376	1.028040
1888	1375	0.986456
1888	2454	0.930535
1888	3936	0.850468
1888	2393	0.834762
1889	2713	0.623639
1889	1371	0.612306
1889	2722	0.595421
1889	2881	0.578936
1889	3219	0.560507
1889	2490	0.549691
1889	1911	0.535139
1889	188	0.490795
1889	174	0.483504
1889	2710	0.483449
1890	2922	1.628208
1890	3508	1.368149
1890	3074	1.331922
1890	2401	1.286933
1890	3681	1.063701
1890	2951	1.043284
1890	964	1.037364
1890	599	0.942093
1890	553	0.937024
1890	383	0.917328
1891	527	0.660336
1891	1207	0.652349
1891	912	0.630266
1891	3643	0.628731
1891	3644	0.617013
1891	1193	0.602448
1891	318	0.591737
1891	923	0.571181
1891	608	0.516301
1891	2019	0.494888
1894	1650	0.828347
1894	475	0.611018
1894	1393	0.540558
1894	79	0.535504
1894	1120	0.495242
1894	150	0.491812
1894	222	0.491189
1894	2627	0.465376
1894	1846	0.452894
1894	2218	0.440783
1895	1089	1.547087
1895	47	1.272414
1895	50	1.125180
1895	608	1.072401
1895	3362	1.058657
1895	3104	0.944964
1895	1912	0.885547
1895	1447	0.884937
1895	2391	0.846293
1895	1500	0.707539
1896	1394	0.743784
1896	1136	0.703172
1896	1080	0.699229
1896	1294	0.672778
1896	1213	0.662640
1896	1234	0.625833
1896	3363	0.623653
1896	3362	0.600751
1896	1259	0.546238
1896	3671	0.512007
1897	1911	1.802082
1897	2683	1.634420
1897	2694	1.566020
1897	2433	1.453519
1897	2716	1.440508
1897	3219	1.410610
1897	2605	1.374196
1897	2734	1.370618
1897	3203	1.364845
1897	2710	1.358543
1899	780	1.047022
1899	1917	0.842114
1899	2393	0.747569
1899	1676	0.693937
1899	2115	0.685672
1899	1385	0.669556
1899	10	0.661546
1899	494	0.660731
1899	329	0.612619
1899	1876	0.608629
1900	2770	1.996455
1900	2716	1.869883
1900	785	1.823076
1900	2336	1.809683
1900	2599	1.807819
1900	2712	1.646195
1900	2013	1.572789
1900	2598	1.510959
1900	3219	1.449947
1900	2433	1.398697
1901	3671	0.933729
1901	2866	0.930555
1901	3471	0.847586
1901	2991	0.818542
1901	3198	0.793658
1901	2923	0.783000
1901	1161	0.712179
1901	2177	0.671480
1901	3506	0.651801
1901	3244	0.631981
1902	1625	1.154381
1902	1092	1.042903
1902	350	1.024707
1902	1892	1.005774
1902	530	0.969076
1902	2803	0.879771
1902	832	0.864938
1902	3686	0.787498
1902	3249	0.750446
1902	1732	0.734212
1903	50	1.073778
1903	1089	1.017891
1903	608	0.909563
1903	1358	0.837684
1903	593	0.818423
1903	1213	0.812140
1903	2858	0.730046
1903	457	0.675381
1903	1	0.664575
1903	2571	0.637392
1904	2121	0.954020
1904	1995	0.765216
1904	318	0.727115
1904	2868	0.690779
1904	1970	0.673579
1904	1975	0.652618
1904	1974	0.644749
1904	529	0.641227
1904	527	0.630120
1904	1985	0.612899
1905	1252	1.499284
1905	903	1.247964
1905	912	1.247258
1905	923	1.139784
1905	2186	1.052277
1905	922	1.038795
1905	1248	1.005924
1905	951	0.998205
1905	1260	0.976872
1905	3095	0.951444
1908	3219	1.116712
1908	2598	1.088358
1908	2581	1.011488
1908	2485	0.904266
1908	2688	0.887305
1908	1513	0.852838
1908	539	0.828673
1908	2805	0.826447
1908	2806	0.765729
1908	2840	0.762767
1909	296	2.272067
1909	1704	1.755360
1909	50	1.497156
1909	1089	1.391804
1909	2858	1.179737
1909	2028	1.143508
1909	150	1.049704
1909	2762	1.046090
1909	1041	0.895085
1909	34	0.773622
1910	3317	1.258487
1910	3793	1.139027
1910	3893	1.092287
1910	3301	1.088362
1910	3751	1.013778
1910	3717	1.011322
1910	3578	1.000605
1910	3408	0.943271
1910	3753	0.932302
1910	200	0.909626
1911	527	1.371501
1911	1221	1.357581
1911	593	1.298167
1911	296	1.188834
1911	923	1.027410
1911	608	1.019507
1911	750	1.013812
1911	1213	1.012886
1911	2858	0.899916
1911	111	0.889989
1912	1152	0.738201
1912	1068	0.729325
1912	2205	0.729325
1912	3122	0.664502
1912	964	0.658948
1912	2921	0.579807
1912	3644	0.573016
1912	2951	0.560088
1912	3681	0.556878
1912	2066	0.538698
1913	2096	1.974004
1913	2018	1.925146
1913	1022	1.889600
1913	364	1.877964
1913	595	1.634543
1913	588	1.532282
1913	1907	1.271707
1913	2081	1.259344
1913	2080	1.220702
1913	2687	1.171692
1915	2160	2.350155
1915	3917	2.023765
1915	1673	1.888352
1915	1965	1.845489
1915	1171	1.812303
1915	3932	1.655178
1915	3928	1.598449
1915	3923	1.411861
1915	110	1.196070
1915	268	1.093318
1916	806	0.607976
1916	1291	0.487188
1916	1257	0.466039
1916	1036	0.447540
1916	3737	0.421821
1916	2779	0.411389
1916	2000	0.407603
1916	3194	0.406187
1916	1968	0.402880
1916	3361	0.402240
1917	593	0.661468
1917	1704	0.626569
1917	908	0.625981
1917	296	0.625575
1917	318	0.611757
1917	1207	0.587321
1917	2997	0.583076
1917	50	0.572427
1917	1278	0.545053
1917	1	0.535015
1919	2279	2.200510
1919	2389	1.914233
1919	397	1.798719
1919	1342	1.622391
1919	742	1.617516
1919	891	1.413904
1919	879	1.395208
1919	1975	1.296021
1919	3572	1.269989
1919	1992	1.258047
1920	2257	0.730553
1920	2571	0.572995
1920	3331	0.535072
1920	3691	0.529922
1920	2471	0.526671
1920	3394	0.525194
1920	1674	0.482437
1920	3206	0.481156
1920	2942	0.476210
1920	3584	0.470928
1921	2	0.992796
1921	2105	0.920973
1921	2193	0.902443
1921	2050	0.834434
1921	2005	0.813011
1921	2471	0.787845
1921	434	0.776188
1921	1377	0.761874
1921	2133	0.734734
1921	3489	0.712191
1922	1645	0.777411
1922	1343	0.661793
1922	2749	0.644729
1922	2803	0.626050
1922	350	0.606215
1922	225	0.586278
1922	1459	0.561613
1922	1982	0.541741
1922	2881	0.509283
1922	3499	0.504492
1923	1970	3.158111
1923	3939	2.291147
1923	3941	2.276933
1923	1975	2.254814
1923	1978	2.016322
1923	1979	1.966840
1923	1984	1.905674
1923	1980	1.780016
1923	1985	1.624786
1923	1327	1.602385
1924	2424	0.981960
1924	3351	0.942809
1924	3777	0.875376
1924	207	0.841935
1924	339	0.837819
1924	1569	0.728217
1924	708	0.642659
1924	1409	0.632200
1924	539	0.605766
1924	2570	0.552595
1925	3154	1.238194
1925	3137	1.127551
1925	3143	1.025141
1925	976	0.944126
1925	3406	0.880633
1925	3367	0.818877
1925	3441	0.779267
1925	3366	0.746263
1925	2941	0.743557
1925	2476	0.626231
1926	364	2.431767
1926	588	2.182946
1926	595	2.135222
1926	2078	1.836667
1926	783	1.790506
1926	2085	1.737940
1926	1032	1.734978
1926	2081	1.722473
1926	2137	1.433895
1926	2089	1.374370
1928	780	1.017962
1928	1917	1.013039
1928	1552	0.979592
1928	1608	0.829956
1928	494	0.806224
1928	1370	0.804191
1928	10	0.750786
1928	1597	0.725173
1928	1876	0.714753
1928	95	0.714690
1930	2409	0.872435
1930	2143	0.848201
1930	2005	0.831062
1930	1222	0.761529
1930	2054	0.729201
1930	340	0.683372
1930	1967	0.650999
1930	1387	0.638613
1930	3438	0.638515
1930	2086	0.632566
1931	2327	1.690820
1931	606	1.275522
1931	1967	1.189846
1931	2872	1.171343
1931	1073	1.154751
1931	407	1.138460
1931	188	1.122703
1931	1717	1.115284
1931	2004	1.100744
1931	2328	0.979558
1932	2161	1.532580
1932	1073	1.490441
1932	2193	1.459155
1932	2005	1.372305
1932	3479	1.335736
1932	2872	1.288964
1932	2021	1.048630
1932	2143	1.041773
1932	367	0.904258
1932	2453	0.860529
1933	1673	1.574276
1933	2791	1.337262
1933	2160	1.279667
1933	3753	1.164839
1933	551	1.128906
1933	524	1.098640
1933	2571	0.986920
1933	1965	0.960889
1933	3624	0.917678
1933	3897	0.884584
1934	2581	2.565698
1934	2688	2.483294
1934	2734	2.450594
1934	1513	2.327830
1934	3219	2.059514
1934	2723	1.987252
1934	24	1.876815
1934	2395	1.800972
1934	1959	1.690976
1934	2333	1.629588
1935	3617	1.667622
1935	3624	1.452545
1935	3863	1.438362
1935	3755	1.424027
1935	3578	1.401824
1935	3861	1.364429
1935	3510	1.327982
1935	3793	1.188504
1935	3798	1.173286
1935	3827	1.108407
1937	1641	1.048995
1937	1883	0.922295
1937	1265	0.911358
1937	3255	0.830540
1937	357	0.807727
1937	1517	0.791321
1937	104	0.786957
1937	1246	0.724958
1937	1784	0.697527
1937	3108	0.670181
1938	329	2.073402
1938	780	1.848065
1938	1371	1.644815
1938	1917	1.523143
1938	1876	1.301581
1938	3697	1.171443
1938	1372	1.114584
1938	2641	1.106529
1938	1544	1.035350
1938	748	1.020849
1939	2640	1.631940
1939	3704	1.396735
1939	1376	1.389496
1939	3699	1.362110
1939	2009	1.357984
1939	2528	1.348498
1939	1580	1.202009
1939	1375	1.162523
1939	1356	1.096713
1939	1396	0.997980
1940	3441	1.056067
1940	2028	1.021366
1940	151	0.929385
1940	2944	0.923909
1940	3062	0.889144
1940	1240	0.875469
1940	1196	0.873018
1940	3066	0.850152
1940	1036	0.837972
1940	1208	0.820524
1941	1497	0.623227
1941	1499	0.574802
1941	1382	0.475013
1941	1004	0.465156
1941	80	0.448796
1941	3437	0.430568
1941	1432	0.418842
1941	71	0.405167
1941	737	0.401681
1941	250	0.396059
1942	1972	1.901398
1942	3918	1.884546
1942	3937	1.823285
1942	3939	1.501412
1942	3941	1.492518
1942	1977	1.445474
1942	1986	1.397791
1942	1327	1.380299
1942	1976	1.250472
1942	2792	1.193781
1943	2602	0.780869
1943	1580	0.657336
1943	1374	0.576708
1943	546	0.554765
1943	3527	0.541198
1943	1291	0.532296
1943	1255	0.532160
1943	37	0.500000
1943	1356	0.499421
1943	1376	0.498901
1944	50	0.999160
1944	593	0.971199
1944	318	0.961571
1944	2858	0.953512
1944	1213	0.924764
1944	1270	0.745345
1944	3624	0.731693
1944	1079	0.701447
1944	527	0.659956
1944	2571	0.643058
1945	474	1.415527
1945	6	1.234565
1945	3256	1.150777
1945	733	1.143625
1945	1240	1.068120
1945	1573	1.064519
1945	1200	1.050025
1945	2916	1.046131
1945	2947	0.999366
1945	1036	0.994201
1946	1213	1.031251
1946	318	1.017077
1946	593	0.864446
1946	150	0.856022
1946	527	0.788245
1946	1755	0.647965
1946	2915	0.624900
1946	1079	0.606506
1946	1682	0.605343
1946	1394	0.570258
1947	1350	1.325897
1947	2648	1.224939
1947	1982	1.166404
1947	1214	1.099787
1947	1255	1.062585
1947	1345	1.028860
1947	2288	1.008943
1947	2644	0.986467
1947	2947	0.908035
1947	1994	0.894210
1948	2126	1.270742
1948	71	1.220691
1948	836	1.216620
1948	292	1.132697
1948	786	1.126777
1948	204	1.124789
1948	1752	1.115236
1948	1438	1.033323
1948	434	1.007378
1948	1687	1.000512
1949	541	0.846256
1949	1240	0.714290
1949	1196	0.709550
1949	1200	0.697751
1949	1957	0.692539
1949	592	0.638427
1949	1197	0.610087
1949	924	0.593039
1949	912	0.591500
1949	1206	0.581946
1950	1717	1.357540
1950	724	1.306861
1950	2120	1.284711
1950	253	1.241989
1950	188	0.970744
1950	1347	0.837837
1950	2327	0.801564
1950	1999	0.789353
1950	842	0.774682
1950	2167	0.754729
1951	3624	1.243972
1951	3409	1.188498
1951	3354	1.028052
1951	3623	0.979801
1951	3534	0.968121
1951	3744	0.883183
1951	3578	0.878139
1951	3755	0.834722
1951	3484	0.830696
1951	3481	0.817562
1952	1539	0.817779
1952	3863	0.752595
1952	2100	0.596726
1952	3618	0.586542
1952	2469	0.542671
1952	3625	0.540376
1952	3317	0.540156
1952	3852	0.517954
1952	3785	0.517556
1952	3591	0.517221
1953	1673	1.355333
1953	3481	1.309959
1953	2160	1.200925
1953	524	1.067368
1953	110	0.978671
1953	2948	0.894983
1953	3917	0.889690
1953	1171	0.831703
1953	3555	0.809787
1953	1965	0.809716
1954	3893	1.234367
1954	3911	0.957023
1954	3952	0.953506
1954	3948	0.939329
1954	3481	0.833463
1954	3747	0.771124
1954	3578	0.760178
1954	3556	0.734010
1954	3896	0.681563
1954	3566	0.652446
1955	2605	2.878875
1955	2716	2.783962
1955	1093	2.284314
1955	2336	2.208080
1955	2683	2.061771
1955	2541	2.000145
1955	2694	1.982337
1955	2581	1.944504
1955	2580	1.848809
1955	3203	1.812549
1956	317	1.137400
1956	3438	0.955503
1956	316	0.899086
1956	2021	0.855954
1956	1583	0.835596
1956	2054	0.807524
1956	329	0.797084
1956	2143	0.771112
1956	1391	0.768724
1956	2162	0.758395
1957	318	1.186703
1957	608	1.155397
1957	1213	1.057016
1957	858	0.903390
1957	1221	0.900075
1957	2028	0.882255
1957	1089	0.785891
1957	1394	0.785872
1957	1617	0.773217
1957	260	0.755648
1958	3633	0.732560
1958	2490	0.621579
1958	2598	0.593256
1958	1855	0.578649
1958	2491	0.533261
1958	1513	0.501904
1958	2989	0.497181
1958	2394	0.490340
1958	2841	0.486642
1958	2581	0.469633
1959	318	1.651483
1959	296	1.309270
1959	111	1.259762
1959	1207	1.183098
1959	1221	1.176454
1959	858	1.038657
1959	608	1.034760
1959	1231	0.939060
1959	1228	0.931045
1959	1299	0.886945
1960	2915	0.826064
1960	2100	0.781355
1960	3552	0.740403
1960	3072	0.699834
1960	3087	0.686653
1960	2750	0.665126
1960	2406	0.662123
1960	1307	0.661805
1960	1663	0.655075
1960	2248	0.649265
1961	1376	1.439548
1961	3527	1.060173
1961	1580	1.007437
1961	733	0.988836
1961	3699	0.960245
1961	480	0.946107
1961	2115	0.942484
1961	1527	0.921495
1961	2916	0.893646
1961	1127	0.884876
1962	3753	1.166722
1962	3578	0.911185
1962	3535	0.869512
1962	3510	0.855738
1962	3173	0.804787
1962	3534	0.788203
1962	3793	0.760006
1962	3409	0.733120
1962	3481	0.723813
1962	3623	0.710952
1963	3105	0.734784
1963	62	0.714079
1963	1357	0.660964
1963	1721	0.634622
1963	1784	0.633335
1963	150	0.602023
1963	1660	0.518948
1963	1619	0.512149
1963	2268	0.506453
1963	805	0.500690
1965	357	1.310351
1965	608	1.177294
1965	296	1.169144
1965	440	1.009232
1965	50	0.940223
1965	2359	0.939732
1965	1617	0.936530
1965	2396	0.925607
1965	2028	0.923978
1965	39	0.883833
1966	296	1.479896
1966	1089	1.190766
1966	1617	1.124047
1966	593	1.102841
1966	318	1.075790
1966	1193	0.888227
1966	1387	0.854773
1966	527	0.845004
1966	1252	0.831028
1966	1952	0.817967
1968	1798	1.585006
1968	291	1.494213
1968	782	1.265713
1968	1427	1.207482
1968	240	1.077761
1968	2263	0.968661
1968	3056	0.911031
1968	3557	0.836043
1968	132	0.772701
1968	2741	0.740211
1969	1970	1.773906
1969	3939	1.223415
1969	3941	1.214522
1969	2530	1.140291
1969	1976	1.074957
1969	1973	1.039977
1969	611	0.938127
1969	3021	0.926492
1969	2121	0.868317
1969	2902	0.821131
1970	1221	1.016262
1970	1252	0.881648
1970	1207	0.869627
1970	3670	0.859451
1970	583	0.850436
1970	3536	0.767972
1970	750	0.755048
1970	3534	0.754528
1970	3324	0.731009
1970	3302	0.714106
1971	593	1.298630
1971	296	1.112036
1971	608	1.014243
1971	1213	0.959895
1971	2858	0.874086
1971	150	0.840623
1971	1358	0.742514
1971	1196	0.733270
1971	34	0.723138
1971	3510	0.718531
1972	1265	0.838771
1972	1270	0.834571
1972	34	0.801393
1972	1136	0.759282
1972	1079	0.751306
1972	1278	0.749806
1972	2918	0.729419
1972	1704	0.723132
1972	3504	0.673176
1972	1294	0.672720
1973	1673	1.398878
1973	551	1.264321
1973	2791	1.142669
1973	3948	1.109101
1973	3929	0.999709
1973	3317	0.976197
1973	2455	0.895158
1973	3952	0.881112
1973	3936	0.837474
1973	480	0.835333
1974	148	0.610847
1974	753	0.519632
1974	224	0.463398
1974	539	0.437471
1974	1650	0.428004
1974	2581	0.423992
1974	2485	0.420158
1974	2341	0.401963
1974	1719	0.394636
1974	1393	0.392610
1975	1923	0.893114
1975	3282	0.883516
1975	3154	0.761435
1975	3137	0.693395
1975	3406	0.674546
1975	760	0.654783
1975	3372	0.615634
1975	3066	0.610729
1975	1	0.562085
1975	2359	0.551191
1976	3256	0.571197
1976	2278	0.534180
1976	1271	0.486685
1976	1672	0.480830
1976	590	0.478206
1976	475	0.466383
1976	3246	0.456201
1976	1476	0.448709
1976	2006	0.409731
1976	1399	0.408232
1977	2066	1.525606
1977	922	1.358412
1977	1284	1.346497
1977	1252	1.287233
1977	1248	1.272693
1977	1069	1.173356
1977	1152	1.131784
1977	1260	1.088556
1977	905	0.968085
1977	1267	0.866045
1978	593	1.000340
1978	527	0.800748
1978	1573	0.663850
1978	608	0.651542
1978	867	0.606303
1978	924	0.590297
1978	1358	0.586418
1978	260	0.582347
1978	912	0.575681
1978	296	0.566453
1979	3317	1.702580
1979	3555	1.562382
1979	3863	1.394530
1979	3578	1.342739
1979	3831	1.219683
1979	3916	1.203480
1979	3798	1.148539
1979	3510	1.125190
1979	3556	1.086022
1979	3717	1.061811
1980	67	0.632456
1980	1501	0.632456
1980	2652	0.530330
1980	1235	0.480742
1980	2706	0.465716
1980	1529	0.464238
1980	1296	0.447842
1980	967	0.443841
1980	1957	0.437146
1980	3122	0.413711
1981	3409	1.343973
1981	3354	1.295458
1981	3624	1.261283
1981	3923	1.211387
1981	3534	1.152481
1981	3918	1.128302
1981	2792	1.040276
1981	3513	0.995513
1981	524	0.980451
1981	3917	0.949225
1982	2571	0.717045
1982	480	0.682101
1982	1240	0.642882
1982	1591	0.634364
1982	1370	0.612435
1982	1200	0.571974
1982	457	0.558057
1982	393	0.546328
1982	733	0.540442
1982	349	0.535066
1983	95	0.887854
1983	533	0.804974
1983	736	0.741624
1983	2126	0.738892
1983	3257	0.678649
1983	1377	0.673230
1983	165	0.652942
1983	786	0.623436
1983	1731	0.598229
1983	1917	0.595415
1984	1562	1.632620
1984	544	1.612134
1984	809	1.577745
1984	204	1.369371
1984	485	1.315353
1984	1867	1.291962
1984	1681	1.165874
1984	420	1.162605
1984	1591	1.161679
1984	1752	1.097745
1985	1552	1.495805
1985	1917	1.450137
1985	1586	1.102353
1985	434	1.091760
1985	3082	1.075187
1985	2616	1.070201
1985	288	0.978087
1985	1792	0.923251
1985	836	0.861012
1985	1479	0.829280
1987	589	1.422210
1987	2028	1.374748
1987	1036	1.212940
1987	474	1.129949
1987	733	0.998365
1987	1291	0.945103
1987	1200	0.939180
1987	2947	0.856843
1987	1198	0.794780
1987	1270	0.756746
1988	3317	0.598552
1988	2688	0.572519
1988	3578	0.509138
1988	3481	0.471647
1988	2716	0.453084
1988	2881	0.445206
1988	3952	0.422990
1988	3510	0.419984
1988	3717	0.415769
1988	1	0.408838
1990	1213	1.407274
1990	608	1.296354
1990	527	1.203000
1990	2028	1.074444
1990	1221	1.007019
1990	1193	0.985449
1990	50	0.955891
1990	2858	0.891127
1990	1089	0.883847
1990	2762	0.802630
1992	3552	1.801988
1992	2915	1.655791
1992	3087	1.513773
1992	2174	1.393036
1992	3210	1.324685
1992	3361	1.258765
1992	2150	1.225562
1992	1079	1.224633
1992	1968	1.157371
1992	1297	1.092645
1995	539	0.952331
1995	2671	0.793264
1995	597	0.766493
1995	2321	0.746380
1995	2108	0.713135
1995	1777	0.652317
1995	473	0.650782
1995	1265	0.634324
1995	34	0.622842
1995	471	0.594556
1996	2115	1.025694
1996	329	1.003123
1996	733	0.950881
1996	1356	0.936149
1996	2393	0.927767
1996	780	0.924237
1996	1552	0.913749
1996	2640	0.885277
1996	2105	0.878192
1996	1372	0.850729
1997	1641	0.998647
1997	2997	0.991158
1997	2762	0.962425
1997	34	0.912164
1997	2321	0.900868
1997	1784	0.812590
1997	223	0.809454
1997	235	0.782087
1997	3108	0.741633
1997	2987	0.698597
1998	1198	0.752345
1998	3406	0.661443
1998	1262	0.622340
1998	593	0.597341
1998	1204	0.575481
1998	1240	0.568179
1998	1196	0.560419
1998	1208	0.556580
1998	3066	0.547641
1998	2571	0.535511
1999	1214	2.106314
1999	541	1.749495
1999	1210	1.730086
1999	589	1.676398
1999	260	1.666518
1999	3703	1.421733
1999	32	1.321811
1999	1197	1.257409
1999	1584	1.204075
1999	3702	1.202181
2000	1704	1.113711
2000	318	0.930099
2000	608	0.800409
2000	1393	0.793600
2000	1265	0.766558
2000	296	0.745476
2000	36	0.693880
2000	34	0.681277
2000	2762	0.637075
2000	1213	0.612661
2001	2688	2.380189
2001	2734	1.848695
2001	785	1.811392
2001	2598	1.779726
2001	2716	1.719896
2001	2719	1.613526
2001	2336	1.449133
2001	2490	1.448227
2001	3623	1.419291
2001	2805	1.415609
2002	597	1.050881
2002	1777	0.901155
2002	2108	0.890810
2002	339	0.852646
2002	3255	0.830321
2002	587	0.794930
2002	3809	0.786872
2002	3253	0.762794
2002	356	0.709395
2002	539	0.686199
2003	2089	2.032219
2003	2687	1.656563
2003	2090	1.625382
2003	709	1.311352
2003	364	1.283154
2003	1033	1.266282
2003	2096	1.219967
2003	2085	1.200753
2003	3400	1.106344
2003	1022	1.070817
2004	173	1.853273
2004	2531	1.759511
2004	2986	1.568912
2004	1591	1.567719
2004	2615	1.190524
2004	1037	1.150293
2004	327	1.082217
2004	2658	1.073853
2004	3780	1.073853
2004	172	1.063958
2005	2491	2.889485
2005	2581	2.443005
2005	2723	2.049212
2005	3219	1.948751
2005	2906	1.908042
2005	2502	1.792516
2005	2394	1.767843
2005	3623	1.645641
2005	2013	1.615653
2005	2692	1.599409
2006	1947	2.658376
2006	918	2.429637
2006	1022	2.307298
2006	1282	2.019479
2006	1035	1.893118
2006	2096	1.864734
2006	364	1.763489
2006	914	1.692856
2006	2078	1.574745
2006	2087	1.512239
2007	1240	2.230195
2007	260	2.160300
2007	1200	2.133547
2007	3471	2.013322
2007	589	1.756948
2007	1270	1.544076
2007	3703	1.389544
2007	1221	1.386556
2007	750	1.312750
2007	1199	1.289392
2008	608	1.226491
2008	1617	1.062577
2008	50	1.061731
2008	318	0.880669
2008	47	0.792525
2008	2700	0.764467
2008	3081	0.736866
2008	1252	0.694650
2008	296	0.691781
2008	1213	0.675902
2009	318	2.401182
2009	1617	1.724995
2009	1358	1.703378
2009	1704	1.591000
2009	2858	1.305397
2009	2571	1.062245
2009	3006	1.061661
2009	1221	1.024696
2009	293	0.852568
2009	858	0.842887
2010	148	0.853851
2010	1695	0.812561
2010	2424	0.632984
2010	539	0.587579
2010	3259	0.550305
2010	882	0.548621
2010	1043	0.544104
2010	3141	0.530687
2010	2597	0.530608
2010	1888	0.529280
2011	1200	0.755404
2011	3578	0.731870
2011	260	0.702932
2011	1374	0.701947
2011	592	0.695011
2011	1240	0.690785
2011	1291	0.690572
2011	3624	0.684668
2011	1214	0.678618
2011	3745	0.645569
2012	1722	0.895828
2012	10	0.895231
2012	1573	0.835693
2012	349	0.788188
2012	1101	0.780952
2012	733	0.755012
2012	2353	0.738026
2012	648	0.676137
2012	380	0.669946
2012	393	0.644543
2013	1356	1.966724
2013	2640	1.709473
2013	316	1.631511
2013	2916	1.629260
2013	1376	1.564645
2013	480	1.561301
2013	1653	1.560471
2013	1584	1.559151
2013	1372	1.514269
2013	2528	1.490192
2014	1252	1.630248
2014	922	1.455797
2014	1284	1.440398
2014	1152	1.387140
2014	2186	1.349221
2014	1267	1.344557
2014	930	1.165786
2014	2203	1.082210
2014	3683	0.971321
2014	1	0.867857
2015	1677	0.913659
2015	3495	0.666667
2015	2469	0.662328
2015	1731	0.621124
2015	2134	0.615477
2015	656	0.615119
2015	569	0.601952
2015	2746	0.582833
2015	3087	0.558300
2015	2797	0.491553
2016	329	1.256318
2016	780	1.127937
2016	1552	1.099781
2016	1370	1.071725
2016	292	0.993881
2016	10	0.991186
2016	316	0.986274
2016	1527	0.982191
2016	1372	0.935805
2016	349	0.934446
2017	593	1.542148
2017	608	1.349060
2017	2028	1.271451
2017	1617	1.219220
2017	1625	1.192830
2017	1610	1.181481
2017	1892	1.092395
2017	1213	1.086340
2017	1089	1.054180
2017	110	0.915375
2018	1069	0.691343
2018	2066	0.586443
2018	1153	0.559433
2018	3097	0.509749
2018	942	0.505105
2018	3435	0.456765
2018	1284	0.450443
2018	3738	0.418005
2018	930	0.412904
2018	2734	0.402137
2019	2688	2.027392
2019	2770	1.853658
2019	2959	1.842909
2019	2734	1.753211
2019	2355	1.601982
2019	785	1.590614
2019	1093	1.552322
2019	2605	1.514717
2019	3203	1.501704
2019	2318	1.452166
2020	77	0.669590
2020	495	0.528532
2020	292	0.483969
2020	2989	0.469185
2020	2376	0.443144
2020	494	0.441504
2020	3751	0.437075
2020	3893	0.437049
2020	3740	0.435410
2020	2990	0.416419
2021	780	1.539540
2021	1552	1.439045
2021	786	1.289127
2021	316	1.255338
2021	165	1.236855
2021	648	1.202058
2021	1876	1.155641
2021	10	1.054510
2021	1527	1.032522
2021	1385	0.983293
2022	1580	0.706438
2022	3052	0.657500
2022	2006	0.642527
2022	3253	0.631587
2022	780	0.608369
2022	349	0.592276
2022	2	0.579689
2022	21	0.561140
2022	1517	0.555233
2022	1370	0.545267
2023	2	1.111857
2023	317	1.025242
2023	367	1.015097
2023	2005	0.975599
2023	2193	0.815113
2023	1967	0.810963
2023	2161	0.782292
2023	2968	0.768512
2023	2140	0.712504
2023	3438	0.711551
2024	2375	0.802212
2024	2134	0.792491
2024	2794	0.705481
2024	2378	0.647990
2024	2706	0.625924
2024	3688	0.619385
2024	2752	0.617876
2024	2770	0.603059
2024	2874	0.600777
2024	2372	0.587080
2025	1198	1.471498
2025	1254	1.293749
2025	1214	1.195684
2025	1200	1.135255
2025	1240	1.107478
2025	919	1.065861
2025	1197	0.965607
2025	2366	0.955480
2025	750	0.926672
2025	2028	0.891847
2026	3508	3.330576
2026	2921	3.173855
2026	383	1.904369
2026	553	1.851969
2026	964	1.804689
2026	3365	1.799662
2026	1283	1.566600
2026	1378	1.552195
2026	416	1.548607
2026	210	1.517592
2027	2194	0.574511
2027	2000	0.567024
2027	1307	0.561854
2027	2791	0.561760
2027	1729	0.549830
2027	3361	0.535758
2027	1079	0.524836
2027	3246	0.522657
2027	1259	0.471805
2027	3360	0.469355
2029	2424	1.009668
2029	597	1.008338
2029	339	0.986966
2029	539	0.930155
2029	1777	0.883918
2029	587	0.793398
2029	2671	0.749547
2029	2581	0.730015
2029	2683	0.702769
2029	2502	0.674721
2030	1549	0.747207
2030	3398	0.709687
2030	67	0.664775
2030	1501	0.651065
2030	2436	0.575137
2030	2652	0.545935
2030	2047	0.510686
2030	2098	0.496759
2030	2874	0.494508
2030	2096	0.490081
2031	3897	1.694005
2031	3911	1.488732
2031	3751	1.414681
2031	3481	1.356127
2031	3755	1.230647
2031	3515	1.174065
2031	3952	1.151156
2031	3915	1.132490
2031	3863	1.108792
2031	3555	1.090966
2032	1779	1.056847
2032	1917	1.043964
2032	780	0.951388
2032	2528	0.942399
2032	1372	0.900828
2032	3697	0.897656
2032	435	0.872259
2032	1373	0.864492
2032	1371	0.859031
2032	3014	0.825464
2033	2188	1.817407
2033	2706	1.815299
2033	2770	1.806007
2033	2433	1.627178
2033	223	1.524932
2033	2572	1.460374
2033	2771	1.365405
2033	2355	1.231915
2033	2541	1.144058
2033	1911	1.070645
2034	3819	1.206321
2034	1136	1.102400
2034	905	1.079434
2034	2973	1.075547
2034	1080	1.061958
2034	1288	0.930019
2034	1238	0.855517
2034	1278	0.853732
2034	3361	0.762901
2034	1296	0.688719
2035	1907	2.028876
2035	2096	1.960991
2035	364	1.885868
2035	2089	1.811728
2035	594	1.786087
2035	1029	1.604315
2035	595	1.590882
2035	596	1.583310
2035	2090	1.477314
2035	2087	1.445791
2036	1035	0.758626
2036	3604	0.753653
2036	1380	0.752359
2036	2565	0.675663
2036	899	0.617002
2036	914	0.614921
2036	1951	0.610499
2036	480	0.591928
2036	3061	0.575970
2036	918	0.572802
2038	2532	1.033410
2038	3014	0.731250
2038	969	0.685815
2038	1931	0.660735
2038	2346	0.633981
2038	2533	0.633813
2038	912	0.600513
2038	3196	0.599893
2038	2105	0.571460
2038	527	0.563074
2039	1610	1.668618
2039	1573	1.602806
2039	733	1.599608
2039	2916	1.500908
2039	457	1.461207
2039	2058	1.337368
2039	2353	1.190950
2039	10	1.137690
2039	589	1.108284
2039	3107	1.069486
2040	2598	2.196284
2040	2490	1.600480
2040	3623	1.529089
2040	2013	1.491915
2040	2581	1.485990
2040	1959	1.453692
2040	2841	1.448528
2040	2734	1.405469
2040	2959	1.395695
2040	2724	1.345261
2041	3176	0.629074
2041	2598	0.570118
2041	2395	0.542638
2041	187	0.535450
2041	1513	0.510212
2041	2396	0.484402
2041	2762	0.475737
2041	104	0.458894
2041	2700	0.428666
2041	2491	0.420509
2042	318	1.269565
2042	1193	1.203746
2042	260	1.091725
2042	1262	1.070396
2042	969	1.048841
2042	1207	0.978982
2042	923	0.934840
2042	1198	0.917655
2042	1254	0.917164
2042	593	0.897689
2043	2491	2.729670
2043	2841	2.570609
2043	2490	2.442217
2043	2723	2.298810
2043	2502	2.215607
2043	3219	2.174955
2043	2013	2.092638
2043	2724	2.001069
2043	2700	1.889747
2043	43	1.813306
2046	296	1.059224
2046	34	1.003815
2046	2858	0.993795
2046	608	0.902868
2046	1704	0.874498
2046	3361	0.854776
2046	2918	0.832427
2046	1307	0.809106
2046	1213	0.785821
2046	1	0.776523
2047	3948	1.088535
2047	3897	0.902212
2047	3949	0.849580
2047	3893	0.800211
2047	3751	0.752640
2047	3555	0.698460
2047	3408	0.644306
2047	3510	0.633248
2047	3916	0.599982
2047	2769	0.593825
2048	480	2.045843
2048	1673	1.831669
2048	2160	1.646702
2048	2791	1.421439
2048	1171	1.399841
2048	3624	1.300744
2048	3917	1.150248
2048	551	1.136229
2048	2454	1.094403
2048	3510	1.066055
2049	923	1.286387
2049	1207	0.956931
2049	1252	0.946718
2049	3893	0.874515
2049	3134	0.850359
2049	910	0.816840
2049	3948	0.743000
2049	922	0.716050
2049	1193	0.695866
2049	1267	0.678676
2050	1573	0.586066
2050	1240	0.546871
2050	440	0.526063
2050	3255	0.491516
2050	597	0.489581
2050	2571	0.486598
2050	3623	0.459691
2050	733	0.447866
2050	2916	0.442056
2050	39	0.439286
2051	316	2.602516
2051	780	2.408184
2051	3697	2.251571
2051	1527	1.984703
2051	1876	1.971075
2051	1372	1.874527
2051	1544	1.656040
2051	1779	1.582808
2051	2094	1.518650
2051	198	1.455514
2052	3005	2.384782
2052	2770	2.000071
2052	2710	1.618813
2052	2541	1.545913
2052	2433	1.531099
2052	2771	1.400717
2052	2355	1.212183
2052	1127	1.142985
2052	2975	1.079977
2052	1911	1.012743
2054	223	0.806825
2054	2694	0.790945
2054	1093	0.774095
2054	2355	0.741994
2054	2706	0.733980
2054	3175	0.701949
2054	2688	0.678231
2054	2599	0.659375
2054	1911	0.653213
2054	2580	0.651662
2055	1345	2.688720
2055	2644	1.709974
2055	3018	1.530289
2055	1347	1.478139
2055	1340	1.328115
2055	2784	1.300132
2055	1258	1.292318
2055	1333	1.284537
2055	1997	1.260299
2055	3476	1.204607
2056	1342	1.237496
2056	2327	1.099347
2056	3709	0.712624
2056	2428	0.663093
2056	1231	0.650446
2056	842	0.587152
2056	3018	0.584310
2056	2004	0.581945
2056	1247	0.563315
2056	1213	0.562055
2057	2770	1.804167
2057	1093	1.574331
2057	2688	1.553681
2057	2694	1.509715
2057	2336	1.458434
2057	2712	1.393597
2057	2881	1.392420
2057	2683	1.352325
2057	2959	1.344588
2057	2716	1.304459
2058	480	1.656039
2058	2948	1.633104
2058	1171	1.543735
2058	551	1.329357
2058	1035	1.181423
2058	110	1.127011
2058	1249	1.075897
2058	3917	1.073309
2058	2657	1.028438
2058	1269	1.007118
2059	587	0.649080
2059	1393	0.606684
2059	597	0.580708
2059	539	0.568601
2059	1603	0.554174
2059	1391	0.543234
2059	2424	0.425867
2059	6	0.422931
2059	2600	0.417117
2059	2012	0.407987
2060	3911	1.230226
2060	3893	1.121834
2060	3744	1.103765
2060	3717	1.078451
2060	3948	1.076563
2060	3793	1.069050
2060	3798	1.042047
2060	3861	1.026169
2060	3623	0.985436
2060	3555	0.933457
2062	1089	1.500193
2062	1466	1.326598
2062	1227	0.869449
2062	1061	0.845780
2062	1447	0.797275
2062	50	0.783397
2062	1179	0.728062
2062	2000	0.680426
2062	1912	0.614494
2062	1500	0.588980
2063	3621	0.709352
2063	3897	0.611282
2063	3597	0.543861
2063	3893	0.505412
2063	3511	0.504222
2063	3832	0.467292
2063	2769	0.464592
2063	3580	0.461962
2063	3400	0.447241
2063	1489	0.415363
2064	292	1.397811
2064	95	1.311106
2064	780	1.151289
2064	1479	1.127756
2064	316	1.015619
2064	1833	0.992355
2064	208	0.988390
2064	2617	0.946646
2064	1608	0.909590
2064	1377	0.883280
2065	296	1.525064
2065	50	1.459907
2065	1196	1.402117
2065	608	1.364298
2065	2858	1.303664
2065	527	1.298508
2065	1213	1.174981
2065	589	1.134910
2065	858	1.109229
2065	1240	1.025444
2067	2407	1.322300
2067	2797	1.078448
2067	1297	0.992585
2067	3039	0.972999
2067	2174	0.940496
2067	2463	0.936767
2067	2371	0.925761
2067	1663	0.917848
2067	2406	0.879269
2067	3087	0.836312
2068	1375	1.582238
2068	1374	1.344857
2068	2115	1.197543
2068	2393	1.158315
2068	1371	1.153226
2068	780	1.132891
2068	2406	1.068834
2068	2105	1.016553
2068	316	1.003785
2068	2916	0.967518
2069	597	0.975761
2069	923	0.937228
2069	587	0.736457
2069	357	0.732313
2069	904	0.714418
2069	1517	0.698260
2069	2108	0.693323
2069	52	0.681269
2069	1252	0.660164
2069	471	0.657737
2070	318	1.213099
2070	608	1.209950
2070	593	1.091168
2070	527	1.010412
2070	1617	0.917604
2070	1213	0.888428
2070	1089	0.842613
2070	1704	0.810215
2070	1358	0.762316
2070	2858	0.751450
2071	2096	1.059374
2071	2137	1.046860
2071	2087	0.961994
2071	2089	0.948570
2071	1029	0.891193
2071	364	0.889819
2071	1907	0.886841
2071	3034	0.849621
2071	1022	0.810730
2071	2018	0.789705
2072	2424	1.290599
2072	539	1.041382
2072	46	1.034439
2072	1888	0.951052
2072	1894	0.948773
2072	74	0.947249
2072	2497	0.938074
2072	597	0.912202
2072	1569	0.823069
2072	2506	0.785086
2073	1967	0.576987
2073	2005	0.566662
2073	3479	0.516383
2073	2193	0.513863
2073	2406	0.454219
2073	253	0.427200
2073	2174	0.413253
2073	440	0.393273
2073	141	0.378324
2073	3367	0.378181
2074	3555	1.127221
2074	480	1.044347
2074	3623	1.031626
2074	3624	1.016473
2074	3510	0.963786
2074	3081	0.922826
2074	2571	0.918466
2074	3578	0.874584
2074	3354	0.872900
2074	608	0.834628
2075	2770	2.972236
2075	1911	2.673700
2075	3203	2.581464
2075	2683	2.511273
2075	2716	2.290500
2075	3005	2.131438
2075	2355	2.041447
2075	2712	1.810533
2075	2997	1.769732
2075	2706	1.729320
2076	593	0.513841
2076	50	0.461462
2076	1089	0.410282
2076	1617	0.405207
2076	296	0.392205
2076	2706	0.381165
2076	3897	0.378524
2076	1213	0.378387
2076	318	0.375517
2076	3948	0.369905
2077	316	0.895912
2077	2404	0.708263
2077	1527	0.690190
2077	1580	0.594473
2077	1573	0.589421
2077	3697	0.586462
2077	1356	0.580448
2077	3897	0.576098
2077	1917	0.568846
2077	1372	0.554676
2078	597	1.400470
2078	2424	1.225470
2078	2671	1.172928
2078	377	1.046153
2078	1569	1.028717
2078	11	1.026003
2078	587	0.991866
2078	380	0.929884
2078	7	0.858300
2078	1393	0.847587
2079	1037	1.715566
2079	196	1.619689
2079	1690	1.493408
2079	748	1.308115
2079	849	1.215187
2079	185	1.174275
2079	2808	1.145889
2079	379	1.142456
2079	2688	1.130669
2079	1591	1.119065
2080	593	1.836434
2080	1221	1.821758
2080	527	1.520281
2080	1193	1.385447
2080	1207	1.331114
2080	1214	1.290431
2080	923	1.288185
2080	2571	1.271535
2080	1617	1.214739
2080	1240	1.141795
2081	3744	1.694592
2081	3578	1.596767
2081	3755	1.563023
2081	3826	1.530130
2081	3753	1.424981
2081	3624	1.255407
2081	3821	1.223566
2081	3793	1.212473
2081	3825	1.210681
2081	3616	1.114833
2082	2858	1.007316
2082	2006	0.880661
2082	2571	0.874880
2082	1198	0.843460
2082	349	0.832823
2082	3578	0.825421
2082	3107	0.794587
2082	1200	0.777842
2082	1214	0.744995
2082	733	0.744029
2083	1214	1.961013
2083	1196	1.783210
2083	260	1.713731
2083	457	1.454151
2083	541	1.405756
2083	1210	1.278997
2083	1036	1.161421
2083	3471	1.148348
2083	924	1.070267
2083	593	1.045770
2084	3253	0.908974
2084	2353	0.860900
2084	364	0.840055
2084	2302	0.706061
2084	1393	0.680706
2084	377	0.678800
2084	357	0.648438
2084	594	0.633329
2084	3255	0.616068
2084	1641	0.597053
2085	1474	1.461491
2085	374	1.355823
2085	2027	1.335690
2085	2799	1.327658
2085	1707	1.217513
2085	2798	1.194161
2085	325	1.166388
2085	437	1.160659
2085	3248	1.126822
2085	3667	1.091068
2086	2694	1.602338
2086	1093	1.495705
2086	2355	1.357537
2086	2336	1.290050
2086	2599	1.277283
2086	223	1.231587
2086	2710	1.187476
2086	3005	1.185894
2086	3175	1.137665
2086	1911	1.109322
2087	3624	1.576750
2087	3917	1.483865
2087	2792	1.276084
2087	3513	1.262326
2087	3484	1.145145
2087	3300	1.118488
2087	3354	1.113936
2087	2160	1.019896
2087	1171	1.010544
2087	1673	0.988535
2088	962	0.897115
2088	2784	0.690448
2088	2870	0.671010
2088	2783	0.655487
2088	3076	0.640024
2088	3154	0.592041
2088	3028	0.542832
2088	3137	0.539137
2088	2646	0.510305
2088	430	0.496856
2089	2688	1.510052
2089	2716	1.316267
2089	2599	1.298848
2089	2605	1.270267
2089	2336	1.268040
2089	2770	1.123038
2089	1093	1.121228
2089	785	1.118976
2089	2734	1.112253
2089	2959	1.099679
2090	3087	1.465741
2090	2371	1.460161
2090	2796	1.365654
2090	3591	1.215800
2090	2794	1.192525
2090	2416	1.106504
2090	3388	1.086732
2090	3525	1.071100
2090	2405	1.064799
2090	3308	1.040067
2091	2565	2.376148
2091	1028	1.918442
2091	1951	1.885863
2091	2096	1.839864
2091	3061	1.838300
2091	594	1.786219
2091	1282	1.658947
2091	595	1.596762
2091	2087	1.557855
2091	3675	1.484159
2092	914	1.157741
2092	2565	0.649166
2092	918	0.607619
2092	1035	0.576970
2092	899	0.567425
2092	938	0.531739
2092	3135	0.529408
2092	916	0.524935
2092	3167	0.511353
2092	943	0.498566
2093	1673	1.820000
2093	2455	1.508151
2093	551	1.429282
2093	3917	1.185212
2093	2160	1.169784
2093	524	1.131486
2093	2454	1.027999
2093	110	1.001276
2093	3481	0.981096
2093	3753	0.975921
2094	1089	1.122587
2094	1213	1.036737
2094	593	0.983474
2094	318	0.944486
2094	858	0.928874
2094	260	0.900436
2094	1221	0.876300
2094	1287	0.730095
2094	1617	0.727314
2094	2871	0.688439
2095	2688	2.701416
2095	2581	2.292130
2095	2490	2.285870
2095	2502	2.221446
2095	2491	1.853655
2095	2723	1.834043
2095	3623	1.813129
2095	2574	1.775477
2095	785	1.687151
2095	43	1.668694
2096	2174	2.071808
2096	2193	1.633541
2096	2005	1.445102
2096	2140	1.416436
2096	2872	1.159284
2096	2100	1.137232
2096	2143	1.076305
2096	1221	1.053543
2096	1240	1.024295
2096	2054	0.978800
2097	2762	0.748533
2097	3408	0.696161
2097	3755	0.672089
2097	3555	0.656215
2097	3785	0.647035
2097	3623	0.606804
2097	3745	0.597351
2097	3753	0.597249
2097	3617	0.584531
2097	3798	0.575470
2098	291	1.717321
2098	1798	1.650134
2098	103	1.631706
2098	3056	1.504091
2098	2586	1.111298
2098	782	1.080510
2098	463	0.977380
2098	204	0.796502
2098	3835	0.788590
2098	2741	0.772479
2099	3753	1.512420
2099	1673	1.373545
2099	480	1.371053
2099	2291	1.232420
2099	524	1.227261
2099	2160	1.167708
2099	3300	1.165618
2099	3578	1.163369
2099	2948	1.132235
2099	3481	1.080200
2100	74	0.861994
2100	2485	0.791045
2100	469	0.671324
2100	46	0.666152
2100	276	0.664482
2100	2497	0.656093
2100	7	0.641014
2100	1398	0.595513
2100	3285	0.588485
2100	539	0.549048
2101	1350	2.302321
2101	1340	2.045728
2101	1345	1.825399
2101	1255	1.701473
2101	1994	1.553509
2101	3727	1.417241
2101	3499	1.304495
2101	3476	1.194560
2101	3696	1.145046
2101	2653	1.112676
2102	3591	1.271887
2102	2134	1.169950
2102	2150	1.077995
2102	2145	1.016162
2102	2406	1.003972
2102	2100	0.979850
2102	2011	0.965062
2102	2407	0.903001
2102	2746	0.869589
2102	1663	0.859505
2103	1206	1.205757
2103	589	1.170243
2103	2571	1.145043
2103	1240	1.128106
2103	32	1.088543
2103	1210	1.029950
2103	1200	1.002246
2103	1199	0.980388
2103	1198	0.952787
2103	3753	0.947415
2104	2706	0.864294
2104	2694	0.700680
2104	3005	0.595707
2104	1693	0.577560
2104	2699	0.567192
2104	3401	0.564215
2104	2997	0.525617
2104	223	0.523976
2104	318	0.514522
2104	2770	0.513025
2105	3897	0.843603
2105	3911	0.823773
2105	3863	0.763586
2105	2233	0.714992
2105	3717	0.702992
2105	1901	0.691019
2105	3905	0.691019
2105	3948	0.673131
2105	3910	0.622738
2105	3901	0.618291
2106	3850	0.648886
2106	3912	0.489172
2106	3911	0.480350
2106	2396	0.476876
2106	2837	0.465204
2106	1234	0.451201
2106	3232	0.451178
2106	2536	0.424795
2106	2509	0.420084
2106	2914	0.414090
2109	3717	1.224377
2109	3752	1.020288
2109	3189	0.960790
2109	3744	0.898648
2109	3578	0.867998
2109	3863	0.859442
2109	3299	0.848371
2109	3623	0.821321
2109	3616	0.806251
2109	3785	0.806231
2110	1777	0.736756
2110	231	0.616641
2110	3491	0.556105
2110	339	0.540019
2110	3040	0.528103
2110	500	0.520667
2110	2463	0.502759
2110	2011	0.495713
2110	2407	0.487771
2110	2134	0.482524
2112	62	0.967628
2112	1784	0.888263
2112	1682	0.741207
2112	357	0.740841
2112	2916	0.624412
2112	3100	0.621730
2112	1704	0.621716
2112	2571	0.617031
2112	1883	0.603821
2112	39	0.603636
2113	2455	2.522064
2113	524	1.778322
2113	551	1.540829
2113	2291	1.532044
2113	3928	1.520747
2113	2948	1.473391
2113	3918	1.370174
2113	268	1.265947
2113	2791	1.187680
2113	2792	1.181767
2114	1436	0.625543
2114	1432	0.589273
2114	1004	0.531383
2114	2513	0.518660
2114	1606	0.509084
2114	3459	0.500343
2114	1991	0.490817
2114	3166	0.475129
2114	1604	0.471200
2114	2965	0.467761
2115	1777	1.493838
2115	2302	1.279723
2115	357	1.130904
2115	440	1.057456
2115	39	0.966039
2115	587	0.954709
2115	1883	0.928483
2115	1747	0.921320
2115	1485	0.900101
2115	1517	0.882836
2116	3249	1.083464
2116	786	1.008869
2116	1792	1.007649
2116	1552	0.927655
2116	3686	0.917613
2116	291	0.839222
2116	1427	0.758954
2116	1608	0.735274
2116	1370	0.732544
2116	292	0.725210
2117	2598	1.196914
2117	2013	1.179821
2117	2734	1.171273
2117	3219	1.131262
2117	2906	1.053756
2117	1513	0.998932
2117	299	0.980601
2117	2490	0.927196
2117	2599	0.914668
2117	2841	0.867050
2118	1079	2.290315
2118	2915	1.399554
2118	1968	1.339652
2118	1288	1.283166
2118	2352	1.264326
2118	3039	1.247865
2118	2791	1.234650
2118	1172	1.213515
2118	1080	1.186206
2118	3421	1.154544
2119	1370	0.750002
2119	349	0.709570
2119	1580	0.689395
2119	1610	0.641371
2119	1393	0.637688
2119	2916	0.620280
2119	733	0.608491
2119	377	0.600360
2119	2353	0.597939
2119	2194	0.592499
2120	2683	0.895146
2120	141	0.815936
2120	500	0.813834
2120	585	0.797737
2120	344	0.793880
2120	3253	0.779947
2120	1485	0.763950
2120	333	0.745473
2120	597	0.737503
2120	1042	0.733038
2121	3088	0.750135
2121	2967	0.708821
2121	1252	0.641530
2121	1085	0.582832
2121	922	0.581404
2121	2749	0.537111
2121	1316	0.530565
2121	926	0.516574
2121	3585	0.510797
2121	3379	0.502436
2122	3717	0.746492
2122	2194	0.743580
2122	1961	0.701719
2122	3863	0.671161
2122	3555	0.652028
2122	1036	0.630303
2122	3744	0.627127
2122	2944	0.608898
2122	3624	0.591130
2122	1962	0.584410
2123	1569	1.680401
2123	1777	1.583005
2123	7	1.502170
2123	356	1.484380
2123	1721	1.369649
2123	252	1.351063
2123	708	1.350235
2123	587	1.271302
2123	1888	1.205865
2123	852	1.185961
2124	3777	0.659459
2124	273	0.657196
2124	2868	0.564005
2124	3351	0.531904
2124	2483	0.501484
2124	1987	0.456502
2124	3459	0.444581
2124	530	0.444444
2124	2513	0.431197
2124	572	0.426401
2125	2089	1.769862
2125	709	1.639645
2125	3611	1.554025
2125	3775	1.554025
2125	364	1.338117
2125	2096	1.286109
2125	1022	1.230613
2125	3776	1.193954
2125	2294	1.175297
2125	2687	1.160234
2126	2393	1.808390
2126	780	1.606249
2126	1037	1.567238
2126	1371	1.551329
2126	3697	1.505434
2126	316	1.477067
2126	1372	1.435628
2126	435	1.327180
2126	185	1.318532
2126	748	1.287090
2127	594	0.923363
2127	595	0.898311
2127	2096	0.850908
2127	1673	0.840277
2127	3098	0.773069
2127	596	0.769156
2127	1282	0.767293
2127	1302	0.688503
2127	1029	0.677741
2127	1907	0.666049
2129	3573	2.609547
2129	1329	2.458021
2129	3692	1.952089
2129	3021	1.837938
2129	2119	1.782003
2129	3488	1.738083
2129	2462	1.460202
2129	3840	1.445622
2129	3833	1.264641
2129	3664	1.219444
2130	3937	2.379051
2130	3927	1.873563
2130	1971	1.791611
2130	1673	1.505240
2130	1973	1.481578
2130	3627	1.398957
2130	3929	1.366930
2130	524	1.363567
2130	2948	1.307718
2130	1969	1.302067
2131	2655	1.459551
2131	3694	1.443415
2131	2121	1.435901
2131	2158	1.400057
2131	2148	1.355321
2131	1975	1.289583
2131	1978	1.283093
2131	3017	1.270410
2131	1985	1.215493
2131	1987	1.190667
2132	2009	1.837332
2132	2985	1.810692
2132	1580	1.490159
2132	2533	1.452029
2132	2011	1.376847
2132	1375	1.371368
2132	1372	1.345883
2132	2117	1.338536
2132	3699	1.314693
2132	1374	1.238873
2134	2378	1.169341
2134	2372	1.024874
2134	1641	0.909898
2134	2796	0.813560
2134	2375	0.770282
2134	3688	0.753635
2134	1060	0.737294
2134	2413	0.728518
2134	2405	0.726569
2134	3525	0.725739
2136	1777	1.452023
2136	2424	1.278412
2136	539	1.270826
2136	339	1.263523
2136	597	1.203526
2136	586	0.904469
2136	2671	0.901440
2136	1485	0.879084
2136	7	0.803018
2136	1614	0.798701
2137	2986	1.126211
2137	1779	1.080689
2137	1391	1.023773
2137	1373	1.015877
2137	329	0.989408
2137	1603	0.924534
2137	2808	0.923742
2137	1917	0.901274
2137	1591	0.894934
2137	338	0.885808
2138	1779	2.422186
2138	2986	1.831412
2138	173	1.766736
2138	1590	1.677886
2138	2808	1.674379
2138	1320	1.637423
2138	172	1.605352
2138	1544	1.575002
2138	849	1.515567
2138	185	1.504797
2139	1336	0.826778
2139	2683	0.686955
2139	2797	0.677995
2139	2770	0.633270
2139	1079	0.629334
2139	3005	0.621652
2139	3361	0.570717
2139	1278	0.550835
2139	1316	0.522367
2139	3421	0.513092
2140	1231	1.078599
2140	1957	0.866663
2140	1185	0.848889
2140	1299	0.783203
2140	2972	0.649603
2140	3424	0.609405
2140	2859	0.590489
2140	1956	0.582065
2140	1150	0.570092
2140	1096	0.523165
2142	2353	1.620561
2142	3256	1.495074
2142	377	1.276275
2142	1805	1.161335
2142	474	1.151722
2142	1892	1.138715
2142	349	1.122637
2142	2058	1.114834
2142	350	1.013682
2142	1754	0.974388
2143	204	0.915772
2143	1779	0.800484
2143	3208	0.771420
2143	173	0.767631
2143	1499	0.761068
2143	849	0.743955
2143	393	0.742255
2143	1882	0.710188
2143	737	0.704667
2143	1004	0.688503
2144	1240	0.747774
2144	2571	0.734064
2144	196	0.668963
2144	2158	0.624695
2144	3694	0.606043
2144	742	0.583046
2144	1991	0.578760
2144	1779	0.578210
2144	589	0.562196
2144	2338	0.550348
2145	588	2.583401
2145	594	2.557282
2145	1907	2.527613
2145	2087	2.519014
2145	783	2.342786
2145	1282	2.238221
2145	2089	2.218966
2145	2085	2.016277
2145	2090	1.914310
2145	2081	1.794475
2146	2916	1.776247
2146	1527	1.455182
2146	2353	1.409986
2146	349	1.409859
2146	10	1.348074
2146	1374	1.309884
2146	2985	1.225048
2146	733	1.126374
2146	3256	1.089636
2146	1372	1.059244
2147	1022	2.326507
2147	364	1.933301
2147	2018	1.889640
2147	783	1.836548
2147	2089	1.830111
2147	594	1.677094
2147	2090	1.627905
2147	588	1.558292
2147	2137	1.551878
2147	2294	1.456094
2148	339	1.126339
2148	2424	1.066251
2148	1777	1.046909
2148	597	1.012588
2148	2671	0.825052
2148	587	0.783328
2148	1569	0.745287
2148	1042	0.709634
2148	372	0.687590
2148	11	0.667904
2149	3930	1.580296
2149	3937	1.441940
2149	2454	1.404189
2149	2948	1.375712
2149	1965	1.366249
2149	2291	1.324468
2149	3923	1.298825
2149	1035	1.257176
2149	3627	1.212039
2149	2791	1.120663
2150	1345	1.475097
2150	3499	1.381880
2150	2120	1.100422
2150	1350	1.091829
2150	1339	1.080188
2150	1258	1.042522
2150	3476	1.007543
2150	724	0.994978
2150	1036	0.922605
2150	1610	0.885585
2151	2160	1.918700
2151	3930	1.589422
2151	1171	1.565225
2151	1965	1.459969
2151	480	1.281397
2151	3923	1.233822
2151	551	1.193385
2151	1580	1.157939
2151	3917	1.119105
2151	524	1.103221
2153	2953	0.820270
2153	419	0.816842
2153	470	0.708216
2153	93	0.687492
2153	810	0.657946
2153	1887	0.656505
2153	2799	0.652603
2153	267	0.651960
2153	1967	0.594486
2153	3667	0.593219
2154	608	1.703703
2154	527	1.658377
2154	1213	1.415944
2154	50	1.225837
2154	912	1.224125
2154	2028	1.197922
2154	1193	1.192590
2154	1207	1.134716
2154	2858	0.972679
2154	1252	0.925077
2155	1350	1.372799
2155	2646	1.179087
2155	2650	1.154297
2155	2158	1.112753
2155	3694	1.079529
2155	1347	1.039430
2155	2644	1.010275
2155	2783	0.950230
2155	2654	0.933167
2155	1342	0.932706
2156	2953	0.878931
2156	1707	0.766733
2156	867	0.744381
2156	2	0.699575
2156	2036	0.679488
2156	325	0.678033
2156	2162	0.655774
2156	2798	0.647801
2156	2027	0.633949
2156	2322	0.630821
2157	594	1.775027
2157	364	1.736337
2157	1022	1.675355
2157	2018	1.623281
2157	596	1.516861
2157	2087	1.230059
2157	1029	1.209527
2157	2687	1.170269
2157	1032	1.112952
2157	2081	1.092217
2158	1196	0.841305
2158	1240	0.728962
2158	1036	0.668607
2158	1242	0.666961
2158	1090	0.654643
2158	1258	0.631447
2158	2028	0.629336
2158	2571	0.603750
2158	1387	0.586749
2158	1200	0.578062
2159	3435	0.979803
2159	1267	0.867816
2159	1248	0.855396
2159	3948	0.812731
2159	3010	0.697210
2159	923	0.692493
2159	3317	0.673126
2159	3481	0.662965
2159	2186	0.661028
2159	3952	0.659782
2161	339	0.885463
2161	597	0.873091
2161	539	0.728951
2161	1393	0.717114
2161	3259	0.689305
2161	587	0.649521
2161	357	0.636767
2161	11	0.633517
2161	440	0.610911
2161	1569	0.586688
2162	1777	1.043785
2162	500	0.883236
2162	1485	0.866807
2162	1042	0.764888
2162	141	0.669026
2162	597	0.616704
2162	2424	0.591892
2162	3501	0.589247
2162	1425	0.587485
2162	543	0.582303
2163	1562	1.284695
2163	1499	1.242271
2163	1606	1.161000
2163	849	1.139313
2163	153	1.098305
2163	1432	1.058955
2163	2549	1.050423
2163	1831	0.980280
2163	544	0.930905
2163	694	0.915736
2164	3847	0.557498
2164	2913	0.502550
2164	207	0.491307
2164	269	0.488896
2164	2419	0.487584
2164	3768	0.478872
2164	1508	0.477650
2164	424	0.468206
2164	148	0.459648
2164	743	0.454504
2165	50	1.214065
2165	296	1.169848
2165	593	1.032225
2165	1617	0.979446
2165	318	0.977200
2165	1358	0.863134
2165	2858	0.851855
2165	47	0.824786
2165	1466	0.695404
2165	866	0.654857
2166	1240	1.903166
2166	1196	1.850213
2166	1200	1.622036
2166	589	1.620428
2166	1198	1.592439
2166	2571	1.464638
2166	2028	1.338096
2166	1197	1.172907
2166	1210	1.142132
2166	1610	1.130072
2167	173	1.400371
2167	3661	1.333039
2167	3021	1.183010
2167	3573	1.156778
2167	2462	1.132253
2167	1329	1.122108
2167	1323	1.035295
2167	435	1.028049
2167	3692	1.019697
2167	2986	1.014175
2168	113	0.558041
2168	1589	0.492679
2168	1902	0.480000
2168	541	0.469808
2168	3427	0.432325
2168	1029	0.406868
2168	1293	0.378059
2168	3845	0.377611
2168	1228	0.365819
2168	1231	0.353967
2169	2338	1.816866
2169	2548	1.754868
2169	2026	1.532548
2169	2606	1.437610
2169	2514	1.363636
2169	606	1.195740
2169	2461	1.152422
2169	1342	1.146043
2169	1979	1.145929
2169	2793	1.115778
2170	2746	0.883170
2170	3448	0.819052
2170	3087	0.776475
2170	2750	0.719306
2170	1302	0.716652
2170	1663	0.691111
2170	3526	0.665739
2170	2104	0.665447
2170	2100	0.662339
2170	2420	0.622474
2171	296	0.994375
2171	1278	0.863878
2171	608	0.817328
2171	2858	0.803107
2171	318	0.802938
2171	1394	0.755192
2171	1276	0.724734
2171	1230	0.716592
2171	1244	0.707698
2171	1231	0.696370
2172	59	0.707107
2172	657	0.707107
2172	2207	0.707107
2172	3323	0.707107
2172	3382	0.707107
2172	2444	0.651660
2172	1777	0.647654
2172	2485	0.630625
2172	410	0.594488
2172	2581	0.583553
2173	1791	0.772920
2173	539	0.661196
2173	3333	0.577482
2173	2417	0.568704
2173	165	0.523681
2173	1569	0.507368
2173	597	0.506271
2173	3686	0.505329
2173	354	0.461370
2173	1614	0.451720
2174	1621	0.771723
2174	539	0.668500
2174	292	0.575736
2174	2570	0.557466
2174	301	0.552049
2174	140	0.551428
2174	2424	0.514288
2174	875	0.500473
2174	2778	0.484086
2174	46	0.475584
2175	50	1.253618
2175	1213	1.165426
2175	296	1.093246
2175	2571	1.014774
2175	1617	0.964161
2175	2028	0.960625
2175	457	0.903895
2175	1704	0.872732
2175	1358	0.865217
2175	527	0.822704
2176	3174	0.555665
2176	1513	0.534213
2176	2762	0.503000
2176	2395	0.499160
2176	1060	0.497457
2176	2723	0.466922
2176	3680	0.462677
2176	2502	0.453213
2176	2688	0.445048
2176	1111	0.436460
2177	1633	0.838289
2177	1094	0.804890
2177	34	0.756438
2177	529	0.707035
2177	1393	0.693084
2177	1682	0.680943
2177	318	0.680491
2177	3006	0.672275
2177	1265	0.651179
2177	593	0.619165
2178	539	1.038258
2178	1777	1.024188
2178	357	0.994232
2178	471	0.917291
2178	11	0.895740
2178	2302	0.877850
2178	597	0.841425
2178	339	0.829509
2178	2671	0.800189
2178	1517	0.752615
2179	132	1.175518
2179	463	1.043308
2179	103	1.000567
2179	736	0.952220
2179	782	0.913545
2179	880	0.906418
2179	3697	0.878150
2179	1427	0.875801
2179	95	0.858760
2179	316	0.845566
2180	783	2.390232
2180	2096	1.899883
2180	1022	1.709074
2180	1032	1.701530
2180	596	1.670700
2180	2048	1.664474
2180	709	1.591426
2180	364	1.570258
2180	2687	1.508999
2180	2087	1.450015
2181	539	1.100295
2181	339	0.956537
2181	1569	0.909708
2181	440	0.831319
2181	1777	0.800338
2181	357	0.774830
2181	587	0.746286
2181	2671	0.742658
2181	2424	0.670527
2181	1393	0.641768
2183	2688	2.050817
2183	2716	1.835323
2183	2683	1.641519
2183	2333	1.618721
2183	2355	1.608680
2183	2734	1.456653
2183	1911	1.442543
2183	223	1.438030
2183	785	1.390695
2183	2694	1.365949
2184	2716	2.079545
2184	1093	1.864195
2184	2694	1.812230
2184	2688	1.664570
2184	2712	1.638003
2184	1911	1.633270
2184	2580	1.586168
2184	2605	1.553069
2184	2881	1.477914
2184	3203	1.466097
2185	527	1.056791
2185	702	0.885641
2185	260	0.857386
2185	1240	0.746610
2185	1200	0.738255
2185	2028	0.727661
2185	1213	0.726961
2185	1207	0.691928
2185	1299	0.684501
2185	318	0.661730
2186	2193	1.224252
2186	2161	1.138041
2186	1356	1.098613
2186	1967	1.068070
2186	316	1.027929
2186	2115	1.018669
2186	2640	1.015428
2186	2	0.971336
2186	1573	0.951844
2186	1527	0.924407
2187	2598	0.920883
2187	1552	0.865241
2187	124	0.787736
2187	2840	0.786712
2187	1372	0.775242
2187	24	0.761429
2187	2734	0.730682
2187	2723	0.717335
2187	3081	0.702949
2187	780	0.701423
2188	2378	0.620565
2188	3388	0.594575
2188	2350	0.594539
2188	575	0.593567
2188	2478	0.593010
2188	2717	0.583430
2188	370	0.582821
2188	3248	0.581436
2188	3881	0.575016
2188	818	0.561746
2189	2770	2.463588
2189	223	2.110541
2189	2706	2.096902
2189	3005	1.998806
2189	2688	1.891624
2189	1093	1.841221
2189	2433	1.822885
2189	2716	1.792591
2189	3203	1.674189
2189	2599	1.650911
2190	1196	1.311170
2190	2028	1.068838
2190	593	1.033088
2190	1221	0.984251
2190	318	0.967409
2190	1240	0.966268
2190	858	0.902678
2190	1200	0.888027
2190	1291	0.829871
2190	296	0.799587
2191	260	1.321533
2191	1	1.101138
2191	2997	1.054849
2191	589	1.045531
2191	1240	1.036702
2191	32	0.990842
2191	1214	0.931732
2191	1200	0.926715
2191	541	0.903402
2191	527	0.896161
2192	1372	1.942493
2192	1676	1.801739
2192	1527	1.698515
2192	1356	1.668401
2192	2046	1.297457
2192	1371	1.259276
2192	1370	1.248963
2192	2989	1.234044
2192	2094	1.200063
2192	2628	1.197324
2194	733	1.371575
2194	1573	1.348850
2194	1356	1.289535
2194	2916	1.282974
2194	349	1.247145
2194	2989	1.052685
2194	1374	1.049801
2194	1722	1.035877
2194	780	1.018984
2194	380	0.984123
2195	1367	0.753722
2195	2057	0.686887
2195	709	0.659545
2195	1688	0.626561
2195	2092	0.602855
2195	2142	0.599552
2195	783	0.579480
2195	239	0.521692
2195	1702	0.503695
2195	2031	0.502459
2196	2683	3.171393
2196	223	2.786795
2196	2433	2.754071
2196	1911	2.593626
2196	2541	2.375037
2196	2688	2.232856
2196	2707	1.969334
2196	2599	1.958769
2196	2771	1.937356
2196	2959	1.866679
2197	1028	1.538198
2197	594	1.530579
2197	918	1.489321
2197	1282	1.453953
2197	1022	1.395649
2197	1035	1.364240
2197	364	1.193168
2197	3061	1.160824
2197	2081	1.123132
2197	3549	1.113965
2198	597	1.017395
2198	1135	1.007586
2198	1777	0.840608
2198	2470	0.817629
2198	539	0.817532
2198	2134	0.784596
2198	3087	0.753581
2198	2736	0.741941
2198	1042	0.735239
2198	1020	0.694651
2199	2502	1.617083
2199	2734	1.519319
2199	2688	1.389575
2199	2723	1.368505
2199	24	1.332143
2199	2719	1.302462
2199	2581	1.200456
2199	2686	1.182817
2199	2598	1.102935
2199	2013	1.102619
2200	2986	2.367824
2200	172	2.172629
2200	1917	2.050363
2200	880	2.028305
2200	1690	1.985934
2200	379	1.918744
2200	2448	1.891777
2200	185	1.726840
2200	2722	1.696356
2200	737	1.675037
2201	329	1.151405
2201	780	0.944885
2201	260	0.866623
2201	1198	0.800048
2201	2393	0.754189
2201	480	0.744012
2201	1208	0.722710
2201	2628	0.719881
2201	1527	0.705410
2201	1676	0.704627
2202	1777	1.473687
2202	1569	1.319960
2202	500	1.204336
2202	597	1.162212
2202	2424	1.143692
2202	1485	0.970605
2202	2683	0.961717
2202	440	0.929279
2202	587	0.920212
2202	1517	0.910301
2203	3520	1.196298
2203	2375	1.180644
2203	2794	1.151429
2203	1091	1.096126
2203	2468	0.919184
2203	2458	0.896082
2203	3394	0.828924
2203	2478	0.803050
2203	3388	0.793224
2203	3130	0.769555
2204	2173	0.737179
2204	2529	0.721821
2204	2602	0.632404
2204	2554	0.623771
2204	2784	0.596816
2204	2653	0.567009
2204	2783	0.554175
2204	2009	0.541248
2204	3471	0.529751
2204	512	0.529601
2205	2005	0.612730
2205	2054	0.558436
2205	2134	0.545750
2205	3731	0.495074
2205	3283	0.484728
2205	970	0.480602
2205	858	0.474504
2205	1967	0.472904
2205	2614	0.472712
2205	556	0.472273
2206	1573	1.062061
2206	780	0.893468
2206	329	0.754973
2206	349	0.732132
2206	1527	0.702352
2206	648	0.650998
2206	10	0.625192
2206	1608	0.623831
2206	1356	0.617955
2206	1676	0.614325
2208	2237	0.545432
2208	1193	0.543560
2208	103	0.523623
2208	291	0.509796
2208	1196	0.489302
2208	846	0.443750
2208	1213	0.440895
2208	1798	0.433601
2208	984	0.423928
2208	1198	0.422270
2211	3549	0.892525
2211	1947	0.845258
2211	3559	0.840280
2211	2565	0.817584
2211	3585	0.737178
2211	3096	0.727382
2211	963	0.690015
2211	1932	0.648295
2211	2078	0.645838
2211	914	0.609777
2212	3555	1.423671
2212	3624	1.148834
2212	524	1.146253
2212	3753	1.070127
2212	3535	1.032432
2212	3409	0.966801
2212	3481	0.924495
2212	2455	0.885356
2212	1965	0.873476
2212	2791	0.857674
2213	2455	1.901558
2213	2948	1.630302
2213	551	1.575298
2213	524	1.334103
2213	110	1.260792
2213	3917	1.193157
2213	1249	1.161921
2213	1269	1.106472
2213	1259	1.058935
2213	2657	1.025263
2214	3361	1.530667
2214	3671	1.403251
2214	1259	1.318298
2214	2791	1.304309
2214	1294	1.255443
2214	1080	1.160151
2214	1265	1.125304
2214	2797	1.113364
2214	588	1.094307
2214	1288	1.050606
2215	1580	1.540598
2215	329	1.480304
2215	1527	1.439063
2215	780	1.415143
2215	2916	1.322260
2215	1573	1.299208
2215	349	1.279523
2215	648	1.094562
2215	2006	1.079440
2215	1370	0.970437
2216	2683	1.343252
2216	3005	1.327419
2216	2188	1.233454
2216	2858	1.084129
2216	2355	1.035522
2216	2541	1.034170
2216	2572	1.028683
2216	2707	1.016790
2216	2433	0.980370
2216	2710	0.937908
2217	480	1.288024
2217	891	0.943806
2217	1977	0.914286
2217	1969	0.876026
2217	1327	0.851802
2217	2291	0.782296
2217	3937	0.757628
2217	1673	0.744314
2217	1976	0.741917
2217	3918	0.709352
2218	1673	1.982038
2218	480	1.418027
2218	2948	1.376740
2218	2791	1.292519
2218	2455	1.268289
2218	3929	1.217187
2218	1249	1.176162
2218	1035	1.040355
2218	589	1.040111
2218	1259	0.959995
2219	1672	0.973944
2219	475	0.738935
2219	1268	0.691702
2219	261	0.667221
2219	350	0.658104
2219	2573	0.616034
2219	369	0.608547
2219	1678	0.585467
2219	1038	0.554092
2219	1682	0.545177
2221	1641	0.938126
2221	1704	0.544261
2221	2700	0.522064
2221	1060	0.519226
2221	357	0.509404
2221	52	0.507397
2221	1265	0.487574
2221	1517	0.478699
2221	21	0.467180
2221	1449	0.461583
2222	201	0.600989
2222	2432	0.563197
2222	903	0.513841
2222	2257	0.479075
2222	2942	0.474680
2222	2916	0.461055
2222	2006	0.434108
2222	1580	0.417814
2222	1573	0.410776
2222	3555	0.407621
2223	153	1.098486
2223	1831	1.047645
2223	849	0.977956
2223	160	0.852894
2223	1037	0.761180
2223	2642	0.718965
2223	327	0.698325
2223	435	0.682980
2223	204	0.673397
2223	2253	0.669837
2224	1240	2.240998
2224	1206	2.159782
2224	2571	1.787677
2224	1270	1.729062
2224	1210	1.650668
2224	3703	1.476791
2224	1253	1.428930
2224	2529	1.413956
2224	1584	1.253664
2224	750	1.249080
2225	1527	0.586268
2225	1798	0.584406
2225	1356	0.574938
2225	1372	0.553277
2225	780	0.547358
2225	1580	0.494856
2225	329	0.459416
2225	2916	0.455121
2225	1676	0.427149
2225	1427	0.410046
2226	1265	1.208472
2226	1784	0.980846
2226	608	0.962867
2226	2762	0.904712
2226	2997	0.891439
2226	1923	0.835193
2226	1704	0.818971
2226	1617	0.745533
2226	1089	0.707789
2226	357	0.702504
2227	1196	1.746112
2227	589	1.482346
2227	1036	1.412319
2227	1291	1.369679
2227	2571	1.332048
2227	1214	1.300683
2227	1210	1.233712
2227	1221	1.185534
2227	2028	1.129148
2227	1610	1.078950
2228	1573	2.129773
2228	1372	1.973953
2228	1527	1.918371
2228	349	1.791225
2228	1370	1.604378
2228	1909	1.398653
2228	2393	1.395009
2228	480	1.392381
2228	733	1.296815
2228	10	1.268157
2229	357	1.195593
2229	2108	1.178290
2229	34	1.096484
2229	2359	1.015228
2229	3255	0.945487
2229	1641	0.945212
2229	39	0.906000
2229	1784	0.904555
2229	3108	0.869291
2229	2858	0.856401
2230	640	0.912094
2230	64	0.859507
2230	2445	0.690666
2230	1727	0.659256
2230	3103	0.654944
2230	463	0.629363
2230	603	0.613692
2230	1360	0.588348
2230	847	0.586352
2230	193	0.579443
2231	3307	0.727026
2231	961	0.667518
2231	3484	0.626221
2231	3624	0.597252
2231	929	0.581074
2231	3447	0.566612
2231	3173	0.562903
2231	2920	0.562300
2231	3435	0.562031
2231	905	0.533730
2232	3897	1.737857
2232	3617	1.052115
2232	3831	0.987693
2232	3744	0.944583
2232	3481	0.926949
2232	3798	0.907435
2232	3556	0.902787
2232	3910	0.878772
2232	2769	0.877913
2232	3618	0.863118
2233	1678	0.646576
2233	2420	0.608925
2233	1393	0.528991
2233	150	0.493765
2233	805	0.487686
2233	1376	0.482524
2233	1271	0.424558
2233	1584	0.410882
2233	3105	0.404223
2233	3449	0.402397
2235	318	1.538617
2235	296	1.491667
2235	593	1.382546
2235	2028	1.192118
2235	3147	0.983225
2235	36	0.971980
2235	1358	0.928347
2235	529	0.911896
2235	50	0.895040
2235	1089	0.818317
2236	3578	2.164228
2236	3555	1.742559
2236	3744	1.727052
2236	3785	1.626560
2236	3510	1.570682
2236	3617	1.467670
2236	3646	1.224846
2236	3825	1.156099
2236	3484	1.100781
2236	3408	1.091895
2237	2411	1.163749
2237	2259	0.982639
2237	2471	0.875033
2237	2717	0.823659
2237	1091	0.766371
2237	2473	0.681003
2237	2468	0.671861
2237	2794	0.670733
2237	3387	0.626991
2237	1516	0.599682
2238	530	0.730297
2238	1743	0.547723
2238	2342	0.547723
2238	3292	0.547723
2238	211	0.530519
2238	25	0.498018
2238	3046	0.486955
2238	263	0.481631
2238	1450	0.470360
2238	1399	0.469621
2239	1037	0.873114
2239	1591	0.850923
2239	196	0.789521
2239	2734	0.766292
2239	2694	0.758382
2239	2433	0.741650
2239	3005	0.741267
2239	2605	0.736332
2239	785	0.720488
2239	2688	0.719596
2240	260	1.573426
2240	2571	1.281258
2240	589	1.178983
2240	110	1.175797
2240	1240	1.166442
2240	2028	1.161827
2240	1036	1.121274
2240	1931	1.036002
2240	1210	0.985580
2240	3508	0.979104
2241	2098	0.746070
2241	390	0.717728
2241	2948	0.708053
2241	2180	0.666560
2241	914	0.656809
2241	1350	0.600702
2241	3427	0.599874
2241	3028	0.574318
2241	2455	0.571146
2241	1947	0.559792
2242	575	0.816383
2242	2350	0.793023
2242	445	0.772442
2242	3388	0.757115
2242	1703	0.744450
2242	2335	0.659501
2242	2794	0.652682
2242	2953	0.641127
2242	135	0.640214
2242	2375	0.622258
2243	1207	1.015625
2243	527	0.961608
2243	903	0.948838
2243	608	0.938490
2243	1247	0.916696
2243	541	0.882956
2243	1225	0.850382
2243	912	0.844593
2243	1276	0.837629
2243	1270	0.837270
2244	3555	1.605006
2244	3753	1.580270
2244	3484	1.516319
2244	3624	1.473679
2244	3510	1.385813
2244	3578	1.331767
2244	3321	1.270771
2244	3646	1.108949
2244	3512	1.108079
2244	3744	1.060136
2245	3510	1.699971
2245	3717	1.587951
2245	3623	1.485672
2245	3624	1.417010
2245	3354	1.404484
2245	3555	1.347965
2245	3755	1.199639
2245	3744	1.121173
2245	3535	1.109027
2245	3484	1.108955
2246	912	0.952005
2246	3897	0.941275
2246	527	0.889851
2246	3948	0.771586
2246	3893	0.751668
2246	3751	0.745030
2246	318	0.710978
2246	3578	0.708897
2246	3536	0.704172
2246	3510	0.681918
2247	2598	1.012489
2247	1959	0.857417
2247	923	0.856480
2247	912	0.786078
2247	3219	0.759556
2247	1207	0.735246
2247	1193	0.728683
2247	2396	0.688941
2247	2723	0.649112
2247	2762	0.641829
2248	2096	2.161992
2248	1028	2.158879
2248	594	2.153115
2248	1282	1.898907
2248	1951	1.867986
2248	364	1.783725
2248	900	1.689512
2248	2087	1.585041
2248	3675	1.432437
2248	899	1.425499
2249	2522	1.025811
2249	1062	0.736035
2249	2521	0.735175
2249	1196	0.711698
2249	414	0.699246
2249	808	0.668289
2249	1240	0.632451
2249	3206	0.590097
2249	631	0.569446
2249	260	0.566068
2250	3555	1.298929
2250	3409	1.237737
2250	3484	1.208997
2250	3173	1.129369
2250	3624	1.112387
2250	3917	1.110772
2250	3753	1.087827
2250	3918	1.018957
2250	3937	0.974142
2250	3534	0.915746
2251	87	1.069344
2251	1864	0.977411
2251	2953	0.961147
2251	103	0.943697
2251	1798	0.871518
2251	546	0.855415
2251	2379	0.835126
2251	160	0.831993
2251	435	0.795052
2251	880	0.781778
2253	480	1.558272
2253	1356	1.447712
2253	1376	1.320997
2253	592	1.228526
2253	3699	1.088164
2253	3527	1.040606
2253	1527	1.023069
2253	2005	0.920052
2253	2985	0.886974
2253	1275	0.862146
2254	3639	1.307925
2254	2115	1.006502
2254	3256	0.925496
2254	1580	0.905330
2254	480	0.858728
2254	1376	0.842281
2254	1370	0.817797
2254	1101	0.801060
2254	2000	0.765714
2254	2916	0.753778
2255	1347	1.845554
2255	1991	1.559170
2255	1350	1.369967
2255	2867	1.295617
2255	2519	1.241462
2255	2459	1.190702
2255	2513	1.168001
2255	1982	1.159046
2255	3499	1.144577
2255	1987	1.119108
2256	1240	1.356178
2256	3418	1.320070
2256	3256	1.293815
2256	1573	1.233660
2256	474	1.205584
2256	377	1.170097
2256	1200	1.143543
2256	349	1.138469
2256	6	1.042613
2256	1291	1.023492
2257	3755	0.991438
2257	3717	0.960697
2257	3623	0.902259
2257	3534	0.896133
2257	3408	0.865418
2257	3484	0.819238
2257	3861	0.811225
2257	3409	0.760532
2257	3322	0.743456
2257	3624	0.734285
2258	2951	0.934274
2258	2922	0.848288
2258	2921	0.827671
2258	3508	0.796218
2258	383	0.752801
2258	2401	0.750984
2258	3494	0.748989
2258	3074	0.700100
2258	1222	0.667248
2258	1457	0.658205
2259	1307	0.791485
2259	1079	0.657413
2259	3361	0.652540
2259	2915	0.551204
2259	480	0.500335
2259	495	0.482125
2259	2919	0.476653
2259	2968	0.469857
2259	106	0.456850
2259	1393	0.453084
2261	2581	2.792770
2261	3081	2.771532
2261	2013	2.585993
2261	24	2.388532
2261	2734	2.050837
2261	2485	2.032069
2261	2502	1.951075
2261	3623	1.945160
2261	2700	1.852033
2261	2805	1.699418
2262	1394	1.053372
2262	2396	0.974593
2262	2174	0.911163
2262	2918	0.903868
2262	2797	0.902771
2262	2005	0.756159
2262	2599	0.722497
2262	34	0.713172
2262	2193	0.713018
2262	1136	0.709764
2263	1517	0.866363
2263	3039	0.836230
2263	1923	0.762909
2263	440	0.742423
2263	39	0.703770
2263	1747	0.668947
2263	2321	0.653675
2263	2688	0.648158
2263	2770	0.621018
2263	2918	0.571280
2264	2096	0.790586
2264	1031	0.762816
2264	1022	0.677774
2264	2081	0.657821
2264	1032	0.656244
2264	594	0.639412
2264	2967	0.622447
2264	755	0.609424
2264	364	0.597458
2264	2087	0.596486
2265	434	0.734395
2265	609	0.670806
2265	1917	0.632089
2265	552	0.604412
2265	1377	0.596524
2265	2405	0.587537
2265	380	0.586876
2265	1597	0.578973
2265	2617	0.570229
2265	1049	0.561635
2266	832	0.953719
2266	350	0.622606
2266	475	0.614669
2266	580	0.600189
2266	805	0.569864
2266	1357	0.553635
2266	508	0.552910
2266	1671	0.552052
2266	22	0.538313
2266	225	0.536856
2267	1293	1.159630
2267	1962	1.107965
2267	1957	0.957024
2267	2020	0.902627
2267	1096	0.871219
2267	1674	0.808273
2267	1150	0.789257
2267	3403	0.701378
2267	3360	0.693572
2267	3068	0.688915
2270	1196	0.917833
2270	1214	0.903830
2270	1206	0.812594
2270	3471	0.741626
2270	1240	0.674391
2270	1200	0.667405
2270	1199	0.645282
2270	306	0.610661
2270	1210	0.609656
2270	1270	0.548674
2271	2401	1.738771
2271	2921	1.524933
2271	3508	1.505976
2271	416	1.379989
2271	2951	1.202954
2271	3681	1.091761
2271	383	1.059387
2271	1007	0.993766
2271	599	0.946741
2271	1266	0.901785
2272	260	1.111071
2272	1240	1.093919
2272	1573	0.979663
2272	318	0.958870
2272	608	0.944859
2272	1214	0.917946
2272	296	0.917108
2272	457	0.874031
2272	1580	0.835655
2272	1200	0.805491
2273	2193	0.927652
2273	2161	0.803673
2273	2005	0.682059
2273	2735	0.594447
2273	2105	0.588865
2273	2872	0.556842
2273	2001	0.546482
2273	2115	0.518156
2273	2968	0.510177
2273	420	0.502335
2274	1967	1.947131
2274	2193	1.935496
2274	653	1.707139
2274	3479	1.403883
2274	1583	1.347470
2274	2105	1.307800
2274	2628	1.086461
2274	60	1.063421
2274	2872	1.027673
2274	2100	0.921641
2275	2605	2.286237
2275	2716	2.151339
2275	1093	2.121681
2275	2599	2.005978
2275	2734	1.907677
2275	223	1.845170
2275	3005	1.841260
2275	2712	1.827112
2275	1911	1.807835
2275	2694	1.794067
2276	47	1.170178
2276	3362	1.076216
2276	1729	0.995753
2276	1447	0.922932
2276	1953	0.912362
2276	474	0.905674
2276	293	0.872238
2276	283	0.785734
2276	50	0.775873
2276	2912	0.698538
2278	2716	2.221813
2278	2734	2.132373
2278	2013	1.963533
2278	2598	1.862231
2278	3219	1.854213
2278	1911	1.842667
2278	2581	1.829392
2278	24	1.769044
2278	2881	1.702682
2278	1513	1.626495
2279	2464	2.034792
2279	3393	1.809503
2279	2755	1.627834
2279	2381	1.450738
2279	2408	1.359041
2279	2149	1.176007
2279	2380	1.143134
2279	2643	1.112307
2279	2383	1.090055
2279	1373	1.077144
2280	1704	1.093644
2280	3105	0.885561
2280	1094	0.831575
2280	36	0.711085
2280	1393	0.700164
2280	593	0.698577
2280	608	0.674384
2280	1265	0.658600
2280	3260	0.629302
2280	3147	0.577641
2281	318	1.459820
2281	912	1.446677
2281	593	1.437841
2281	1193	1.250728
2281	1952	1.187877
2281	1252	1.185333
2281	1247	1.145395
2281	1221	1.073355
2281	904	1.067484
2281	1213	0.938658
2282	1240	1.272081
2282	1200	1.027550
2282	1196	0.987787
2282	1210	0.919428
2282	589	0.914024
2282	344	0.899599
2282	1550	0.831444
2282	2947	0.826017
2282	457	0.806019
2282	370	0.792423
2283	2959	2.318403
2283	2712	1.940466
2283	223	1.905552
2283	2683	1.868431
2283	2605	1.858292
2283	1911	1.816998
2283	2580	1.666937
2283	2355	1.611778
2283	2734	1.598656
2283	2333	1.511132
2284	3699	1.808765
2284	2985	1.666844
2284	1653	1.614957
2284	1374	1.488406
2284	1356	1.483375
2284	2571	1.463028
2284	3527	1.441072
2284	32	1.396220
2284	1965	1.323063
2284	1527	1.307875
2285	318	1.100360
2285	50	0.791842
2285	2858	0.754859
2285	527	0.745661
2285	1265	0.739650
2285	296	0.709591
2285	2997	0.704204
2285	1213	0.687059
2285	1089	0.660644
2285	1617	0.637647
2286	2502	2.248349
2286	2805	2.131794
2286	3219	2.042125
2286	2485	1.952110
2286	2841	1.907413
2286	2719	1.817795
2286	2734	1.771473
2286	2013	1.768689
2286	2394	1.706959
2286	3081	1.689326
2288	2922	0.549226
2288	2401	0.513337
2288	383	0.463936
2288	3365	0.462641
2288	3508	0.454334
2288	3681	0.454266
2288	3494	0.440502
2288	3074	0.414707
2288	553	0.413513
2288	1617	0.405707
2289	1947	2.495423
2289	1022	2.094255
2289	1028	1.969387
2289	594	1.908484
2289	1029	1.823334
2289	364	1.581086
2289	918	1.580500
2289	2096	1.498932
2289	899	1.470848
2289	588	1.457816
2290	2469	1.428192
2290	2145	1.162166
2290	2371	1.082959
2290	3087	1.041908
2290	2378	0.962559
2290	2406	0.903915
2290	3033	0.846981
2290	3448	0.821633
2290	2133	0.782240
2290	2407	0.774751
2291	1372	1.930863
2291	2115	1.588049
2291	316	1.506232
2291	1374	1.454607
2291	2393	1.408172
2291	2640	1.294299
2291	2916	1.228335
2291	780	1.169282
2291	1676	1.118841
2291	1527	1.031211
2293	2922	1.007397
2293	902	0.935127
2293	3365	0.933182
2293	2020	0.911911
2293	2921	0.869308
2293	3074	0.809980
2293	3494	0.773492
2293	1674	0.773389
2293	2401	0.744533
2293	916	0.731975
2294	1036	1.223043
2294	1200	1.134901
2294	1214	1.030460
2294	1291	1.022710
2294	1196	0.861125
2294	1197	0.849137
2294	1222	0.821912
2294	541	0.809674
2294	589	0.781673
2294	2000	0.744482
2297	589	1.556199
2297	1240	1.521527
2297	1036	1.406617
2297	1198	1.272020
2297	1291	1.271682
2297	110	1.267410
2297	593	1.260008
2297	1214	1.256651
2297	527	1.150398
2297	1210	1.139929
2298	2948	1.893201
2298	2160	1.684594
2298	1965	1.427892
2298	2858	1.297623
2298	551	1.213487
2298	2455	1.190316
2298	1580	1.163612
2298	3481	1.153626
2298	3624	1.012334
2298	3917	0.972293
2299	1779	2.294005
2299	1037	2.124420
2299	3697	1.791259
2299	2808	1.561450
2299	1320	1.499246
2299	435	1.433636
2299	2393	1.409728
2299	737	1.388439
2299	316	1.371297
2299	1603	1.352562
2300	3074	1.136765
2300	3508	1.086121
2300	3494	1.033513
2300	2922	1.017896
2300	2921	0.955071
2300	1307	0.938271
2300	383	0.812061
2300	1079	0.767531
2300	914	0.756866
2300	2951	0.744304
2301	2919	0.962024
2301	1231	0.854488
2301	1307	0.734017
2301	2248	0.703196
2301	1228	0.679208
2301	2972	0.671724
2301	1293	0.635575
2301	1961	0.605235
2301	2852	0.604179
2301	1296	0.567275
2302	318	0.815609
2302	593	0.781668
2302	1213	0.698925
2302	1193	0.695799
2302	750	0.647760
2302	296	0.643669
2302	1617	0.634802
2302	1952	0.619773
2302	1207	0.611217
2302	1196	0.596945
2303	1136	1.210334
2303	1278	1.000385
2303	1079	0.934674
2303	3361	0.818775
2303	3671	0.807585
2303	3421	0.797970
2303	1235	0.758425
2303	1294	0.757651
2303	1	0.728661
2303	3646	0.689718
2304	103	0.955940
2304	540	0.944017
2304	782	0.930442
2304	291	0.902792
2304	1798	0.885103
2304	18	0.818866
2304	1427	0.698129
2304	100	0.694656
2304	490	0.689988
2304	662	0.661394
2305	597	1.334517
2305	1569	1.036023
2305	2424	0.996037
2305	539	0.921753
2305	708	0.920848
2305	1485	0.917936
2305	252	0.891864
2305	11	0.845219
2305	1020	0.763404
2305	440	0.760816
2306	539	1.678836
2306	2424	1.395575
2306	1777	1.385076
2306	357	1.201710
2306	708	1.177292
2306	587	1.080669
2306	356	1.077682
2306	7	1.049468
2306	2125	0.809740
2306	1441	0.795729
2307	2694	1.228748
2307	2770	1.059889
2307	223	0.985674
2307	3005	0.939571
2307	2188	0.897092
2307	2699	0.814005
2307	2707	0.773991
2307	2541	0.757618
2307	1093	0.691912
2307	2827	0.683608
2308	1073	1.169889
2308	2700	1.164495
2308	2174	1.154972
2308	2485	1.148750
2308	3176	1.122012
2308	2395	1.113376
2308	2840	1.100125
2308	2598	1.093180
2308	2702	1.018763
2308	3479	1.014075
2309	3098	0.747300
2309	2918	0.654280
2309	1246	0.610136
2309	3526	0.535614
2309	1962	0.513450
2309	150	0.499253
2309	1090	0.486702
2309	1222	0.478479
2309	1610	0.478245
2309	2248	0.464185
2310	296	1.782003
2310	593	1.728737
2310	2762	1.453027
2310	2858	1.411398
2310	1265	1.390024
2310	527	1.241151
2310	1704	0.976991
2310	1148	0.956300
2310	246	0.933871
2310	1358	0.911429
2312	1374	1.611772
2312	2640	1.465196
2312	1097	1.372773
2312	1214	1.269248
2312	3703	1.251395
2312	3702	1.226315
2312	260	1.174764
2312	1210	1.167833
2312	2571	1.127106
2312	2105	1.114739
2313	1214	2.259234
2313	1200	2.133369
2313	1206	1.961456
2313	1210	1.886827
2313	541	1.809024
2313	32	1.675631
2313	589	1.643810
2313	3699	1.560934
2313	2985	1.483472
2313	3703	1.476001
2314	2336	2.362758
2314	223	2.188914
2314	2716	2.185469
2314	2688	2.003177
2314	2683	1.967478
2314	2541	1.854312
2314	1093	1.821307
2314	785	1.779704
2314	2433	1.777069
2314	2333	1.743224
2315	2444	2.063226
2315	1739	1.560671
2315	2846	1.269922
2315	409	0.724304
2315	1541	0.719290
2315	2522	0.656278
2315	960	0.642897
2315	1609	0.642462
2315	828	0.640395
2315	2504	0.590169
2316	3639	0.722409
2316	2916	0.619051
2316	3255	0.603492
2316	1573	0.586726
2316	780	0.567025
2316	349	0.546137
2316	1580	0.542232
2316	3256	0.538678
2316	380	0.534767
2316	1527	0.534563
2317	2688	3.118169
2317	2581	2.571116
2317	2598	2.495075
2317	2490	2.101416
2317	785	1.970399
2317	3219	1.869175
2317	2605	1.801267
2317	2013	1.722663
2317	2770	1.629559
2317	2734	1.628194
2318	1743	0.784465
2318	2342	0.784465
2318	3292	0.784465
2318	1196	0.711698
2318	1320	0.664061
2318	2715	0.640513
2318	1240	0.632451
2318	2123	0.588732
2318	108	0.588348
2318	3609	0.588348
2319	1185	1.148497
2319	1228	1.115198
2319	1956	1.067779
2319	1307	1.030421
2319	3361	0.820282
2319	1259	0.807390
2319	1270	0.776067
2319	2020	0.765249
2319	2174	0.764591
2319	2918	0.758472
2320	351	0.931031
2320	2485	0.889870
2320	46	0.856420
2320	236	0.822040
2320	656	0.812409
2320	2497	0.798515
2320	2558	0.784236
2320	2316	0.743066
2320	148	0.703210
2320	237	0.689452
2321	2571	0.918600
2321	589	0.853415
2321	474	0.812781
2321	1200	0.809545
2321	2194	0.758731
2321	1291	0.757234
2321	2028	0.721271
2321	110	0.698678
2321	2	0.683872
2321	3418	0.653761
2322	2028	1.063100
2322	1358	0.999600
2322	34	0.940823
2322	593	0.926089
2322	318	0.914696
2322	457	0.897534
2322	3105	0.879226
2322	296	0.855629
2322	1265	0.792533
2322	1682	0.782636
2323	1125	1.209974
2323	3430	0.812925
2323	2040	0.741477
2323	2923	0.685022
2323	1082	0.648017
2323	2532	0.623405
2323	2191	0.573354
2323	3506	0.534065
2323	2177	0.528743
2323	716	0.516349
2324	36	0.603614
2324	1208	0.600785
2324	1704	0.599166
2324	2028	0.581485
2324	527	0.556577
2324	265	0.538729
2324	1080	0.521653
2324	1090	0.519919
2324	1200	0.506640
2324	318	0.492654
2326	1969	1.511588
2326	3939	1.187480
2326	3941	1.187480
2326	1973	1.152571
2326	1977	0.991289
2326	2121	0.938258
2326	1976	0.849148
2326	1985	0.789362
2326	1975	0.783588
2326	1995	0.740728
2327	316	1.660324
2327	1527	1.646987
2327	2916	1.227830
2327	1876	1.193711
2327	329	1.193312
2327	1653	1.167585
2327	1356	1.143207
2327	2393	1.083700
2327	2628	1.077999
2327	3697	1.071098
2328	3939	1.799030
2328	3941	1.780540
2328	3937	1.692780
2328	3917	1.599224
2328	3918	1.574044
2328	3930	1.436489
2328	3923	1.424227
2328	1327	1.421213
2328	2160	1.407851
2328	2792	1.405677
2329	1284	1.709381
2329	2206	1.307029
2329	1152	1.209827
2329	2066	1.148963
2329	3435	1.063603
2329	594	1.053226
2329	1153	1.025447
2329	942	1.007881
2329	1252	0.980920
2329	953	0.980632
2330	1204	1.424492
2330	260	1.350122
2330	1196	1.210972
2330	2366	1.160468
2330	1085	1.128128
2330	1036	0.998959
2330	2947	0.981207
2330	1240	0.848151
2330	2194	0.826625
2330	1200	0.780455
2331	2770	0.930575
2331	2694	0.921017
2331	3005	0.823428
2331	3219	0.779699
2331	3185	0.772440
2331	3203	0.765450
2331	2598	0.748090
2331	2433	0.735066
2331	1959	0.718734
2331	223	0.700446
2332	923	1.502324
2332	1252	1.349061
2332	903	1.246395
2332	1247	1.234325
2332	593	1.173540
2332	750	1.113723
2332	1248	1.060646
2332	1219	1.025040
2332	3095	1.008371
2332	1104	1.000989
2333	1777	1.022360
2333	440	0.974723
2333	2108	0.897525
2333	539	0.879142
2333	1569	0.867951
2333	11	0.855985
2333	597	0.724963
2333	1042	0.715104
2333	3793	0.711867
2333	2671	0.697844
2334	1307	0.598562
2334	3361	0.565412
2334	1288	0.475628
2334	910	0.472250
2334	1079	0.457734
2334	3685	0.449766
2334	2797	0.441583
2334	2020	0.424585
2334	2100	0.415691
2334	943	0.415494
2335	1136	1.269286
2335	1356	1.132799
2335	3363	1.036885
2335	1292	1.032193
2335	3421	1.026793
2335	3504	0.925585
2335	1235	0.919838
2335	2985	0.877170
2335	2117	0.852086
2335	2528	0.825027
2337	733	2.325992
2337	2058	1.814660
2337	10	1.774363
2337	1372	1.767461
2337	2353	1.757769
2337	2628	1.607272
2337	1676	1.591866
2337	2006	1.577676
2337	2571	1.419361
2337	329	1.395676
2338	1267	0.957082
2338	457	0.882251
2338	942	0.776548
2338	1212	0.771889
2338	2186	0.767562
2338	2194	0.764029
2338	2947	0.760937
2338	2991	0.746976
2338	1248	0.739356
2338	1086	0.735151
2340	1377	1.033677
2340	1722	0.998465
2340	3639	0.974306
2340	3633	0.905966
2340	2990	0.896499
2340	2641	0.896422
2340	1370	0.896031
2340	736	0.859732
2340	349	0.852205
2340	2105	0.827108
2341	2599	2.023652
2341	2598	1.903904
2341	2959	1.763274
2341	785	1.642127
2341	1513	1.532081
2341	2734	1.528286
2341	2581	1.527534
2341	223	1.495028
2341	2694	1.422080
2341	2502	1.405606
2342	1214	2.216352
2342	1198	2.092684
2342	2028	1.708305
2342	1291	1.582591
2342	589	1.529339
2342	1210	1.512913
2342	541	1.322015
2342	750	1.200158
2342	924	1.173215
2342	1270	1.163795
2343	594	2.498599
2343	1029	2.473258
2343	914	2.386380
2343	1282	2.239071
2343	595	2.219772
2343	938	2.050822
2343	364	1.805366
2343	3675	1.796205
2343	2078	1.780883
2343	2971	1.626633
2344	1079	1.741960
2344	2918	1.624431
2344	2797	1.439908
2344	3039	1.280743
2344	3552	1.204379
2344	2174	1.197295
2344	1394	1.144488
2344	3210	1.129212
2344	2791	1.009790
2344	3421	0.956052
2346	1370	1.449162
2346	1573	1.443063
2346	380	1.438051
2346	2916	1.323776
2346	349	1.305893
2346	377	1.023335
2346	480	0.998101
2346	648	0.981660
2346	1552	0.961779
2346	3256	0.910826
2348	1253	0.863451
2348	2522	0.768943
2348	3198	0.768803
2348	3359	0.750572
2348	3417	0.742437
2348	3486	0.742437
2348	2663	0.719784
2348	3375	0.676369
2348	3135	0.641032
2348	3659	0.634983
2349	3071	1.022419
2349	1957	0.990297
2349	2260	0.988446
2349	3403	0.964047
2349	1231	0.894292
2349	1293	0.839060
2349	3098	0.838911
2349	1302	0.809619
2349	1185	0.799814
2349	1968	0.778777
2350	2096	2.108114
2350	1022	1.856714
2350	594	1.809440
2350	2081	1.752182
2350	2087	1.731438
2350	2565	1.462221
2350	1032	1.424263
2350	1282	1.350087
2350	596	1.328512
2350	1907	1.320338
2351	593	1.647325
2351	1193	1.483326
2351	608	1.477097
2351	1617	1.425112
2351	858	1.416003
2351	1207	1.324599
2351	541	1.259779
2351	296	1.230775
2351	1247	1.214027
2351	923	1.120511
2352	1978	3.154470
2352	1969	2.974769
2352	1976	2.605610
2352	1980	2.532448
2352	1979	2.383888
2352	891	2.313085
2352	1981	2.281627
2352	1973	2.145350
2352	2121	1.992793
2352	1983	1.890311
2353	597	0.806778
2353	357	0.684109
2353	440	0.669206
2353	2671	0.665357
2353	802	0.626928
2353	1721	0.625954
2353	11	0.622427
2353	356	0.573249
2353	1569	0.556549
2353	1485	0.555646
2354	2528	1.908360
2354	1527	1.795984
2354	2985	1.792512
2354	1580	1.758432
2354	1372	1.679800
2354	2916	1.559980
2354	1909	1.475509
2354	1375	1.459279
2354	2407	1.391977
2354	1129	1.353813
2355	2947	0.836713
2355	1220	0.743084
2355	1387	0.727280
2355	457	0.714252
2355	2194	0.650092
2355	364	0.603827
2355	1610	0.601935
2355	1954	0.578147
2355	594	0.575758
2355	2080	0.568926
2358	2683	1.780393
2358	1911	1.692216
2358	2770	1.683392
2358	2694	1.636727
2358	3203	1.595408
2358	2541	1.566499
2358	2959	1.484768
2358	1093	1.414884
2358	2546	1.409065
2358	2716	1.399245
2359	3623	1.552451
2359	2355	1.456222
2359	2706	1.325452
2359	1911	1.269356
2359	3624	1.234193
2359	3753	1.218031
2359	3005	1.185064
2359	2541	1.156449
2359	2605	1.137749
2359	223	1.123791
2360	480	1.057319
2360	1278	0.936082
2360	3671	0.911246
2360	1259	0.907066
2360	1965	0.875111
2360	1270	0.778921
2360	1234	0.771790
2360	1673	0.750117
2360	2797	0.746626
2360	2948	0.735348
2361	1135	1.132713
2361	2150	1.107672
2361	2371	0.978323
2361	3552	0.950471
2361	2463	0.916809
2361	3361	0.869383
2361	3087	0.828410
2361	2918	0.827327
2361	2423	0.821618
2361	2406	0.803911
2362	583	0.953112
2362	3481	0.931435
2362	3569	0.820710
2362	3578	0.793650
2362	3893	0.753681
2362	3515	0.707204
2362	3897	0.705799
2362	3624	0.682063
2362	3510	0.681010
2362	3566	0.650866
2363	1673	1.441268
2363	3753	1.436536
2363	2791	1.376522
2363	524	1.329627
2363	1965	1.283591
2363	3481	1.133036
2363	1171	1.108431
2363	551	1.072964
2363	2571	1.065668
2363	1249	1.046567
2365	1136	0.905549
2365	1394	0.891943
2365	3504	0.872683
2365	2194	0.861563
2365	3671	0.844954
2365	1201	0.777334
2365	1387	0.746447
2365	1287	0.742338
2365	1222	0.732077
2365	3421	0.717235
2366	10	1.947020
2366	2916	1.846427
2366	377	1.776596
2366	380	1.709618
2366	2278	1.495709
2366	2763	1.419210
2366	1610	1.324998
2366	2006	1.287110
2366	2334	1.281365
2366	165	1.277687
2367	1573	2.075976
2367	3256	1.969535
2367	1552	1.562251
2367	10	1.394599
2367	2353	1.355072
2367	2006	1.345883
2367	1580	1.314330
2367	457	1.264601
2367	165	1.255492
2367	1722	1.177668
2368	1044	0.730843
2368	418	0.709697
2368	79	0.677666
2368	74	0.641738
2368	182	0.615209
2368	424	0.595773
2368	1043	0.587312
2368	273	0.564319
2368	209	0.561210
2368	984	0.548867
2370	318	1.584633
2370	608	1.470876
2370	1221	1.385219
2370	1196	1.273676
2370	912	1.235492
2370	2028	1.171417
2370	527	1.166208
2370	1193	1.073073
2370	1617	1.072090
2370	1213	1.071763
2371	1610	1.555370
2371	2571	1.363700
2371	1573	1.276146
2371	733	1.252233
2371	474	1.210600
2371	1580	1.133390
2371	377	1.109124
2371	380	0.876672
2371	480	0.871070
2371	2959	0.867016
2372	1265	1.224817
2372	1923	1.195953
2372	1784	0.980958
2372	1883	0.857140
2372	150	0.805751
2372	440	0.801292
2372	235	0.779705
2372	1641	0.757737
2372	36	0.741106
2372	2762	0.730398
2374	1370	1.511926
2374	380	1.104104
2374	2916	1.076079
2374	1722	1.044528
2374	349	1.034797
2374	733	0.987446
2374	1580	0.956092
2374	2403	0.939097
2374	494	0.884833
2374	1527	0.881684
2376	2683	0.749722
2376	2791	0.639502
2376	914	0.589892
2376	1947	0.586033
2376	2770	0.563152
2376	2706	0.493329
2376	1673	0.484768
2376	2997	0.475340
2376	2918	0.469585
2376	110	0.467749
2377	1240	2.435317
2377	1198	2.136143
2377	2571	1.726897
2377	2028	1.694041
2377	1291	1.681639
2377	858	1.490020
2377	2947	1.441601
2377	1387	1.336084
2377	1197	1.226312
2377	1222	1.193584
2378	593	1.651670
2378	318	1.627247
2378	1089	1.516927
2378	50	1.473290
2378	2028	1.025169
2378	527	0.980220
2378	2858	0.962630
2378	34	0.958006
2378	150	0.912780
2378	36	0.852754
2380	1980	1.527998
2380	1984	1.103741
2380	1976	1.021767
2380	1977	0.993269
2380	1975	0.956442
2380	1981	0.951090
2380	1326	0.869853
2380	2878	0.828653
2380	1986	0.796066
2380	3021	0.689611
2382	3219	2.188101
2382	2716	2.157872
2382	2336	1.863053
2382	2605	1.849223
2382	2013	1.839297
2382	2333	1.729430
2382	785	1.699122
2382	2490	1.651098
2382	3053	1.617527
2382	2770	1.612723
2383	1907	1.356611
2383	2096	1.203398
2383	364	1.197205
2383	2089	1.151126
2383	1022	1.090975
2383	588	1.082055
2383	1214	1.076788
2383	1032	1.015819
2383	1688	1.015189
2383	1200	0.981361
2384	1	1.046818
2384	595	1.011679
2384	1907	0.915480
2384	2687	0.899611
2384	1573	0.807217
2384	2294	0.796396
2384	783	0.788020
2384	594	0.761417
2384	596	0.753830
2384	2081	0.697400
2386	364	1.433407
2386	1022	1.359055
2386	1566	1.220033
2386	783	1.215905
2386	2087	1.176898
2386	1907	1.167271
2386	2089	1.139757
2386	588	1.136949
2386	1029	1.126812
2386	2090	1.109136
2387	1500	0.920433
2387	2890	0.669729
2387	6	0.654479
2387	1883	0.644423
2387	1784	0.638289
2387	39	0.629995
2387	2391	0.626229
2387	1704	0.601744
2387	2329	0.593985
2387	1729	0.591585
2389	357	0.847284
2389	2321	0.754537
2389	2302	0.712461
2389	39	0.652021
2389	1923	0.651999
2389	1747	0.641741
2389	1883	0.622388
2389	1517	0.607778
2389	10	0.583963
2389	471	0.544795
2390	356	0.931502
2390	357	0.914981
2390	539	0.771861
2390	597	0.708808
2390	39	0.684323
2390	1357	0.623040
2390	497	0.610154
2390	2671	0.600847
2390	1784	0.588085
2390	339	0.562595
2391	1214	2.154678
2391	589	2.064128
2391	1387	1.769400
2391	1291	1.689560
2391	1210	1.593645
2391	110	1.519286
2391	1197	1.506539
2391	318	1.439551
2391	1242	1.326112
2391	1610	1.323105
2392	2734	2.051567
2392	2881	2.012644
2392	2605	1.934828
2392	3219	1.839888
2392	1959	1.835559
2392	785	1.740817
2392	1513	1.660020
2392	2770	1.640638
2392	2720	1.605380
2392	2719	1.597983
2393	457	1.237557
2393	110	1.098090
2393	2571	0.979537
2393	3418	0.828652
2393	474	0.818325
2393	1198	0.766768
2393	1240	0.739991
2393	2947	0.732870
2393	733	0.720185
2393	377	0.693045
2394	780	1.973801
2394	2916	1.407763
2394	1527	1.394866
2394	2393	1.371162
2394	1370	1.362558
2394	1573	1.351699
2394	1580	1.349202
2394	1676	1.302196
2394	2628	1.295940
2394	1876	1.222261
2395	2797	1.159203
2395	3039	1.102606
2395	1079	0.988845
2395	3552	0.984111
2395	2463	0.902679
2395	3361	0.873959
2395	2174	0.864028
2395	1307	0.840484
2395	3072	0.789664
2395	1968	0.725703
2396	593	2.221936
2396	1617	1.562118
2396	1089	1.442218
2396	527	1.418623
2396	1704	1.408958
2396	2028	1.294549
2396	110	1.129153
2396	1358	1.107407
2396	34	1.038121
2396	2571	1.022332
2397	162	0.852325
2397	1649	0.836411
2397	2632	0.738937
2397	1856	0.667556
2397	3047	0.667556
2397	1252	0.664489
2397	1094	0.662130
2397	908	0.636148
2397	581	0.633567
2397	3281	0.623384
2398	2114	0.537717
2398	3478	0.508744
2398	1290	0.490568
2398	2942	0.482465
2398	280	0.456049
2398	2474	0.441666
2398	991	0.440596
2398	1672	0.438501
2398	3333	0.432298
2398	3069	0.427577
2400	1347	1.227376
2400	1350	1.115593
2400	1327	1.047832
2400	2455	0.915484
2400	2120	0.907519
2400	3917	0.873102
2400	2118	0.828628
2400	3499	0.781185
2400	1130	0.757006
2400	2519	0.718953
2401	457	1.457905
2401	1291	1.455122
2401	1200	1.437158
2401	1240	1.389395
2401	2028	1.386250
2401	2598	1.338510
2401	260	1.337692
2401	2762	1.233001
2401	1513	1.198612
2401	1214	1.171927
2402	1091	1.803523
2402	3041	1.497181
2402	3688	1.476057
2402	3385	1.386997
2402	2072	1.358543
2402	2471	1.264721
2402	2378	1.253510
2402	2374	1.250028
2402	3707	1.210509
2402	2372	1.159228
2403	2985	1.867107
2403	1356	1.743541
2403	2640	1.704299
2403	1375	1.598253
2403	1527	1.577781
2403	1376	1.536354
2403	316	1.502176
2403	329	1.410418
2403	2528	1.391615
2403	780	1.379539
2404	2	1.472822
2404	2161	1.371278
2404	367	1.362765
2404	2797	1.343278
2404	1073	1.320402
2404	2193	1.298465
2404	2054	1.247055
2404	3479	1.115443
2404	2021	1.063285
2404	653	0.967226
2405	1214	1.413073
2405	1200	1.334567
2405	1198	1.265746
2405	1197	1.159220
2405	1210	1.089498
2405	3471	1.085707
2405	1036	1.081027
2405	2571	1.066602
2405	541	0.954834
2405	2174	0.932536
2406	2803	1.173084
2406	1343	1.131360
2406	1892	0.777184
2406	1704	0.681212
2406	22	0.661430
2406	3686	0.605126
2406	593	0.601775
2406	2267	0.569935
2406	3414	0.560842
2406	608	0.560643
2407	594	1.480919
2407	364	1.409114
2407	588	1.387811
2407	2096	1.351685
2407	1022	1.229604
2407	2087	1.163334
2407	1282	1.149494
2407	2078	1.142054
2407	1947	1.074333
2407	596	1.011413
2408	1343	1.225760
2408	1805	1.092323
2408	3249	1.080335
2408	1608	0.942207
2408	481	0.934388
2408	280	0.913724
2408	350	0.911206
2408	1892	0.847268
2408	832	0.818458
2408	165	0.758677
2409	3744	1.004635
2409	3863	0.905238
2409	3948	0.894172
2409	3893	0.863614
2409	3534	0.863084
2409	3617	0.862744
2409	3793	0.859935
2409	3785	0.853370
2409	3646	0.844378
2409	3618	0.842938
2410	2745	0.746176
2410	1955	0.692529
2410	1962	0.648662
2410	1961	0.568430
2410	944	0.567329
2410	1161	0.538600
2410	3211	0.537379
2410	590	0.532613
2410	1365	0.524369
2410	394	0.519754
2411	1777	0.995915
2411	3087	0.933825
2411	539	0.836458
2411	2746	0.829566
2411	440	0.809990
2411	2100	0.778134
2411	500	0.770021
2411	597	0.768942
2411	1135	0.723273
2411	2150	0.682378
2412	1198	1.583044
2412	1196	1.359232
2412	1240	1.355203
2412	1200	1.215758
2412	1036	1.191180
2412	589	1.140261
2412	1291	1.108423
2412	457	1.021124
2412	2947	0.975122
2412	1233	0.909484
2414	3939	1.542566
2414	3938	1.236084
2414	1972	0.597504
2414	1971	0.584413
2414	611	0.578221
2414	1973	0.496181
2414	2159	0.474095
2414	481	0.408225
2414	1970	0.403791
2414	2017	0.401811
2415	3578	1.064843
2415	3753	1.031787
2415	3408	0.996542
2415	2706	0.935366
2415	2694	0.934782
2415	50	0.856585
2415	223	0.847052
2415	1089	0.825628
2415	3409	0.814344
2415	3751	0.789829
2416	3717	1.461412
2416	3510	1.368837
2416	3624	1.334424
2416	3534	1.248989
2416	3409	1.092915
2416	3300	1.056128
2416	3452	1.026900
2416	3646	0.983620
2416	3863	0.969990
2416	3354	0.946806
2418	339	1.493135
2418	1777	1.299133
2418	2424	1.278545
2418	539	1.185418
2418	2124	1.073172
2418	231	1.029988
2418	1569	1.025898
2418	585	0.951923
2418	3247	0.941858
2418	3253	0.904967
2419	2286	0.595866
2419	2174	0.581576
2419	3616	0.539221
2419	260	0.512947
2419	251	0.485947
2419	3298	0.467869
2419	1135	0.465251
2419	637	0.464407
2419	2100	0.457451
2419	3130	0.444329
2420	1196	2.216067
2420	1036	2.183294
2420	1210	2.162450
2420	1291	1.826794
2420	1198	1.812328
2420	457	1.736680
2420	1387	1.718979
2420	2028	1.691479
2420	260	1.687623
2420	1610	1.592808
2421	316	1.877513
2421	1372	1.764382
2421	2985	1.565719
2421	329	1.539083
2421	2641	1.444315
2421	1909	1.443316
2421	1356	1.441587
2421	2393	1.407095
2421	2311	1.289737
2421	1376	1.192874
2423	539	1.826146
2423	236	1.239061
2423	708	1.236232
2423	252	1.120945
2423	2671	1.064197
2423	1441	1.022532
2423	11	0.980083
2423	1409	0.974607
2423	587	0.944778
2423	3259	0.902350
2424	1584	1.351523
2424	3527	1.188016
2424	2571	1.175556
2424	2797	1.077027
2424	2968	1.067322
2424	1580	1.010422
2424	1909	0.959038
2424	1206	0.910194
2424	1573	0.907889
2424	1240	0.866206
2425	2096	1.356909
2425	783	1.333091
2425	1029	1.291962
2425	1907	1.126905
2425	1022	1.115134
2425	2687	1.084108
2425	2565	1.079424
2425	594	1.058421
2425	1566	1.040060
2425	2078	0.989488
2426	1193	1.559014
2426	527	1.489652
2426	1207	1.389645
2426	593	1.351501
2426	296	1.295733
2426	608	1.219420
2426	912	1.188138
2426	1104	1.165196
2426	1084	1.096261
2426	111	1.043834
2427	594	0.807604
2427	588	0.699429
2427	1022	0.675301
2427	364	0.668329
2427	3566	0.644234
2427	3624	0.633995
2427	3616	0.628650
2427	3565	0.628465
2427	3898	0.617155
2427	2096	0.612965
2428	3361	0.967467
2428	1294	0.866656
2428	1394	0.865013
2428	1136	0.862472
2428	2918	0.819818
2428	1278	0.818578
2428	1080	0.766867
2428	1235	0.766547
2428	955	0.740649
2428	910	0.731197
2429	2469	0.515384
2429	2371	0.473729
2429	3731	0.470224
2429	2115	0.443996
2429	273	0.442953
2429	2407	0.430232
2429	2114	0.423199
2429	3448	0.421898
2429	2247	0.416423
2429	2420	0.412004
2430	1552	0.791519
2430	349	0.758289
2430	780	0.757489
2430	1608	0.756824
2430	1717	0.694920
2430	648	0.687808
2430	3107	0.680907
2430	2006	0.677217
2430	3753	0.656951
2430	2598	0.654541
2432	1240	1.457873
2432	260	1.406854
2432	1200	1.300655
2432	1214	1.098289
2432	1210	1.065815
2432	2028	0.975249
2432	1198	0.950235
2432	110	0.898852
2432	32	0.846825
2432	3471	0.845253
2433	2571	1.123143
2433	1198	1.024299
2433	589	1.022547
2433	1240	0.937662
2433	1200	0.928675
2433	1214	0.837542
2433	1197	0.805617
2433	1036	0.750856
2433	2599	0.750693
2433	1291	0.713067
2435	1394	0.826461
2435	2858	0.745464
2435	1265	0.737494
2435	1079	0.690746
2435	1288	0.685684
2435	1370	0.674871
2435	1792	0.650533
2435	1080	0.644348
2435	3114	0.624471
2435	3082	0.591617
2436	608	0.983144
2436	778	0.968637
2436	36	0.914857
2436	1393	0.868745
2436	296	0.857086
2436	527	0.759873
2436	62	0.732606
2436	34	0.718527
2436	2329	0.713076
2436	1358	0.691443
2437	260	1.748662
2437	1240	1.437011
2437	2571	1.374224
2437	1200	1.337211
2437	318	1.225545
2437	858	1.200979
2437	593	1.119333
2437	1291	1.112718
2437	1036	1.105224
2437	457	1.049052
2438	539	0.613627
2438	1393	0.570210
2438	357	0.475672
2438	858	0.474504
2438	11	0.465795
2438	3874	0.445326
2438	1721	0.434950
2438	1569	0.431091
2438	3624	0.413096
2438	1345	0.406303
2439	3917	1.584825
2439	3930	1.570982
2439	1973	1.524657
2439	3450	1.467567
2439	1327	1.401918
2439	3937	1.386458
2439	3918	1.285422
2439	3927	1.226964
2439	524	1.226360
2439	1969	1.189523
2444	2687	1.561927
2444	364	1.482572
2444	2096	1.462396
2444	2090	1.438838
2444	2294	1.393382
2444	2048	1.392012
2444	2137	1.290034
2444	595	1.267400
2444	1033	1.215506
2444	2057	1.066477
2445	694	1.526725
2445	1882	1.513720
2445	204	1.370584
2445	1591	1.360163
2445	153	1.139246
2445	1867	1.014612
2445	173	1.006643
2445	71	0.981449
2445	809	0.968010
2445	849	0.901783
2446	3578	1.401167
2446	3717	1.399342
2446	3793	1.207870
2446	3646	1.207090
2446	3624	1.098330
2446	3555	1.087386
2446	3753	1.066695
2446	3623	0.940814
2446	3317	0.927131
2446	3617	0.909058
2447	3087	1.452663
2447	3591	1.341586
2447	2786	1.287360
2447	1135	1.231877
2447	2133	1.217542
2447	2796	1.164247
2447	2736	1.059002
2447	3385	1.042524
2447	2150	0.997129
2447	3524	0.973725
2448	1394	1.080512
2448	1204	0.994325
2448	318	0.944363
2448	260	0.919278
2448	1196	0.896492
2448	1278	0.841196
2448	3114	0.797009
2448	593	0.781881
2448	1270	0.779702
2448	1265	0.778750
2451	2699	0.450782
2451	1468	0.448327
2451	2421	0.414619
2451	3921	0.409243
2451	67	0.381385
2451	1501	0.381385
2451	1278	0.375890
2451	1336	0.372194
2451	2872	0.370162
2451	3924	0.364582
2452	47	1.665018
2452	1089	1.575940
2452	3256	1.511358
2452	6	1.407153
2452	1617	1.308592
2452	733	1.145881
2452	1573	1.144231
2452	377	1.092847
2452	589	1.073684
2452	3147	1.048250
2453	2257	0.945319
2453	3691	0.860778
2453	3206	0.642378
2453	182	0.580444
2453	2942	0.579655
2453	2316	0.574830
2453	3394	0.546601
2453	207	0.527031
2453	2471	0.526671
2453	339	0.519673
2454	2050	1.071648
2454	2471	0.971792
2454	2450	0.773559
2454	3098	0.619501
2454	1962	0.597016
2454	3698	0.589836
2454	2143	0.561899
2454	2468	0.547851
2454	1246	0.539255
2454	2641	0.526809
2455	2645	1.321708
2455	1991	1.292885
2455	1970	1.255133
2455	2519	1.057571
2455	3923	1.044106
2455	1971	1.010451
2455	2781	1.004060
2455	1692	0.953201
2455	1342	0.948075
2455	879	0.929421
2456	2794	1.453912
2456	3385	1.290517
2456	3688	1.205659
2456	2468	1.093585
2456	2375	1.087366
2456	2411	1.043020
2456	3387	0.992179
2456	2372	0.966392
2456	2259	0.946375
2456	2378	0.927798
2457	2391	1.384658
2457	1358	1.080589
2457	296	1.069334
2457	1213	1.007250
2457	2762	0.996533
2457	1617	0.950190
2457	318	0.933725
2457	1343	0.850878
2457	457	0.805507
2457	1466	0.774113
2458	2470	1.328070
2458	3087	1.318672
2458	1135	1.314973
2458	2518	1.138192
2458	2145	1.131081
2458	3525	1.123348
2458	2100	1.114461
2458	2372	1.095892
2458	3524	1.090748
2458	2150	1.027094
2459	539	1.101140
2459	1777	1.091550
2459	476	1.036738
2459	2424	0.999673
2459	597	0.864586
2459	708	0.787101
2459	587	0.768384
2459	252	0.695081
2459	1457	0.672311
2459	3450	0.652259
2460	1196	0.941204
2460	527	0.923286
2460	2028	0.776571
2460	1240	0.774911
2460	969	0.773380
2460	912	0.770170
2460	1267	0.768199
2460	1198	0.757190
2460	924	0.755208
2460	1252	0.748158
2461	608	1.583774
2461	296	1.395949
2461	1213	1.380334
2461	1079	1.271756
2461	527	1.072341
2461	1968	0.993545
2461	1358	0.965121
2461	2858	0.945873
2461	2762	0.940797
2461	2797	0.932072
2462	3508	0.888002
2462	3494	0.877847
2462	2401	0.876777
2462	2951	0.847032
2462	1947	0.805807
2462	3681	0.787347
2462	3074	0.753489
2462	2565	0.747159
2462	1035	0.664617
2462	553	0.655048
2463	2115	1.335212
2463	2985	1.205458
2463	3699	1.117977
2463	2989	1.012078
2463	1371	1.006847
2463	3638	0.934394
2463	2376	0.885886
2463	2193	0.875030
2463	2021	0.814664
2463	2640	0.791618
2464	296	1.538970
2464	1213	1.463361
2464	50	1.334723
2464	1193	1.275174
2464	260	1.261423
2464	912	1.222607
2464	1196	1.222582
2464	1198	1.149837
2464	1617	1.133949
2464	110	1.034206
2465	2770	1.168813
2465	3005	1.117801
2465	2694	1.077213
2465	2706	1.038761
2465	2605	1.028805
2465	2881	1.005120
2465	2710	0.990158
2465	223	0.986948
2465	3203	0.952940
2465	2541	0.893125
2466	2393	2.087308
2466	329	2.079920
2466	1917	1.980560
2466	1372	1.630101
2466	1544	1.544945
2466	1375	1.504129
2466	1779	1.495960
2466	1527	1.467326
2466	1037	1.405590
2466	442	1.281647
2468	3421	1.246897
2468	1080	1.180818
2468	3363	1.163161
2468	3504	0.779434
2468	1292	0.751437
2468	1394	0.747853
2468	1125	0.729823
2468	2866	0.660963
2468	1082	0.660531
2468	1259	0.659295
2469	1196	1.829216
2469	1240	1.484072
2469	2028	1.359872
2469	1214	1.203253
2469	1291	1.193147
2469	1387	1.102117
2469	3623	1.060409
2469	589	1.022214
2469	1201	0.986144
2469	1197	0.965112
2471	1673	1.748670
2471	2291	1.438239
2471	2791	1.279955
2471	2948	1.279167
2471	1171	1.178922
2471	551	1.146511
2471	3917	1.092952
2471	1965	1.068554
2471	1249	0.958309
2471	3450	0.944973
2472	2770	1.638237
2472	3005	1.434278
2472	2355	1.365069
2472	2433	1.333101
2472	223	1.279904
2472	2707	1.233717
2472	1911	1.227180
2472	1093	1.220555
2472	2541	1.079742
2472	2188	1.061064
2473	3481	1.329840
2473	2291	1.237029
2473	1580	1.083552
2473	3578	1.055034
2473	3510	1.043038
2473	524	1.029930
2473	1249	0.996709
2473	2160	0.933846
2473	3623	0.925744
2473	1171	0.923375
2474	1673	1.007902
2474	2028	0.996755
2474	1258	0.994462
2474	858	0.942325
2474	593	0.907950
2474	1350	0.891992
2474	2791	0.878044
2474	260	0.868083
2474	1196	0.865910
2474	1200	0.829144
2475	1350	2.156390
2475	1982	1.806181
2475	2648	1.649096
2475	3018	1.568938
2475	1333	1.485758
2475	1994	1.418746
2475	1321	1.318970
2475	1255	1.249269
2475	1347	1.219856
2475	2784	1.191662
2476	1247	0.724250
2476	3359	0.723165
2476	1208	0.716174
2476	3198	0.645665
2476	1131	0.634693
2476	1225	0.632311
2476	1704	0.597087
2476	527	0.592395
2476	1964	0.591773
2476	1294	0.577847
2477	1252	1.655379
2477	318	1.600820
2477	1104	1.529979
2477	1193	1.383689
2477	3095	1.380543
2477	1267	1.351578
2477	1247	1.338808
2477	1204	1.327091
2477	908	1.324815
2477	593	1.293947
2478	1372	0.560626
2478	2762	0.500140
2478	1376	0.479845
2478	1805	0.478895
2478	1645	0.473128
2478	590	0.438200
2478	440	0.437651
2478	329	0.430875
2478	47	0.427483
2478	1682	0.427101
2479	1196	1.789778
2479	1200	1.671388
2479	589	1.491950
2479	1387	1.467234
2479	1210	1.309861
2479	1198	1.287439
2479	1270	1.196838
2479	541	1.183597
2479	1291	1.094162
2479	1036	1.044196
2480	2598	1.995414
2480	1513	1.989890
2480	2762	1.753859
2480	2395	1.505028
2480	2013	1.482456
2480	2841	1.464459
2480	2840	1.452688
2480	2502	1.448425
2480	2491	1.405358
2480	2490	1.383593
2481	1278	0.946128
2481	1079	0.898526
2481	1136	0.840362
2481	1234	0.793071
2481	2918	0.782724
2481	3363	0.706625
2481	2791	0.682375
2481	1968	0.675410
2481	1080	0.636211
2481	3361	0.613570
2482	2522	0.951754
2482	2521	0.628034
2482	1196	0.626271
2482	2534	0.585768
2482	527	0.568317
2482	2028	0.557075
2482	260	0.525752
2482	808	0.519888
2482	2846	0.518445
2482	318	0.514522
2483	2667	1.334878
2483	3659	1.312698
2483	2663	1.217472
2483	3417	1.178357
2483	3486	1.178357
2483	3559	1.077511
2483	3548	0.895664
2483	3171	0.876623
2483	1253	0.853790
2483	2662	0.787787
2484	1580	1.010840
2484	733	0.908223
2484	2916	0.903906
2484	1370	0.884628
2484	1527	0.813098
2484	349	0.760630
2484	1372	0.744309
2484	3256	0.693420
2484	832	0.659948
2484	316	0.652835
2485	3753	0.478026
2485	3578	0.477645
2485	884	0.441726
2485	3510	0.437285
2485	3176	0.416888
2485	3496	0.411694
2485	3374	0.404123
2485	321	0.390681
2485	174	0.384012
2485	2432	0.381048
2486	2918	1.014739
2486	1	0.868706
2486	1307	0.847545
2486	1265	0.845991
2486	3421	0.844725
2486	1270	0.841854
2486	1278	0.804309
2486	1394	0.789067
2486	1968	0.750421
2486	1080	0.735833
2487	593	1.247390
2487	1221	1.147486
2487	1193	1.090940
2487	527	0.971441
2487	912	0.898755
2487	1079	0.870474
2487	1207	0.857975
2487	1294	0.844600
2487	1617	0.833353
2487	923	0.832502
2489	1084	0.725236
2489	1953	0.669100
2489	1234	0.644892
2489	3741	0.638634
2489	3363	0.585018
2489	1247	0.576506
2489	910	0.553665
2489	1235	0.550116
2489	1294	0.505010
2489	3893	0.503899
2491	1240	1.213291
2491	1214	1.179786
2491	1200	1.155842
2491	858	1.109502
2491	2571	1.104804
2491	1036	1.009963
2491	2028	0.961139
2491	589	0.952779
2491	1931	0.861307
2491	1262	0.860840
2492	1197	1.488451
2492	260	1.212647
2492	1079	1.206111
2492	1307	1.194314
2492	1200	1.162860
2492	1036	1.136895
2492	1968	1.062700
2492	1214	0.950231
2492	2571	0.904342
2492	2791	0.904113
2493	3793	1.526713
2493	3717	1.501624
2493	3510	1.450978
2493	3354	1.255306
2493	3484	1.234556
2493	608	1.169024
2493	3409	1.115256
2493	3316	1.110852
2493	3863	1.094396
2493	3513	1.059478
2494	339	1.030790
2494	440	1.009629
2494	357	1.001021
2494	1777	0.970926
2494	539	0.873150
2494	1265	0.802869
2494	587	0.759055
2494	1721	0.732867
2494	1569	0.731245
2494	1393	0.715446
2495	2424	1.814440
2495	597	1.734816
2495	1569	1.356213
2495	7	1.255579
2495	357	1.196738
2495	708	1.178867
2495	252	1.175871
2495	587	1.139089
2495	356	1.094081
2495	852	1.048860
2496	2401	0.574010
2496	2922	0.530120
2496	3508	0.504983
2496	2565	0.500064
2496	2944	0.498481
2496	3074	0.489796
2496	599	0.471581
2496	383	0.449910
2496	416	0.448947
2496	1379	0.440267
2497	2849	0.704223
2497	3419	0.629876
2497	541	0.596002
2497	32	0.572744
2497	1199	0.525715
2497	3716	0.520472
2497	2011	0.516783
2497	924	0.516431
2497	2096	0.483300
2497	2571	0.480135
2498	2951	3.098603
2498	3494	2.966664
2498	383	2.491313
2498	1201	2.112523
2498	1209	1.797139
2498	1378	1.687198
2498	210	1.644224
2498	1379	1.613042
2498	3037	1.598103
2498	458	1.538504
2499	2490	2.268633
2499	785	2.070606
2499	2805	1.963949
2499	2581	1.929184
2499	1513	1.917566
2499	2333	1.863615
2499	2723	1.853457
2499	913	1.772709
2499	2605	1.708664
2499	2676	1.641041
2500	3154	1.834438
2500	3137	1.670516
2500	3143	1.618999
2500	760	1.559026
2500	3643	1.434387
2500	3367	1.358468
2500	1090	1.221509
2500	976	1.215990
2500	1208	1.194943
2500	1960	1.116851
2501	1513	2.104230
2501	2598	2.100779
2501	2581	1.842248
2501	2840	1.808516
2501	2723	1.795027
2501	2395	1.741855
2501	2490	1.620593
2501	2491	1.572722
2501	24	1.521480
2501	2841	1.512523
2503	2468	1.756858
2503	1091	1.648624
2503	3385	1.433605
2503	2375	1.427545
2503	2378	1.347464
2503	2259	1.241731
2503	1983	1.182061
2503	2372	1.168953
2503	3691	1.069096
2503	2374	1.048532
2504	3154	0.583450
2504	1214	0.579069
2504	1196	0.560997
2504	260	0.559955
2504	858	0.550347
2504	1240	0.549581
2504	1036	0.542964
2504	3137	0.531314
2504	3321	0.516475
2504	1387	0.512158
2505	1196	0.827213
2505	1198	0.768002
2505	3256	0.679355
2505	2571	0.668136
2505	589	0.666763
2505	1240	0.650413
2505	1291	0.643202
2505	1036	0.600717
2505	1200	0.580129
2505	349	0.578952
2506	2918	0.838654
2506	2352	0.776630
2506	3039	0.762686
2506	2000	0.732004
2506	2915	0.671651
2506	1285	0.649626
2506	1186	0.639767
2506	2174	0.611789
2506	1968	0.611483
2506	1663	0.599074
2507	2333	0.498176
2507	1545	0.487861
2507	2215	0.438764
2507	785	0.435468
2507	2686	0.406360
2507	1650	0.394956
2507	3351	0.387298
2507	369	0.386947
2507	1152	0.386512
2507	2598	0.379039
2508	2598	1.958024
2508	2906	1.797753
2508	2490	1.658824
2508	2840	1.654326
2508	2491	1.639311
2508	2396	1.619515
2508	2719	1.477973
2508	3273	1.413953
2508	2013	1.404487
2508	2394	1.359916
2509	2028	1.686954
2509	1240	1.437436
2509	1200	1.362411
2509	2571	1.361661
2509	1233	1.312019
2509	1214	1.285050
2509	1291	1.281321
2509	1387	1.211333
2509	318	1.059306
2509	1036	1.038504
2510	1196	1.599884
2510	2571	1.557288
2510	260	1.460462
2510	3703	1.265589
2510	1206	1.260429
2510	3471	1.198329
2510	1210	1.171388
2510	2664	1.145365
2510	924	1.090222
2510	1198	1.053858
2512	858	1.473481
2512	1193	1.280220
2512	593	1.213466
2512	912	1.210920
2512	908	1.071438
2512	608	1.068335
2512	111	0.957963
2512	1247	0.880485
2512	1225	0.869051
2512	1213	0.857613
2513	1079	1.374016
2513	1307	1.189880
2513	2915	1.085177
2513	3039	1.071529
2513	3072	0.992330
2513	2918	0.908106
2513	2359	0.872265
2513	2797	0.832203
2513	2174	0.799361
2513	2750	0.785173
2514	2467	1.426609
2514	906	1.319142
2514	1892	1.226722
2514	903	1.198630
2514	942	1.070171
2514	731	1.069565
2514	904	1.037615
2514	1267	0.921386
2514	931	0.846620
2514	1459	0.816625
2515	1580	2.304476
2515	1372	2.300159
2515	1527	2.223500
2515	2916	1.919910
2515	1653	1.651589
2515	1375	1.588325
2515	1396	1.452034
2515	1573	1.445879
2515	2628	1.444055
2515	2640	1.431327
2517	2571	1.001779
2517	1214	0.947947
2517	1198	0.887330
2517	1240	0.834046
2517	1200	0.828192
2517	2028	0.765123
2517	1210	0.706874
2517	593	0.695260
2517	1270	0.658009
2517	2534	0.648920
2518	1931	0.700519
2518	1196	0.681975
2518	539	0.672688
2518	597	0.668330
2518	260	0.657672
2518	2115	0.656023
2518	2424	0.612039
2518	1275	0.561349
2518	1240	0.559069
2518	592	0.530875
2519	594	1.118248
2519	1372	1.055911
2519	1947	0.974493
2519	1527	0.936662
2519	780	0.892797
2519	1356	0.848597
2519	588	0.815173
2519	316	0.814462
2519	1028	0.808213
2519	364	0.805230
2520	3209	0.659996
2520	1196	0.649477
2520	1240	0.632451
2520	260	0.618739
2520	2174	0.615819
2520	1270	0.597104
2520	2522	0.565888
2520	2360	0.541562
2520	589	0.534455
2520	940	0.508173
2521	1610	1.665567
2521	589	1.578544
2521	2571	1.374117
2521	1374	1.340821
2521	1036	1.332428
2521	733	1.302222
2521	1200	1.293384
2521	1573	1.277138
2521	3256	1.221651
2521	1291	1.220789
2522	316	1.539079
2522	329	1.103334
2522	2393	1.016984
2522	1676	1.013114
2522	1552	0.960982
2522	1372	0.958422
2522	1527	0.928579
2522	1356	0.921378
2522	1370	0.919438
2522	10	0.908783
2523	595	2.082078
2523	2078	1.820355
2523	2565	1.722480
2523	2096	1.713443
2523	1029	1.711318
2523	1022	1.690593
2523	1947	1.542470
2523	1282	1.454887
2523	1951	1.269329
2523	2018	1.213230
2525	1079	1.429648
2525	3671	1.245439
2525	1136	1.153722
2525	3361	1.126505
2525	1278	1.095185
2525	1968	1.064844
2525	1080	1.058943
2525	3421	1.009202
2525	1307	0.956317
2525	3363	0.829242
2526	329	1.830085
2526	316	1.758321
2526	1375	1.591095
2526	2528	1.517001
2526	780	1.407910
2526	1917	1.384251
2526	1690	1.341503
2526	1676	1.280204
2526	3697	1.249238
2526	1779	1.241681
2528	42	1.460286
2528	434	0.981506
2528	1598	0.976389
2528	1671	0.976380
2528	998	0.933182
2528	1647	0.831797
2528	786	0.792739
2528	1805	0.733747
2528	762	0.725766
2528	1686	0.722637
2529	2945	1.067940
2529	3465	0.887652
2529	1495	0.827340
2529	2790	0.735007
2529	3401	0.689470
2529	3751	0.674313
2529	3692	0.582874
2529	2464	0.563314
2529	745	0.489129
2529	2974	0.476331
2531	898	0.906523
2531	1094	0.882153
2531	920	0.790313
2531	1674	0.785746
2531	2935	0.769349
2531	1393	0.726572
2531	936	0.714031
2531	969	0.661721
2531	902	0.617374
2531	916	0.611020
2532	527	1.217170
2532	1213	0.971554
2532	296	0.937752
2532	1247	0.933770
2532	912	0.892718
2532	1207	0.827888
2532	608	0.777114
2532	1208	0.763030
2532	1228	0.762102
2532	150	0.727142
2533	539	1.389231
2533	1409	0.923757
2533	1835	0.882365
2533	1894	0.826784
2533	2424	0.823988
2533	2316	0.791104
2533	207	0.761455
2533	1541	0.745602
2533	597	0.736054
2533	1353	0.731583
2534	1278	0.853101
2534	1136	0.848311
2534	1294	0.796875
2534	1148	0.780210
2534	909	0.763672
2534	1230	0.748934
2534	3421	0.679945
2534	1235	0.678690
2534	1256	0.670975
2534	1080	0.664925
2535	593	1.402704
2535	1213	1.178240
2535	1207	1.105940
2535	296	1.084819
2535	912	0.984413
2535	1952	0.955495
2535	923	0.933190
2535	1221	0.914116
2535	2858	0.844828
2535	908	0.805114
2536	339	1.739204
2536	597	1.463073
2536	1485	1.357316
2536	1409	1.048247
2536	1020	1.045340
2536	11	1.035456
2536	587	0.995606
2536	1895	0.989882
2536	252	0.925110
2536	231	0.910991
2537	1255	0.686114
2537	364	0.613981
2537	2096	0.599328
2537	1350	0.575816
2537	595	0.549456
2537	2018	0.530072
2537	594	0.496049
2537	1321	0.494127
2537	596	0.489119
2537	1022	0.483078
2539	1240	3.054782
2539	1196	2.112039
2539	1198	2.032284
2539	1222	1.906759
2539	1954	1.826675
2539	1387	1.804699
2539	110	1.798224
2539	2949	1.609737
2539	1242	1.589816
2539	3702	1.455008
2540	103	0.728357
2540	291	0.673949
2540	463	0.651040
2540	1427	0.628159
2540	1342	0.625204
2540	1798	0.603137
2540	2327	0.595840
2540	132	0.553495
2540	1690	0.544412
2540	640	0.542200
2541	7	1.630768
2541	339	1.551964
2541	1409	1.515565
2541	1569	1.373635
2541	46	1.268936
2541	2671	1.211614
2541	2497	1.211324
2541	1393	1.203603
2541	252	1.127404
2541	351	1.078944
2544	2985	1.043122
2544	1653	0.882356
2544	1580	0.878710
2544	2528	0.844325
2544	2640	0.810121
2544	2407	0.807119
2544	1356	0.783246
2544	1584	0.783070
2544	2011	0.739945
2544	2916	0.711348
2545	2028	1.397818
2545	608	1.363182
2545	1213	1.238158
2545	50	0.942250
2545	1617	0.914287
2545	1358	0.908384
2545	1890	0.904534
2545	150	0.882730
2545	36	0.859308
2545	110	0.771283
2546	1294	0.961925
2546	1278	0.818763
2546	1080	0.815438
2546	3421	0.747311
2546	1394	0.724715
2546	3359	0.700241
2546	1276	0.657861
2546	1244	0.646760
2546	2788	0.593874
2546	1292	0.590151
2547	1304	0.711277
2547	3681	0.679233
2547	2251	0.675568
2547	2951	0.653743
2547	2922	0.636281
2547	2401	0.619481
2547	1288	0.599632
2547	3067	0.571132
2547	3819	0.567603
2547	1230	0.561894
2548	1093	2.826304
2548	2694	2.614051
2548	2770	2.486474
2548	2433	2.342982
2548	2541	2.232312
2548	223	2.097830
2548	2599	2.063761
2548	2355	2.058864
2548	2706	1.905588
2548	3113	1.864405
2550	928	1.153325
2550	2565	1.100325
2550	3549	0.917091
2550	918	0.908967
2550	900	0.906598
2550	902	0.898257
2550	3061	0.886766
2550	1380	0.874682
2550	3604	0.871291
2550	945	0.865990
2551	2694	2.571056
2551	1911	2.403398
2551	2688	2.402416
2551	3203	2.271297
2551	2541	2.192035
2551	2433	2.095243
2551	785	2.003972
2551	3005	1.997683
2551	2706	1.853465
2551	2369	1.771806
2552	3098	0.969008
2552	2918	0.905951
2552	3087	0.897640
2552	2371	0.890957
2552	2145	0.887423
2552	1246	0.843791
2552	3526	0.841383
2552	1307	0.825087
2552	1663	0.775483
2552	2797	0.774926
2554	1307	0.679701
2554	1962	0.668511
2554	2291	0.654319
2554	1296	0.652194
2554	1293	0.633790
2554	1957	0.630413
2554	2762	0.600316
2554	1265	0.598665
2554	1186	0.597968
2554	2919	0.584775
2555	1036	0.743776
2555	1079	0.730735
2555	589	0.663688
2555	2797	0.634092
2555	1291	0.631864
2555	1307	0.624809
2555	1278	0.621372
2555	1968	0.617657
2555	1222	0.615688
2555	1240	0.613162
2556	1213	0.650169
2556	318	0.614820
2556	1734	0.603424
2556	1957	0.598637
2556	1299	0.559606
2556	1231	0.546603
2556	621	0.544073
2556	608	0.542928
2556	2068	0.538677
2556	593	0.527329
2557	318	1.033102
2557	608	1.017238
2557	593	0.949344
2557	2028	0.940565
2557	912	0.883508
2557	110	0.869232
2557	296	0.826451
2557	1213	0.821832
2557	858	0.773176
2557	1193	0.735993
2558	2985	1.252591
2558	3527	1.125317
2558	1374	0.994091
2558	1653	0.992940
2558	1127	0.950168
2558	1527	0.949830
2558	316	0.945189
2558	2968	0.927242
2558	1584	0.899868
2558	2916	0.889323
2559	1372	1.563589
2559	780	1.388196
2559	2006	1.291784
2559	2628	1.262988
2559	1527	1.102789
2559	480	1.059017
2559	2393	1.053750
2559	380	1.030824
2559	1676	1.005189
2559	10	0.953900
2560	1704	1.356913
2560	593	1.145323
2560	36	1.069536
2560	150	1.052338
2560	1213	0.987964
2560	1094	0.797669
2560	608	0.785555
2560	2028	0.762499
2560	2501	0.761636
2560	58	0.684105
2561	1060	1.044052
2561	1265	1.034527
2561	1883	1.013027
2561	441	1.000427
2561	3108	0.915759
2561	1517	0.871902
2561	357	0.847868
2561	3253	0.825178
2561	2302	0.771706
2561	342	0.727927
2562	1907	3.404364
2562	596	2.801690
2562	1022	2.707883
2562	783	2.686349
2562	1029	2.669806
2562	594	2.461752
2562	595	2.409355
2562	2090	2.157111
2562	2137	2.148101
2562	1025	1.794153
2564	2424	1.193552
2564	440	1.089003
2564	339	1.014508
2564	1777	0.952876
2564	1569	0.939044
2564	7	0.893909
2564	852	0.856568
2564	708	0.757262
2564	2108	0.754921
2564	1917	0.743188
2565	2797	0.829253
2565	260	0.699747
2565	539	0.560663
2565	1259	0.529312
2565	168	0.512492
2565	1097	0.491530
2565	1196	0.484157
2565	3691	0.477472
2565	2411	0.460395
2565	2706	0.450788
2566	2918	0.994041
2566	2174	0.853684
2566	3671	0.803843
2566	3361	0.774573
2566	1704	0.738908
2566	1220	0.732218
2566	2791	0.718504
2566	1968	0.702967
2566	1394	0.691548
2566	1663	0.667536
2567	3062	1.052807
2567	1263	1.051680
2567	1960	0.934986
2567	2944	0.928304
2567	3367	0.922534
2567	1224	0.901247
2567	3196	0.831146
2567	1204	0.723938
2567	2941	0.693673
2567	1262	0.678702
2568	2694	2.467686
2568	2605	2.187160
2568	2770	2.062565
2568	2881	2.026261
2568	2541	1.923763
2568	2710	1.878940
2568	2355	1.859446
2568	2433	1.840054
2568	3113	1.698601
2568	3203	1.694586
2569	2291	1.855924
2569	1673	1.773648
2569	1171	1.592583
2569	1965	1.522623
2569	3930	1.447543
2569	3917	1.410492
2569	2454	1.404863
2569	589	1.270093
2569	3928	1.158079
2569	3627	1.155539
2570	2424	1.605264
2570	2671	1.579590
2570	11	1.319920
2570	440	1.165375
2570	587	1.051137
2570	39	1.018388
2570	17	0.997840
2570	1393	0.954684
2570	852	0.953220
2570	838	0.937862
2571	364	1.362230
2571	596	1.259811
2571	588	1.238655
2571	2687	1.036132
2571	595	1.032017
2571	1029	1.021214
2571	2096	0.920432
2571	1022	0.884383
2571	3114	0.859949
2571	1282	0.843129
2572	1214	1.681482
2572	541	1.642732
2572	1200	1.400409
2572	2571	1.349224
2572	260	1.335578
2572	1196	1.289511
2572	750	1.194458
2572	2529	1.152780
2572	1252	1.117237
2572	32	1.047525
2573	1250	0.992006
2573	780	0.866392
2573	912	0.804790
2573	3196	0.787166
2573	1573	0.782729
2573	2916	0.770744
2573	480	0.734197
2573	648	0.732729
2573	1370	0.732467
2573	1552	0.716859
2574	1294	1.067584
2574	1136	0.843756
2574	1304	0.792478
2574	3504	0.782878
2574	936	0.721733
2574	1080	0.718425
2574	1292	0.709530
2574	898	0.681913
2574	1394	0.674328
2574	951	0.669085
2575	780	1.730599
2575	1917	1.494123
2575	316	1.417853
2575	1372	1.230092
2575	1371	1.136073
2575	786	1.084596
2575	1676	1.076053
2575	1552	0.985538
2575	1320	0.881464
2575	3107	0.880864
2576	2126	1.449148
2576	1562	1.284464
2576	1432	1.217911
2576	694	1.107950
2576	2421	1.094794
2576	544	1.062902
2576	420	1.059942
2576	996	1.031266
2576	1606	0.983122
2576	1918	0.939026
2577	1911	2.561020
2577	2770	2.297903
2577	2683	2.090122
2577	2541	2.022175
2577	2771	1.980704
2577	1093	1.975101
2577	3203	1.959208
2577	2428	1.907646
2577	223	1.788127
2577	2706	1.692131
2578	2467	1.690678
2578	1212	1.298057
2578	2206	1.173936
2578	913	1.156165
2578	942	1.132917
2578	3386	1.113536
2578	1267	1.022213
2578	2749	1.021361
2578	950	0.991608
2578	731	0.944400
2579	1196	1.183709
2579	858	1.055503
2579	1193	1.039205
2579	1198	0.986997
2579	527	0.974494
2579	296	0.969621
2579	2028	0.894584
2579	1276	0.862102
2579	1214	0.859905
2579	1294	0.847193
2580	339	0.945112
2580	3253	0.820845
2580	2424	0.769781
2580	1569	0.762465
2580	141	0.716778
2580	2469	0.707138
2580	3552	0.704197
2580	708	0.700245
2580	500	0.688466
2580	476	0.672679
2581	2688	0.872402
2581	165	0.696293
2581	2605	0.663807
2581	494	0.650286
2581	1597	0.637017
2581	3686	0.632506
2581	18	0.606244
2581	2763	0.600123
2581	2433	0.584062
2581	95	0.569158
2583	2096	2.259104
2583	1029	1.875529
2583	1907	1.443893
2583	1282	1.423000
2583	2087	1.308295
2583	1032	1.280196
2583	364	1.251563
2583	2078	1.230027
2583	783	1.205412
2583	3034	1.198260
2585	2797	0.811970
2585	1356	0.600565
2585	3699	0.576707
2585	2915	0.533477
2585	1270	0.532623
2585	2100	0.509926
2585	2565	0.508573
2585	1374	0.506300
2585	3039	0.505548
2585	3549	0.496334
2586	1213	1.172655
2586	608	1.063792
2586	318	0.974819
2586	2858	0.925714
2586	1278	0.886718
2586	593	0.849331
2586	111	0.834558
2586	1080	0.821782
2586	1193	0.793995
2586	2762	0.756649
2587	457	1.867923
2587	2571	1.646985
2587	2916	1.342905
2587	3418	1.211868
2587	1580	1.206187
2587	733	1.198618
2587	2353	0.970305
2587	1573	0.964394
2587	593	0.916218
2587	1408	0.909543
2588	440	1.379398
2588	500	1.198552
2588	339	1.183400
2588	11	1.153509
2588	2671	1.131489
2588	1923	1.130346
2588	2302	1.128105
2588	3253	1.082195
2588	1569	1.065887
2588	2424	1.044824
2589	1051	0.515764
2589	1482	0.454332
2589	2441	0.442934
2589	2276	0.435522
2589	3253	0.410127
2589	281	0.409524
2589	2644	0.387245
2589	1682	0.366484
2589	1994	0.358511
2589	1258	0.358221
2590	1231	0.700598
2590	1036	0.645771
2590	1307	0.622665
2590	1961	0.620692
2590	3939	0.600181
2590	3941	0.600181
2590	2020	0.573668
2590	2064	0.566357
2590	1957	0.559828
2590	2530	0.519606
2591	1240	2.024240
2591	260	2.004128
2591	608	1.944325
2591	2028	1.898722
2591	1198	1.822975
2591	1214	1.743263
2591	593	1.712358
2591	318	1.697775
2591	296	1.672825
2591	1210	1.535315
2592	1272	1.628347
2592	1263	1.417405
2592	1250	1.373865
2592	3062	1.226481
2592	1224	0.945976
2592	1944	0.887328
2592	527	0.851897
2592	3372	0.835298
2592	897	0.827421
2592	3143	0.824345
2593	1263	1.466648
2593	1250	1.381419
2593	3196	1.170847
2593	1960	0.918441
2593	1262	0.899475
2593	3062	0.869895
2593	3367	0.788405
2593	3035	0.754949
2593	2941	0.739484
2593	912	0.717561
2594	3753	1.185620
2594	3555	1.149699
2594	3755	1.144101
2594	3615	1.092438
2594	2706	1.040159
2594	1911	0.966427
2594	3510	0.885194
2594	3793	0.874298
2594	3408	0.870661
2594	3452	0.853447
2595	1474	1.301489
2595	1707	1.231352
2595	1005	1.162869
2595	867	1.156723
2595	575	1.073536
2595	1731	0.803675
2595	881	0.770176
2595	239	0.755554
2595	1489	0.755254
2595	747	0.751186
2596	2424	1.855121
2596	11	1.562752
2596	1777	1.507719
2596	357	1.429267
2596	1569	1.338952
2596	1393	1.213034
2596	838	1.161952
2596	802	1.051725
2596	2125	1.043448
2596	1721	1.024462
2597	539	1.344852
2597	339	1.232094
2597	2424	1.069390
2597	11	1.052922
2597	440	1.000337
2597	357	0.929530
2597	1777	0.922377
2597	7	0.720611
2597	2108	0.684160
2597	356	0.669457
2599	364	2.964129
2599	1029	2.779052
2599	1907	2.322498
2599	1032	2.297737
2599	2081	2.116261
2599	2085	1.933763
2599	2687	1.819540
2599	783	1.817911
2599	1028	1.686361
2599	2294	1.484585
2600	1682	0.947086
2600	150	0.911200
2600	1271	0.769942
2600	1660	0.629768
2600	1183	0.613639
2600	2268	0.597365
2600	1095	0.583347
2600	3252	0.562663
2600	1393	0.554937
2600	3246	0.551164
2603	1704	1.244470
2603	318	1.240856
2603	593	1.224861
2603	2028	1.035079
2603	2858	0.958968
2603	2997	0.912467
2603	50	0.879856
2603	1	0.878643
2603	34	0.873586
2603	457	0.872242
2604	1221	1.268517
2604	593	1.263778
2604	296	1.132967
2604	527	1.116111
2604	260	1.085044
2604	2858	1.041803
2604	3552	0.972621
2604	2797	0.945373
2604	1198	0.927821
2604	1079	0.890967
2605	1204	1.136665
2605	1303	1.100142
2605	260	1.084270
2605	1198	1.034500
2605	608	0.986405
2605	593	0.856133
2605	318	0.839221
2605	527	0.768571
2605	858	0.755850
2605	1213	0.746287
2606	3671	1.516719
2606	3421	1.384346
2606	1234	1.309484
2606	1079	1.209651
2606	3363	1.121066
2606	1270	1.097481
2606	2918	1.082497
2606	1288	1.075997
2606	1235	1.069085
2606	1	1.028797
2607	593	2.101637
2607	296	1.989446
2607	50	1.548790
2607	527	1.424242
2607	1358	1.412848
2607	150	1.282142
2607	2028	1.084316
2607	1	0.967053
2607	2396	0.929889
2607	2858	0.860512
2608	541	0.802824
2608	608	0.706979
2608	1080	0.705589
2608	1294	0.696910
2608	3671	0.692799
2608	1278	0.623936
2608	3421	0.619377
2608	50	0.585558
2608	1208	0.579559
2608	296	0.576656
2609	1717	0.738094
2609	1407	0.704993
2609	1798	0.584406
2609	1342	0.533353
2609	253	0.509543
2609	879	0.508276
2609	1347	0.503013
2609	2451	0.501262
2609	188	0.498881
2609	724	0.480096
2610	2454	1.624688
2610	589	1.583127
2610	2160	1.581372
2610	524	1.296992
2610	1171	1.293511
2610	3930	1.184181
2610	3917	1.160351
2610	551	1.147055
2610	3932	1.126034
2610	3450	1.112456
2611	785	2.107525
2611	2716	1.907460
2611	2881	1.801051
2611	2428	1.603892
2611	2694	1.585438
2611	2336	1.530171
2611	3113	1.522258
2611	2770	1.508537
2611	2541	1.481753
2611	3203	1.408645
2612	2359	1.321711
2612	1641	1.235981
2612	39	1.179965
2612	1517	1.055873
2612	1784	0.968155
2612	2108	0.958080
2612	440	0.953537
2612	1883	0.921684
2612	342	0.920087
2612	34	0.884915
2614	2028	1.388167
2614	1200	1.153360
2614	2683	1.048918
2614	2694	0.987090
2614	1240	0.974064
2614	1262	0.954273
2614	1198	0.926399
2614	589	0.893357
2614	318	0.893050
2614	1210	0.886516
2615	608	1.915009
2615	296	1.812682
2615	3081	1.420742
2615	3219	1.335253
2615	2396	1.323759
2615	2581	1.318418
2615	2724	1.300823
2615	1089	1.261155
2615	2491	1.246012
2615	2700	1.202749
2616	2020	0.849973
2616	1230	0.725507
2616	2243	0.676093
2616	1944	0.646113
2616	1293	0.637876
2616	1299	0.627081
2616	1231	0.625441
2616	1962	0.590839
2616	902	0.566329
2616	2067	0.556240
2617	1672	0.883470
2617	62	0.675739
2617	1682	0.620958
2617	261	0.601697
2617	1619	0.592717
2617	3253	0.583756
2617	508	0.556690
2617	16	0.552770
2617	695	0.540215
2617	454	0.538949
2619	2571	1.714010
2619	1200	1.645216
2619	589	1.642995
2619	260	1.513785
2619	1198	1.467306
2619	1221	1.430997
2619	318	1.316381
2619	1214	1.305746
2619	593	1.279219
2619	1291	1.263250
2620	1196	0.898468
2620	3471	0.862083
2620	1240	0.856804
2620	3421	0.836913
2620	2571	0.832437
2620	924	0.831110
2620	1214	0.817110
2620	1200	0.811285
2620	1394	0.799283
2620	2918	0.751978
2621	1242	0.820920
2621	2947	0.818862
2621	1200	0.719587
2621	3654	0.691242
2621	1198	0.685734
2621	1240	0.636538
2621	1291	0.626171
2621	1394	0.625818
2621	2949	0.618260
2621	1036	0.589592
2622	1393	1.020873
2622	509	0.916962
2622	440	0.906764
2622	342	0.854530
2622	1357	0.798075
2622	1094	0.747884
2622	2671	0.728608
2622	356	0.706278
2622	3531	0.676689
2622	11	0.676609
2623	2485	0.999536
2623	2581	0.974543
2623	339	0.897674
2623	1513	0.831483
2623	207	0.782271
2623	539	0.742292
2623	2574	0.728151
2623	2013	0.727315
2623	2688	0.721255
2623	1569	0.706416
2624	3066	1.253607
2624	1272	1.232479
2624	1960	1.014552
2624	1208	1.005468
2624	1944	0.912249
2624	527	0.745535
2624	3062	0.745438
2624	2476	0.726536
2624	1204	0.703108
2624	3441	0.699729
2625	1342	1.394817
2625	1970	1.225940
2625	2327	1.155252
2625	2451	1.071564
2625	2121	1.051730
2625	2328	1.045517
2625	1974	1.035162
2625	3840	0.998193
2625	1690	0.956316
2625	328	0.912782
2627	1302	1.190163
2627	1246	1.007883
2627	3403	0.693084
2627	1185	0.633962
2627	3737	0.618197
2627	1957	0.582872
2627	2929	0.574578
2627	1956	0.559292
2627	2919	0.553052
2627	1096	0.532461
2628	1063	1.062666
2628	1043	0.709342
2628	382	0.683069
2628	1044	0.671375
2628	182	0.668572
2628	2506	0.666434
2628	1624	0.636772
2628	418	0.625451
2628	984	0.597370
2628	2252	0.577484
2629	3361	1.619138
2629	3210	1.387232
2629	2915	1.378102
2629	1968	1.332875
2629	2797	1.268866
2629	2174	1.214012
2629	1663	1.210309
2629	1220	0.997729
2629	1259	0.986979
2629	2795	0.933552
2630	2688	2.511226
2630	785	2.226524
2630	3623	2.172475
2630	2580	2.006001
2630	2333	1.864298
2630	3219	1.759936
2630	2581	1.543091
2630	2770	1.538508
2630	2013	1.482103
2630	2690	1.456940
2631	2371	0.777687
2631	2463	0.753244
2631	3253	0.705439
2631	918	0.696365
2631	2470	0.644648
2631	597	0.622530
2631	2797	0.618874
2631	2565	0.618638
2631	3549	0.610613
2631	1947	0.601051
2632	1625	1.540865
2632	1805	1.452581
2632	1422	1.281546
2632	2749	1.280310
2632	2467	1.242547
2632	731	0.966555
2632	3176	0.951291
2632	800	0.947646
2632	3262	0.731122
2632	2267	0.686153
2633	2694	2.403326
2633	2688	2.293870
2633	1911	2.250385
2633	785	2.159907
2633	2605	2.100938
2633	2959	2.075905
2633	2881	2.040089
2633	2541	2.039092
2633	2433	2.023638
2633	2712	1.763262
2634	1676	1.302042
2634	10	1.215499
2634	329	1.177874
2634	1552	1.089697
2634	1370	1.066930
2634	1597	1.060399
2634	349	1.050064
2634	2393	1.004215
2634	1722	0.952588
2634	494	0.892870
2635	1973	2.522111
2635	3942	1.910333
2635	3938	1.727343
2635	891	1.482491
2635	1977	1.454410
2635	1986	1.358869
2635	3923	1.309058
2635	3928	1.282354
2635	1976	1.279220
2635	611	1.257062
2636	3317	1.024666
2636	3751	0.989274
2636	3893	0.987265
2636	2858	0.975167
2636	3566	0.860922
2636	3555	0.825679
2636	3911	0.808291
2636	3510	0.778235
2636	3793	0.754210
2636	3534	0.706001
2637	1513	1.942206
2637	2840	1.708528
2637	2598	1.702653
2637	2724	1.638737
2637	2700	1.506650
2637	2395	1.351133
2637	3219	1.337305
2637	2491	1.321223
2637	2490	1.288717
2637	3185	1.208865
2638	539	1.186408
2638	1777	1.054756
2638	2424	1.003331
2638	1130	0.994504
2638	2671	0.970633
2638	815	0.952056
2638	1170	0.952056
2638	1569	0.945447
2638	3432	0.897607
2638	1347	0.837933
2639	34	1.335537
2639	2321	1.184703
2639	593	1.153183
2639	608	1.113727
2639	296	1.019392
2639	2359	1.012517
2639	1213	0.920660
2639	2762	0.907994
2639	1148	0.901644
2639	39	0.862164
2641	2409	0.662295
2641	2688	0.625475
2641	3681	0.498249
2641	3698	0.461396
2641	2401	0.457044
2641	2634	0.450047
2641	599	0.445912
2641	606	0.441000
2641	3897	0.428598
2641	3508	0.427946
2642	2916	1.189528
2642	1580	1.098395
2642	2058	0.959160
2642	1527	0.892453
2642	377	0.888647
2642	3256	0.888164
2642	2571	0.876961
2642	1653	0.850189
2642	6	0.764703
2642	1396	0.745176
2643	1580	0.693539
2643	2985	0.509576
2643	1573	0.508911
2643	733	0.499540
2643	3005	0.491987
2643	2710	0.488181
2643	2454	0.467523
2643	3256	0.463120
2643	480	0.453164
2643	3927	0.450467
2645	356	0.773762
2645	3253	0.729227
2645	11	0.677669
2645	357	0.589717
2645	39	0.576028
2645	1641	0.570822
2645	342	0.567994
2645	3358	0.557362
2645	348	0.541335
2645	3263	0.525575
2648	1240	1.921053
2648	1200	1.868536
2648	1206	1.438581
2648	1210	1.425170
2648	32	1.415850
2648	541	1.407223
2648	3471	1.344442
2648	1198	1.125440
2648	3703	1.047061
2648	1097	1.012841
2649	3704	0.803293
2649	731	0.771713
2649	1375	0.756289
2649	1376	0.753911
2649	2897	0.724877
2649	2402	0.706523
2649	2658	0.678058
2649	3780	0.678058
2649	1371	0.660097
2649	2641	0.646681
2650	318	1.741449
2650	1208	1.368475
2650	1196	1.297849
2650	296	1.196335
2650	858	1.127108
2650	1704	1.122353
2650	912	1.048453
2650	1276	1.032364
2650	1214	1.017788
2650	1221	1.001800
2651	780	1.236916
2651	292	1.089827
2651	10	1.068861
2651	1792	1.041903
2651	165	1.026483
2651	1876	1.016133
2651	89	0.999927
2651	648	0.987776
2651	3082	0.984370
2651	316	0.932928
2652	1136	1.681071
2652	1079	1.543409
2652	3421	1.461669
2652	921	1.259134
2652	1234	1.248209
2652	3361	1.232514
2652	1235	1.154106
2652	1292	1.108554
2652	1307	1.105043
2652	2918	1.097219
2654	1672	0.828156
2654	1357	0.794005
2654	357	0.781652
2654	1721	0.728982
2654	3100	0.714977
2654	440	0.710850
2654	3252	0.708211
2654	1660	0.664367
2654	1680	0.639766
2654	261	0.611560
2655	1093	2.149314
2655	2881	1.932479
2655	785	1.929220
2655	2541	1.853376
2655	1911	1.749794
2655	223	1.604412
2655	2770	1.532772
2655	2734	1.463130
2655	2690	1.353290
2655	2772	1.346701
2656	1610	1.798812
2656	733	1.735437
2656	1573	1.619458
2656	1370	1.506566
2656	589	1.395646
2656	2058	1.146082
2656	2916	1.110126
2656	165	1.070742
2656	377	1.039785
2656	2278	0.908157
2658	50	1.789816
2658	34	1.678541
2658	1358	1.626445
2658	2762	1.562685
2658	1617	1.516806
2658	1089	1.454766
2658	36	1.217739
2658	2324	1.172151
2658	1193	1.103814
2658	1221	1.090732
2659	17	1.360646
2659	915	1.248712
2659	1247	1.125878
2659	1296	0.998386
2659	2067	0.997566
2659	1944	0.990942
2659	928	0.986746
2659	1947	0.969647
2659	2969	0.840738
2659	2062	0.792187
2660	357	1.046813
2660	1265	0.871328
2660	2125	0.846131
2660	2671	0.822589
2660	2424	0.807311
2660	440	0.804723
2660	1094	0.802340
2660	915	0.786298
2660	11	0.768694
2660	2080	0.768324
2661	2049	0.691323
2661	2134	0.647098
2661	2145	0.626802
2661	1113	0.623171
2661	339	0.598722
2661	500	0.588542
2661	597	0.561296
2661	2247	0.513365
2661	2371	0.503547
2661	2055	0.498728
2662	1580	1.468154
2662	2455	1.428745
2662	2291	1.394772
2662	2160	1.304087
2662	524	1.257662
2662	2791	1.150708
2662	1171	1.142996
2662	3917	1.028056
2662	551	0.924792
2662	1249	0.879438
2663	2	0.816885
2663	2143	0.783647
2663	2161	0.770123
2663	434	0.674080
2663	2405	0.669132
2663	153	0.625502
2663	2162	0.588376
2663	3208	0.555275
2663	318	0.548594
2663	1073	0.535149
2664	539	0.989880
2664	1569	0.777864
2664	597	0.734199
2664	46	0.643822
2664	339	0.637921
2664	236	0.609879
2664	252	0.608492
2664	605	0.589760
2664	74	0.564162
2664	3528	0.548144
2665	3256	0.586588
2665	3629	0.458064
2665	2353	0.441027
2665	3082	0.436080
2665	832	0.427765
2665	2058	0.425992
2665	3067	0.423796
2665	905	0.405504
2665	2334	0.405459
2665	884	0.389438
2666	3671	1.872535
2666	1079	1.745615
2666	3504	1.501708
2666	3361	1.372144
2666	2804	1.370703
2666	2918	1.350654
2666	1235	1.245142
2666	1292	1.172826
2666	2788	1.160385
2666	1230	1.059979
2667	920	1.227272
2667	1094	1.079772
2667	914	0.923464
2667	902	0.871093
2667	318	0.847189
2667	1307	0.785633
2667	928	0.775418
2667	969	0.747292
2667	1947	0.713318
2667	1104	0.709452
2668	586	1.189952
2668	1485	1.119064
2668	2424	1.015759
2668	597	0.990913
2668	539	0.916246
2668	1569	0.871880
2668	587	0.834778
2668	289	0.821805
2668	476	0.782800
2668	252	0.702215
2669	3624	1.308314
2669	3753	1.307702
2669	3717	1.204429
2669	3755	1.158229
2669	3300	1.006456
2669	3484	0.920357
2669	3745	0.905757
2669	1240	0.865785
2669	3409	0.857932
2669	3785	0.845740
2670	597	0.864707
2670	339	0.852588
2670	2186	0.778417
2670	500	0.776212
2670	2424	0.756236
2670	903	0.755250
2670	1252	0.744270
2670	924	0.742184
2670	3525	0.721041
2670	750	0.720159
2672	1240	1.669127
2672	2947	1.654594
2672	1200	1.446625
2672	457	1.439039
2672	1210	1.348240
2672	1222	1.340548
2672	2949	1.221328
2672	1387	1.173300
2672	1198	1.125201
2672	1610	1.047941
2674	3552	0.858030
2674	2791	0.791961
2674	1663	0.746830
2674	2915	0.737035
2674	1965	0.724616
2674	1089	0.723773
2674	2160	0.660438
2674	1466	0.658364
2674	47	0.627269
2674	551	0.604831
2675	2005	1.947266
2675	1967	1.864180
2675	2628	1.580912
2675	367	1.556731
2675	2162	1.552705
2675	2161	1.456476
2675	3479	1.323592
2675	1583	1.234647
2675	2140	1.168661
2675	1073	1.157942
2676	2005	1.048834
2676	2193	0.979466
2676	2096	0.962548
2676	553	0.943266
2676	1907	0.866962
2676	2294	0.866173
2676	2089	0.852841
2676	3508	0.845646
2676	2105	0.823832
2676	2078	0.821223
2677	457	1.177149
2677	3256	0.985069
2677	733	0.930466
2677	2058	0.915544
2677	1370	0.870469
2677	474	0.857783
2677	349	0.751653
2677	2278	0.748263
2677	6	0.702726
2677	3505	0.682419
2678	1240	2.322465
2678	1200	2.009443
2678	1584	1.771302
2678	1653	1.700172
2678	1196	1.693483
2678	1527	1.677963
2678	1356	1.630460
2678	1210	1.604097
2678	480	1.565459
2678	2529	1.533334
2679	349	1.211091
2679	1610	1.078189
2679	1573	1.066902
2679	10	1.027464
2679	457	1.014871
2679	1370	1.005495
2679	480	0.961663
2679	3256	0.953213
2679	2006	0.918092
2679	589	0.914866
2680	2598	3.696186
2680	2013	2.744554
2680	2734	2.356646
2680	24	2.184466
2680	2840	2.130334
2680	3623	2.116268
2680	2906	2.081976
2680	2396	2.036003
2680	785	1.993844
2680	2724	1.971315
2681	1550	0.936695
2681	460	0.788585
2681	603	0.784359
2681	3773	0.766626
2681	429	0.765740
2681	3144	0.692744
2681	747	0.640587
2681	829	0.639077
2681	275	0.633641
2681	1445	0.615502
2682	1892	1.810390
2682	113	1.180183
2682	1092	1.138284
2682	1645	1.112685
2682	3386	0.927115
2682	1625	0.926872
2682	1459	0.900422
2682	3262	0.823694
2682	2583	0.780558
2682	2338	0.724788
2683	597	1.341255
2683	2424	1.288557
2683	539	1.217733
2683	1569	1.084346
2683	141	1.030602
2683	231	0.999616
2683	3253	0.985442
2683	1042	0.901436
2683	3450	0.899353
2683	440	0.883527
2684	608	1.119540
2684	296	1.077439
2684	593	0.902017
2684	318	0.759123
2684	2324	0.749968
2684	527	0.723475
2684	1533	0.719957
2684	3006	0.694991
2684	150	0.675306
2684	309	0.653473
2685	11	1.040015
2685	593	1.031995
2685	2671	0.996030
2685	2108	0.931384
2685	17	0.873084
2685	597	0.862930
2685	2125	0.807652
2685	539	0.788686
2685	1784	0.785568
2685	608	0.767951
2688	150	0.741046
2688	2396	0.594759
2688	1704	0.584058
2688	1393	0.566215
2688	3623	0.563324
2688	1094	0.561996
2688	1090	0.556309
2688	2028	0.517114
2688	3481	0.506684
2688	1923	0.500278
2689	588	0.982436
2689	2918	0.753183
2689	1079	0.735406
2689	1	0.722806
2689	2797	0.655394
2689	3039	0.654097
2689	1968	0.644613
2689	1307	0.643617
2689	1374	0.640110
2689	2915	0.627423
2691	1610	0.765181
2691	2028	0.615819
2691	589	0.580800
2691	1240	0.574350
2691	2571	0.535545
2691	1242	0.528650
2691	1291	0.516626
2691	3037	0.482401
2691	474	0.481302
2691	1200	0.466186
2692	1343	0.761719
2692	1393	0.739466
2692	1120	0.726161
2692	150	0.697871
2692	1059	0.677908
2692	1183	0.630679
2692	1672	0.609522
2692	1625	0.590069
2692	1271	0.551087
2692	222	0.539455
2693	318	1.041710
2693	923	0.967060
2693	1247	0.926848
2693	1213	0.906505
2693	858	0.890181
2693	750	0.882956
2693	3468	0.873816
2693	904	0.867571
2693	1193	0.831338
2693	1252	0.814761
2694	3937	1.803269
2694	3918	1.685015
2694	1976	1.390908
2694	1977	1.333879
2694	366	1.167948
2694	1986	1.077808
2694	891	1.033334
2694	1327	0.990304
2694	2121	0.988689
2694	1985	0.930887
2695	1252	1.241102
2695	906	1.112999
2695	1212	1.090424
2695	1284	1.083496
2695	2186	1.001417
2695	1267	0.986496
2695	1394	0.982137
2695	1079	0.943703
2695	922	0.922393
2695	1248	0.918239
2697	3624	1.831489
2697	3354	1.726686
2697	3755	1.708235
2697	3409	1.300694
2697	3793	1.293080
2697	3744	1.137963
2697	2683	1.134984
2697	3484	1.111430
2697	3513	1.106505
2697	2959	1.099965
2698	898	1.213613
2698	318	1.128942
2698	1394	0.991502
2698	910	0.881213
2698	1247	0.878330
2698	2973	0.820445
2698	919	0.811925
2698	608	0.806592
2698	296	0.798488
2698	593	0.793300
2699	318	1.434387
2699	608	1.134583
2699	593	1.131055
2699	1213	0.926442
2699	2858	0.865497
2699	1221	0.860102
2699	2028	0.822730
2699	527	0.798324
2699	2289	0.785277
2699	1394	0.772686
2700	707	0.956128
2700	1647	0.830238
2700	1221	0.821271
2700	1918	0.672745
2700	3301	0.648935
2700	3121	0.622294
2700	42	0.578765
2700	3435	0.555728
2700	3326	0.533462
2700	998	0.518069
2701	204	1.488663
2701	1037	1.163162
2701	1752	1.130898
2701	2808	1.109473
2701	71	1.065668
2701	694	0.995929
2701	1591	0.942248
2701	2986	0.911811
2701	544	0.863556
2701	327	0.837905
2702	2327	2.008213
2702	188	1.633502
2702	2279	1.629037
2702	1644	1.519111
2702	2389	1.501845
2702	3709	1.380285
2702	724	1.313767
2702	532	1.291059
2702	407	1.290846
2702	328	1.255958
2703	47	1.662150
2703	293	1.473618
2703	296	1.441734
2703	1662	1.189581
2703	1617	1.178513
2703	1061	1.057796
2703	1227	1.029828
2703	2268	0.992114
2703	593	0.923047
2703	1447	0.889070
2704	2028	1.125648
2704	1225	1.095057
2704	527	1.020101
2704	318	0.993208
2704	1193	0.988288
2704	858	0.939386
2704	593	0.926385
2704	1084	0.895313
2704	1299	0.834408
2704	1213	0.830496
2708	2694	2.687078
2708	2688	2.616390
2708	2710	2.419974
2708	2683	2.357100
2708	1093	2.211660
2708	3005	2.114052
2708	2541	2.063987
2708	785	1.791517
2708	2716	1.725207
2708	2336	1.701584
2709	1171	1.091551
2709	589	1.031438
2709	908	0.951155
2709	3481	0.941268
2709	2160	0.925204
2709	2948	0.854342
2709	2455	0.850250
2709	1249	0.835327
2709	110	0.832363
2709	551	0.787204
2710	3753	1.511716
2710	3578	1.385119
2710	3300	1.366051
2710	3623	1.251631
2710	3409	1.196726
2710	3408	1.170298
2710	3513	1.054708
2710	3717	1.015759
2710	3535	0.948770
2710	3755	0.930126
2711	2640	1.520766
2711	3704	1.380434
2711	2968	1.351017
2711	1356	1.320469
2711	2105	1.271212
2711	2407	1.189943
2711	1584	1.177227
2711	1372	1.137576
2711	1127	1.107660
2711	1371	1.092526
2712	1356	1.892405
2712	2393	1.558517
2712	1876	1.524777
2712	1527	1.469425
2712	1676	1.429227
2712	1544	1.421057
2712	349	1.370300
2712	292	1.365065
2712	1573	1.362228
2712	380	1.349110
2715	364	1.124582
2715	588	1.006647
2715	594	0.965075
2715	1029	0.832667
2715	2081	0.814052
2715	1022	0.780920
2715	2087	0.779859
2715	2096	0.763457
2715	2455	0.717169
2715	1282	0.709758
2718	1566	1.017230
2718	616	0.869849
2718	2089	0.865400
2718	339	0.765587
2718	231	0.748287
2718	2424	0.700187
2718	500	0.692483
2718	1777	0.685740
2718	2294	0.674382
2718	2687	0.661420
2719	903	1.448112
2719	1252	1.316459
2719	1212	1.192746
2719	908	1.126984
2719	750	1.004881
2719	899	0.961048
2719	2186	0.944537
2719	1267	0.918432
2719	1230	0.912079
2719	955	0.908899
2720	480	1.661296
2720	316	1.192922
2720	780	1.102487
2720	589	1.092610
2720	2916	1.043702
2720	1580	1.034659
2720	2393	1.025411
2720	1673	0.953796
2720	110	0.950653
2720	1171	0.915524
2721	356	0.851519
2721	17	0.815860
2721	2080	0.756067
2721	1393	0.707458
2721	1094	0.686316
2721	914	0.629688
2721	1947	0.596867
2721	497	0.593153
2721	2067	0.584050
2721	902	0.576556
2723	2100	1.577223
2723	3552	1.520812
2723	2371	1.439856
2723	2463	1.404882
2723	1135	1.368057
2723	1663	1.331994
2723	3039	1.293814
2723	3448	1.272922
2723	3591	1.190777
2723	2144	1.102487
2724	2599	0.919104
2724	1035	0.909261
2724	2336	0.828916
2724	2433	0.744339
2724	1688	0.693082
2724	3199	0.687176
2724	2081	0.684218
2724	2083	0.677498
2724	2734	0.675978
2724	3203	0.670283
2725	480	1.430032
2725	1673	1.335293
2725	3555	1.024060
2725	2160	0.998353
2725	2455	0.972746
2725	2291	0.963256
2725	2948	0.926875
2725	3481	0.876477
2725	551	0.835430
2725	2792	0.831117
2726	318	1.150741
2726	296	1.060325
2726	527	1.055226
2726	1213	1.027961
2726	608	0.995675
2726	1193	0.932383
2726	1952	0.896220
2726	1957	0.812311
2726	1276	0.802316
2726	50	0.772948
2727	1372	1.512916
2727	1374	1.474253
2727	2985	1.438025
2727	2641	1.407158
2727	2528	1.354506
2727	329	1.279005
2727	1580	1.213772
2727	3704	1.190264
2727	3527	1.142920
2727	2393	1.087200
2728	2571	2.155782
2728	32	1.716934
2728	589	1.595129
2728	541	1.571437
2728	3527	1.543803
2728	1206	1.534160
2728	3699	1.528096
2728	3471	1.466012
2728	1580	1.392580
2728	2985	1.363134
2730	2797	0.952068
2730	2949	0.830966
2730	2194	0.781637
2730	594	0.755366
2730	2018	0.731136
2730	2529	0.714926
2730	1079	0.710958
2730	2352	0.639351
2730	2872	0.635997
2730	3361	0.631153
2731	2100	1.257839
2731	2470	1.220116
2731	2407	1.140295
2731	2371	1.046758
2731	2134	0.987540
2731	2469	0.960347
2731	1135	0.956527
2731	2115	0.845587
2731	2420	0.842900
2731	3552	0.778503
2732	316	1.350922
2732	780	1.116826
2732	1580	1.008694
2732	1676	0.955047
2732	2640	0.929491
2732	2641	0.920647
2732	2916	0.884492
2732	2628	0.880102
2732	2105	0.876092
2732	480	0.871131
2733	150	0.889654
2733	1704	0.810287
2733	1694	0.776570
2733	1094	0.774610
2733	2419	0.628369
2733	529	0.611344
2733	994	0.609733
2733	3246	0.586371
2733	2501	0.568444
2733	265	0.558814
2734	1022	2.849313
2734	2087	2.272232
2734	1282	2.076150
2734	2078	1.904559
2734	918	1.884980
2734	3061	1.831665
2734	1032	1.755351
2734	2018	1.703966
2734	1907	1.664999
2734	1951	1.585459
2736	924	0.614899
2736	1793	0.609994
2736	3471	0.565967
2736	3671	0.533512
2736	1230	0.493072
2736	1208	0.481599
2736	750	0.469103
2736	1358	0.466731
2736	1214	0.441560
2736	2934	0.430613
2737	363	2.058700
2737	1111	1.782520
2737	1189	1.248729
2737	1649	1.155361
2737	1123	1.118054
2737	108	1.117380
2737	3609	1.117380
2737	1147	1.109126
2737	443	0.925506
2737	759	0.882416
2738	1271	0.877728
2738	1678	0.826023
2738	1672	0.789154
2738	3252	0.711230
2738	2620	0.675445
2738	1650	0.667888
2738	3211	0.621677
2738	1177	0.578033
2738	3333	0.568176
2738	580	0.546839
2739	2694	2.723069
2739	2688	2.477517
2739	2770	2.461846
2739	2433	2.113121
2739	223	1.959952
2739	2710	1.907295
2739	2541	1.901847
2739	2336	1.883665
2739	2706	1.808260
2739	3113	1.646453
2740	2571	1.352490
2740	733	1.231729
2740	3418	1.097371
2740	6	1.012002
2740	593	1.009448
2740	377	1.003880
2740	2058	0.988775
2740	2858	0.968096
2740	349	0.908754
2740	2762	0.881520
2741	2762	1.495883
2741	2028	1.427324
2741	296	1.285239
2741	110	1.249810
2741	318	1.178773
2741	1358	1.140481
2741	1213	1.112501
2741	1912	1.042823
2741	293	1.025876
2741	2858	1.016193
2742	2054	2.355832
2742	2872	2.282878
2742	2140	2.025584
2742	2968	1.996871
2742	2105	1.918475
2742	317	1.797333
2742	653	1.688115
2742	3489	1.632342
2742	2453	1.603917
2742	3438	1.517524
2743	463	0.863197
2743	2338	0.804312
2743	2719	0.728412
2743	460	0.688359
2743	2026	0.688026
2743	1837	0.685830
2743	1037	0.665489
2743	2051	0.662424
2743	1460	0.636634
2743	217	0.631000
2744	2922	1.311030
2744	3508	1.229190
2744	2401	1.136039
2744	383	1.124419
2744	3727	1.070945
2744	3494	0.991230
2744	553	0.935879
2744	2921	0.911816
2744	2644	0.888421
2744	3681	0.849654
2745	1610	1.978874
2745	3256	1.543702
2745	1036	1.333192
2745	1240	1.244748
2745	1370	1.174945
2745	589	1.161259
2745	2947	1.152853
2745	1580	1.140982
2745	377	1.126065
2745	2353	1.101845
2746	1777	1.012314
2746	2424	1.001911
2746	597	0.979366
2746	3039	0.962624
2746	2915	0.957867
2746	3210	0.942603
2746	539	0.920652
2746	2406	0.806710
2746	587	0.766573
2746	3253	0.750068
2747	1029	1.501060
2747	2096	1.463309
2747	2565	1.390992
2747	364	1.236679
2747	1028	1.208535
2747	1035	1.206373
2747	588	1.191867
2747	2087	1.115923
2747	899	1.104611
2747	918	1.078150
2748	2089	1.323674
2748	2090	1.229156
2748	2085	1.216861
2748	13	1.203986
2748	2294	1.189782
2748	2400	1.173142
2748	783	1.134460
2748	2048	1.076967
2748	2559	0.962368
2748	2096	0.942682
2749	608	1.893978
2749	318	1.753709
2749	593	1.654198
2749	1250	1.376204
2749	2028	1.291427
2749	260	1.183344
2749	1208	1.154668
2749	1193	1.117673
2749	1207	1.110416
2749	3196	1.038389
2750	527	1.316424
2750	1213	1.216869
2750	608	1.181762
2750	1704	1.061736
2750	36	0.932616
2750	2028	0.917906
2750	50	0.817645
2750	265	0.814927
2750	1247	0.795577
2750	1617	0.764370
2751	2134	1.059453
2751	2378	0.947375
2751	2463	0.864470
2751	2372	0.849048
2751	2736	0.828229
2751	2371	0.826730
2751	3087	0.760670
2751	3039	0.756909
2751	3210	0.750074
2751	1307	0.731380
2752	1268	0.562062
2752	530	0.551391
2752	1748	0.509703
2752	3674	0.488094
2752	1729	0.471336
2752	47	0.446849
2752	1653	0.439689
2752	3518	0.402679
2752	2683	0.400303
2752	2353	0.398979
2753	1955	0.651189
2753	1759	0.622408
2753	1942	0.579290
2753	3379	0.543425
2753	1956	0.526630
2753	2919	0.500623
2753	3737	0.482598
2753	3011	0.478948
2753	1084	0.468266
2753	3359	0.460889
2754	539	1.785472
2754	1777	1.272786
2754	500	1.145985
2754	2671	1.118353
2754	11	1.030196
2754	1569	1.000622
2754	2134	0.997189
2754	231	0.865538
2754	7	0.851047
2754	708	0.833237
2756	500	0.712976
2756	1517	0.688904
2756	2401	0.622878
2756	3253	0.609957
2756	2922	0.584011
2756	3809	0.574653
2756	1923	0.559757
2756	3066	0.544504
2756	1747	0.544296
2756	3508	0.539471
2757	3897	1.123967
2757	1252	1.089437
2757	903	1.020261
2757	3948	1.013884
2757	3481	0.965964
2757	922	0.946963
2757	2186	0.927220
2757	3827	0.855853
2757	3240	0.731851
2757	750	0.730615
2760	296	1.558970
2760	318	1.551072
2760	608	1.461589
2760	527	1.134421
2760	1221	1.108708
2760	1704	1.065380
2760	150	1.048049
2760	1617	1.009859
2760	1089	0.923760
2760	2858	0.920267
2761	339	0.942534
2761	539	0.793473
2761	2424	0.774347
2761	1485	0.769270
2761	2124	0.762988
2761	7	0.678610
2761	2567	0.651570
2761	236	0.628603
2761	500	0.576755
2761	253	0.573215
2762	589	2.310727
2762	1198	1.943560
2762	1222	1.912038
2762	2949	1.775265
2762	2028	1.756226
2762	1214	1.716284
2762	1210	1.684395
2762	1242	1.554505
2762	1196	1.517592
2762	2000	1.370995
2764	1907	0.654233
2764	1068	0.573539
2764	2205	0.573539
2764	2096	0.554262
2764	3670	0.529607
2764	1022	0.503268
2764	11	0.503154
2764	588	0.499064
2764	2081	0.498189
2764	616	0.474844
2765	292	1.451665
2765	1552	1.266595
2765	786	1.066919
2765	434	0.982771
2765	1597	0.952467
2765	1377	0.941160
2765	2393	0.898556
2765	376	0.898111
2765	1918	0.829522
2765	3698	0.815552
2766	593	1.073909
2766	3623	0.997375
2766	2805	0.964744
2766	527	0.924404
2766	785	0.890400
2766	2881	0.861363
2766	3219	0.842585
2766	1093	0.837134
2766	2605	0.819998
2766	1911	0.815591
2768	1079	1.349148
2768	1214	1.226405
2768	541	1.206251
2768	1394	1.205108
2768	1196	1.135474
2768	1968	1.124789
2768	1307	1.120163
2768	2571	1.102014
2768	2797	1.058510
2768	1259	1.054730
2769	761	0.721228
2769	2	0.609038
2769	2162	0.595361
2769	809	0.586034
2769	1359	0.553572
2769	2974	0.510565
2769	1605	0.509138
2769	2616	0.503831
2769	1681	0.498476
2769	3440	0.493903
2770	2160	1.860448
2770	3917	1.678330
2770	551	1.448375
2770	2948	1.405311
2770	1673	1.355916
2770	3409	1.348449
2770	3578	1.243489
2770	1171	1.213635
2770	3450	1.200558
2770	3927	1.107527
2771	2410	0.923787
2771	2989	0.913343
2771	2376	0.827210
2771	2105	0.799625
2771	3197	0.784279
2771	2409	0.762055
2771	3638	0.739142
2771	1375	0.681600
2771	3441	0.636513
2771	1379	0.616722
2772	3408	0.760032
2772	1200	0.751799
2772	3300	0.709311
2772	2947	0.694026
2772	3703	0.692913
2772	3753	0.685811
2772	1214	0.673370
2772	2117	0.658555
2772	3623	0.647621
2772	1036	0.638105
2773	1208	0.921870
2773	260	0.885291
2773	318	0.806371
2773	608	0.778987
2773	527	0.739003
2773	1247	0.728282
2773	2028	0.707003
2773	1207	0.699815
2773	2858	0.675263
2773	1294	0.667421
2774	3421	1.273634
2774	1294	1.225399
2774	1136	1.131410
2774	2109	1.014145
2774	260	0.904180
2774	1244	0.874928
2774	1304	0.868849
2774	3363	0.836735
2774	1954	0.749230
2774	1206	0.736207
2776	350	1.106985
2776	1805	1.021469
2776	113	1.010090
2776	1422	0.941318
2776	2749	0.815708
2776	3386	0.790754
2776	1589	0.707653
2776	2420	0.702996
2776	3707	0.642438
2776	2338	0.581683
2777	2798	1.325852
2777	470	1.165300
2777	1731	1.137219
2777	2953	1.098850
2777	93	1.037275
2777	2835	1.004814
2777	810	0.915753
2777	267	0.887818
2777	3031	0.844278
2777	102	0.835748
2778	556	0.968544
2778	1192	0.939123
2778	1865	0.885855
2778	1111	0.766257
2778	581	0.748062
2778	36	0.735800
2778	3304	0.705737
2778	206	0.703775
2778	549	0.668927
2778	363	0.659631
2779	1084	0.703955
2779	3362	0.555157
2779	3730	0.546479
2779	3068	0.544989
2779	1234	0.504666
2779	557	0.472821
2779	841	0.461249
2779	3533	0.454537
2779	3093	0.448391
2779	965	0.445365
2780	2336	2.256468
2780	785	2.231015
2780	2683	2.096960
2780	2541	2.037934
2780	1911	2.024125
2780	2688	1.990208
2780	3203	1.903514
2780	2605	1.867296
2780	2710	1.808169
2780	2433	1.661105
2781	3578	1.202808
2781	3624	0.957787
2781	3717	0.869221
2781	3300	0.862527
2781	3555	0.773116
2781	3409	0.772089
2781	3744	0.769220
2781	3755	0.751979
2781	3751	0.688552
2781	2598	0.686532
2782	339	1.883543
2782	1485	1.711174
2782	1777	1.701204
2782	141	1.453294
2782	539	1.238547
2782	2567	1.118259
2782	2671	1.053224
2782	587	0.959063
2782	440	0.954582
2782	231	0.953409
2783	3699	1.812188
2783	2916	1.796209
2783	1580	1.757642
2783	1376	1.706509
2783	1653	1.675735
2783	2985	1.547154
2783	1396	1.486997
2783	2117	1.260840
2783	1129	1.249140
2783	480	1.237301
2784	3361	1.026588
2784	1079	0.858844
2784	3671	0.844323
2784	1276	0.794745
2784	1288	0.787292
2784	1234	0.782091
2784	2918	0.752249
2784	1080	0.723184
2784	1213	0.693838
2784	1278	0.687968
2785	1857	1.254377
2785	178	1.189833
2785	3520	0.923043
2785	2379	0.912530
2785	2286	0.792498
2785	2717	0.791259
2785	2796	0.772161
2785	1091	0.768669
2785	234	0.724103
2785	3041	0.680625
2786	2401	1.426780
2786	2922	1.332309
2786	1379	1.251318
2786	1378	1.246245
2786	2921	1.111741
2786	1007	1.095662
2786	416	1.071732
2786	2951	1.010347
2786	3494	0.975401
2786	3074	0.860506
2787	1240	1.073992
2787	1036	1.064956
2787	1610	0.920229
2787	2791	0.892682
2787	457	0.887926
2787	1291	0.836615
2787	1200	0.812111
2787	1704	0.790927
2787	2571	0.756275
2787	2948	0.754984
2788	364	1.090883
2788	1029	1.048658
2788	595	0.951446
2788	1022	0.937051
2788	588	0.909712
2788	2087	0.880579
2788	2080	0.862532
2788	2096	0.848448
2788	1947	0.781767
2788	2081	0.720684
2789	1036	2.400216
2789	1240	2.203939
2789	110	1.860757
2789	2194	1.797216
2789	1198	1.781915
2789	1214	1.713607
2789	2949	1.571781
2789	2571	1.529311
2789	1196	1.490377
2789	1210	1.487259
2790	1376	2.150792
2790	1653	1.998272
2790	2916	1.979836
2790	3527	1.852271
2790	1527	1.809542
2790	3699	1.720647
2790	1396	1.677743
2790	2528	1.579377
2790	610	1.514626
2790	1372	1.506222
2791	318	1.429803
2791	1104	1.288575
2791	3095	1.262216
2791	593	1.190049
2791	1207	1.157151
2791	1237	1.128924
2791	750	1.104337
2791	1193	1.073303
2791	296	0.996607
2791	1213	0.969920
2792	3253	1.071154
2792	1975	0.876887
2792	1971	0.857024
2792	1986	0.777764
2792	1970	0.771810
2792	440	0.732292
2792	1976	0.721960
2792	1978	0.712074
2792	1969	0.703014
2792	1042	0.669611
2793	780	1.271254
2793	1552	1.262221
2793	1370	1.203397
2793	292	1.199739
2793	349	1.034027
2793	2989	0.899061
2793	353	0.890998
2793	1608	0.875319
2793	376	0.871263
2793	2006	0.869247
2794	17	0.724140
2794	1704	0.660749
2794	150	0.616900
2794	1036	0.553676
2794	1307	0.519255
2794	39	0.518585
2794	2291	0.512743
2794	2243	0.493784
2794	497	0.491427
2794	265	0.488906
2795	3508	2.769455
2795	2401	2.737264
2795	1266	2.021245
2795	3365	1.838345
2795	553	1.683677
2795	1209	1.644643
2795	2896	1.520875
2795	383	1.504478
2795	964	1.479495
2795	3487	1.386698
2796	783	0.690611
2796	364	0.649028
2796	2137	0.630904
2796	2089	0.623073
2796	1907	0.615484
2796	1029	0.610575
2796	588	0.609985
2796	2096	0.592836
2796	1320	0.550716
2796	1032	0.519786
2797	2160	1.342959
2797	3917	1.327186
2797	1673	1.284695
2797	1171	1.186988
2797	2948	1.125928
2797	3450	1.085213
2797	3927	1.077806
2797	551	1.062181
2797	2791	1.049387
2797	3930	1.000467
2798	2571	0.698680
2798	2028	0.696396
2798	1387	0.648409
2798	1704	0.640169
2798	593	0.610812
2798	589	0.603653
2798	1240	0.571586
2798	2303	0.540039
2798	50	0.538375
2798	3363	0.532501
2800	539	1.099891
2800	440	0.924247
2800	597	0.896090
2800	1777	0.826827
2800	11	0.771910
2800	1569	0.770159
2800	587	0.721875
2800	356	0.708061
2800	500	0.698649
2800	708	0.683309
2801	2688	2.552306
2801	2723	2.270867
2801	2395	2.129429
2801	2734	2.082575
2801	3219	2.012884
2801	2724	1.994361
2801	2013	1.957377
2801	3081	1.725690
2801	2394	1.698213
2801	2491	1.673546
2802	480	0.787151
2802	908	0.653214
2802	2455	0.650592
2802	924	0.589229
2802	1252	0.561015
2802	1	0.529144
2802	913	0.527585
2802	910	0.527523
2802	2527	0.522615
2802	750	0.507699
2803	608	1.571831
2803	296	1.554460
2803	593	1.343538
2803	1617	1.138603
2803	527	0.939800
2803	2762	0.768149
2803	1207	0.751212
2803	1193	0.735587
2803	912	0.716325
2803	1466	0.715651
2804	1674	1.505692
2804	915	1.021513
2804	916	0.911062
2804	2243	0.848082
2804	2969	0.828257
2804	497	0.776719
2804	17	0.764480
2804	1947	0.738681
2804	3475	0.734012
2804	1188	0.726426
2805	1200	0.880098
2805	260	0.814247
2805	457	0.718917
2805	1387	0.689411
2805	2571	0.685008
2805	1036	0.673203
2805	1196	0.663526
2805	589	0.619860
2805	1291	0.597870
2805	1198	0.592211
2806	596	0.773162
2806	594	0.766334
2806	2096	0.743677
2806	1022	0.706727
2806	2081	0.585898
2806	1282	0.573861
2806	914	0.570391
2806	595	0.517034
2806	2087	0.514274
2806	1729	0.490404
2807	1580	2.150462
2807	2916	1.999329
2807	3699	1.793607
2807	1584	1.689708
2807	1653	1.615021
2807	2571	1.526744
2807	1129	1.470902
2807	2528	1.397032
2807	1396	1.371659
2807	1527	1.371563
2808	2986	1.075038
2808	196	1.033102
2808	1779	0.998841
2808	1591	0.917766
2808	435	0.807157
2808	2701	0.803262
2808	3697	0.783526
2808	379	0.771960
2808	1882	0.760295
2808	338	0.742819
2809	593	0.978520
2809	296	0.814835
2809	1213	0.778089
2809	1089	0.736717
2809	1221	0.731820
2809	318	0.705104
2809	903	0.680812
2809	1252	0.647864
2809	260	0.637071
2809	924	0.612113
2810	1089	0.612057
2810	593	0.591844
2810	22	0.523879
2810	1479	0.523411
2810	165	0.519767
2810	50	0.517874
2810	2058	0.502436
2810	318	0.502351
2810	3249	0.499200
2810	457	0.495614
2811	858	1.087168
2811	2019	0.851163
2811	3095	0.805086
2811	1237	0.772128
2811	1104	0.768290
2811	2731	0.754842
2811	1207	0.738339
2811	1252	0.730375
2811	793	0.702171
2811	1193	0.682246
2812	11	1.384282
2812	2671	1.268362
2812	597	1.161270
2812	708	1.136870
2812	1517	1.100086
2812	1923	1.072322
2812	1569	1.058479
2812	471	1.030023
2812	39	1.028651
2812	339	1.028248
2814	1777	0.942964
2814	339	0.935374
2814	597	0.889502
2814	7	0.839214
2814	1894	0.766859
2814	1552	0.748521
2814	733	0.732157
2814	165	0.717388
2814	377	0.712279
2814	380	0.710762
2815	1573	1.275292
2815	1343	1.204897
2815	2571	1.074772
2815	733	1.032346
2815	474	1.001183
2815	2353	0.989840
2815	349	0.976504
2815	2058	0.927371
2815	2683	0.898805
2815	589	0.865829
2817	1573	0.842659
2817	2916	0.799093
2817	1370	0.756308
2817	1580	0.756159
2817	733	0.719901
2817	1527	0.689844
2817	480	0.664056
2817	3256	0.661054
2817	2058	0.618024
2817	1393	0.617108
2818	1777	1.156681
2818	597	1.130399
2818	539	0.980241
2818	2424	0.900205
2818	1569	0.710581
2818	339	0.699373
2818	2539	0.690005
2818	1485	0.669203
2818	2671	0.636058
2818	586	0.621886
2820	3408	1.112515
2820	3717	1.077437
2820	3752	1.050456
2820	3617	0.999067
2820	3753	0.968408
2820	3793	0.935757
2820	3897	0.912994
2820	3623	0.898967
2820	3317	0.877029
2820	3555	0.865348
2821	2791	1.009140
2821	2858	0.937368
2821	551	0.925081
2821	2160	0.911168
2821	908	0.795253
2821	1171	0.776493
2821	2948	0.775593
2821	593	0.723580
2821	589	0.722397
2821	50	0.706704
2822	1198	0.630177
2822	1204	0.561116
2822	1214	0.547292
2822	1513	0.516760
2822	919	0.471979
2822	1240	0.468548
2822	1200	0.468245
2822	1931	0.466929
2822	3623	0.465860
2822	1210	0.452100
2823	2571	0.975752
2823	1358	0.864507
2823	1704	0.845301
2823	2762	0.813117
2823	1610	0.795783
2823	1060	0.680120
2823	2028	0.668935
2823	1240	0.660290
2823	619	0.634330
2823	1200	0.611124
2824	2916	1.120887
2824	1527	1.099752
2824	780	0.993694
2824	1580	0.972407
2824	480	0.881911
2824	1909	0.837083
2824	316	0.828878
2824	1372	0.801483
2824	1748	0.800844
2824	2571	0.781753
2825	3911	1.020989
2825	3317	1.006991
2825	3952	0.951326
2825	3556	0.756026
2825	1223	0.706735
2825	2769	0.684717
2825	3949	0.673929
2825	1221	0.668762
2825	3915	0.637105
2825	3783	0.635025
2826	1079	0.807912
2826	1240	0.724207
2826	1242	0.701890
2826	2174	0.633987
2826	2000	0.625072
2826	1200	0.622654
2826	1291	0.617572
2826	583	0.617108
2826	1220	0.607147
2826	2194	0.604343
2827	3005	1.755278
2827	2710	1.696211
2827	2433	1.595257
2827	2706	1.513030
2827	2355	1.471809
2827	3203	1.465554
2827	1911	1.345621
2827	2541	1.308876
2827	2605	1.244033
2827	2699	1.216703
2828	296	0.914476
2828	593	0.908501
2828	858	0.895643
2828	1213	0.809956
2828	318	0.787614
2828	2858	0.739935
2828	1089	0.731060
2828	3578	0.583967
2828	3911	0.583418
2828	3897	0.564240
2829	3435	1.295766
2829	922	0.993888
2829	670	0.945986
2829	2066	0.897568
2829	1069	0.866807
2829	1221	0.866369
2829	1406	0.831157
2829	1267	0.830764
2829	2186	0.805940
2829	1212	0.721821
2830	457	2.466679
2830	1954	1.954709
2830	589	1.949235
2830	1196	1.884380
2830	2028	1.749028
2830	1210	1.692824
2830	2571	1.667465
2830	2944	1.622240
2830	1287	1.613736
2830	2000	1.450570
2831	527	1.627637
2831	2028	1.620978
2831	296	1.547041
2831	1213	1.406936
2831	50	1.295368
2831	2571	1.273414
2831	1198	1.107123
2831	908	1.083366
2831	2291	1.083105
2831	1193	1.075380
2832	920	1.058001
2832	1225	0.928981
2832	1090	0.925394
2832	1250	0.903885
2832	1193	0.893928
2832	1231	0.847941
2832	1263	0.782625
2832	318	0.737942
2832	1213	0.721961
2832	1204	0.717553
2833	2598	2.332474
2833	785	2.041927
2833	2686	1.850178
2833	2599	1.717650
2833	2688	1.677261
2833	2723	1.649253
2833	233	1.551909
2833	2690	1.474557
2833	2336	1.427332
2833	1513	1.406700
2835	1965	0.894987
2835	3481	0.883832
2835	1259	0.821398
2835	2160	0.803199
2835	110	0.792837
2835	3936	0.754874
2835	1249	0.744260
2835	3929	0.735230
2835	1171	0.723418
2835	1444	0.714009
2837	1375	0.704914
2837	1917	0.662683
2837	1372	0.656988
2837	2105	0.634380
2837	2393	0.625542
2837	2006	0.609933
2837	3698	0.603896
2837	329	0.598392
2837	10	0.558302
2837	2770	0.557886
2838	1221	2.234271
2838	593	2.038869
2838	527	2.034859
2838	2028	1.447796
2838	50	1.416074
2838	1225	1.323310
2838	111	1.289861
2838	923	1.236823
2838	1617	1.233281
2838	908	1.048449
2839	2770	2.611184
2839	2694	2.245069
2839	2688	2.208595
2839	1093	2.060333
2839	2599	1.952429
2839	2355	1.926425
2839	2433	1.879918
2839	2336	1.824533
2839	3203	1.786775
2839	2881	1.757159
2840	1089	0.782420
2840	2858	0.647831
2840	296	0.609821
2840	50	0.608535
2840	608	0.595825
2840	1500	0.576665
2840	318	0.566574
2840	593	0.565045
2840	47	0.556972
2840	1912	0.555392
2841	3910	0.534924
2841	3897	0.521003
2841	3893	0.510158
2841	3845	0.464910
2841	3854	0.443673
2841	3317	0.439267
2841	393	0.438605
2841	2509	0.431331
2841	2769	0.420934
2841	3885	0.413906
2842	42	1.295776
2842	1675	0.951641
2842	1598	0.883471
2842	998	0.819541
2842	2387	0.807059
2842	2561	0.717954
2842	208	0.708756
2842	786	0.684241
2842	418	0.661886
2842	533	0.648430
2843	2291	1.346158
2843	2160	1.304335
2843	2948	1.193933
2843	1171	1.149417
2843	551	1.112845
2843	3450	1.050456
2843	1965	1.025343
2843	110	0.957074
2843	2791	0.925102
2843	2657	0.831058
2844	1858	0.599225
2844	1610	0.593732
2844	1370	0.592583
2844	3641	0.577350
2844	1089	0.563446
2844	1573	0.534370
2844	3793	0.526373
2844	6	0.517454
2844	1552	0.516743
2844	3483	0.474346
2845	1240	1.883091
2845	1200	1.705362
2845	260	1.663248
2845	1206	1.468476
2845	3471	1.437912
2845	2916	1.314259
2845	2628	1.278598
2845	1199	1.187578
2845	29	1.170187
2845	3703	1.129548
2846	2396	0.953323
2846	2395	0.872241
2846	2762	0.812107
2846	2598	0.784143
2846	3081	0.768955
2846	3253	0.753085
2846	2581	0.746669
2846	2806	0.736433
2846	2841	0.675006
2846	2906	0.660686
2847	694	0.884422
2847	1606	0.863750
2847	809	0.801849
2847	3439	0.801148
2847	1591	0.773637
2847	2113	0.756156
2847	1867	0.690451
2847	485	0.664803
2847	12	0.657605
2847	839	0.632544
2848	1094	1.097757
2848	357	1.080621
2848	17	0.919264
2848	1674	0.770162
2848	902	0.679962
2848	1947	0.643781
2848	1393	0.588665
2848	2108	0.575734
2848	920	0.566536
2848	888	0.559676
2849	902	1.113537
2849	1393	0.902951
2849	1947	0.874664
2849	2243	0.865543
2849	915	0.828588
2849	1684	0.807054
2849	1265	0.795998
2849	2020	0.746590
2849	58	0.734221
2849	1183	0.716454
2850	1372	1.515292
2850	2628	1.327208
2850	480	1.306208
2850	780	1.283074
2850	380	1.208874
2850	1580	1.157617
2850	733	1.099173
2850	1527	1.043813
2850	1376	0.962026
2850	2161	0.949636
2851	2770	1.913723
2851	2683	1.767460
2851	2706	1.711773
2851	2694	1.590075
2851	2959	1.544574
2851	3005	1.386445
2851	2433	1.348701
2851	2333	1.245337
2851	2716	1.238682
2851	2710	1.233947
2852	1980	3.389470
2852	1984	2.518208
2852	1971	2.508708
2852	1981	2.490149
2852	891	2.440196
2852	1970	2.320736
2852	1972	2.148054
2852	2121	1.958250
2852	1974	1.740874
2852	606	1.606413
2853	2100	1.175828
2853	440	1.028791
2853	1663	0.985458
2853	3552	0.886157
2853	3039	0.877311
2853	3210	0.784639
2853	1079	0.687529
2853	2174	0.684201
2853	2423	0.673919
2853	471	0.656076
2854	2581	2.617881
2854	785	2.069530
2854	2490	1.735619
2854	2713	1.683861
2854	2676	1.677788
2854	2502	1.651260
2854	2734	1.650894
2854	2568	1.579804
2854	2013	1.570332
2854	2716	1.545499
2855	3578	0.953484
2855	3717	0.913968
2855	3623	0.902844
2855	336	0.799303
2855	3744	0.759841
2855	3753	0.739782
2855	3318	0.722719
2855	3177	0.702690
2855	3798	0.700173
2855	3863	0.684161
2856	2916	1.083571
2856	457	1.043347
2856	110	0.969041
2856	2028	0.940741
2856	1240	0.837615
2856	480	0.811038
2856	150	0.750115
2856	1200	0.688115
2856	1584	0.670706
2856	377	0.668077
2857	1668	0.989006
2857	1539	0.668153
2857	869	0.594225
2857	1369	0.589768
2857	1671	0.583216
2857	2522	0.577248
2857	3428	0.560035
2857	1726	0.542555
2857	2432	0.540150
2857	3636	0.527504
2858	1888	0.770852
2858	168	0.754982
2858	1835	0.652584
2858	2316	0.556862
2858	3269	0.519843
2858	1569	0.488256
2858	1477	0.486490
2858	2350	0.452911
2858	1485	0.446830
2858	1894	0.441140
2859	2770	0.640970
2859	11	0.615987
2859	597	0.593093
2859	1517	0.589525
2859	2502	0.580672
2859	2734	0.573632
2859	3219	0.529483
2859	1777	0.527501
2859	2490	0.523359
2859	2355	0.496286
2860	3481	0.606106
2860	1171	0.559741
2860	2291	0.473271
2860	2716	0.451582
2860	2706	0.425746
2860	2160	0.410710
2860	1270	0.410126
2860	2770	0.395871
2860	3702	0.393692
2860	1259	0.391220
2861	2734	1.946179
2861	2716	1.924245
2861	785	1.855013
2861	2712	1.780536
2861	2688	1.715309
2861	2959	1.587507
2861	2770	1.320120
2861	2598	1.309493
2861	2541	1.236484
2861	3174	1.225090
2862	1394	1.687480
2862	1136	1.566777
2862	3361	1.266783
2862	3671	1.258595
2862	2918	1.111244
2862	1080	1.108627
2862	2791	0.952767
2862	2174	0.945326
2862	1304	0.899812
2862	2804	0.866188
2863	581	1.861233
2863	206	1.851378
2863	1111	1.805744
2863	108	1.526296
2863	3609	1.526296
2863	2129	1.426434
2863	1147	1.338617
2863	1123	1.321147
2863	1189	1.200335
2863	1865	1.186241
2864	2688	3.072410
2864	2581	2.293795
2864	2013	2.264796
2864	2502	2.248379
2864	2723	2.112247
2864	2734	2.110113
2864	2580	2.038141
2864	1959	1.989295
2864	2568	1.899503
2864	2959	1.859247
2865	3526	1.248080
2865	1036	1.218246
2865	1270	1.162646
2865	1291	1.035875
2865	3360	1.032987
2865	2797	0.947976
2865	2194	0.926686
2865	1196	0.905811
2865	1663	0.893300
2865	1197	0.888613
2866	1094	1.285600
2866	2067	1.110599
2866	1265	1.088951
2866	1393	1.033386
2866	11	0.952577
2866	597	0.904692
2866	914	0.904019
2866	539	0.898370
2866	1296	0.875737
2866	342	0.839653
2868	1513	2.043968
2868	2840	1.571649
2868	2395	1.521583
2868	1959	1.502696
2868	2724	1.468748
2868	2762	1.452548
2868	2841	1.448937
2868	2013	1.425815
2868	2491	1.357797
2868	3219	1.353390
2869	3206	1.064991
2869	808	0.974327
2869	2846	0.937577
2869	2444	0.889392
2869	414	0.881555
2869	631	0.757956
2869	2133	0.725056
2869	3648	0.692787
2869	413	0.681232
2869	2766	0.671511
2870	570	0.643587
2870	1369	0.604429
2870	3636	0.540618
2870	1641	0.536158
2870	2359	0.530453
2870	1883	0.504727
2870	1923	0.475021
2870	2302	0.468494
2870	298	0.455085
2870	1650	0.435299
2872	1641	1.056793
2872	1923	1.039597
2872	440	1.006414
2872	3108	0.973503
2872	2359	0.909659
2872	11	0.844625
2872	708	0.826155
2872	348	0.821011
2872	3060	0.756710
2872	2671	0.669723
2873	594	1.572966
2873	588	1.511935
2873	595	1.390651
2873	2018	1.386605
2873	2096	1.335643
2873	1022	1.296400
2873	1029	1.103273
2873	2078	1.090457
2873	2687	1.015091
2873	2080	0.938171
2874	903	1.116045
2874	1248	1.107441
2874	1267	0.943722
2874	924	0.940677
2874	922	0.897634
2874	1252	0.888541
2874	541	0.884004
2874	3435	0.837599
2874	942	0.761788
2874	750	0.701345
2875	1200	3.127159
2875	589	2.232370
2875	924	2.077439
2875	1199	1.921103
2875	3702	1.743500
2875	1584	1.573776
2875	1291	1.462170
2875	1036	1.423281
2875	1387	1.336704
2875	750	1.280300
2876	2005	1.642924
2876	2161	1.641985
2876	2054	1.529331
2876	2140	1.437529
2876	1356	1.336336
2876	2143	1.265253
2876	2021	1.224704
2876	2985	1.165032
2876	1097	1.141025
2876	2406	1.073184
2877	1240	0.960797
2877	1676	0.877318
2877	2028	0.855511
2877	748	0.851051
2877	1779	0.848766
2877	1037	0.831457
2877	316	0.806625
2877	196	0.800752
2877	593	0.764655
2877	589	0.760106
2878	3753	0.603077
2878	3481	0.525476
2878	3751	0.521285
2878	3509	0.516534
2878	3409	0.514994
2878	3300	0.493190
2878	3624	0.472412
2878	3408	0.471695
2878	3623	0.455177
2878	3535	0.437128
2880	2565	1.293209
2880	900	0.947186
2880	1035	0.933811
2880	3061	0.902205
2880	914	0.798214
2880	918	0.785276
2880	935	0.769282
2880	904	0.769132
2880	938	0.748392
2880	1022	0.735367
2881	3555	1.074513
2881	3937	1.032200
2881	480	1.002517
2881	2792	0.970381
2881	3409	0.892979
2881	1327	0.864229
2881	3939	0.792628
2881	3941	0.789583
2881	2455	0.786956
2881	524	0.786179
2882	1079	0.865434
2882	2174	0.853616
2882	3210	0.823089
2882	1968	0.814683
2882	3039	0.789080
2882	1246	0.736557
2882	2915	0.694002
2882	1270	0.692391
2882	1394	0.672270
2882	2352	0.644440
2883	3401	0.909424
2883	1316	0.678273
2883	2371	0.587093
2883	2134	0.571966
2883	2378	0.550163
2883	2974	0.527409
2883	2470	0.526910
2883	2372	0.506242
2883	780	0.472315
2883	1135	0.461285
2885	784	0.655119
2885	2794	0.629941
2885	2473	0.609750
2885	2378	0.585782
2885	3688	0.561271
2885	2375	0.560261
2885	2717	0.559620
2885	3388	0.526743
2885	2372	0.516981
2885	231	0.510760
2886	694	1.238960
2886	485	1.064341
2886	1499	1.043485
2886	544	1.016723
2886	1004	0.967263
2886	2126	0.876955
2886	1590	0.859475
2886	1562	0.804062
2886	1606	0.802460
2886	1882	0.799290
2887	528	0.592946
2887	50	0.507951
2887	3387	0.506612
2887	2796	0.505402
2887	1310	0.482092
2887	2372	0.470993
2887	1089	0.468445
2887	2114	0.466516
2887	2233	0.455381
2887	2378	0.434626
2888	1407	1.624023
2888	1345	1.348424
2888	1327	1.333569
2888	3499	1.297847
2888	1994	1.227901
2888	3459	1.144112
2888	1342	1.065804
2888	1982	0.965315
2888	2120	0.954283
2888	2097	0.908766
2889	2081	1.314406
2889	594	1.173110
2889	2096	1.129935
2889	595	1.092921
2889	1028	1.049366
2889	1029	1.036522
2889	1282	0.927336
2889	2087	0.866491
2889	1022	0.853605
2889	593	0.847224
2890	1552	1.751619
2890	292	1.524023
2890	329	1.471144
2890	316	1.371396
2890	2002	1.290202
2890	1876	1.224306
2890	3697	1.208837
2890	95	1.208475
2890	1690	1.157968
2890	1676	1.140249
2891	2598	2.700428
2891	2688	2.564824
2891	2502	2.528143
2891	2734	2.233647
2891	2723	2.087050
2891	3219	1.979901
2891	3623	1.814913
2891	2568	1.794756
2891	2599	1.670683
2891	24	1.656423
2892	3578	1.102845
2892	3623	1.093402
2892	3624	0.851377
2892	3361	0.849330
2892	3755	0.819910
2892	3555	0.794732
2892	2918	0.793252
2892	3744	0.725557
2892	1079	0.714116
2892	3785	0.701470
2894	1606	1.031870
2894	208	1.028836
2894	2625	0.940696
2894	2002	0.901601
2894	2126	0.883875
2894	434	0.834939
2894	2616	0.814863
2894	511	0.795012
2894	3020	0.776556
2894	1866	0.769238
2895	3863	1.406825
2895	3717	1.120562
2895	3744	1.036288
2895	3948	0.973483
2895	3617	0.943561
2895	3893	0.934254
2895	3911	0.903128
2895	3291	0.855917
2895	3745	0.731545
2895	3273	0.730606
2896	3555	0.951684
2896	3578	0.892498
2896	3624	0.880111
2896	3510	0.855181
2896	3300	0.767236
2896	3623	0.751206
2896	3744	0.673621
2896	3481	0.664775
2896	3484	0.646690
2896	3409	0.637492
2897	2028	0.631558
2897	1291	0.566112
2897	1148	0.489129
2897	1598	0.482595
2897	1198	0.442018
2897	527	0.430222
2897	1210	0.419845
2897	707	0.415514
2897	1377	0.405489
2897	1242	0.400788
2898	2683	0.958495
2898	2716	0.818417
2898	2688	0.801424
2898	2770	0.791588
2898	2694	0.791221
2898	3408	0.776254
2898	2881	0.772666
2898	2710	0.761737
2898	223	0.711526
2898	3839	0.691184
2899	380	1.596915
2899	3107	1.417308
2899	733	1.415394
2899	494	1.334561
2899	1552	1.330167
2899	2273	1.303129
2899	3256	1.275468
2899	2763	1.201362
2899	2115	1.181812
2899	2334	1.129244
2900	2096	1.578103
2900	594	1.515846
2900	364	1.458402
2900	1029	1.401437
2900	595	1.251932
2900	2081	1.221015
2900	2087	1.210024
2900	2018	1.209068
2900	2080	1.027065
2900	1032	1.011764
2901	2797	0.716687
2901	1079	0.587743
2901	2100	0.558855
2901	1663	0.532175
2901	3039	0.524859
2901	1036	0.520326
2901	2918	0.518453
2901	3361	0.511796
2901	1968	0.505816
2901	3552	0.505791
2903	1373	0.843790
2903	3555	0.786158
2903	3409	0.660035
2903	3578	0.637988
2903	2050	0.628201
2903	1975	0.611450
2903	2026	0.607385
2903	3624	0.548329
2903	2986	0.530952
2903	2279	0.521370
2904	1798	0.702863
2904	103	0.652740
2904	150	0.582277
2904	2890	0.570926
2904	3753	0.544987
2904	3555	0.533307
2904	3056	0.532825
2904	291	0.520416
2904	3624	0.499651
2904	640	0.490775
2905	588	1.386142
2905	783	1.283856
2905	595	1.249427
2905	2096	1.146460
2905	2089	1.118438
2905	2916	1.076884
2905	1688	1.047678
2905	1580	1.042851
2905	661	0.985959
2905	2081	0.952544
2906	1967	1.407001
2906	1097	1.291728
2906	2161	1.225743
2906	2005	1.106340
2906	2193	1.079423
2906	367	1.055385
2906	260	1.042629
2906	2140	1.006147
2906	1196	0.880314
2906	2	0.871946
2907	2663	0.627134
2907	3417	0.620174
2907	3486	0.620174
2907	103	0.570186
2907	540	0.558744
2907	3557	0.546290
2907	200	0.541477
2907	297	0.541477
2907	2424	0.495684
2907	2851	0.467518
2909	597	0.671479
2909	3617	0.572935
2909	3253	0.567221
2909	440	0.554541
2909	357	0.551232
2909	3263	0.549990
2909	1517	0.548379
2909	2108	0.529923
2909	1777	0.527966
2909	3897	0.505226
2910	1972	1.518796
2910	3941	1.267305
2910	1979	1.213012
2910	1970	1.212951
2910	1971	1.170354
2910	1980	1.169888
2910	1978	1.159174
2910	3664	1.048581
2910	1977	1.033258
2910	3938	1.018717
2911	318	1.004320
2911	2688	0.923707
2911	593	0.888203
2911	2694	0.868698
2911	2770	0.861893
2911	2683	0.845889
2911	527	0.824608
2911	2881	0.801564
2911	223	0.781763
2911	296	0.777163
2912	2522	0.871021
2912	2846	0.848799
2912	2444	0.846814
2912	1062	0.741840
2912	3648	0.663288
2912	2521	0.621270
2912	2858	0.607510
2912	2572	0.603228
2912	3841	0.563200
2912	364	0.558179
2913	1580	0.714211
2913	1909	0.655160
2913	2415	0.648886
2913	2916	0.622200
2913	480	0.621624
2913	2571	0.590882
2913	2985	0.580528
2913	780	0.570983
2913	1653	0.564394
2913	1372	0.548079
2914	2918	1.780473
2914	1259	1.365867
2914	2174	1.241367
2914	1394	1.202905
2914	2797	1.131171
2914	3421	1.056680
2914	3039	1.013573
2914	2915	0.991131
2914	3210	0.990644
2914	3552	0.980158
2915	1196	1.683148
2915	589	1.657080
2915	260	1.491881
2915	1270	1.217083
2915	1206	1.211300
2915	1036	1.149725
2915	2028	1.133512
2915	541	1.117742
2915	1198	1.113316
2915	457	1.104210
2916	2302	0.696459
2916	2124	0.639896
2916	1517	0.630761
2916	2108	0.622078
2916	1923	0.598331
2916	3450	0.550192
2916	357	0.543853
2916	39	0.540735
2916	3282	0.537650
2916	141	0.535508
2917	922	1.799465
2917	3435	1.560508
2917	750	1.350868
2917	1284	1.335564
2917	2066	1.325416
2917	913	1.274084
2917	903	1.245055
2917	1617	1.043629
2917	2726	0.990496
2917	1069	0.942663
2918	2694	0.585857
2918	2706	0.535718
2918	532	0.518297
2918	2120	0.499123
2918	1717	0.497879
2918	2716	0.495555
2918	1342	0.494689
2918	3489	0.494151
2918	2770	0.489785
2918	2699	0.486337
2919	2193	1.329397
2919	1073	1.029312
2919	2105	0.968705
2919	2054	0.930160
2919	2143	0.876952
2919	3479	0.858266
2919	2174	0.845044
2919	2044	0.785949
2919	2115	0.777831
2919	2140	0.774560
2921	435	1.978853
2921	2986	1.619965
2921	2531	1.586033
2921	1037	1.514842
2921	196	1.486627
2921	2450	1.433670
2921	1882	1.363393
2921	1591	1.325799
2921	880	1.248175
2921	1831	1.218203
2922	2532	1.227179
2922	2096	0.918107
2922	2018	0.789919
2922	364	0.787357
2922	2571	0.753258
2922	1200	0.734745
2922	595	0.720522
2922	1214	0.673448
2922	594	0.655698
2922	783	0.651554
2924	2490	2.134297
2924	2598	2.020250
2924	24	1.894952
2924	785	1.858289
2924	2502	1.677945
2924	2395	1.656538
2924	2805	1.596669
2924	2676	1.595224
2924	3219	1.589423
2924	3081	1.497636
2926	1377	0.690892
2926	533	0.665928
2926	840	0.632946
2926	1479	0.632795
2926	1911	0.609507
2926	423	0.593040
2926	153	0.530522
2926	2126	0.522193
2926	1539	0.514392
2926	2605	0.505489
2927	1210	1.714744
2927	2115	1.443985
2927	1580	1.433309
2927	1198	1.339664
2927	3527	1.301718
2927	1240	1.233881
2927	2640	1.168428
2927	1372	1.138187
2927	1127	1.118943
2927	2571	1.107093
2928	1278	1.008679
2928	3421	0.915397
2928	1080	0.904839
2928	1136	0.867345
2928	3671	0.847467
2928	1244	0.805224
2928	2396	0.803764
2928	1079	0.750222
2928	1394	0.744384
2928	34	0.717154
2929	1552	1.303580
2929	1792	1.046567
2929	786	0.957691
2929	2803	0.919213
2929	1718	0.742407
2929	1608	0.736194
2929	292	0.726282
2929	1479	0.708415
2929	3686	0.702667
2929	3063	0.685800
2931	2817	1.378463
2931	3432	1.299515
2931	815	1.286654
2931	1170	1.286654
2931	1562	1.170161
2931	71	1.163862
2931	694	1.142158
2931	1606	1.072665
2931	3433	1.041134
2931	502	1.031635
2933	1240	1.108391
2933	2918	0.995279
2933	1214	0.926420
2933	1196	0.867858
2933	2571	0.847654
2933	1259	0.765889
2933	1206	0.737257
2933	3471	0.711027
2933	2791	0.706591
2933	924	0.704546
2934	2141	0.572429
2934	3249	0.554573
2934	609	0.529669
2934	376	0.520310
2934	2055	0.498728
2934	1092	0.498390
2934	2048	0.498148
2934	832	0.494029
2934	1792	0.491553
2934	2559	0.488393
2935	2694	1.788919
2935	3005	1.494590
2935	1037	1.468385
2935	1779	1.430096
2935	2706	1.423576
2935	435	1.330949
2935	2710	1.314335
2935	2986	1.283835
2935	223	1.259548
2935	2572	1.133449
2936	1223	1.103541
2936	1	0.779693
2936	1423	0.544331
2936	3429	0.497939
2936	1265	0.489710
2936	2396	0.481082
2936	910	0.444603
2936	3276	0.402855
2936	3935	0.396526
2936	3944	0.396526
2937	1580	1.032446
2937	1370	0.998113
2937	349	0.986117
2937	2353	0.970908
2937	2058	0.968134
2937	3256	0.914407
2937	733	0.905006
2937	1527	0.850991
2937	1343	0.825209
2937	780	0.788571
2938	1136	0.736223
2938	1278	0.666691
2938	1221	0.627635
2938	1947	0.603870
2938	1394	0.583397
2938	364	0.570116
2938	1028	0.568277
2938	914	0.541714
2938	1282	0.507802
2938	318	0.498104
2939	1573	1.416386
2939	2353	1.374774
2939	1343	1.128960
2939	733	1.085656
2939	1580	1.067612
2939	1610	1.010796
2939	474	0.963605
2939	1527	0.861621
2939	373	0.829588
2939	380	0.788636
2940	3005	2.013880
2940	2707	1.757466
2940	2541	1.721714
2940	2433	1.712792
2940	2572	1.630199
2940	2355	1.550942
2940	1127	1.472947
2940	1093	1.364901
2940	1911	1.347382
2940	2959	1.198114
2941	2018	1.965989
2941	364	1.784531
2941	588	1.546038
2941	2096	1.505851
2941	1022	1.463173
2941	595	1.430946
2941	2294	1.422873
2941	1282	1.397441
2941	2078	1.208936
2941	783	1.199034
2942	608	0.731379
2942	296	0.613308
2942	900	0.596582
2942	1947	0.578027
2942	1035	0.504059
2942	3475	0.493010
2942	593	0.492811
2942	899	0.487802
2942	1041	0.486712
2942	1234	0.484424
2943	2985	1.680545
2943	1374	1.607113
2943	1653	1.573225
2943	3527	1.535540
2943	3702	1.531973
2943	1580	1.471145
2943	2968	1.469292
2943	1376	1.407964
2943	32	1.371792
2943	1356	1.185686
2944	1022	1.893401
2944	364	1.754203
2944	596	1.713310
2944	1282	1.587776
2944	2087	1.398203
2944	1907	1.244946
2944	2080	1.203102
2944	1032	1.202368
2944	2078	1.201183
2944	1028	1.106302
2945	1358	1.020902
2945	593	0.699262
2945	778	0.695191
2945	2501	0.691130
2945	1094	0.675736
2945	2237	0.666076
2945	846	0.661969
2945	318	0.661718
2945	25	0.623177
2945	3418	0.616784
2946	71	1.293430
2946	886	1.201241
2946	694	1.156450
2946	2409	1.126526
2946	3440	1.069765
2946	2535	0.930841
2946	172	0.796842
2946	2253	0.761718
2946	1591	0.733373
2946	1562	0.731967
2947	3317	0.892107
2947	583	0.826309
2947	1079	0.698338
2947	3481	0.698223
2947	3893	0.685878
2947	3301	0.599606
2947	1213	0.596984
2947	3569	0.595375
2947	3624	0.593780
2947	1394	0.580995
2948	1649	0.908592
2948	3304	0.812741
2948	3596	0.785996
2948	1111	0.771973
2948	3535	0.756690
2948	363	0.731082
2948	556	0.681739
2948	3536	0.597252
2948	1123	0.590884
2948	99	0.571350
2949	2598	2.447879
2949	2581	2.296819
2949	3219	2.291224
2949	1959	2.056233
2949	2734	2.045259
2949	785	1.945426
2949	2394	1.900891
2949	24	1.881451
2949	2485	1.610878
2949	3174	1.591920
2950	339	1.910266
2950	597	1.675316
2950	7	1.404228
2950	2671	1.274268
2950	252	1.267960
2950	1457	1.220227
2950	802	1.121625
2950	356	1.024526
2950	1888	1.017109
2950	378	1.015355
2951	2918	1.157094
2951	3361	1.090769
2951	1079	1.053046
2951	2797	0.918017
2951	1307	0.915571
2951	1968	0.901674
2951	2915	0.896870
2951	1663	0.837927
2951	2352	0.724698
2951	2144	0.677843
2952	457	1.155165
2952	2571	0.897787
2952	3317	0.879500
2952	1291	0.860987
2952	589	0.860354
2952	3897	0.793351
2952	3256	0.698844
2952	2947	0.681843
2952	2061	0.672310
2952	110	0.668419
2953	1513	2.663518
2953	2013	2.224368
2953	2840	2.184045
2953	2490	1.974173
2953	2581	1.944483
2953	2395	1.928957
2953	2906	1.852665
2953	2723	1.737995
2953	24	1.653246
2953	2394	1.526259
2954	2688	2.419466
2954	2605	2.163488
2954	2881	2.161342
2954	2770	2.118280
2954	3005	1.994781
2954	223	1.844106
2954	1093	1.842122
2954	2541	1.598624
2954	2772	1.550315
2954	2428	1.539777
2955	2734	2.098926
2955	2605	1.998702
2955	2716	1.919503
2955	1093	1.763549
2955	2333	1.713194
2955	2599	1.711189
2955	2336	1.704561
2955	2881	1.702997
2955	3053	1.616684
2955	2013	1.532135
2957	2571	1.453790
2957	1200	1.392294
2957	1196	1.340999
2957	1270	1.134297
2957	1214	1.091089
2957	260	1.066526
2957	1036	1.037084
2957	2028	1.033343
2957	457	0.999130
2957	1291	0.933724
2958	2688	3.001265
2958	1093	2.079939
2958	1911	1.995180
2958	2013	1.860783
2958	2770	1.856714
2958	2605	1.817724
2958	3219	1.805928
2958	2502	1.752551
2958	1959	1.731382
2958	2959	1.675755
2959	588	0.699179
2959	2078	0.566131
2959	42	0.514567
2959	3638	0.493749
2959	2096	0.484033
2959	595	0.477914
2959	434	0.443213
2959	3263	0.424171
2959	3763	0.423814
2959	3591	0.416124
2960	1213	1.992180
2960	608	1.823274
2960	858	1.581398
2960	912	1.426080
2960	50	1.342476
2960	1207	1.272907
2960	260	1.197227
2960	2028	1.094275
2960	1250	1.025148
2960	1952	0.907000
2961	2455	1.092608
2961	3929	0.978911
2961	1965	0.966539
2961	1171	0.868443
2961	2160	0.858555
2961	2948	0.857635
2961	3450	0.842935
2961	2454	0.836165
2961	3930	0.815171
2961	2916	0.808461
2962	1552	1.260768
2962	1608	1.032618
2962	494	0.908832
2962	165	0.895257
2962	481	0.860940
2962	95	0.794899
2962	736	0.786478
2962	1047	0.782079
2962	1003	0.733831
2962	1892	0.723445
2963	318	2.229131
2963	1213	1.804816
2963	527	1.596048
2963	858	1.314641
2963	912	1.290060
2963	1617	1.204030
2963	2028	1.115020
2963	1089	1.095792
2963	260	1.072124
2963	1207	0.995886
2964	904	1.607615
2964	1252	1.464459
2964	1207	1.207080
2964	1247	1.159644
2964	910	1.148345
2964	2186	1.123006
2964	750	1.097755
2964	1248	1.042078
2964	908	0.958664
2964	923	0.956890
2966	2	1.113857
2966	2162	0.779075
2966	1126	0.645636
2966	3438	0.605859
2966	788	0.597565
2966	231	0.570928
2966	2143	0.568559
2966	344	0.563157
2966	2054	0.533291
2966	2302	0.512541
2967	3762	0.832050
2967	1178	0.529442
2967	2075	0.513930
2967	1340	0.509481
2967	864	0.509197
2967	3307	0.494156
2967	3632	0.493334
2967	1207	0.487589
2967	2010	0.478651
2967	3095	0.460249
2968	339	0.832873
2968	1777	0.808339
2968	597	0.723439
2968	1441	0.634749
2968	1569	0.612786
2968	539	0.601725
2968	543	0.553064
2968	231	0.539111
2968	1552	0.502922
2968	1342	0.491146
2969	260	1.097820
2969	1198	0.954204
2969	318	0.938981
2969	2028	0.918672
2969	1240	0.911939
2969	1213	0.884767
2969	1214	0.884522
2969	1387	0.879463
2969	2571	0.841053
2969	1200	0.816637
2970	2028	1.495867
2970	593	1.292989
2970	608	1.184157
2970	50	1.172761
2970	318	1.156138
2970	2571	1.094127
2970	150	1.074123
2970	34	1.070015
2970	589	1.007822
2970	1358	1.003100
2971	246	1.196665
2971	1192	1.009752
2971	549	0.894810
2971	1191	0.853817
2971	1673	0.799819
2971	589	0.784127
2971	108	0.768972
2971	3609	0.768972
2971	1147	0.767293
2971	363	0.764850
2972	1993	3.001937
2972	1644	2.367010
2972	2327	2.038392
2972	2548	1.971629
2972	1975	1.788838
2972	1977	1.770235
2972	2713	1.725035
2972	366	1.582409
2972	1978	1.492463
2972	1984	1.492423
2973	2598	2.554640
2973	2490	2.105795
2973	2906	2.028954
2973	2734	1.909082
2973	3219	1.898124
2973	2805	1.865659
2973	2688	1.833170
2973	2502	1.813070
2973	2491	1.769448
2973	2723	1.740087
2974	1704	1.115906
2974	1923	1.004431
2974	150	0.861261
2974	1265	0.818733
2974	1682	0.675817
2974	39	0.674391
2974	1079	0.648744
2974	1307	0.628615
2974	383	0.618505
2974	3255	0.598159
2975	1394	0.837393
2975	2064	0.633079
2975	608	0.610442
2975	3543	0.586391
2975	3361	0.571106
2975	947	0.565759
2975	1079	0.563810
2975	1273	0.558474
2975	3424	0.555747
2975	3613	0.539963
2976	1079	1.567595
2976	3421	1.567467
2976	2918	1.503977
2976	1234	1.259099
2976	2791	1.111207
2976	921	1.003556
2976	1197	1.000541
2976	1307	0.982353
2976	1276	0.966211
2976	3363	0.956054
2978	596	0.893932
2978	594	0.782210
2978	923	0.685802
2978	963	0.655030
2978	1022	0.606971
2978	919	0.585759
2978	2204	0.570854
2978	3405	0.561640
2978	905	0.554880
2978	928	0.544523
2979	2687	1.608847
2979	595	1.604820
2979	783	1.554295
2979	2096	1.551350
2979	2089	1.320178
2979	1688	1.251447
2979	2078	1.223755
2979	1022	1.205630
2979	661	1.176864
2979	2018	1.165386
2980	3753	0.848631
2980	3578	0.779137
2980	2813	0.722725
2980	3755	0.684812
2980	3717	0.656146
2980	3510	0.640267
2980	3484	0.634720
2980	3300	0.630789
2980	3827	0.627791
2980	1846	0.591767
2981	1198	1.366612
2981	1196	1.366345
2981	2028	1.105124
2981	593	1.051711
2981	527	0.988995
2981	1193	0.962316
2981	1240	0.918799
2981	296	0.905695
2981	608	0.889409
2981	2571	0.859379
2983	2006	1.154834
2983	1370	1.132222
2983	10	1.069999
2983	376	1.027123
2983	349	1.007154
2983	3107	0.951249
2983	648	0.899574
2983	780	0.853164
2983	1527	0.847941
2983	736	0.824031
2985	2174	1.263443
2985	3479	1.000626
2985	1967	1.000541
2985	1831	0.987473
2985	2161	0.958487
2985	2005	0.930062
2985	367	0.925549
2985	2986	0.848588
2985	2642	0.780178
2985	2143	0.769635
2986	1715	0.836433
2986	3887	0.627325
2986	3298	0.624778
2986	3626	0.579889
2986	3615	0.561485
2986	3948	0.550720
2986	159	0.549298
2986	2435	0.532004
2986	3911	0.511582
2986	3952	0.490532
2987	2762	1.173489
2987	2599	1.066658
2987	2858	1.023041
2987	2770	0.785756
2987	2355	0.766781
2987	2683	0.731968
2987	318	0.695052
2987	2959	0.690529
2987	3175	0.669046
2987	2716	0.651598
2988	2581	2.522431
2988	2491	2.381876
2988	2395	2.379918
2988	2490	2.289008
2988	3081	2.168009
2988	2013	2.135387
2988	2723	2.115343
2988	2906	1.890747
2988	2762	1.880286
2988	2686	1.855722
2989	1356	2.047202
2989	1376	1.964350
2989	2640	1.756835
2989	2985	1.612878
2989	329	1.612609
2989	1580	1.508155
2989	3704	1.470768
2989	1527	1.369174
2989	2916	1.350811
2989	1374	1.331284
2990	539	1.128058
2990	597	0.838878
2990	339	0.838103
2990	357	0.818264
2990	2424	0.765673
2990	440	0.765049
2990	356	0.638527
2990	46	0.608564
2990	1569	0.604209
2990	708	0.597229
2991	1	0.827683
2991	1196	0.820487
2991	919	0.804051
2991	1204	0.724761
2991	912	0.719404
2991	260	0.697236
2991	903	0.694545
2991	1230	0.689330
2991	969	0.670525
2991	1207	0.652453
2992	3409	1.373901
2992	3300	1.370889
2992	3753	1.173867
2992	3624	1.158226
2992	3457	1.132703
2992	3513	1.100364
2992	3481	1.080151
2992	3578	1.053589
2992	3510	0.999136
2992	3509	0.951345
2993	2193	1.661488
2993	3479	1.387443
2993	2140	1.110865
2993	2143	1.073004
2993	2100	1.051062
2993	2968	1.001574
2993	2872	0.996497
2993	2054	0.969773
2993	1097	0.900155
2993	2021	0.863079
2994	694	2.001122
2994	1562	1.877972
2994	849	1.866611
2994	1752	1.358533
2994	886	1.322833
2994	1831	1.278078
2994	2808	1.251037
2994	3440	1.239389
2994	1004	1.229377
2994	1606	1.157616
2995	1347	1.617395
2995	3499	1.437031
2995	1345	1.374720
2995	1350	1.150655
2995	724	0.981588
2995	1982	0.975929
2995	1255	0.953114
2995	3018	0.917573
2995	1342	0.887438
2995	3727	0.869073
2996	2380	1.711895
2996	2381	1.620209
2996	3689	1.473381
2996	3690	1.444294
2996	1005	1.420981
2996	1445	1.418867
2996	3667	1.406382
2996	2036	1.261287
2996	93	1.249038
2996	437	1.165985
2997	2054	0.868726
2997	3489	0.812726
2997	2100	0.806141
2997	2786	0.799000
2997	2005	0.789220
2997	3087	0.751155
2997	3438	0.730696
2997	2193	0.658792
2997	2150	0.653441
2997	2463	0.649701
2998	3667	1.255262
2998	2688	1.013059
2998	2383	0.980745
2998	2382	0.894995
2998	2770	0.887541
2998	1911	0.871348
2998	1490	0.870678
2998	2605	0.846846
2998	3203	0.826996
2998	1822	0.798035
2999	1474	1.150833
2999	2096	1.150292
2999	3776	1.044671
2999	3611	1.000523
2999	3775	1.000523
2999	1566	0.956375
2999	364	0.955149
2999	374	0.950057
2999	596	0.919104
2999	2085	0.909880
3000	1356	1.628391
3000	2393	1.412694
3000	1372	1.366296
3000	1580	1.341835
3000	316	1.275332
3000	780	1.219032
3000	2054	1.180559
3000	2916	1.170299
3000	10	1.166861
3000	1049	1.124707
3001	2455	0.678633
3001	250	0.639491
3001	3505	0.621948
3001	3102	0.577344
3001	480	0.530969
3001	1997	0.499736
3001	3790	0.487608
3001	3437	0.475002
3001	1982	0.471855
3001	18	0.461465
3002	357	0.763259
3002	2108	0.658402
3002	11	0.649459
3002	2321	0.636840
3002	1923	0.610353
3002	597	0.607188
3002	440	0.568706
3002	339	0.546949
3002	441	0.525985
3002	2671	0.511795
3003	1356	1.763161
3003	1580	1.477624
3003	2628	1.375992
3003	1967	1.364098
3003	1527	1.243093
3003	1374	1.144730
3003	329	1.125902
3003	349	1.060697
3003	2470	1.023484
3003	1375	0.989796
3004	539	0.994620
3004	1777	0.853765
3004	2125	0.791623
3004	11	0.780785
3004	1393	0.778803
3004	356	0.763467
3004	2671	0.743573
3004	339	0.692249
3004	2233	0.600000
3004	587	0.587079
3005	1527	2.153742
3005	1356	2.013538
3005	316	1.988695
3005	2985	1.980344
3005	1580	1.820441
3005	1375	1.622585
3005	2916	1.491177
3005	329	1.416537
3005	1653	1.411511
3005	1376	1.362421
3006	1240	1.243663
3006	1200	1.181337
3006	1198	1.141605
3006	2858	1.098466
3006	1214	1.078469
3006	1210	1.071153
3006	318	0.986305
3006	1580	0.966396
3006	593	0.942024
3006	32	0.937807
3007	2953	1.276857
3007	867	1.139525
3007	1474	1.091716
3007	374	0.905538
3007	2152	0.843140
3007	575	0.817760
3007	3774	0.708933
3007	2036	0.681189
3007	747	0.675911
3007	325	0.674106
3008	2916	2.634882
3008	1372	1.938313
3008	1909	1.792907
3008	1573	1.647612
3008	329	1.602913
3008	780	1.585397
3008	1676	1.464250
3008	3527	1.332696
3008	589	1.269017
3008	2985	1.233104
3010	316	2.155968
3010	780	2.010148
3010	1372	1.937032
3010	1676	1.915949
3010	1320	1.640028
3010	1371	1.619068
3010	2528	1.426335
3010	1917	1.397089
3010	1909	1.269749
3010	1527	1.263079
3011	1240	2.153006
3011	1200	2.084649
3011	924	1.657090
3011	1210	1.587198
3011	1270	1.545572
3011	750	1.425589
3011	1748	1.285586
3011	3703	1.253838
3011	1097	1.161723
3011	2916	1.149532
3012	383	0.618505
3012	2006	0.597937
3012	349	0.542261
3012	172	0.541629
3012	3508	0.522820
3012	2401	0.507660
3012	1037	0.486033
3012	10	0.485066
3012	1370	0.476180
3012	1320	0.472526
3013	596	0.596401
3013	2096	0.581222
3013	3881	0.575917
3013	594	0.568167
3013	1393	0.556699
3013	1282	0.540010
3013	1022	0.521993
3013	2018	0.510885
3013	364	0.509647
3013	2644	0.500182
3014	1265	0.980977
3014	1641	0.820490
3014	2700	0.693926
3014	3253	0.656290
3014	1784	0.647586
3014	2321	0.638765
3014	2396	0.599722
3014	3060	0.597268
3014	2997	0.591960
3014	1500	0.585655
3015	1739	0.843855
3015	1902	0.641427
3015	3845	0.635162
3015	409	0.607556
3015	3124	0.517811
3015	2444	0.504576
3015	1670	0.453557
3015	1062	0.445697
3015	3153	0.442921
3015	2706	0.437233
3016	1196	1.457085
3016	541	1.207990
3016	1210	1.153087
3016	1206	1.116612
3016	260	1.107159
3016	3703	1.063061
3016	1270	1.030888
3016	3219	0.969366
3016	2723	0.948691
3016	2840	0.934659
3017	1247	0.761699
3017	858	0.705772
3017	1221	0.693907
3017	1207	0.645723
3017	527	0.575817
3017	1104	0.558066
3017	3893	0.518059
3017	3467	0.487493
3017	904	0.482582
3017	3751	0.468057
3018	2644	2.525882
3018	1337	1.710793
3018	2814	1.676166
3018	2648	1.581139
3018	2633	1.540515
3018	3018	1.497026
3018	1130	1.488567
3018	1219	1.224614
3018	2118	1.136704
3018	2519	1.100684
3020	920	1.123538
3020	914	1.122684
3020	1307	1.074147
3020	1094	1.006568
3020	1296	0.945887
3020	916	0.920078
3020	936	0.876384
3020	2020	0.869218
3020	2067	0.849624
3020	3097	0.847339
3022	2353	1.848324
3022	10	1.776500
3022	2058	1.645766
3022	2916	1.527670
3022	1101	1.365678
3022	2006	1.331326
3022	380	1.312283
3022	480	1.297357
3022	2278	1.157312
3022	1527	1.028852
3023	3623	2.047856
3023	2581	2.038413
3023	2598	1.972748
3023	2959	1.740065
3023	24	1.734970
3023	785	1.677528
3023	2723	1.645787
3023	3219	1.613917
3023	2881	1.609053
3023	2336	1.608963
3024	1603	2.482257
3024	316	2.456162
3024	1037	2.368153
3024	1391	2.086386
3024	1676	1.987353
3024	2094	1.880616
3024	173	1.857746
3024	1876	1.810993
3024	748	1.764039
3024	1590	1.554191
3025	3604	1.141698
3025	2083	1.090965
3025	914	1.033465
3025	199	1.027228
3025	1030	1.021596
3025	2565	1.005036
3025	1381	0.935710
3025	3586	0.933872
3025	1083	0.904927
3025	3549	0.901738
3026	2383	1.667742
3026	419	1.554608
3026	374	1.485384
3026	3041	1.377042
3026	867	1.339113
3026	2380	1.304150
3026	1731	1.192258
3026	2798	1.181831
3026	274	1.144705
3026	355	1.140305
3028	588	1.190678
3028	2797	1.155757
3028	364	1.014369
3028	3253	0.938998
3028	2321	0.855106
3028	2100	0.823419
3028	2087	0.822281
3028	594	0.801508
3028	2096	0.773132
3028	595	0.710903
3029	310	0.782363
3029	104	0.779254
3029	586	0.685541
3029	784	0.666826
3029	1042	0.641271
3029	3263	0.639584
3029	1777	0.634223
3029	333	0.605721
3029	344	0.589259
3029	3255	0.578764
3031	2737	0.905941
3031	42	0.773858
3031	1729	0.773388
3031	998	0.770275
3031	47	0.738404
3031	707	0.705595
3031	1466	0.656600
3031	1912	0.577776
3031	2391	0.577556
3031	1377	0.538667
3032	240	1.776153
3032	132	1.541239
3032	2446	1.528519
3032	3557	1.261735
3032	2851	1.165102
3032	23	1.111638
3032	1718	1.076616
3032	880	1.046182
3032	92	0.949946
3032	1552	0.845483
3033	1089	1.126552
3033	2571	1.096368
3033	593	0.883783
3033	589	0.875973
3033	2391	0.859009
3033	2028	0.849949
3033	1610	0.841103
3033	1617	0.782690
3033	110	0.747460
3033	1036	0.726699
3035	1240	1.563030
3035	1200	1.441975
3035	1214	1.277692
3035	2028	1.251049
3035	1210	1.224370
3035	457	1.212214
3035	1291	1.206128
3035	1197	1.063137
3035	858	0.997286
3035	110	0.950613
3036	1954	0.856236
3036	2947	0.810074
3036	1200	0.809850
3036	1674	0.799980
3036	2944	0.756407
3036	457	0.750434
3036	1222	0.745010
3036	2194	0.726516
3036	1201	0.686877
3036	589	0.685765
3037	1271	1.059638
3037	1393	0.934956
3037	3100	0.653601
3037	3105	0.587762
3037	150	0.554843
3037	1810	0.540342
3037	1660	0.529445
3037	475	0.528759
3037	222	0.500240
3037	2268	0.489276
3038	1580	0.897405
3038	1035	0.815974
3038	588	0.793389
3038	480	0.738429
3038	2096	0.720805
3038	1028	0.715736
3038	1748	0.712134
3038	2081	0.711088
3038	1022	0.697445
3038	595	0.695377
3039	3642	1.163722
3039	3870	1.053020
3039	2202	0.997834
3039	2638	0.985036
3039	3311	0.956631
3039	967	0.912898
3039	3406	0.766756
3039	2651	0.746200
3039	906	0.725312
3039	2206	0.722786
3041	3624	1.022575
3041	3753	0.917879
3041	3578	0.879988
3041	751	0.746368
3041	1364	0.746368
3041	3221	0.746368
3041	3717	0.743261
3041	3623	0.723280
3041	3354	0.699463
3041	3481	0.676043
3042	1777	0.779359
3042	3253	0.695906
3042	356	0.675678
3042	11	0.605001
3042	2302	0.604891
3042	1747	0.601940
3042	1923	0.594114
3042	1517	0.592944
3042	1660	0.588974
3042	1721	0.585536
3044	736	0.714436
3044	95	0.659307
3044	292	0.625454
3044	291	0.624456
3044	288	0.617304
3044	1917	0.616273
3044	780	0.599228
3044	3686	0.598893
3044	1876	0.574496
3044	316	0.567282
3045	2066	2.122935
3045	1260	1.516803
3045	2186	1.388669
3045	1252	1.368973
3045	913	1.293742
3045	1153	1.254568
3045	2203	1.225746
3045	1617	1.092692
3045	1267	1.092692
3045	3334	1.087047
3046	2396	1.739055
3046	1513	1.697293
3046	2395	1.562072
3046	2702	1.526201
3046	2491	1.383792
3046	2806	1.376540
3046	2598	1.288695
3046	2701	1.194328
3046	24	1.124006
3046	2560	1.108397
3047	1227	1.095603
3047	47	0.953546
3047	608	0.943168
3047	50	0.910641
3047	318	0.883612
3047	2571	0.878908
3047	1193	0.842013
3047	924	0.802206
3047	260	0.797682
3047	1196	0.776822
3048	1196	1.603362
3048	1200	1.572858
3048	1197	1.548810
3048	589	1.346293
3048	457	1.338433
3048	260	1.330230
3048	2571	1.265308
3048	1387	1.196916
3048	1214	1.129242
3048	1079	1.113420
3049	1393	0.739458
3049	17	0.734719
3049	1684	0.680461
3049	838	0.644877
3049	1721	0.626130
3049	943	0.625769
3049	2708	0.614856
3049	3668	0.554940
3049	3874	0.516634
3049	3046	0.493209
3050	1580	1.826652
3050	1356	1.680455
3050	2985	1.600089
3050	2640	1.548983
3050	2009	1.542158
3050	1372	1.447793
3050	1653	1.438633
3050	1676	1.431126
3050	3704	1.425568
3050	1909	1.335948
3051	2794	0.660538
3051	2372	0.505741
3051	2416	0.496325
3051	2134	0.474224
3051	3361	0.437642
3051	1079	0.436661
3051	2752	0.427073
3051	1642	0.424473
3051	2918	0.417572
3051	3691	0.411976
3052	2985	1.221995
3052	2311	1.052754
3052	3704	1.027380
3052	1375	1.021926
3052	1356	0.995154
3052	329	0.989821
3052	1372	0.980688
3052	2011	0.928565
3052	1371	0.882396
3052	1676	0.882062
3053	858	0.830910
3053	807	0.770704
3053	1197	0.729061
3053	1387	0.724189
3053	2804	0.697974
3053	1196	0.678411
3053	260	0.626535
3053	1291	0.608176
3053	1079	0.602090
3053	1036	0.595692
3054	2174	0.836990
3054	2000	0.834584
3054	1036	0.805213
3054	1291	0.781741
3054	3361	0.748858
3054	3039	0.733542
3054	1220	0.694048
3054	1394	0.691372
3054	2194	0.659377
3054	1663	0.648331
3055	1079	1.139755
3055	3361	1.119562
3055	1342	0.965367
3055	2327	0.937355
3055	328	0.876733
3055	1270	0.875248
3055	3039	0.833663
3055	606	0.805831
3055	2158	0.798454
3055	3694	0.774614
3056	1967	2.125339
3056	2193	1.996953
3056	1073	1.723940
3056	3479	1.539511
3056	2872	1.498225
3056	2021	1.485744
3056	653	1.356257
3056	3438	1.324224
3056	1009	1.105750
3056	2105	1.085813
3057	2706	1.350895
3057	2770	1.228993
3057	608	1.131070
3057	2188	1.092032
3057	593	1.075405
3057	223	1.026043
3057	858	1.010661
3057	2433	0.951794
3057	2710	0.943487
3057	2541	0.937599
3058	1610	0.899007
3058	589	0.838845
3058	1387	0.662497
3058	2947	0.656002
3058	339	0.640943
3058	597	0.628606
3058	1036	0.614581
3058	1240	0.606206
3058	377	0.577784
3058	2028	0.570249
3059	318	1.070003
3059	2028	1.021976
3059	527	0.991621
3059	608	0.887904
3059	1219	0.868268
3059	1213	0.850217
3059	296	0.798723
3059	1198	0.759162
3059	1299	0.734292
3059	1262	0.732934
3060	1089	1.699671
3060	457	1.541736
3060	1343	1.449660
3060	2391	1.258794
3060	1617	1.130951
3060	6	1.100451
3060	589	1.095945
3060	296	1.030384
3060	318	1.027897
3060	3256	0.987118
3061	2640	1.013251
3061	1376	0.983432
3061	480	0.959346
3061	1356	0.870795
3061	1073	0.841034
3061	1374	0.823123
3061	1097	0.811055
3061	1240	0.799308
3061	1275	0.796290
3061	1196	0.792064
3062	2683	1.127411
3062	1911	1.020070
3062	223	0.954753
3062	2770	0.945270
3062	2541	0.882085
3062	2433	0.879368
3062	2858	0.861748
3062	2707	0.849969
3062	2706	0.838484
3062	2881	0.798570
3063	858	0.956247
3063	1240	0.941104
3063	589	0.920599
3063	1200	0.903923
3063	969	0.862956
3063	1221	0.776543
3063	2571	0.747479
3063	1210	0.742329
3063	2028	0.712499
3063	1387	0.697013
3064	1513	1.337237
3064	2598	1.314920
3064	3081	1.235015
3064	2395	1.144936
3064	2840	1.120011
3064	2581	1.054805
3064	2841	0.993898
3064	3753	0.982422
3064	2700	0.955720
3064	2906	0.945092
3065	2096	1.051513
3065	364	0.988321
3065	1029	0.934514
3065	596	0.897649
3065	3361	0.888678
3065	2687	0.870216
3065	1022	0.866146
3065	2087	0.846997
3065	1259	0.824475
3065	588	0.820073
3066	2916	0.781395
3066	1370	0.780723
3066	441	0.775352
3066	1527	0.739111
3066	2700	0.735981
3066	1517	0.697102
3066	1608	0.656318
3066	349	0.655839
3066	1676	0.639632
3066	3253	0.633417
3067	2186	1.219989
3067	903	1.161158
3067	1284	1.027171
3067	3644	1.024248
3067	2066	1.010190
3067	1248	0.993098
3067	910	0.972480
3067	899	0.931506
3067	913	0.930219
3067	912	0.916111
3069	608	1.239440
3069	150	1.235191
3069	527	1.044598
3069	36	1.031778
3069	1358	0.943030
3069	2501	0.920605
3069	1089	0.905436
3069	50	0.892968
3069	157	0.790654
3069	2028	0.781385
3070	904	1.587684
3070	1252	1.202981
3070	1267	1.065406
3070	923	1.058319
3070	1221	0.995205
3070	1136	0.994186
3070	922	0.991423
3070	2186	0.932195
3070	908	0.903150
3070	1207	0.876241
3072	2174	0.680775
3072	1073	0.674708
3072	2968	0.657088
3072	1097	0.647667
3072	1394	0.645886
3072	969	0.613546
3072	1262	0.607561
3072	1198	0.603618
3072	2105	0.577270
3072	919	0.573838
3073	1200	1.350862
3073	1214	1.125850
3073	2918	1.121846
3073	1196	1.052090
3073	1136	1.041266
3073	3361	1.012368
3073	1036	1.005456
3073	2791	0.986597
3073	1210	0.930695
3073	2571	0.927182
3074	2683	0.981109
3074	2694	0.845976
3074	3794	0.791625
3074	3893	0.786586
3074	3578	0.761632
3074	3005	0.760518
3074	2355	0.737003
3074	3753	0.735696
3074	3911	0.692366
3074	3317	0.688916
3075	150	0.695426
3075	3089	0.673028
3075	318	0.642154
3075	1280	0.625485
3075	501	0.551657
3075	1704	0.546931
3075	912	0.515853
3075	593	0.497844
3075	1669	0.459234
3075	1694	0.457339
3077	594	2.071393
3077	2096	2.009759
3077	595	1.702215
3077	1907	1.688901
3077	1022	1.634117
3077	2087	1.464627
3077	2078	1.380328
3077	1032	1.337250
3077	2081	1.320184
3077	2294	1.312087
3078	1221	1.812928
3078	527	1.469020
3078	923	1.353446
3078	593	1.335316
3078	1952	1.088633
3078	296	1.026357
3078	1136	0.984815
3078	1213	0.977462
3078	608	0.966963
3078	1247	0.957420
3079	1240	1.708571
3079	858	1.664960
3079	1198	1.590353
3079	1200	1.555522
3079	589	1.523594
3079	1196	1.518832
3079	110	1.509947
3079	593	1.475213
3079	318	1.464818
3079	1610	1.398660
3080	2794	0.716076
3080	2378	0.682999
3080	2088	0.629989
3080	3385	0.586600
3080	2133	0.583297
3080	3850	0.565685
3080	473	0.542096
3080	325	0.531087
3080	1458	0.528041
3080	444	0.510919
3081	1263	1.133296
3081	3066	0.979654
3081	3062	0.774049
3081	1224	0.721949
3081	920	0.692418
3081	1262	0.655651
3081	3762	0.611703
3081	1299	0.585512
3081	2941	0.567362
3081	3363	0.555238
3082	914	0.903357
3082	2565	0.807924
3082	1951	0.736722
3082	1892	0.662914
3082	918	0.656668
3082	110	0.608826
3082	2081	0.570758
3082	1029	0.545174
3082	1610	0.534402
3082	1028	0.526953
3083	2522	0.975850
3083	631	0.867338
3083	1692	0.733948
3083	1196	0.711698
3083	808	0.641410
3083	1240	0.632451
3083	2521	0.627315
3083	260	0.566068
3083	589	0.542465
3083	2896	0.522863
3084	583	0.978404
3084	3534	0.967760
3084	3326	0.875857
3084	3569	0.848849
3084	2221	0.762100
3084	3317	0.756778
3084	3324	0.721679
3084	3536	0.713697
3084	3238	0.621763
3084	3298	0.605214
3085	10	1.454353
3085	3578	1.200583
3085	1792	1.199122
3085	3753	1.166996
3085	648	1.143091
3085	494	1.140671
3085	1597	1.069797
3085	292	0.988002
3085	1370	0.934963
3085	3744	0.924254
3086	1580	1.503415
3086	733	1.155656
3086	3256	1.122265
3086	1527	1.051109
3086	1370	1.012888
3086	1610	0.979357
3086	480	0.908935
3086	377	0.907173
3086	1356	0.839911
3086	2353	0.804694
3087	79	0.619695
3087	1727	0.609815
3087	1672	0.602912
3087	454	0.578416
3087	2316	0.573584
3087	2250	0.562871
3087	207	0.540485
3087	209	0.516362
3087	3252	0.515906
3087	350	0.474793
3088	593	0.964100
3088	318	0.955421
3088	357	0.954715
3088	150	0.884453
3088	1721	0.819043
3088	39	0.774099
3088	1704	0.771715
3088	527	0.770585
3088	608	0.717880
3088	2324	0.711302
3089	1356	1.214781
3089	2393	1.093874
3089	316	1.010319
3089	1371	0.800925
3089	780	0.713759
3089	1374	0.686635
3089	1909	0.664356
3089	2628	0.656403
3089	480	0.654621
3089	1373	0.623290
3090	1080	1.322978
3090	1394	1.251504
3090	1079	1.218196
3090	1294	1.206800
3090	1234	1.002817
3090	3361	0.938678
3090	3114	0.891920
3090	1244	0.879250
3090	1304	0.848458
3090	2918	0.827122
3091	253	1.038239
3091	1610	1.025036
3091	1994	0.923617
3091	1240	0.920706
3091	1345	0.885044
3091	1258	0.852285
3091	589	0.797262
3091	1339	0.749583
3091	1645	0.745496
3091	47	0.732513
3092	1748	1.660934
3092	2916	1.312608
3092	1376	1.239980
3092	3527	1.224399
3092	1580	1.126798
3092	1356	1.120663
3092	2117	1.074970
3092	1527	1.069483
3092	1396	1.067851
3092	3699	1.042446
3093	3863	1.294691
3093	3301	1.202648
3093	3785	1.097541
3093	3798	1.095271
3093	3893	1.090374
3093	3826	1.064702
3093	3952	1.056914
3093	3617	1.033694
3093	3578	1.000325
3093	3646	0.984813
3094	2683	2.361033
3094	3005	1.894506
3094	1093	1.874637
3094	2605	1.833251
3094	2688	1.796500
3094	2433	1.794862
3094	1911	1.757487
3094	2599	1.748761
3094	2706	1.708076
3094	2881	1.706823
3095	3361	2.430942
3095	1663	1.812030
3095	2791	1.711761
3095	1394	1.576926
3095	2352	1.561225
3095	1220	1.384386
3095	3526	1.372774
3095	1259	1.362041
3095	2100	1.316916
3095	2795	1.312276
3096	597	2.104773
3096	1569	1.504145
3096	1393	1.472785
3096	1777	1.424110
3096	7	1.269977
3096	708	1.241515
3096	2125	1.124539
3096	852	1.071029
3096	377	0.958296
3096	3259	0.944265
3097	318	0.951052
3097	1094	0.875152
3097	608	0.785019
3097	2243	0.731353
3097	2248	0.715663
3097	2028	0.703459
3097	902	0.673299
3097	2324	0.664602
3097	265	0.657823
3097	296	0.655494
3098	2531	1.089910
3098	3322	0.672813
3098	3757	0.648251
3098	3667	0.577350
3098	3014	0.553096
3098	2185	0.530746
3098	3847	0.499349
3098	2528	0.485556
3098	3326	0.454445
3098	3299	0.453815
3099	1372	1.826803
3099	316	1.732768
3099	2393	1.634096
3099	1779	1.585513
3099	780	1.305426
3099	1376	1.300941
3099	1676	1.248088
3099	1037	1.124259
3099	1603	1.120782
3099	1371	1.034946
3100	593	1.640195
3100	608	1.348345
3100	1213	1.319005
3100	1704	1.026216
3100	527	0.999760
3100	50	0.975441
3100	2467	0.830312
3100	2762	0.785760
3100	1589	0.774876
3100	903	0.756567
3101	1967	1.042967
3101	2193	1.007920
3101	1073	1.005751
3101	2161	0.969145
3101	317	0.953560
3101	2	0.899804
3101	2143	0.899704
3101	2054	0.859415
3101	367	0.850298
3101	2140	0.812316
3102	2770	1.110809
3102	2683	1.088156
3102	2336	1.063893
3102	2599	1.052302
3102	2716	0.993672
3102	2433	0.987220
3102	2959	0.978388
3102	2605	0.973708
3102	3005	0.972289
3102	223	0.920635
3103	1235	0.775407
3103	3624	0.715870
3103	1673	0.663646
3103	110	0.661801
3103	3755	0.649445
3103	3578	0.626792
3103	3555	0.619585
3103	3717	0.617077
3103	3793	0.609616
3103	3646	0.585664
3105	318	1.259537
3105	296	1.088690
3105	527	1.081831
3105	1198	1.075274
3105	593	1.064443
3105	858	1.053856
3105	608	0.970086
3105	1221	0.950888
3105	1291	0.933272
3105	2858	0.900522
3106	296	1.248995
3106	318	1.197215
3106	593	1.170566
3106	608	1.035121
3106	1204	1.001658
3106	1252	0.958579
3106	1250	0.871476
3106	1207	0.789943
3106	50	0.761934
3106	2858	0.751059
3107	2464	0.750000
3107	2755	0.675289
3107	1606	0.629878
3107	2371	0.587093
3107	2134	0.571966
3107	2373	0.566134
3107	694	0.553167
3107	2378	0.550163
3107	1826	0.534357
3107	181	0.531075
3108	2749	1.346482
3108	731	1.170629
3108	1589	0.999807
3108	1459	0.971720
3108	350	0.888075
3108	1805	0.714806
3108	2184	0.700004
3108	695	0.699819
3108	3044	0.691521
3108	3365	0.618510
3109	3753	0.864904
3109	1673	0.851341
3109	3555	0.790768
3109	480	0.768991
3109	3624	0.732132
3109	3300	0.682570
3109	589	0.665944
3109	3578	0.641359
3109	1972	0.628669
3109	3409	0.617493
3110	457	1.673949
3110	2194	1.366091
3110	1954	1.198228
3110	1291	1.196385
3110	1287	1.108074
3110	1240	0.991744
3110	2944	0.954960
3110	2000	0.928716
3110	2028	0.880929
3110	1198	0.873066
3111	2953	1.203441
3111	374	1.039624
3111	1445	0.950073
3111	473	0.855825
3111	2152	0.849844
3111	87	0.792611
3111	867	0.765339
3111	840	0.757266
3111	234	0.711516
3111	460	0.703636
3112	1805	0.697083
3112	695	0.667954
3112	1589	0.647039
3112	1892	0.644749
3112	306	0.610661
3112	1732	0.603649
3112	350	0.581751
3112	1092	0.523115
3112	3044	0.508164
3112	2467	0.496815
3113	349	0.900592
3113	10	0.802019
3113	733	0.760556
3113	2006	0.719770
3113	1356	0.689644
3113	780	0.687828
3113	1573	0.630569
3113	165	0.605726
3113	494	0.594342
3113	2353	0.585561
3114	2396	1.010745
3114	1923	0.919777
3114	2683	0.746888
3114	223	0.720712
3114	357	0.686821
3114	2959	0.682950
3114	1883	0.682143
3114	2477	0.666667
3114	339	0.641487
3114	2108	0.637605
3115	2916	2.036104
3115	1527	1.876314
3115	329	1.685685
3115	780	1.549008
3115	1909	1.435960
3115	1653	1.428758
3115	1676	1.350012
3115	1748	1.272071
3115	1573	1.138071
3115	32	1.072564
3116	457	2.315615
3116	1291	2.216788
3116	589	2.071387
3116	1200	1.799183
3116	1210	1.739086
3116	110	1.709916
3116	1196	1.616755
3116	2947	1.588750
3116	1387	1.399741
3116	733	1.374554
3117	318	1.355307
3117	593	1.261220
3117	608	1.043258
3117	1213	0.968366
3117	1617	0.965183
3117	1252	0.956781
3117	924	0.861191
3117	1207	0.840705
3117	912	0.804742
3117	527	0.771380
3118	2988	0.975567
3118	1942	0.666123
3118	1957	0.627498
3118	2068	0.625340
3118	150	0.624530
3118	3068	0.607935
3118	1365	0.595647
3118	1362	0.584184
3118	1302	0.539663
3118	2020	0.520047
3119	1527	2.168598
3119	1676	1.930665
3119	2393	1.759382
3119	480	1.724186
3119	2628	1.576350
3119	1653	1.480966
3119	1917	1.450151
3119	1376	1.405720
3119	3697	1.395854
3119	1876	1.378777
3120	2881	2.360419
3120	2770	2.304252
3120	223	2.216001
3120	2688	2.129189
3120	2433	1.971992
3120	2706	1.925580
3120	2355	1.858801
3120	3203	1.850372
3120	2716	1.635928
3120	2599	1.583092
3121	2688	2.784649
3121	24	2.360402
3121	2490	2.335564
3121	1959	2.171389
3121	2581	2.068146
3121	2502	2.014215
3121	3623	2.003051
3121	2719	1.907132
3121	785	1.875247
3121	2840	1.863342
3123	435	1.967034
3123	2393	1.789499
3123	172	1.742270
3123	2808	1.721570
3123	196	1.715173
3123	329	1.700546
3123	2531	1.683935
3123	2986	1.578266
3123	185	1.545717
3123	1603	1.536399
3125	1477	0.791909
3125	1569	0.776264
3125	539	0.634853
3125	2885	0.568009
3125	378	0.563261
3125	469	0.542491
3125	1894	0.539369
3125	1835	0.536445
3125	2558	0.536065
3125	2570	0.529300
3126	3256	1.301233
3126	349	1.006867
3126	1370	1.003299
3126	1343	0.940706
3126	2058	0.939045
3126	1610	0.893489
3126	1573	0.875457
3126	6	0.868347
3126	47	0.789508
3126	10	0.761493
3127	265	1.200874
3127	1265	1.152567
3127	1704	1.141344
3127	608	1.103682
3127	25	1.075930
3127	1213	1.006000
3127	296	0.982807
3127	356	0.827387
3127	357	0.825134
3127	50	0.813556
3128	231	0.663379
3128	542	0.554030
3128	429	0.549993
3128	1410	0.511470
3128	460	0.454139
3128	1213	0.447911
3128	1466	0.447677
3128	414	0.412873
3128	234	0.398056
3128	2858	0.395808
3129	1580	1.476186
3129	1573	1.469546
3129	733	1.319220
3129	349	1.305458
3129	10	1.283573
3129	380	1.237685
3129	3256	1.079334
3129	2278	1.031648
3129	2058	0.943503
3129	2353	0.936002
3130	1394	1.130240
3130	1278	0.996208
3130	1	0.960576
3130	1234	0.909600
3130	3671	0.903666
3130	1214	0.791043
3130	1294	0.784640
3130	1265	0.774018
3130	2918	0.760021
3130	1079	0.744227
3131	110	0.583544
3131	1704	0.551230
3131	36	0.448706
3131	1242	0.446215
3131	1265	0.431602
3131	1641	0.430041
3131	2562	0.422535
3131	1633	0.403058
3131	1291	0.388947
3131	2804	0.383057
3134	733	1.921291
3134	1370	1.861442
3134	1527	1.794848
3134	2916	1.737840
3134	1580	1.718452
3134	2058	1.333419
3134	380	1.227817
3134	2278	1.217658
3134	2989	1.134041
3134	377	1.107937
3135	1684	0.579446
3135	2362	0.513146
3135	302	0.502521
3135	265	0.483509
3135	2028	0.480329
3135	1885	0.479667
3135	838	0.463213
3135	1213	0.461526
3135	308	0.443548
3135	2573	0.437883
3136	2571	2.325652
3136	1200	2.241742
3136	1584	1.764993
3136	541	1.714423
3136	1210	1.657443
3136	3471	1.642749
3136	589	1.462782
3136	3703	1.415117
3136	2968	1.337216
3136	1270	1.305790
3137	3219	2.587311
3137	2502	2.559910
3137	2013	2.491187
3137	2716	2.323334
3137	2959	2.014606
3137	2581	1.891159
3137	1959	1.869297
3137	2723	1.826203
3137	2336	1.799663
3137	3174	1.757780
3138	608	1.436660
3138	50	1.176164
3138	2571	1.144992
3138	1213	1.117923
3138	2858	1.083796
3138	2028	1.083280
3138	1089	0.988079
3138	527	0.959127
3138	3793	0.838644
3138	2396	0.817935
3139	1270	1.360031
3139	1394	1.039255
3139	1200	0.966688
3139	1196	0.965737
3139	1036	0.917426
3139	2918	0.904902
3139	1214	0.867648
3139	1198	0.839053
3139	1288	0.836907
3139	1259	0.834003
3140	116	0.596519
3140	1316	0.581014
3140	2918	0.471132
3140	1265	0.467584
3140	2098	0.439444
3140	2115	0.415184
3140	3645	0.407502
3140	1747	0.407394
3140	3361	0.394180
3140	39	0.377428
3141	1	0.979963
3141	1377	0.771537
3141	2006	0.689931
3141	1552	0.689016
3141	34	0.675856
3141	2918	0.624668
3141	1537	0.621063
3141	1580	0.605095
3141	1394	0.595762
3141	2791	0.575879
3142	260	1.275343
3142	2918	1.183925
3142	1197	1.152718
3142	1036	1.149669
3142	1200	1.045180
3142	1270	1.007942
3142	2797	0.922814
3142	1214	0.889604
3142	1307	0.880828
3142	1387	0.853652
3143	110	0.997513
3143	733	0.958228
3143	2916	0.948994
3143	608	0.924097
3143	2571	0.874547
3143	2028	0.862207
3143	593	0.857450
3143	318	0.814527
3143	3418	0.804430
3143	589	0.778526
3144	3863	1.402021
3144	3623	1.330101
3144	3646	1.280341
3144	3617	1.133351
3144	3821	1.005528
3144	3861	0.999096
3144	3578	0.998408
3144	3624	0.953370
3144	3753	0.936213
3144	3745	0.920266
3145	1394	0.949317
3145	1307	0.825439
3145	3114	0.759821
3145	2918	0.738438
3145	3361	0.730989
3145	1270	0.689020
3145	1278	0.675479
3145	1265	0.638219
3145	2915	0.590881
3145	3421	0.571776
3146	3508	1.322529
3146	2401	1.255302
3146	3681	1.101229
3146	3074	1.095170
3146	3494	1.075565
3146	383	0.989443
3146	1201	0.926545
3146	1266	0.852323
3146	590	0.829060
3146	599	0.812905
3147	349	2.157234
3147	1573	2.014015
3147	1370	2.004349
3147	1722	1.543816
3147	2058	1.466626
3147	1610	1.409975
3147	2763	1.260149
3147	648	1.258441
3147	1356	1.182934
3147	474	1.082364
3148	318	1.305303
3148	296	1.280549
3148	593	1.256054
3148	608	1.217957
3148	527	0.966337
3148	1198	0.946633
3148	260	0.906050
3148	1089	0.870366
3148	3435	0.867044
3148	1252	0.766927
3150	2918	0.689280
3150	2797	0.638937
3150	1316	0.610796
3150	1079	0.573120
3150	3897	0.538234
3150	597	0.479252
3150	2791	0.476746
3150	141	0.476442
3150	3845	0.471815
3150	1777	0.454693
3151	260	1.191481
3151	858	1.054294
3151	1214	0.984599
3151	1200	0.970901
3151	1240	0.961703
3151	1198	0.925735
3151	2028	0.830059
3151	1036	0.719295
3151	318	0.716270
3151	2571	0.700043
3152	1073	0.885010
3152	3826	0.830916
3152	3285	0.815557
3152	3617	0.799612
3152	3623	0.759047
3152	1967	0.748765
3152	3785	0.743262
3152	3616	0.727713
3152	3646	0.711437
3152	3744	0.711317
3153	1079	1.203859
3153	2918	1.187322
3153	3552	1.104487
3153	3210	1.090258
3153	3361	1.004814
3153	1663	1.000186
3153	2174	0.980659
3153	2915	0.948585
3153	357	0.843031
3153	2791	0.777047
3154	1371	1.494839
3154	780	1.463673
3154	1376	1.418349
3154	316	1.355885
3154	1527	1.109832
3154	1876	1.080212
3154	1676	1.013848
3154	1917	0.950754
3154	2916	0.873577
3154	2046	0.856166
3155	2872	1.187357
3155	1967	1.063973
3155	2968	1.043998
3155	2161	0.980595
3155	3479	0.971299
3155	2005	0.881831
3155	2193	0.835111
3155	260	0.698259
3155	2054	0.678979
3155	2947	0.611023
3156	329	1.884386
3156	1573	1.689757
3156	1356	1.414015
3156	349	1.350706
3156	1370	1.291519
3156	1876	1.268232
3156	1676	1.214559
3156	3082	1.132515
3156	1917	1.117355
3156	2916	1.021591
3157	1580	2.009729
3157	1584	1.945417
3157	1527	1.877618
3157	2985	1.752717
3157	316	1.719822
3157	3699	1.640005
3157	1909	1.530253
3157	480	1.467165
3157	780	1.369206
3157	2968	1.347059
3158	2858	0.725805
3158	3255	0.715745
3158	2997	0.655056
3158	150	0.653455
3158	593	0.646699
3158	296	0.549611
3158	527	0.540155
3158	364	0.532778
3158	1500	0.523655
3158	1704	0.522616
3159	2770	0.677201
3159	2706	0.650207
3159	2683	0.618179
3159	2858	0.559858
3159	2599	0.552231
3159	3912	0.542576
3159	3751	0.533109
3159	3298	0.530767
3159	877	0.508521
3159	2333	0.480071
3161	1214	0.892611
3161	924	0.820285
3161	260	0.816151
3161	541	0.771556
3161	1270	0.762562
3161	1200	0.739446
3161	318	0.693098
3161	1204	0.664158
3161	527	0.659785
3161	1196	0.653054
3162	1370	1.723959
3162	292	1.563010
3162	2763	1.363023
3162	1722	1.343522
3162	786	1.318298
3162	3107	1.316888
3162	1792	1.261997
3162	736	1.245749
3162	648	1.140314
3162	349	1.129342
3163	745	0.543797
3163	1294	0.505460
3163	3363	0.485080
3163	3061	0.474746
3163	3827	0.412692
3163	1136	0.390936
3163	1148	0.390662
3163	3887	0.389018
3163	918	0.370456
3163	1947	0.369963
3164	3005	2.477844
3164	2707	2.033132
3164	2572	1.824886
3164	2710	1.819619
3164	2699	1.719263
3164	1911	1.607479
3164	1093	1.498403
3164	3203	1.477541
3164	2827	1.372129
3164	2759	1.348553
3165	3717	0.871467
3165	3510	0.858152
3165	3408	0.785059
3165	3300	0.775375
3165	2688	0.772668
3165	3753	0.767658
3165	3174	0.696927
3165	2734	0.673754
3165	3624	0.672448
3165	3263	0.656856
3166	593	2.094512
3166	296	1.771440
3166	608	1.740462
3166	527	1.713038
3166	858	1.356779
3166	457	1.300408
3166	260	1.181881
3166	1198	1.133641
3166	1089	1.129961
3166	589	1.117017
3167	1259	0.937804
3167	2797	0.845134
3167	2000	0.775083
3167	1200	0.764437
3167	1079	0.752988
3167	1222	0.710266
3167	1240	0.687892
3167	1197	0.657041
3167	1968	0.654315
3167	2114	0.577296
3168	2605	1.775780
3168	1911	1.705891
3168	2433	1.306107
3168	2574	1.293397
3168	1959	1.287666
3168	3219	1.249584
3168	2694	1.227690
3168	2683	1.219241
3168	1093	1.195803
3168	1513	1.188643
3169	173	1.792719
3169	1882	1.535600
3169	1373	1.526391
3169	1779	1.520973
3169	327	1.357707
3169	737	1.282820
3169	172	1.266131
3169	1037	1.259550
3169	2448	1.226397
3169	435	1.194295
3170	3210	1.368996
3170	3361	1.363551
3170	2915	1.334845
3170	3552	1.286045
3170	2918	1.251955
3170	2174	1.175215
3170	1079	1.113641
3170	1220	1.112463
3170	2144	1.106535
3170	1291	1.080963
3171	608	1.205845
3171	318	1.068693
3171	50	0.998134
3171	3741	0.951140
3171	1193	0.861867
3171	3490	0.860530
3171	593	0.834541
3171	1953	0.799931
3171	527	0.776514
3171	1034	0.718461
3172	780	1.409762
3172	1356	1.325719
3172	1573	1.317888
3172	2694	1.250959
3172	1580	1.211659
3172	1372	1.159733
3172	329	1.099981
3172	2858	1.052485
3172	2770	1.045849
3172	748	1.038869
3173	1198	1.023921
3173	1219	0.995890
3173	1240	0.990729
3173	1258	0.982274
3173	2193	0.977003
3173	2947	0.932645
3173	1200	0.932554
3173	260	0.926246
3173	858	0.900915
3173	1291	0.896912
3174	1610	1.744066
3174	474	1.364810
3174	1370	1.347025
3174	2762	1.268633
3174	377	1.254561
3174	2916	1.231913
3174	110	1.182087
3174	2058	1.156943
3174	454	1.136731
3174	349	1.100626
3175	1293	1.120556
3175	1674	0.938928
3175	3361	0.898132
3175	1299	0.890352
3175	1225	0.837122
3175	260	0.832565
3175	2020	0.829538
3175	1228	0.808629
3175	1079	0.803825
3175	3068	0.774291
3177	1198	0.780622
3177	260	0.761162
3177	1240	0.729979
3177	1304	0.702762
3177	1196	0.695891
3177	318	0.694481
3177	1200	0.641264
3177	593	0.635428
3177	1193	0.624751
3177	1213	0.623884
3178	1079	1.234216
3178	2161	1.018359
3178	1394	0.906657
3178	2872	0.906553
3178	1291	0.893716
3178	110	0.857853
3178	457	0.855925
3178	1197	0.846026
3178	1200	0.845675
3178	1073	0.825967
3180	1351	0.740898
3180	2605	0.628573
3180	148	0.577350
3180	2676	0.527582
3180	1911	0.516836
3180	3496	0.516518
3180	2432	0.515206
3180	3138	0.510100
3180	1063	0.504461
3180	1791	0.497687
3182	3755	1.475119
3182	3624	1.461946
3182	3753	1.228323
3182	3646	1.203817
3182	3510	1.069444
3182	3948	1.035946
3182	3827	1.035733
3182	3863	1.006446
3182	3752	1.003734
3182	3861	0.976237
3183	2115	1.609800
3183	1356	1.398359
3183	1372	1.313462
3183	2376	1.156687
3183	3107	1.131990
3183	733	1.102313
3183	316	1.101685
3183	3639	1.053371
3183	1722	1.030201
3183	380	1.018009
3184	527	1.425842
3184	608	1.405277
3184	1704	1.290161
3184	2028	1.118521
3184	25	1.029233
3184	2858	1.000132
3184	1358	0.983254
3184	1041	0.968337
3184	1617	0.895298
3184	2324	0.861230
3185	1	1.237306
3185	2571	1.151230
3185	589	1.038507
3185	745	1.029052
3185	1343	1.019247
3185	1394	1.012817
3185	1200	0.927039
3185	3256	0.909600
3185	2918	0.845778
3185	2916	0.838305
3186	2203	2.523079
3186	1153	1.797597
3186	1617	1.659031
3186	942	1.494500
3186	681	1.362490
3186	904	1.248129
3186	3805	1.213717
3186	1783	1.204280
3186	541	1.158135
3186	903	1.143938
3189	357	1.021517
3189	356	0.885352
3189	2125	0.801712
3189	2316	0.732417
3189	838	0.715324
3189	497	0.679756
3189	2424	0.667921
3189	58	0.662342
3189	3259	0.662108
3189	2671	0.658984
3190	1580	1.060399
3190	589	1.010863
3190	2028	0.949311
3190	110	0.846869
3190	1610	0.835090
3190	2916	0.820457
3190	2997	0.813413
3190	3253	0.764887
3190	1240	0.751566
3190	2858	0.689839
3191	2497	1.143162
3191	2885	0.957759
3191	1409	0.925528
3191	3510	0.742291
3191	3578	0.698632
3191	3753	0.678539
3191	3535	0.615854
3191	3409	0.605334
3191	3555	0.604766
3191	46	0.589610
3192	1200	1.204310
3192	1196	1.051537
3192	260	1.007791
3192	541	1.005311
3192	2571	0.962377
3192	3471	0.919208
3192	500	0.890227
3192	597	0.881863
3192	1485	0.839003
3192	3703	0.796402
3193	3697	2.578935
3193	1779	2.494400
3193	1676	2.383212
3193	1603	2.355570
3193	1372	2.210292
3193	1037	2.179427
3193	748	2.170532
3193	2094	2.093216
3193	1527	1.629858
3193	1831	1.612388
3194	2716	1.823987
3194	2770	1.784357
3194	2683	1.733170
3194	2688	1.690624
3194	223	1.560624
3194	1093	1.527180
3194	785	1.484060
3194	3005	1.399117
3194	2712	1.334326
3194	2599	1.316616
3195	1011	0.907111
3195	3785	0.692837
3195	3798	0.689272
3195	3821	0.657096
3195	3717	0.621185
3195	1373	0.579609
3195	3578	0.577688
3195	2040	0.576380
3195	2779	0.574943
3195	3744	0.556113
3196	1983	1.100735
3196	1991	1.058403
3196	3017	1.042415
3196	1985	1.005136
3196	2005	0.929208
3196	3489	0.885012
3196	1970	0.828620
3196	2517	0.813191
3196	2054	0.795634
3196	3438	0.793860
3197	6	1.118489
3197	1466	0.909553
3197	1729	0.881067
3197	2268	0.636281
3197	1089	0.636153
3197	1799	0.606339
3197	293	0.577683
3197	1662	0.566087
3197	1589	0.565614
3197	1645	0.552685
3198	1987	1.013041
3198	1347	0.921966
3198	3459	0.885406
3198	1342	0.884645
3198	1346	0.877007
3198	2782	0.824338
3198	188	0.784179
3198	2148	0.783790
3198	2784	0.781741
3198	2868	0.759260
3199	780	1.268881
3199	1527	1.116449
3199	316	0.937497
3199	1676	0.913876
3199	1573	0.890501
3199	329	0.828725
3199	1909	0.808164
3199	292	0.793102
3199	2006	0.788466
3199	1544	0.775065
3200	3948	0.796936
3200	3317	0.746234
3200	2245	0.734520
3200	1135	0.727734
3200	3087	0.656889
3200	2371	0.650335
3200	2174	0.632912
3200	3915	0.580462
3200	3408	0.569620
3200	3556	0.568707
3201	3433	0.539848
3201	2477	0.499179
3201	3447	0.498547
3201	480	0.491294
3201	667	0.405135
3201	380	0.401117
3201	3434	0.399589
3201	780	0.394132
3201	3729	0.387237
3201	3385	0.386511
3202	2042	0.942716
3202	1474	0.830829
3202	1707	0.791737
3202	367	0.790995
3202	2799	0.780919
3202	867	0.775944
3202	881	0.696246
3202	54	0.694019
3202	419	0.688028
3202	1367	0.653847
3203	589	0.901865
3203	1200	0.813412
3203	1980	0.780795
3203	1979	0.769166
3203	260	0.724773
3203	1214	0.722383
3203	32	0.713880
3203	110	0.671746
3203	1221	0.670659
3203	1196	0.657484
3204	1079	1.196979
3204	2918	1.100453
3204	3671	1.022375
3204	3361	1.018669
3204	1394	1.002078
3204	1278	0.928675
3204	2352	0.834400
3204	1136	0.834389
3204	1923	0.822791
3204	2321	0.793091
3205	2571	2.172922
3205	541	2.034940
3205	1206	1.864019
3205	589	1.618810
3205	1036	1.478389
3205	1291	1.441529
3205	3703	1.416335
3205	1197	1.385693
3205	32	1.361554
3205	1387	1.300259
3206	2716	2.169554
3206	1911	2.117966
3206	2881	2.079059
3206	1093	1.970804
3206	223	1.861174
3206	2734	1.782755
3206	2995	1.573442
3206	2683	1.552745
3206	2490	1.528479
3206	2541	1.478579
3207	2120	1.523725
3207	1717	1.365766
3207	2327	1.325319
3207	407	1.127782
3207	3709	1.024889
3207	3777	0.998643
3207	2003	0.992492
3207	426	0.992236
3207	3351	0.982043
3207	2483	0.925879
3208	2383	1.631392
3208	2379	1.280888
3208	2464	1.032104
3208	3041	0.973712
3208	2458	0.956950
3208	2818	0.955565
3208	3401	0.914714
3208	1867	0.880251
3208	2642	0.875101
3208	546	0.866553
3209	2818	1.226698
3209	1882	1.135521
3209	2808	1.006911
3209	1867	0.967804
3209	2817	0.954030
3209	694	0.950445
3209	3753	0.943089
3209	3432	0.908412
3209	3623	0.907023
3209	546	0.905003
3210	560	0.707107
3210	593	0.488961
3210	1076	0.487516
3210	3874	0.482239
3210	150	0.454192
3210	1407	0.436151
3210	3224	0.433674
3210	1664	0.430051
3210	2063	0.430051
3210	2731	0.408998
3211	1247	0.736854
3211	3468	0.678039
3211	1207	0.584398
3211	1255	0.575550
3211	3238	0.524219
3211	3696	0.509028
3211	357	0.506487
3211	1393	0.495739
3211	356	0.482643
3211	151	0.459379
3213	1370	0.761051
3213	3256	0.737098
3213	377	0.700813
3213	1552	0.660631
3213	2916	0.652904
3213	3107	0.635862
3213	1608	0.616498
3213	11	0.613373
3213	2006	0.605229
3213	2353	0.595402
3214	889	0.699498
3214	2486	0.699498
3214	2969	0.488404
3214	1684	0.477156
3214	1117	0.472456
3214	1163	0.472456
3214	1203	0.465301
3214	2184	0.446704
3214	1440	0.415416
3214	2748	0.393902
3215	2997	1.048276
3215	1784	0.897338
3215	1265	0.814162
3215	597	0.767843
3215	3253	0.740851
3215	440	0.712348
3215	587	0.710180
3215	2683	0.693434
3215	441	0.671502
3215	539	0.670180
3216	2501	0.612941
3216	308	0.596685
3216	563	0.567905
3216	1354	0.550958
3216	150	0.540634
3216	1094	0.532374
3216	300	0.445324
3216	1358	0.436492
3216	1176	0.423370
3216	2852	0.420556
3217	539	0.668838
3217	2424	0.658857
3217	597	0.593250
3217	1580	0.583222
3217	1777	0.583119
3217	780	0.581195
3217	1356	0.556521
3217	2006	0.527960
3217	2705	0.518476
3217	349	0.482934
3218	2688	2.091271
3218	2712	1.929383
3218	2013	1.882990
3218	3623	1.754391
3218	785	1.717467
3218	2690	1.698800
3218	3160	1.643015
3218	3219	1.583754
3218	2959	1.571472
3218	2502	1.565821
3219	1573	1.395905
3219	2916	1.035104
3219	349	0.902514
3219	3256	0.853675
3219	780	0.834953
3219	2353	0.814463
3219	1580	0.812511
3219	377	0.799291
3219	380	0.713321
3219	1610	0.687885
3220	1136	1.012270
3220	858	0.982964
3220	1214	0.966805
3220	1294	0.959010
3220	3421	0.937446
3220	1278	0.898777
3220	1304	0.854825
3220	3362	0.844058
3220	1292	0.794578
3220	1230	0.764975
3221	2571	1.723894
3221	349	1.636064
3221	733	1.555243
3221	589	1.381616
3221	1610	1.316427
3221	1722	1.160700
3221	377	1.158894
3221	380	1.119866
3221	1210	1.103840
3221	260	1.100278
3223	2734	2.411602
3223	2013	2.149043
3223	2581	2.032447
3223	2959	2.018263
3223	1513	1.968862
3223	2333	1.968315
3223	2688	1.924910
3223	24	1.856888
3223	2568	1.772646
3223	2840	1.665940
3224	1223	0.706735
3224	1493	0.681089
3224	3911	0.644754
3224	3948	0.616278
3224	3893	0.576093
3224	3317	0.561732
3224	3795	0.458504
3224	1902	0.454553
3224	3794	0.451054
3224	3556	0.447549
3226	1240	1.499879
3226	1200	1.338536
3226	1196	1.320868
3226	1214	1.188345
3226	1198	1.104111
3226	2944	1.040785
3226	1210	1.008122
3226	3703	0.959829
3226	1036	0.954922
3226	2028	0.904398
3227	1093	0.945154
3227	2706	0.913752
3227	2770	0.876907
3227	1550	0.869714
3227	2485	0.869484
3227	2805	0.861455
3227	223	0.857078
3227	2688	0.847563
3227	3005	0.820148
3227	2716	0.735760
3228	2688	2.499156
3228	2605	2.123872
3228	1911	1.840962
3228	1093	1.785285
3228	785	1.675859
3228	2599	1.674030
3228	2336	1.653645
3228	2428	1.566118
3228	3219	1.563581
3228	2770	1.538758
3229	527	1.054417
3229	1254	0.993448
3229	858	0.909491
3229	1252	0.874485
3229	3196	0.866782
3229	1207	0.865903
3229	3670	0.831552
3229	969	0.779745
3229	908	0.721894
3229	1272	0.707646
3230	1343	0.838819
3230	2353	0.822906
3230	780	0.751332
3230	2628	0.750019
3230	2058	0.688302
3230	3256	0.680910
3230	3249	0.622982
3230	1610	0.618230
3230	1748	0.617631
3230	1370	0.616037
3231	1240	1.532328
3231	1291	1.518962
3231	1036	1.446475
3231	1222	1.278251
3231	1200	1.166033
3231	1287	1.151244
3231	2949	1.126353
3231	1610	1.038139
3231	1196	1.028136
3231	1214	1.025334
3232	1923	1.022644
3232	357	0.972682
3232	3253	0.830883
3232	2108	0.785884
3232	1500	0.785441
3232	1517	0.763012
3232	11	0.740029
3232	2321	0.727695
3232	1265	0.727293
3232	2359	0.718373
3233	1094	0.932977
3233	3198	0.763577
3233	1369	0.596831
3233	3418	0.577484
3233	17	0.564866
3233	1957	0.552063
3233	25	0.541796
3233	1082	0.539200
3233	3636	0.533822
3233	2243	0.525608
3235	223	2.400229
3235	2688	2.095579
3235	2706	1.974484
3235	1911	1.955167
3235	3005	1.888724
3235	1093	1.840451
3235	2599	1.818735
3235	2881	1.733783
3235	2336	1.696243
3235	2502	1.691585
3237	318	1.276520
3237	608	1.212130
3237	2762	1.074561
3237	296	1.030829
3237	150	0.984629
3237	527	0.981352
3237	1	0.914733
3237	2571	0.908008
3237	457	0.795663
3237	2324	0.775840
3238	858	1.090513
3238	912	0.925968
3238	1196	0.909288
3238	318	0.882971
3238	1079	0.881376
3238	1204	0.856734
3238	1288	0.849709
3238	2028	0.805093
3238	1307	0.798007
3238	593	0.795139
3239	339	2.108153
3239	539	1.826509
3239	597	1.336106
3239	7	1.283915
3239	2671	1.157216
3239	357	1.112237
3239	1441	1.110866
3239	1457	1.029957
3239	289	0.968053
3239	852	0.966596
3240	6	1.543790
3240	1343	1.527343
3240	608	1.489041
3240	1610	1.466486
3240	1358	1.190428
3240	593	0.961042
3240	2858	0.958099
3240	110	0.935293
3240	1625	0.927869
3240	1617	0.919516
3241	3263	0.732294
3241	3760	0.705093
3241	2000	0.700296
3241	434	0.641970
3241	1625	0.633186
3241	2753	0.603005
3241	3445	0.595613
3241	3082	0.574668
3241	3809	0.558927
3241	3764	0.545595
3242	1562	1.130502
3242	1606	0.899902
3242	704	0.871698
3242	1752	0.830265
3242	533	0.821719
3242	849	0.780320
3242	809	0.767286
3242	438	0.749232
3242	71	0.736400
3242	485	0.731381
3243	1569	1.689271
3243	708	1.675040
3243	356	1.664528
3243	587	1.576172
3243	7	1.566562
3243	852	1.480297
3243	838	1.219506
3243	2125	1.199494
3243	2108	1.193112
3243	1457	1.192495
3245	3753	2.107910
3245	3409	1.716744
3245	3744	1.577711
3245	3717	1.541513
3245	3534	1.540476
3245	3755	1.506560
3245	3751	1.497205
3245	3354	1.457833
3245	3793	1.429149
3245	3513	1.378447
3246	1552	1.572342
3246	10	1.511944
3246	1722	1.435855
3246	1370	1.350563
3246	2916	1.275429
3246	1597	1.199511
3246	1573	1.142121
3246	648	1.104278
3246	2273	1.051936
3246	3256	1.030914
3248	1198	0.891551
3248	318	0.852200
3248	1214	0.789531
3248	858	0.778220
3248	527	0.772580
3248	608	0.772206
3248	1674	0.757065
3248	2028	0.751472
3248	902	0.741993
3248	1221	0.721978
3249	2599	1.042763
3249	2541	0.900274
3249	223	0.861086
3249	2694	0.852393
3249	2770	0.848637
3249	2688	0.831311
3249	2881	0.792627
3249	2716	0.789316
3249	2333	0.764829
3249	1093	0.759309
3250	296	0.979878
3250	150	0.955527
3250	293	0.949515
3250	1089	0.934885
3250	1213	0.904613
3250	47	0.795864
3250	529	0.722795
3250	1358	0.705483
3250	608	0.688621
3250	527	0.678903
3251	1278	1.327847
3251	1276	1.006490
3251	3421	0.996494
3251	1292	0.995399
3251	3363	0.891731
3251	1270	0.888149
3251	260	0.866262
3251	1193	0.843577
3251	541	0.735522
3251	1230	0.724504
3252	2770	2.376792
3252	1911	2.273666
3252	2605	2.231996
3252	2683	2.204080
3252	3005	2.201997
3252	2694	2.163591
3252	1093	2.042012
3252	2355	1.987867
3252	223	1.951820
3252	2599	1.801579
3253	608	0.972168
3253	1213	0.744222
3253	50	0.669079
3253	318	0.621252
3253	1089	0.609057
3253	593	0.590110
3253	34	0.568487
3253	1914	0.561995
3253	265	0.548959
3253	2028	0.543476
3255	539	1.795568
3255	11	1.464459
3255	440	1.392106
3255	339	1.279732
3255	2424	1.181232
3255	708	1.112488
3255	1569	1.018657
3255	2108	0.915466
3255	1680	0.899244
3255	852	0.823135
3256	593	1.474325
3256	318	1.418741
3256	2694	1.383229
3256	858	1.358774
3256	527	1.306808
3256	1213	1.236877
3256	110	1.199685
3256	2683	1.169813
3256	1093	1.146537
3256	2881	1.124353
3257	1079	1.094622
3257	1278	1.072777
3257	1080	1.004227
3257	903	0.964372
3257	1270	0.945848
3257	3361	0.937567
3257	3671	0.897710
3257	608	0.811482
3257	1259	0.799159
3257	3363	0.797739
3258	1394	1.119268
3258	1079	1.029712
3258	2918	0.914456
3258	3685	0.871240
3258	3072	0.832173
3258	2064	0.830352
3258	1288	0.789171
3258	1238	0.667519
3258	2915	0.649951
3258	1036	0.606985
3259	2571	1.095091
3259	1240	1.011306
3259	1196	0.897121
3259	110	0.852874
3259	260	0.841461
3259	457	0.757243
3259	1291	0.705486
3259	1210	0.684542
3259	1198	0.678802
3259	1242	0.654999
3260	3508	1.964480
3260	553	1.834351
3260	3494	1.684010
3260	2951	1.589057
3260	1007	1.577923
3260	3074	1.501451
3260	2921	1.431723
3260	3681	1.299699
3260	458	1.260023
3260	599	1.197559
3261	11	0.632373
3261	1380	0.508972
3261	52	0.481215
3261	2690	0.471384
3261	597	0.460722
3261	3028	0.458789
3261	3174	0.458032
3261	2108	0.456049
3261	2837	0.453261
3261	539	0.453261
3262	339	1.806093
3262	1569	1.616399
3262	11	1.232852
3262	1485	1.220662
3262	440	1.181529
3262	357	1.172054
3262	500	1.087334
3262	852	0.959025
3262	356	0.932201
3262	7	0.865256
3263	480	1.293008
3263	2115	1.074859
3263	2916	1.040599
3263	2991	1.030970
3263	1573	1.006016
3263	2640	0.990460
3263	1610	0.958999
3263	1356	0.912127
3263	349	0.909312
3263	2353	0.881163
3265	2643	0.889868
3265	2050	0.883104
3265	2408	0.709049
3265	1073	0.705498
3265	2193	0.658332
3265	2422	0.623682
3265	2161	0.619840
3265	2373	0.611613
3265	2054	0.608196
3265	2402	0.594056
3266	3911	0.990300
3266	3897	0.719621
3266	3893	0.679710
3266	3915	0.651864
3266	3852	0.633316
3266	296	0.570948
3266	1089	0.528515
3266	3617	0.523977
3266	1805	0.523673
3266	3863	0.513717
3267	1747	1.338086
3267	52	1.336601
3267	1883	1.245471
3267	708	1.240015
3267	1641	1.205499
3267	11	1.199263
3267	3255	1.095918
3267	104	1.045917
3267	141	1.035736
3267	852	1.015016
3268	2918	1.185300
3268	1	0.986031
3268	1307	0.984238
3268	1079	0.979975
3268	1270	0.901811
3268	2858	0.844510
3268	1259	0.827381
3268	3421	0.815729
3268	3361	0.814984
3268	2174	0.765552
3269	260	1.514115
3269	1240	1.490403
3269	3578	1.345176
3269	3755	1.288220
3269	3510	1.266485
3269	1214	1.244495
3269	3484	1.152762
3269	1036	1.146835
3269	2571	1.142717
3269	3717	1.133529
3270	1246	0.747158
3270	1291	0.699867
3270	1220	0.635248
3270	1961	0.594504
3270	1036	0.582989
3270	1210	0.581996
3270	593	0.575449
3270	2797	0.565089
3270	3360	0.541835
3270	3104	0.538062
3271	1888	1.095074
3271	1894	0.917140
3271	499	0.828425
3271	287	0.798777
3271	2497	0.786142
3271	1409	0.777258
3271	237	0.744113
3271	3106	0.711901
3271	1541	0.695557
3271	46	0.668535
3272	291	1.592607
3272	103	1.545177
3272	1427	1.440998
3272	3056	1.243866
3272	782	1.071743
3272	100	0.861292
3272	2717	0.860608
3272	3385	0.845070
3272	2263	0.749536
3272	423	0.733177
3274	2643	0.816900
3274	2133	0.802706
3274	2422	0.790535
3274	2735	0.768747
3274	3673	0.757797
3274	2143	0.756270
3274	3698	0.723651
3274	2950	0.710548
3274	2105	0.650238
3274	2642	0.634603
3277	1196	1.071673
3277	1240	1.026071
3277	1200	0.877948
3277	1270	0.809415
3277	541	0.781950
3277	924	0.772293
3277	858	0.752035
3277	1304	0.751335
3277	969	0.743813
3277	1387	0.728928
3278	1230	1.664486
3278	951	1.454781
3278	1256	1.190408
3278	1238	1.083695
3278	2208	1.021003
3278	936	0.971643
3278	3819	0.930512
3278	1394	0.835195
3278	3192	0.824253
3278	1294	0.788288
3279	3757	1.064961
3279	3847	0.798302
3279	835	0.691068
3279	3766	0.607066
3279	1918	0.571918
3279	1587	0.571005
3279	3773	0.552382
3279	1272	0.540727
3279	1508	0.524157
3279	1240	0.510764
3280	2683	1.335874
3280	1911	1.088704
3280	3005	0.977582
3280	2541	0.944761
3280	2710	0.849295
3280	2605	0.847648
3280	3113	0.786149
3280	2770	0.781944
3280	2707	0.729663
3280	2572	0.727120
3281	3421	0.835187
3281	3361	0.823405
3281	2918	0.819469
3281	1079	0.747568
3281	3552	0.681771
3281	1307	0.673911
3281	1923	0.660627
3281	2174	0.644395
3281	1265	0.642799
3281	3255	0.640447
3283	2951	3.350699
3283	3681	2.922987
3283	2055	2.387969
3283	210	2.325446
3283	487	2.138810
3283	303	1.957687
3283	3487	1.793944
3283	964	1.715623
3283	1201	1.698593
3283	1209	1.572625
3284	593	1.350440
3284	296	1.328817
3284	2028	1.201429
3284	50	1.162734
3284	1213	1.041498
3284	2858	0.918898
3284	1089	0.914223
3284	858	0.855279
3284	1196	0.800353
3284	260	0.780466
3285	2688	0.798515
3285	2581	0.769402
3285	2392	0.766501
3285	2719	0.724105
3285	2574	0.576926
3285	1513	0.551914
3285	2805	0.516145
3285	2605	0.480132
3285	2882	0.451640
3285	2676	0.450595
3289	260	1.132359
3289	3670	1.106330
3289	1208	1.089110
3289	1233	1.087868
3289	1242	1.013631
3289	1272	0.916924
3289	318	0.907914
3289	858	0.888901
3289	1263	0.866276
3289	1207	0.854212
3290	2002	1.175115
3290	2531	1.089910
3290	3769	0.771104
3290	3638	0.722357
3290	3763	0.721985
3290	3770	0.662423
3290	1587	0.657036
3290	1552	0.652022
3290	835	0.640981
3290	2753	0.636950
3292	1200	0.524283
3292	463	0.511001
3292	1214	0.505560
3292	2529	0.476550
3292	2049	0.442854
3292	1374	0.430723
3292	3527	0.423058
3292	3253	0.415105
3292	1610	0.388403
3292	640	0.387590
3293	3764	1.157687
3293	2000	0.805189
3293	3847	0.740317
3293	3770	0.731790
3293	3771	0.718582
3293	3263	0.589468
3293	2302	0.583218
3293	2949	0.542510
3293	3836	0.538499
3293	1552	0.526646
3294	1918	1.342672
3294	707	0.937322
3294	1564	0.920028
3294	2616	0.849998
3294	1377	0.841451
3294	1647	0.727796
3294	999	0.725451
3294	1352	0.688860
3294	1675	0.675591
3294	1671	0.650447
3295	2598	2.221179
3295	2840	2.168443
3295	2395	2.052355
3295	2491	1.873736
3295	2581	1.591034
3295	3157	1.534513
3295	2763	1.446468
3295	24	1.331927
3295	2502	1.318571
3295	2961	1.284510
3296	2605	2.406930
3296	2881	2.189509
3296	2581	2.099023
3296	3174	1.958757
3296	2541	1.917020
3296	2676	1.691347
3296	2694	1.536041
3296	2599	1.534288
3296	223	1.532766
3296	2336	1.524131
3297	339	1.079503
3297	2424	1.002831
3297	597	0.965588
3297	1569	0.836041
3297	440	0.804246
3297	380	0.796683
3297	11	0.763347
3297	1777	0.738932
3297	357	0.712935
3297	480	0.695658
3298	223	2.239602
3298	2694	2.158570
3298	2770	2.105417
3298	2433	1.575677
3298	2336	1.486008
3298	1093	1.457561
3298	3005	1.447779
3298	2688	1.436622
3298	2716	1.434527
3298	2710	1.323613
3299	969	0.644718
3299	2648	0.626663
3299	1198	0.601573
3299	1219	0.594213
3299	1291	0.576708
3299	910	0.546837
3299	912	0.545123
3299	1262	0.529849
3299	1259	0.520020
3299	1230	0.488801
3300	2191	0.862976
3300	3099	0.813643
3300	1011	0.794740
3300	3671	0.718328
3300	3230	0.666468
3300	3481	0.633914
3300	974	0.610216
3300	1082	0.597838
3300	2177	0.581449
3300	2051	0.558833
3301	2716	1.746198
3301	2688	1.681079
3301	2959	1.673582
3301	2599	1.613743
3301	2580	1.471212
3301	1093	1.423336
3301	223	1.389808
3301	2333	1.363960
3301	3053	1.240943
3301	2605	1.221217
3302	608	1.300428
3302	296	1.108277
3302	1089	1.090755
3302	1213	1.033916
3302	1617	1.021479
3302	2028	0.904843
3302	1358	0.773184
3302	3763	0.730348
3302	1704	0.719067
3302	2858	0.704339
3304	1947	2.744587
3304	594	2.593874
3304	1029	2.476597
3304	588	2.172871
3304	2087	1.958090
3304	3549	1.923093
3304	2081	1.872106
3304	3061	1.823147
3304	900	1.787919
3304	2078	1.742555
3305	3496	1.050343
3305	150	0.786456
3305	529	0.730934
3305	3105	0.692491
3305	1094	0.668789
3305	778	0.621926
3305	388	0.613870
3305	997	0.577855
3305	1704	0.575478
3305	2778	0.513729
3306	1267	1.038025
3306	594	0.979881
3306	1196	0.941382
3306	2186	0.855224
3306	1212	0.813115
3306	1204	0.781282
3306	942	0.774673
3306	1284	0.756901
3306	3114	0.746751
3306	1248	0.739356
3308	280	0.737649
3308	1610	0.728519
3308	2763	0.726203
3308	2803	0.669603
3308	1370	0.653139
3308	2491	0.644958
3308	2490	0.617497
3308	2672	0.616116
3308	3256	0.612872
3308	733	0.608001
3309	2	1.440334
3309	1967	1.389263
3309	2005	1.383961
3309	2161	1.260533
3309	367	1.057741
3309	1073	0.998468
3309	2162	0.992338
3309	2174	0.917483
3309	3438	0.895656
3309	2100	0.854598
3310	2396	0.950646
3310	1	0.908632
3310	2997	0.686419
3310	3814	0.632970
3310	1704	0.626417
3310	1136	0.589757
3310	1278	0.564617
3310	1234	0.560824
3310	3632	0.546421
3310	898	0.544980
3311	1901	0.673039
3311	3905	0.673039
3311	2055	0.622905
3311	1379	0.606213
3311	397	0.585837
3311	1007	0.580705
3311	640	0.562166
3311	2461	0.547466
3311	553	0.532680
3311	1993	0.510654
3312	3895	0.820953
3312	3597	0.699132
3312	3745	0.699119
3312	3906	0.601470
3312	3786	0.598725
3312	3886	0.590571
3312	3943	0.556116
3312	3911	0.545444
3312	3893	0.533746
3312	3317	0.505406
3313	733	0.927235
3313	1370	0.901250
3313	349	0.835022
3313	3256	0.790770
3313	2058	0.717350
3313	377	0.658072
3313	10	0.643955
3313	2353	0.639690
3313	2403	0.616071
3313	2273	0.596387
3314	2134	1.522866
3314	2469	1.197018
3314	3524	1.027915
3314	2470	0.966124
3314	2372	0.904742
3314	3308	0.831463
3314	2378	0.738283
3314	2150	0.716836
3314	2111	0.703648
3314	3448	0.677402
3315	1777	0.817129
3315	2424	0.645363
3315	2694	0.637574
3315	2572	0.609245
3315	2671	0.605603
3315	539	0.579010
3315	339	0.571438
3315	1677	0.571352
3315	2710	0.552556
3315	39	0.544892
3316	2797	1.385613
3316	1967	1.265887
3316	3479	1.170113
3316	260	1.107609
3316	2161	1.074996
3316	1240	0.938432
3316	2140	0.915070
3316	1291	0.884039
3316	2571	0.872603
3316	2100	0.834888
3317	1917	2.992550
3317	1690	2.666113
3317	2808	2.274905
3317	748	2.253642
3317	1603	2.212427
3317	173	2.031739
3317	2393	1.935098
3317	329	1.860776
3317	185	1.758581
3317	172	1.730368
3318	1284	1.058568
3318	2186	0.962017
3318	3435	0.914959
3318	2066	0.857581
3318	913	0.833025
3318	922	0.828521
3318	903	0.809918
3318	49	0.769147
3318	1069	0.725090
3318	904	0.723512
3319	1302	1.065125
3319	1246	0.902169
3319	2114	0.774360
3319	2069	0.750592
3319	2240	0.748049
3319	1856	0.738875
3319	3047	0.738875
3319	3492	0.714720
3319	3403	0.705469
3319	3098	0.671742
3320	1970	2.443651
3320	1971	2.264169
3320	2121	2.112710
3320	3459	1.851851
3320	1327	1.791730
3320	1983	1.781377
3320	1975	1.707613
3320	1977	1.599896
3320	2868	1.566747
3320	1985	1.402382
3321	1079	1.914217
3321	2918	1.743047
3321	1307	1.733712
3321	1968	1.723745
3321	2174	1.566469
3321	2795	1.402639
3321	2144	1.283128
3321	3072	1.219102
3321	2150	1.186698
3321	1257	1.113348
3322	1089	0.927684
3322	2268	0.904339
3322	555	0.872556
3322	1500	0.849776
3322	1447	0.739361
3322	1799	0.732031
3322	1227	0.663846
3322	1791	0.646585
3322	1671	0.633282
3322	2194	0.628057
3323	1213	1.810129
3323	527	1.515405
3323	858	1.469366
3323	1207	1.241356
3323	923	1.200120
3323	50	1.171788
3323	2858	1.114894
3323	908	1.060321
3323	1952	0.999789
3323	1247	0.976339
3326	1171	1.077957
3326	3753	1.048481
3326	1035	0.974037
3326	3510	0.836175
3326	1673	0.827663
3326	3793	0.827076
3326	3624	0.780328
3326	2291	0.779322
3326	3555	0.758560
3326	3578	0.734975
3327	292	0.870205
3327	494	0.848386
3327	1722	0.824489
3327	1370	0.748292
3327	2617	0.742768
3327	1917	0.722066
3327	2881	0.709687
3327	1792	0.663734
3327	1911	0.659669
3327	380	0.658921
3328	463	0.897863
3328	436	0.698232
3328	2965	0.636396
3328	217	0.592165
3328	2445	0.572883
3328	132	0.568634
3328	3677	0.552158
3328	2586	0.544331
3328	386	0.521313
3328	2006	0.519810
3329	3504	0.546025
3329	1094	0.505421
3329	615	0.474437
3329	957	0.448396
3329	2020	0.433653
3329	920	0.431199
3329	2648	0.404066
3329	3496	0.401418
3329	1	0.401088
3329	1188	0.385728
3331	50	1.100138
3331	1213	0.874228
3331	434	0.790084
3331	1371	0.786204
3331	552	0.750251
3331	1617	0.736402
3331	2471	0.703151
3331	593	0.699121
3331	1805	0.687331
3331	318	0.668386
3332	3578	1.013921
3332	2694	0.996030
3332	3300	0.966284
3332	3744	0.890128
3332	3717	0.885877
3332	3624	0.818097
3332	3408	0.812632
3332	3785	0.804836
3332	2683	0.793648
3332	3273	0.775887
3333	3005	0.734435
3333	750	0.716169
3333	3911	0.687116
3333	2694	0.654946
3333	3318	0.640218
3333	3948	0.635335
3333	3852	0.621253
3333	1214	0.602714
3333	223	0.598966
3333	3317	0.594054
3334	377	0.902626
3334	733	0.849810
3334	3253	0.662174
3334	2353	0.653054
3334	1923	0.648535
3334	1641	0.621101
3334	357	0.620743
3334	1784	0.607990
3334	2278	0.606975
3334	3256	0.603934
3336	2114	0.998993
3336	2942	0.992506
3336	1982	0.972080
3336	1350	0.777511
3336	3714	0.774534
3336	1286	0.771404
3336	1321	0.749833
3336	3576	0.708042
3336	2411	0.701436
3336	3109	0.695534
3337	527	1.339841
3337	2700	1.315621
3337	2987	1.298459
3337	608	1.216232
3337	1213	1.198133
3337	1221	1.191307
3337	1617	1.113761
3337	260	1.105783
3337	2028	1.087639
3337	1193	1.051556
3338	1079	1.606182
3338	1394	1.583172
3338	1136	1.485534
3338	3361	1.474766
3338	1080	1.211783
3338	1968	1.116205
3338	1259	1.105249
3338	3363	1.086015
3338	1294	1.072616
3338	3210	1.037283
3339	2997	0.832359
3339	50	0.776345
3339	6	0.774178
3339	1923	0.765543
3339	2599	0.760213
3339	34	0.753844
3339	2542	0.721905
3339	1704	0.719035
3339	1358	0.717436
3339	608	0.700411
3340	1037	0.554436
3340	2298	0.512909
3340	435	0.487627
3340	2688	0.465326
3340	2808	0.463963
3340	1591	0.461150
3340	3623	0.457575
3340	1513	0.443035
3340	1882	0.439209
3340	2770	0.432687
3341	6	0.603205
3341	1885	0.589813
3341	1060	0.562729
3341	1500	0.548138
3341	1466	0.547276
3341	1883	0.537081
3341	2268	0.534293
3341	764	0.519115
3341	1	0.511894
3341	1704	0.494582
3342	2688	2.685987
3342	2013	2.299512
3342	3219	2.280195
3342	2734	2.175444
3342	2574	1.988045
3342	3273	1.966341
3342	2502	1.960413
3342	1959	1.945398
3342	2805	1.917948
3342	2724	1.893730
3343	2381	0.838875
3343	2380	0.828582
3343	2050	0.725312
3343	2383	0.708264
3343	1373	0.642475
3343	2810	0.609108
3343	539	0.592990
3343	1923	0.567602
3343	3698	0.527672
3343	2396	0.507979
3344	593	1.272787
3344	1196	1.103094
3344	50	1.020236
3344	296	1.003041
3344	527	0.991269
3344	2028	0.975653
3344	1213	0.969817
3344	2571	0.908299
3344	1193	0.899988
3344	1214	0.871890
3345	2401	3.044847
3345	416	2.666183
3345	553	2.570037
3345	2921	2.416275
3345	3074	2.407395
3345	599	1.968375
3345	458	1.821110
3345	2055	1.786424
3345	210	1.562378
3345	487	1.556201
3346	2797	0.936691
3346	2174	0.809358
3346	3361	0.807554
3346	1079	0.746457
3346	3039	0.742670
3346	2918	0.712520
3346	2915	0.647796
3346	2243	0.628228
3346	1957	0.618402
3346	3552	0.604858
3347	527	1.111444
3347	3408	0.952107
3347	608	0.945974
3347	3285	0.911117
3347	2858	0.897604
3347	296	0.896171
3347	3753	0.878854
3347	457	0.791037
3347	1617	0.784423
3347	2571	0.756922
3348	539	0.932773
3348	1947	0.864017
3348	1393	0.829475
3348	920	0.798384
3348	357	0.794106
3348	597	0.775703
3348	17	0.740415
3348	914	0.696219
3348	339	0.693870
3348	2671	0.677820
3349	2	1.217462
3349	2162	0.893262
3349	367	0.803510
3349	1583	0.773538
3349	2005	0.693894
3349	2143	0.655647
3349	2021	0.621803
3349	2086	0.616544
3349	2628	0.596018
3349	1517	0.590300
3350	3108	0.942594
3350	2395	0.892700
3350	357	0.889510
3350	3060	0.865161
3350	1641	0.860781
3350	235	0.855176
3350	356	0.823282
3350	3114	0.794320
3350	2997	0.786338
3350	2359	0.763661
3352	2513	2.034062
3352	3459	1.537182
3352	1977	1.486915
3352	2107	1.467407
3352	2122	1.465498
3352	1971	1.426989
3352	1972	1.396459
3352	1986	1.359850
3352	1985	1.340403
3352	2121	1.299896
3353	2797	1.804058
3353	1079	1.468744
3353	3361	1.425092
3353	2915	1.318777
3353	1663	1.203265
3353	2791	1.007473
3353	2144	0.971191
3353	1285	0.884950
3353	1220	0.882713
3353	3072	0.831723
3354	1240	2.440829
3354	2571	2.189461
3354	1199	1.745384
3354	1270	1.676319
3354	3703	1.481816
3354	29	1.385285
3354	1198	1.286663
3354	2529	1.277109
3354	858	1.202213
3354	2028	1.097975
3355	608	1.451619
3355	527	1.344556
3355	1198	1.151458
3355	2858	1.145997
3355	296	1.086291
3355	2571	1.060492
3355	1196	1.054860
3355	1221	0.995065
3355	457	0.990167
3355	858	0.913992
3356	2947	1.429878
3356	1198	1.244055
3356	1240	1.180790
3356	1287	1.021541
3356	1954	1.019235
3356	2000	1.017394
3356	592	1.011910
3356	110	1.002341
3356	1200	0.936578
3356	1210	0.912518
3357	296	2.289904
3357	50	2.060863
3357	527	1.835928
3357	1358	1.797456
3357	2571	1.536922
3357	150	1.369786
3357	2858	1.320643
3357	3147	1.112476
3357	1610	1.111242
3357	1265	0.962834
3358	1792	1.400059
3358	292	1.393868
3358	786	1.374214
3358	376	1.102652
3358	3082	1.049163
3358	434	1.032203
3358	517	1.014089
3358	1586	0.973395
3358	533	0.938828
3358	736	0.936922
3359	1573	1.008821
3359	1370	0.781301
3359	733	0.745201
3359	380	0.737945
3359	1722	0.726958
3359	2916	0.720291
3359	349	0.687416
3359	2278	0.642182
3359	648	0.633470
3359	377	0.621983
3360	1307	1.040876
3360	1265	1.028586
3360	2671	0.989476
3360	539	0.970588
3360	2080	0.919434
3360	440	0.899520
3360	914	0.881324
3360	1721	0.870694
3360	1357	0.865198
3360	902	0.791408
3361	416	1.420919
3361	383	1.297350
3361	2922	1.216137
3361	3494	1.180448
3361	487	1.093043
3361	2401	1.043842
3361	3508	1.002738
3361	904	0.936519
3361	1379	0.923926
3361	1266	0.844885
3362	339	1.630126
3362	597	1.559027
3362	1485	1.390997
3362	1569	1.333227
3362	476	1.086422
3362	141	0.958535
3362	104	0.947420
3362	2539	0.938104
3362	2683	0.931940
3362	3614	0.914256
3363	2497	0.826129
3363	148	0.763071
3363	2316	0.734282
3363	378	0.705792
3363	46	0.692441
3363	351	0.672701
3363	207	0.669775
3363	2424	0.661348
3363	74	0.644938
3363	1811	0.586840
3364	539	1.464745
3364	39	1.302995
3364	2424	1.270888
3364	339	1.208376
3364	1777	1.135998
3364	356	1.099760
3364	2321	1.067506
3364	1265	1.059913
3364	2108	0.967664
3364	852	0.948645
3365	3385	1.430681
3365	2259	1.144611
3365	2372	1.067966
3365	3688	1.039714
3365	2471	0.987470
3365	2796	0.969540
3365	2478	0.914061
3365	1091	0.858388
3365	2405	0.799920
3365	3392	0.788895
3367	2797	1.901183
3367	3072	1.705780
3367	3210	1.622874
3367	3552	1.583862
3367	1307	1.555033
3367	1663	1.434291
3367	1394	1.339401
3367	1968	1.316295
3367	3685	1.172484
3367	2144	1.131603
3368	318	0.643520
3368	2706	0.641147
3368	608	0.573397
3368	3555	0.562693
3368	1663	0.555776
3368	3210	0.555686
3368	2791	0.547770
3368	1704	0.530406
3368	2683	0.517712
3368	2915	0.510999
3369	593	2.021995
3369	1196	1.936142
3369	1214	1.489226
3369	2571	1.453787
3369	1200	1.422601
3369	527	1.319702
3369	1213	1.308659
3369	589	1.209356
3369	1207	1.201834
3369	1387	1.188293
3370	1250	0.734553
3370	1272	0.732106
3370	1263	0.607814
3370	3196	0.601531
3370	1242	0.530807
3370	1960	0.523916
3370	3066	0.509506
3370	1294	0.500824
3370	1204	0.475315
3370	2388	0.473629
3371	1376	0.968816
3371	1961	0.911371
3371	1097	0.834822
3371	3526	0.794764
3371	3071	0.788238
3371	2000	0.783473
3371	2797	0.759356
3371	3210	0.753206
3371	2240	0.747453
3371	2406	0.743208
3372	903	1.266863
3372	1086	1.039199
3372	1252	0.907539
3372	2467	0.843193
3372	1284	0.775827
3372	3386	0.725773
3372	906	0.694367
3372	2206	0.673576
3372	1511	0.672918
3372	1892	0.664062
3373	1610	1.422022
3373	2571	1.405332
3373	457	1.391685
3373	733	1.226643
3373	1580	1.220969
3373	2028	1.117828
3373	2916	1.098892
3373	2058	0.954887
3373	2353	0.902810
3373	3256	0.884638
3374	2000	0.778874
3374	3809	0.692416
3374	2001	0.634692
3374	2247	0.620060
3374	1387	0.597608
3374	2949	0.592089
3374	1291	0.545492
3374	3836	0.543267
3374	3640	0.521109
3374	3263	0.512137
3377	1644	1.270936
3377	2548	0.812059
3377	2279	0.787635
3377	1779	0.742501
3377	393	0.742424
3377	2713	0.733430
3377	1762	0.720060
3377	1497	0.716027
3377	1718	0.708064
3377	2126	0.700531
3378	3753	1.018179
3378	3481	0.834217
3378	38	0.811545
3378	3555	0.787714
3378	3408	0.771861
3378	3755	0.736974
3378	3409	0.715538
3378	3793	0.706742
3378	3624	0.691636
3378	3534	0.645650
3379	2716	2.400966
3379	2336	2.251383
3379	2605	2.183765
3379	785	2.096819
3379	1093	1.938643
3379	2580	1.828905
3379	2734	1.763044
3379	1911	1.713709
3379	3203	1.663832
3379	2683	1.634821
3380	2145	0.754707
3380	3501	0.683617
3380	2247	0.671759
3380	2469	0.628159
3380	3591	0.605884
3380	316	0.588401
3380	2011	0.571301
3380	3638	0.566251
3380	2746	0.566143
3380	3308	0.540409
3382	339	1.356794
3382	1569	1.279657
3382	539	1.256965
3382	440	1.098374
3382	1923	1.064344
3382	141	1.039320
3382	357	1.021603
3382	2302	1.021242
3382	39	0.983109
3382	500	0.970371
3383	3763	0.884854
3383	3760	0.676271
3383	3640	0.660366
3383	3263	0.658527
3383	3812	0.656344
3383	2000	0.646240
3383	2688	0.617913
3383	1928	0.573539
3383	2710	0.560045
3383	3445	0.553810
3384	2814	0.552158
3384	1381	0.506518
3384	1539	0.478913
3384	2849	0.478913
3384	3419	0.473630
3384	1227	0.348715
3384	1837	0.329364
3384	2471	0.329240
3384	61	0.324986
3384	496	0.319987
3385	3760	0.756804
3385	3635	0.756524
3385	1732	0.727141
3385	1240	0.724563
3385	3809	0.722097
3385	2949	0.666385
3385	3640	0.608969
3385	2194	0.596970
3385	1291	0.592828
3385	1200	0.568752
3386	3755	1.402610
3386	3536	1.120918
3386	3624	1.089105
3386	3317	1.065183
3386	3798	1.035425
3386	3897	1.028995
3386	3578	1.021340
3386	3555	0.985129
3386	3618	0.971318
3386	3911	0.961602
3387	113	1.101229
3387	922	1.037313
3387	3435	0.948088
3387	1617	0.939854
3387	2186	0.904632
3387	904	0.865594
3387	350	0.855887
3387	1284	0.851792
3387	593	0.813924
3387	2066	0.808735
3389	2986	2.174957
3389	173	2.066676
3389	1779	1.934716
3389	1037	1.799822
3389	327	1.336237
3389	1373	1.332784
3389	160	1.310544
3389	1591	1.305749
3389	2450	1.271856
3389	405	1.242322
3390	1	0.806636
3390	364	0.694527
3390	356	0.680569
3390	597	0.643499
3390	339	0.635682
3390	1777	0.619944
3390	2396	0.603697
3390	1244	0.577406
3390	2671	0.576258
3390	852	0.561558
3391	1375	0.691975
3391	1371	0.679610
3391	2169	0.669310
3391	2393	0.562195
3391	1372	0.559671
3391	1376	0.553280
3391	2641	0.532552
3391	3661	0.527446
3391	2115	0.506852
3391	1356	0.489927
3392	200	0.749334
3392	297	0.749334
3392	3285	0.693911
3392	3881	0.680276
3392	3238	0.670412
3392	3322	0.620230
3392	3055	0.599693
3392	3302	0.574314
3392	3534	0.550441
3392	583	0.540146
3393	2922	1.536275
3393	599	1.246909
3393	3508	1.208480
3393	2951	1.111649
3393	2401	1.082840
3393	1201	0.992261
3393	3074	0.979382
3393	3365	0.931712
3393	2640	0.841699
3393	3494	0.823434
3394	1111	1.355054
3394	1189	1.024054
3394	1865	1.013282
3394	1649	0.983682
3394	1192	0.977645
3394	3679	0.971785
3394	363	0.971752
3394	549	0.882340
3394	2859	0.856975
3394	581	0.853776
3395	2598	2.429423
3395	1513	2.148532
3395	2840	2.043077
3395	2723	2.031442
3395	2491	1.839986
3395	2013	1.720794
3395	24	1.687725
3395	785	1.669652
3395	2841	1.655504
3395	3219	1.645140
3398	2028	0.983902
3398	1610	0.808534
3398	150	0.765394
3398	34	0.751238
3398	593	0.748675
3398	2396	0.706592
3398	110	0.675694
3398	1358	0.649419
3398	2762	0.618496
3398	318	0.603146
3399	1688	1.979436
3399	2096	1.836642
3399	661	1.684222
3399	1405	1.605361
3399	2018	1.576102
3399	2081	1.555728
3399	2189	1.523037
3399	1022	1.443218
3399	2876	1.359137
3399	596	1.324675
3400	1213	1.032128
3400	296	0.967963
3400	1207	0.943805
3400	1805	0.864531
3400	593	0.829138
3400	1952	0.812540
3400	912	0.805036
3400	1193	0.800954
3400	527	0.791784
3400	1089	0.767208
3401	3667	1.641288
3401	2380	1.600341
3401	3689	1.433090
3401	2381	1.171959
3401	1822	1.149426
3401	2379	1.011150
3401	2149	0.909499
3401	2991	0.898978
3401	3041	0.809630
3401	505	0.791411
3402	364	0.814973
3402	2096	0.598445
3402	1005	0.560168
3402	2087	0.557927
3402	595	0.546187
3402	1907	0.506845
3402	594	0.505378
3402	1032	0.501595
3402	2294	0.498970
3402	2847	0.491744
3403	1907	2.619864
3403	2089	2.047863
3403	2096	1.854838
3403	1688	1.793257
3403	2139	1.669296
3403	661	1.643991
3403	2018	1.503370
3403	1022	1.480423
3403	244	1.430511
3403	1029	1.396475
3405	593	1.181834
3405	858	1.080622
3405	318	1.071331
3405	912	0.962590
3405	1196	0.962556
3405	1193	0.829119
3405	296	0.801376
3405	608	0.799499
3405	1617	0.771053
3405	527	0.764154
3406	296	1.071749
3406	1231	1.040725
3406	608	0.998655
3406	2858	0.972270
3406	527	0.870151
3406	1228	0.794164
3406	1221	0.772805
3406	50	0.769679
3406	1193	0.756980
3406	1185	0.705265
3408	2096	2.221719
3408	596	2.219735
3408	594	2.176178
3408	364	2.081722
3408	595	1.790449
3408	2294	1.501862
3408	2087	1.491495
3408	2687	1.467421
3408	2081	1.452442
3408	1032	1.411352
3409	1610	1.643986
3409	47	1.411853
3409	474	1.260361
3409	457	1.218563
3409	832	1.180378
3409	2058	1.157192
3409	1573	1.128565
3409	2391	1.056208
3409	1370	0.961606
3409	1092	0.933242
3410	3897	0.955759
3410	3893	0.827597
3410	2464	0.800000
3410	3948	0.775277
3410	3752	0.766743
3410	3401	0.669161
3410	3827	0.601278
3410	3831	0.592373
3410	3916	0.567018
3410	3949	0.557082
3411	858	0.882073
3411	608	0.879960
3411	3948	0.791086
3411	3893	0.761885
3411	593	0.755787
3411	318	0.668152
3411	50	0.654489
3411	1952	0.632181
3411	3952	0.597635
3411	3911	0.595938
3412	1374	0.827178
3412	1240	0.772615
3412	3699	0.681550
3412	3527	0.645777
3412	3639	0.635792
3412	2797	0.631869
3412	1961	0.629388
3412	2407	0.607521
3412	1210	0.600942
3412	1968	0.589512
3413	2028	0.728993
3413	1610	0.641461
3413	1291	0.618044
3413	1197	0.582341
3413	457	0.577746
3413	260	0.570653
3413	110	0.566114
3413	1036	0.547937
3413	1196	0.480199
3413	1704	0.479110
3414	350	0.932995
3414	3263	0.874851
3414	539	0.829205
3414	597	0.792815
3414	1569	0.743228
3414	1343	0.723194
3414	3450	0.704917
3414	225	0.696617
3414	2353	0.681058
3414	1485	0.659432
3415	2174	1.430239
3415	1307	1.199031
3415	1663	1.141379
3415	2915	1.029251
3415	3552	1.000026
3415	2968	0.975501
3415	2000	0.937038
3415	3361	0.920517
3415	1968	0.905454
3415	2791	0.895437
3416	1466	0.799245
3416	1089	0.702311
3416	1061	0.686271
3416	6	0.588146
3416	2268	0.588048
3416	1343	0.531843
3416	296	0.530030
3416	1645	0.523324
3416	2305	0.466787
3416	884	0.441726
3417	3089	0.908854
3417	750	0.803445
3417	1207	0.766847
3417	3224	0.759090
3417	527	0.752027
3417	1406	0.747415
3417	908	0.731576
3417	670	0.730001
3417	1193	0.728000
3417	3134	0.645157
3418	1029	1.712467
3418	2565	1.474696
3418	594	1.472833
3418	1947	1.328974
3418	2087	1.307591
3418	596	1.288478
3418	595	1.261316
3418	1032	1.213986
3418	3061	1.184124
3418	2078	1.169345
3419	32	1.705517
3419	1580	1.629089
3419	2985	1.498389
3419	1653	1.446966
3419	1240	1.398635
3419	1356	1.374120
3419	1270	1.331059
3419	1214	1.280856
3419	1748	1.246045
3419	2117	1.215003
3420	1252	0.735087
3420	908	0.645820
3420	1997	0.638763
3420	1617	0.609241
3420	1267	0.604658
3420	1345	0.600152
3420	1350	0.577775
3420	910	0.569728
3420	750	0.544382
3420	593	0.542062
3422	2380	3.863888
3422	2379	2.747708
3422	2458	2.365018
3422	3667	2.146942
3422	2259	1.479718
3422	3392	1.434423
3422	3391	1.383224
3422	1822	1.352299
3422	2796	1.339733
3422	2375	1.284180
3423	3481	1.008824
3423	3317	1.004245
3423	11	0.952987
3423	3948	0.870148
3423	3952	0.757652
3423	3253	0.739315
3423	2441	0.677001
3423	3915	0.653575
3423	342	0.638973
3423	39	0.627991
3424	2353	1.070613
3424	1573	0.947204
3424	1610	0.943570
3424	349	0.835662
3424	733	0.803419
3424	480	0.786204
3424	440	0.755948
3424	1370	0.750938
3424	832	0.669713
3424	1527	0.666844
3425	3039	1.089615
3425	2797	0.967354
3425	1663	0.884887
3425	3361	0.880940
3425	42	0.866321
3425	2174	0.861991
3425	1297	0.857272
3425	3087	0.786960
3425	2150	0.781741
3425	694	0.751150
3426	1370	1.345341
3426	1573	1.081224
3426	2353	0.971143
3426	1722	0.961877
3426	349	0.931872
3426	380	0.914741
3426	1608	0.873318
3426	2334	0.815222
3426	1792	0.773212
3426	494	0.760788
3427	1617	1.535792
3427	589	1.521559
3427	2028	1.442511
3427	1214	1.422283
3427	1610	1.312997
3427	260	1.277598
3427	1089	1.265697
3427	318	1.224326
3427	1291	1.207102
3427	1387	1.151178
3428	480	0.479869
3428	914	0.476842
3428	2724	0.415683
3428	1947	0.401270
3428	46	0.389401
3428	207	0.385839
3428	1580	0.385838
3428	2406	0.384823
3428	2218	0.377098
3428	351	0.370595
3429	223	0.829277
3429	2362	0.815453
3429	296	0.775631
3429	608	0.763757
3429	2762	0.710836
3429	2770	0.709777
3429	2712	0.706398
3429	2541	0.680388
3429	2336	0.670032
3429	1213	0.654079
3430	2067	0.707748
3430	900	0.695794
3430	1684	0.577094
3430	1035	0.561925
3430	928	0.498685
3430	899	0.494739
3430	943	0.480899
3430	1252	0.480379
3430	2565	0.472184
3430	2971	0.470055
3431	902	1.307225
3431	1094	0.994370
3431	928	0.893160
3431	916	0.874170
3431	2243	0.873495
3431	1296	0.845996
3431	899	0.809102
3431	2020	0.690404
3431	1265	0.689069
3431	969	0.684273
3432	3524	1.445789
3432	2794	1.441291
3432	3087	1.359673
3432	2145	1.346454
3432	1135	1.303547
3432	2518	1.155172
3432	2736	1.151678
3432	2786	1.074867
3432	2133	1.006668
3432	2752	1.006291
3433	318	1.706184
3433	858	1.321338
3433	260	1.299507
3433	2028	1.156031
3433	1617	1.150935
3433	50	1.146934
3433	1214	1.117314
3433	1221	1.099511
3433	908	1.095077
3433	527	1.047337
3434	500	1.092304
3434	1042	0.910251
3434	597	0.850569
3434	223	0.731357
3434	339	0.715219
3434	205	0.706033
3434	3253	0.701031
3434	587	0.686030
3434	1020	0.679790
3434	2502	0.674919
3435	1252	1.003742
3435	3508	0.982464
3435	2922	0.954884
3435	1212	0.855166
3435	3494	0.775353
3435	950	0.765096
3435	942	0.755420
3435	2921	0.748701
3435	2206	0.746247
3435	599	0.735730
3436	416	1.064388
3436	1928	1.039824
3436	487	1.028065
3436	967	0.985517
3436	432	0.840672
3436	3025	0.824680
3436	2922	0.773212
3436	383	0.727959
3436	458	0.697273
3436	3494	0.675589
3437	1079	1.291499
3437	2915	1.273129
3437	3552	1.240084
3437	3039	1.184773
3437	2100	1.150175
3437	3361	1.132742
3437	1968	1.058532
3437	2795	0.974904
3437	2144	0.964571
3437	1307	0.937967
3438	2694	1.939695
3438	3005	1.647094
3438	2770	1.258256
3438	223	1.244861
3438	2710	1.103676
3438	2771	1.074125
3438	2699	1.063912
3438	2858	1.055847
3438	3285	0.949155
3438	2571	0.943457
3439	2407	1.573219
3439	2406	1.348381
3439	1967	1.088391
3439	2161	1.072384
3439	2054	1.016045
3439	2797	0.964642
3439	3591	0.950613
3439	2134	0.927922
3439	3699	0.859698
3439	2115	0.853066
3441	3317	1.337785
3441	3893	1.241452
3441	3617	1.025189
3441	3863	1.012910
3441	3948	1.009447
3441	3911	0.963674
3441	3831	0.910232
3441	3798	0.837268
3441	3826	0.807399
3441	3885	0.748161
3442	1252	1.048196
3442	1617	0.870545
3442	1152	0.827824
3442	1267	0.807530
3442	318	0.727124
3442	1248	0.700495
3442	2186	0.698385
3442	608	0.689684
3442	922	0.687690
3442	746	0.684938
3444	539	1.160656
3444	339	1.049651
3444	1777	1.036666
3444	1485	0.948093
3444	252	0.911616
3444	852	0.895786
3444	500	0.874825
3444	440	0.862724
3444	708	0.762508
3444	1569	0.708518
3445	1967	2.040354
3445	2161	1.908628
3445	367	1.363685
3445	2	1.297913
3445	2140	1.267580
3445	2968	1.252978
3445	2105	1.252859
3445	2100	1.210072
3445	2021	1.077960
3445	1097	1.042721
3446	1350	2.355215
3446	1345	1.954131
3446	2648	1.619372
3446	1241	1.575327
3446	2118	1.474042
3446	3499	1.455561
3446	1321	1.442569
3446	1333	1.385502
3446	3727	1.142696
3446	2653	1.139965
3447	2571	2.380080
3447	1214	1.515773
3447	1200	1.449990
3447	1210	1.447347
3447	3527	1.265149
3447	1653	1.234356
3447	1196	1.226421
3447	2529	1.225239
3447	541	1.146089
3447	29	1.127085
3449	1214	2.036278
3449	541	1.889027
3449	260	1.820025
3449	1270	1.587469
3449	3703	1.497223
3449	1210	1.460154
3449	589	1.345902
3449	32	1.329694
3449	1077	1.107211
3449	1198	0.991943
3450	2803	1.268216
3450	1552	1.225360
3450	1608	1.111925
3450	89	1.008303
3450	3249	0.969755
3450	1092	0.893173
3450	1370	0.876778
3450	2334	0.875272
3450	1876	0.803764
3450	1798	0.800957
3451	318	0.891367
3451	296	0.814683
3451	1617	0.766692
3451	1213	0.764890
3451	339	0.743730
3451	342	0.726268
3451	1089	0.716191
3451	1923	0.702216
3451	1265	0.677592
3451	2671	0.660697
3452	589	1.289844
3452	2858	1.059139
3452	527	0.987533
3452	2571	0.904904
3452	2291	0.869708
3452	318	0.827598
3452	1240	0.802965
3452	457	0.785957
3452	1233	0.778811
3452	1580	0.775424
3453	3219	1.788640
3453	2598	1.706139
3453	2581	1.462245
3453	1513	1.446483
3453	24	1.343677
3453	2723	1.284138
3453	1959	1.257328
3453	2716	1.242256
3453	3174	1.195456
3453	2959	1.121433
3454	339	0.525018
3454	780	0.408354
3454	2244	0.396535
3454	2470	0.391403
3454	1356	0.381985
3454	236	0.378797
3454	2640	0.370603
3454	536	0.360729
3454	2424	0.357337
3454	2496	0.356806
3456	1240	1.577631
3456	3833	1.444066
3456	2571	1.398429
3456	316	1.083091
3456	1917	1.052707
3456	32	1.046244
3456	1206	1.043564
3456	780	1.041508
3456	2462	1.037205
3456	1690	1.029929
3457	593	1.188630
3457	608	1.183954
3457	296	1.153242
3457	1213	1.083237
3457	1617	0.934360
3457	3578	0.821206
3457	527	0.759003
3457	47	0.735262
3457	3481	0.723068
3457	2391	0.714806
3458	2559	0.899329
3458	2092	0.870204
3458	3400	0.796229
3458	374	0.718798
3458	1489	0.661033
3458	1713	0.659406
3458	1460	0.632363
3458	489	0.587973
3458	2057	0.579442
3458	1688	0.564946
3460	750	1.500740
3460	1214	1.143507
3460	904	1.123195
3460	260	1.068083
3460	1267	1.051116
3460	2571	1.016020
3460	923	0.992861
3460	1200	0.985406
3460	1193	0.983017
3460	1196	0.974300
3461	1240	2.533357
3461	1200	2.458487
3461	1196	2.234578
3461	2947	1.985873
3461	1036	1.865712
3461	260	1.784336
3461	858	1.758760
3461	1387	1.742483
3461	1291	1.713512
3461	2571	1.539710
3462	3761	0.636396
3462	3273	0.518670
3462	5	0.484193
3462	3744	0.473148
3462	3863	0.465542
3462	480	0.458120
3462	3785	0.448887
3462	3623	0.448754
3462	3578	0.446444
3462	3481	0.438551
3463	2247	0.776377
3463	3763	0.725864
3463	3608	0.702196
3463	3640	0.662795
3463	2918	0.620382
3463	1240	0.591838
3463	1307	0.591184
3463	2001	0.590443
3463	1291	0.567166
3463	3760	0.561126
3464	260	1.181594
3464	1513	1.159638
3464	2840	1.017160
3464	2762	1.016665
3464	3081	0.976353
3464	2396	0.828921
3464	2841	0.796259
3464	2701	0.788119
3464	3793	0.778938
3464	2598	0.771047
3465	596	1.926826
3465	364	1.690978
3465	2096	1.568476
3465	1282	1.431426
3465	595	1.414958
3465	1022	1.336446
3465	2089	1.271930
3465	2687	1.195462
3465	2085	1.180317
3465	1029	1.140128
3466	318	1.824822
3466	527	1.537780
3466	1193	1.442614
3466	1225	1.341564
3466	858	1.323198
3466	50	1.211853
3466	1207	1.072785
3466	2028	1.034405
3466	1617	1.032289
3466	908	0.851136
3467	527	1.251476
3467	593	1.167210
3467	1196	1.150476
3467	318	1.122278
3467	1198	1.041171
3467	608	1.013804
3467	1204	1.004622
3467	1207	1.004437
3467	1221	0.988748
3467	296	0.940848
3468	1207	1.261863
3468	296	1.202616
3468	593	1.194678
3468	318	1.131751
3468	1193	1.131654
3468	1247	1.045684
3468	1221	1.000312
3468	1617	0.968376
3468	923	0.899880
3468	912	0.845033
3469	924	0.897510
3469	541	0.789767
3469	2571	0.755008
3469	1199	0.740003
3469	1240	0.659110
3469	1625	0.654462
3469	3702	0.646010
3469	1214	0.639147
3469	1459	0.632584
3469	2985	0.631734
3470	339	1.173800
3470	597	1.004992
3470	539	0.896965
3470	2424	0.821924
3470	357	0.789709
3470	2671	0.787473
3470	141	0.753057
3470	440	0.734751
3470	2124	0.673554
3470	2683	0.645416
3471	3897	0.520188
3471	3317	0.468050
3471	1574	0.423815
3471	3232	0.420808
3471	3563	0.419407
3471	2299	0.386248
3471	2233	0.374634
3471	1476	0.362618
3471	2165	0.338709
3471	3505	0.333511
3472	1225	0.841756
3472	608	0.807324
3472	593	0.791974
3472	318	0.785425
3472	1293	0.765596
3472	296	0.763081
3472	1952	0.712134
3472	527	0.703303
3472	1228	0.661523
3472	912	0.650122
3473	3087	1.549889
3473	2371	1.469451
3473	2420	1.194794
3473	2245	1.092578
3473	3524	0.998530
3473	2247	0.984912
3473	2378	0.916864
3473	3448	0.906553
3473	2100	0.899962
3473	3525	0.893857
3474	914	1.334381
3474	916	1.191860
3474	902	1.191437
3474	928	0.936447
3474	1307	0.884276
3474	899	0.860211
3474	1944	0.842924
3474	936	0.802296
3474	2020	0.789011
3474	58	0.748639
3475	2115	0.441443
3475	592	0.436181
3475	1552	0.433269
3475	1947	0.431463
3475	2006	0.421075
3475	1580	0.405109
3475	3107	0.404220
3475	1307	0.383203
3475	906	0.380872
3475	3090	0.380074
3476	2878	3.096033
3476	3940	2.822621
3476	1326	2.600524
3476	3572	2.592595
3476	3021	2.569683
3476	1325	2.493651
3476	1984	2.149415
3476	1989	2.062952
3476	3573	1.906517
3476	3833	1.902898
3477	2565	1.967081
3477	918	1.693268
3477	899	1.498899
3477	2083	1.390841
3477	900	1.357144
3477	3061	1.248918
3477	938	1.220937
3477	3199	1.172412
3477	1022	1.171364
3477	3675	1.146271
3478	910	1.118746
3478	3097	0.978249
3478	903	0.845965
3478	936	0.834575
3478	905	0.822973
3478	49	0.763443
3478	928	0.756483
3478	906	0.726996
3478	955	0.710109
3478	947	0.696984
3479	2571	1.042920
3479	1240	0.801571
3479	2028	0.753892
3479	1610	0.707224
3479	1036	0.657406
3479	1704	0.650373
3479	1200	0.645893
3479	1196	0.596822
3479	1210	0.591929
3479	356	0.532216
3480	2401	0.739257
3480	2922	0.734612
3480	1250	0.729151
3480	527	0.710590
3480	2951	0.686052
3480	2921	0.669416
3480	3681	0.647992
3480	1262	0.622682
3480	316	0.602396
3480	1372	0.592826
3481	608	0.900394
3481	296	0.821134
3481	50	0.820306
3481	1089	0.786331
3481	1625	0.698036
3481	913	0.692251
3481	2599	0.669315
3481	583	0.660544
3481	593	0.659921
3481	2716	0.617648
3482	260	1.179874
3482	318	1.058356
3482	2028	1.052687
3482	608	0.976091
3482	1221	0.965980
3482	50	0.960612
3482	2571	0.958480
3482	2762	0.891519
3482	1240	0.862553
3482	1213	0.833309
3483	3563	1.160241
3483	3747	0.957769
3483	3903	0.804174
3483	3858	0.745053
3483	2178	0.707351
3483	3948	0.648665
3483	3785	0.639782
3483	2688	0.628545
3483	3949	0.618016
3483	3794	0.595176
3484	2371	0.743817
3484	339	0.642411
3484	3087	0.626764
3484	1777	0.626100
3484	1485	0.608591
3484	1042	0.592707
3484	2134	0.585439
3484	344	0.577870
3484	2463	0.574448
3484	2378	0.542379
3485	1193	1.009773
3485	1262	1.006777
3485	1219	0.920497
3485	527	0.872984
3485	750	0.866827
3485	908	0.855913
3485	912	0.823723
3485	903	0.822106
3485	1299	0.820253
3485	111	0.812309
3486	2161	1.378582
3486	1907	1.122341
3486	2089	1.060421
3486	2105	0.914850
3486	709	0.896435
3486	2193	0.890736
3486	2143	0.885645
3486	3479	0.824981
3486	1073	0.796007
3486	783	0.765122
3487	2571	1.285172
3487	260	1.203007
3487	457	1.135551
3487	1240	1.057097
3487	2391	1.053614
3487	47	1.019239
3487	608	0.890226
3487	1200	0.873591
3487	1617	0.862354
3487	1036	0.823449
3489	260	2.008021
3489	1240	1.724248
3489	1200	1.566471
3489	1513	1.471189
3489	2841	1.372763
3489	2028	1.356125
3489	2840	1.330412
3489	1387	1.253745
3489	1210	1.250164
3489	1036	1.161719
3490	557	0.637444
3490	443	0.589883
3490	946	0.521751
3490	1964	0.501287
3490	563	0.484788
3490	1035	0.479134
3490	1759	0.469685
3490	3160	0.446318
3490	914	0.441336
3490	2712	0.439174
3491	1004	1.060743
3491	1556	1.022921
3491	3433	0.891848
3491	3432	0.888670
3491	815	0.863946
3491	1170	0.863946
3491	1867	0.838106
3491	2818	0.806550
3491	204	0.764676
3491	3434	0.756826
3492	2565	1.016506
3492	3061	0.951401
3492	1035	0.923627
3492	914	0.882860
3492	1380	0.842865
3492	2971	0.811849
3492	919	0.790797
3492	3199	0.764803
3492	900	0.732555
3492	1674	0.724476
3493	1584	1.455982
3493	1240	1.255865
3493	1214	1.178404
3493	1580	1.148333
3493	32	1.099273
3493	260	1.064453
3493	1196	1.011268
3493	541	1.008977
3493	1210	0.903866
3493	480	0.902641
3494	2694	2.693220
3494	2770	2.624817
3494	2710	2.214692
3494	1911	2.207787
3494	2881	2.078225
3494	2541	2.012663
3494	2605	1.860724
3494	3203	1.850420
3494	2707	1.844135
3494	2599	1.766264
3497	969	1.322015
3497	1196	1.087735
3497	1254	0.841171
3497	920	0.813651
3497	2215	0.813562
3497	858	0.811510
3497	1247	0.779962
3497	1221	0.702241
3497	1197	0.702173
3497	1931	0.678808
3498	2006	0.790334
3498	1722	0.756898
3498	1370	0.748804
3498	10	0.731957
3498	380	0.700664
3498	1580	0.606706
3498	1552	0.603831
3498	780	0.589823
3498	3107	0.588420
3498	1573	0.580550
3499	1957	1.201683
3499	1293	1.125812
3499	3360	0.894993
3499	1962	0.856037
3499	1956	0.793786
3499	1185	0.756518
3499	2420	0.743182
3499	2972	0.724636
3499	1960	0.679496
3499	1150	0.678376
3500	260	2.566647
3500	2571	1.889248
3500	1291	1.812303
3500	858	1.711839
3500	1210	1.699217
3500	589	1.636880
3500	1079	1.529773
3500	1394	1.446461
3500	1206	1.371987
3500	2028	1.327743
3501	912	1.284747
3501	1247	1.071143
3501	1104	0.989803
3501	1204	0.979056
3501	905	0.952114
3501	903	0.951325
3501	1256	0.949594
3501	898	0.880785
3501	527	0.841972
3501	922	0.829247
3502	1265	1.131636
3502	318	1.034554
3502	2762	1.015674
3502	1213	0.941068
3502	608	0.890436
3502	2396	0.871111
3502	2321	0.811676
3502	2599	0.807075
3502	593	0.775808
3502	2324	0.772427
3503	1352	0.484535
3503	3315	0.480499
3503	3913	0.407831
3503	3797	0.386540
3503	2635	0.385174
3503	3563	0.381337
3503	2180	0.379362
3503	383	0.369905
3503	291	0.367988
3503	3249	0.367507
3504	3897	0.750369
3504	3911	0.706510
3504	3952	0.627377
3504	3481	0.600443
3504	3910	0.573784
3504	3948	0.569163
3504	904	0.536972
3504	3915	0.505849
3504	1267	0.500867
3504	3386	0.497550
3505	597	0.901110
3505	339	0.869892
3505	3253	0.793369
3505	1206	0.701931
3505	543	0.694048
3505	500	0.671335
3505	539	0.654155
3505	2124	0.650371
3505	1042	0.650226
3505	104	0.635114
3506	1394	1.186736
3506	1080	1.107242
3506	3671	0.808944
3506	1240	0.804690
3506	2918	0.785789
3506	1	0.784464
3506	1288	0.722003
3506	3421	0.692956
3506	457	0.681674
3506	1200	0.679161
3507	132	0.711170
3507	1974	0.649148
3507	2158	0.637902
3507	3694	0.618856
3507	1987	0.580572
3507	464	0.568319
3507	463	0.565943
3507	2517	0.533759
3507	3838	0.518430
3507	92	0.518383
3508	32	2.042536
3508	3471	1.890737
3508	1198	1.602906
3508	924	1.579646
3508	3703	1.505313
3508	1199	1.467948
3508	2529	1.394383
3508	1036	1.365199
3508	2028	1.340641
3508	3702	1.332017
3509	2694	0.757740
3509	2706	0.730986
3509	3623	0.617044
3509	457	0.608672
3509	3534	0.607112
3509	2571	0.595586
3509	3481	0.593017
3509	223	0.591991
3509	1089	0.584576
3509	2770	0.579050
3510	329	1.488513
3510	316	1.387763
3510	780	1.299959
3510	1356	1.216881
3510	2393	1.117024
3510	1391	1.032588
3510	1876	1.021090
3510	198	0.982928
3510	1573	0.863025
3510	2094	0.846267
3511	1225	0.783846
3511	608	0.771809
3511	1213	0.761706
3511	1957	0.728085
3511	1207	0.673012
3511	318	0.665625
3511	1104	0.612369
3511	3468	0.609942
3511	1079	0.603194
3511	1299	0.586566
3512	3893	0.815735
3512	3911	0.713334
3512	820	0.697101
3512	2242	0.697101
3512	2811	0.697101
3512	3337	0.697101
3512	3948	0.663115
3512	749	0.661328
3512	2858	0.651203
3512	2706	0.638305
3513	597	1.032562
3513	587	0.968564
3513	339	0.956744
3513	2124	0.799184
3513	1020	0.759838
3513	500	0.741141
3513	539	0.701123
3513	1569	0.633159
3513	2424	0.628600
3513	1755	0.594530
3514	318	1.696568
3514	593	1.543928
3514	1267	1.415994
3514	858	1.351929
3514	608	1.296566
3514	1207	1.237652
3514	1213	1.226100
3514	296	1.183589
3514	260	1.145022
3514	904	1.010256
3515	318	0.950364
3515	608	0.946174
3515	296	0.895918
3515	2858	0.885595
3515	1617	0.838049
3515	527	0.823653
3515	3421	0.768093
3515	1278	0.716078
3515	1089	0.689537
3515	1265	0.659654
3516	2143	1.984667
3516	1073	1.800083
3516	2	1.706228
3516	2021	1.468741
3516	3489	1.382887
3516	2105	1.380954
3516	2140	1.357614
3516	2100	1.348173
3516	2797	1.265411
3516	2968	1.264912
3517	1923	1.388492
3517	1517	1.035208
3517	471	0.996384
3517	2108	0.990555
3517	1777	0.919680
3517	141	0.891991
3517	3255	0.799143
3517	11	0.780104
3517	357	0.776050
3517	597	0.726227
3518	3951	1.180156
3518	3852	1.002302
3518	3911	0.884112
3518	3481	0.822384
3518	3831	0.789728
3518	3192	0.720888
3518	3783	0.694700
3518	3948	0.691770
3518	3241	0.658475
3518	2769	0.623658
3519	3646	0.664459
3519	3790	0.637791
3519	2591	0.502625
3519	3484	0.462112
3519	1679	0.454875
3519	1445	0.449189
3519	2404	0.438875
3519	3897	0.426794
3519	2509	0.420084
3519	1864	0.413118
3520	1793	0.861172
3520	1088	0.667853
3520	914	0.655553
3520	1947	0.624686
3520	1951	0.567786
3520	1135	0.546608
3520	1028	0.542046
3520	2565	0.541134
3520	1297	0.536086
3520	2100	0.533244
3521	3393	1.125548
3521	3715	0.896690
3521	2375	0.893847
3521	2072	0.882162
3521	2945	0.876616
3521	2471	0.866805
3521	3716	0.851908
3521	1091	0.812780
3521	3692	0.728363
3521	3385	0.722833
3522	457	0.862536
3522	1610	0.803519
3522	1717	0.801972
3522	3256	0.788643
3522	2571	0.784968
3522	2167	0.779985
3522	2353	0.767545
3522	474	0.733750
3522	2058	0.720902
3522	2916	0.717730
3523	1196	2.167596
3523	260	2.064256
3523	1200	1.981001
3523	1214	1.886261
3523	858	1.571252
3523	457	1.500445
3523	110	1.495058
3523	1206	1.465930
3523	2916	1.395198
3523	1291	1.329067
3524	2013	2.255189
3524	2490	2.216244
3524	2491	2.110951
3524	2841	2.095600
3524	1959	2.084181
3524	24	1.932772
3524	2485	1.884949
3524	2395	1.834143
3524	2688	1.782734
3524	2394	1.713982
3525	2710	0.971645
3525	2120	0.914419
3525	1717	0.826886
3525	3942	0.738359
3525	3938	0.679191
3525	1347	0.678327
3525	3476	0.607102
3525	2997	0.596586
3525	1345	0.574905
3525	842	0.569326
3526	148	1.390000
3526	672	1.118185
3526	895	1.118185
3526	2419	0.943644
3526	3045	0.924283
3526	2432	0.904840
3526	3218	0.894548
3526	3496	0.877274
3526	1043	0.869500
3526	386	0.840672
3527	2002	0.761973
3527	3635	0.630805
3527	1732	0.628926
3527	3639	0.627120
3527	253	0.563607
3527	1917	0.552070
3527	1552	0.524442
3527	2194	0.504863
3527	1374	0.490054
3527	3809	0.489795
3528	1984	3.799070
3528	2113	3.436242
3528	3572	3.317139
3528	3664	3.086493
3528	3663	2.988948
3528	2462	2.985193
3528	1989	2.977693
3528	2515	2.668330
3528	1756	2.598015
3528	3573	2.546565
3529	316	1.895080
3529	1676	1.599310
3529	329	1.569967
3529	1917	1.429350
3529	1356	1.406293
3529	480	1.398721
3529	1372	1.371686
3529	1653	1.261054
3529	1909	1.251795
3529	1037	1.170480
3531	1270	0.899507
3531	1079	0.888722
3531	3039	0.858831
3531	1036	0.832500
3531	1968	0.785395
3531	1196	0.772215
3531	1663	0.767965
3531	3210	0.759783
3531	589	0.728265
3531	1214	0.716337
3532	292	0.927319
3532	736	0.885546
3532	165	0.843080
3532	95	0.789536
3532	3249	0.781247
3532	1597	0.769677
3532	1100	0.705623
3532	2803	0.689032
3532	494	0.657055
3532	376	0.646947
3533	1729	0.771901
3533	1089	0.769003
3533	1343	0.763849
3533	1393	0.758144
3533	2268	0.678145
3533	457	0.675282
3533	2391	0.664598
3533	16	0.643427
3533	6	0.623878
3533	1645	0.601827
3534	2947	2.150403
3534	2194	1.944003
3534	2571	1.792706
3534	1214	1.791999
3534	1196	1.724478
3534	1222	1.680083
3534	1198	1.526599
3534	1201	1.479039
3534	2529	1.418299
3534	1287	1.412857
3536	1552	1.141675
3536	1608	0.994362
3536	349	0.970103
3536	1573	0.883671
3536	1370	0.854816
3536	1917	0.853179
3536	3082	0.844936
3536	648	0.818944
3536	1722	0.723330
3536	2353	0.707040
3537	3785	1.264636
3537	3717	1.164228
3537	3861	1.046788
3537	3744	1.024783
3537	3793	0.939219
3537	3798	0.888703
3537	3901	0.882494
3537	3556	0.878350
3537	3951	0.817263
3537	3317	0.776681
3538	1038	0.603358
3538	1271	0.598157
3538	508	0.534324
3538	1621	0.533487
3538	1054	0.496819
3538	1190	0.483050
3538	3246	0.482090
3538	1725	0.473890
3538	1660	0.468550
3538	1650	0.453199
3539	416	0.812686
3539	1136	0.774407
3539	1350	0.760390
3539	487	0.728979
3539	1928	0.714428
3539	1982	0.701082
3539	1214	0.666750
3539	1080	0.653494
3539	3471	0.636506
3539	2016	0.618723
3540	1372	0.746686
3540	329	0.717349
3540	2372	0.605232
3540	1374	0.594161
3540	2378	0.563996
3540	3699	0.514085
3540	2640	0.503412
3540	2393	0.477674
3540	1371	0.477146
3540	3391	0.466223
3541	296	2.159073
3541	858	1.490476
3541	50	1.426812
3541	1617	1.253055
3541	1207	1.148563
3541	1952	1.133669
3541	912	1.121684
3541	2028	1.089361
3541	1089	1.019662
3541	1250	0.998969
3543	527	0.620899
3543	1204	0.601041
3543	858	0.593612
3543	750	0.591789
3543	3629	0.572360
3543	1207	0.562087
3543	912	0.548538
3543	3307	0.532917
3543	3134	0.489404
3543	111	0.475635
3546	1111	1.339596
3546	3304	1.144246
3546	1649	0.905955
3546	2632	0.894499
3546	549	0.892458
3546	581	0.874391
3546	2330	0.850408
3546	1865	0.846703
3546	556	0.836679
3546	1191	0.800429
3547	3893	0.973575
3547	3481	0.924218
3547	3408	0.901771
3547	3317	0.814345
3547	260	0.766200
3547	3751	0.709599
3547	1240	0.697812
3547	3863	0.639312
3547	1196	0.625735
3547	1193	0.624664
3549	3361	1.157879
3549	1394	1.125534
3549	2599	0.867676
3549	1	0.835244
3549	1288	0.822038
3549	1079	0.817834
3549	1270	0.779022
3549	1307	0.769702
3549	2396	0.737015
3549	3685	0.715430
3550	354	0.716234
3550	2410	0.641072
3550	2421	0.564743
3550	2259	0.511299
3550	3431	0.496432
3550	3707	0.485941
3550	2468	0.483073
3550	3691	0.478065
3550	2374	0.474860
3550	3042	0.462563
3551	1704	0.990498
3551	2997	0.828117
3551	36	0.800701
3551	150	0.792247
3551	2599	0.788794
3551	296	0.776965
3551	1094	0.759632
3551	318	0.673365
3551	25	0.646900
3551	2028	0.598436
3553	733	1.782589
3553	10	1.711312
3553	316	1.589435
3553	1597	1.541721
3553	3256	1.476702
3553	1527	1.461766
3553	2628	1.435583
3553	1722	1.425462
3553	1580	1.407999
3553	1876	1.392045
3554	1196	1.380807
3554	1304	1.060969
3554	2858	1.052617
3554	1240	1.029235
3554	2028	0.995543
3554	1387	0.971728
3554	1200	0.970664
3554	1	0.962577
3554	1197	0.914979
3554	318	0.864514
3555	1882	1.447925
3555	2421	1.201383
3555	2986	1.161995
3555	1681	1.129773
3555	2642	1.116755
3555	2322	1.021871
3555	1606	0.981504
3555	1373	0.953950
3555	2471	0.947885
3555	1004	0.942999
3556	2571	1.422106
3556	2968	1.413987
3556	1653	1.341966
3556	1527	1.285816
3556	1580	1.250046
3556	1356	1.234190
3556	3527	1.080807
3556	1374	1.003802
3556	480	0.997447
3556	1909	0.988183
3557	2372	0.747859
3557	3385	0.744688
3557	2088	0.710536
3557	2796	0.678789
3557	2378	0.622779
3557	2134	0.608626
3557	2416	0.593781
3557	2151	0.582927
3557	3387	0.578437
3557	2717	0.569692
3558	1393	0.679948
3558	300	0.639065
3558	3098	0.623618
3558	1962	0.585365
3558	3215	0.571971
3558	1961	0.571687
3558	1678	0.567914
3558	62	0.553119
3558	150	0.547543
3558	1302	0.491998
3559	1991	1.013641
3559	1327	0.945261
3559	1347	0.938793
3559	2158	0.926348
3559	3694	0.898690
3559	3459	0.832480
3559	2120	0.816137
3559	2148	0.782233
3559	2710	0.773286
3559	1987	0.730564
3560	588	1.043449
3560	2078	0.967061
3560	595	0.957834
3560	2096	0.942721
3560	1029	0.902140
3560	594	0.873163
3560	1022	0.857499
3560	1035	0.814981
3560	1282	0.808992
3560	914	0.806284
3561	3624	1.661425
3561	3917	1.399469
3561	3578	1.372386
3561	3300	1.140534
3561	3409	1.123336
3561	3484	1.122386
3561	2791	1.094097
3561	524	1.057820
3561	1673	0.978318
3561	1171	0.976972
3562	1617	0.495285
3562	3114	0.490351
3562	608	0.459612
3562	1393	0.433964
3562	3761	0.433629
3562	597	0.427217
3562	2417	0.406230
3562	2762	0.405125
3562	50	0.388596
3562	2997	0.368227
3563	1663	0.900934
3563	3552	0.843280
3563	2463	0.781245
3563	3210	0.777144
3563	2352	0.759384
3563	2174	0.750015
3563	2915	0.731253
3563	1307	0.725759
3563	2985	0.716362
3563	3361	0.676889
3564	1214	1.324214
3564	1196	1.172522
3564	2548	1.091644
3564	32	1.056572
3564	3527	1.048961
3564	3578	1.019633
3564	3471	1.019126
3564	2571	0.998086
3564	3703	0.995597
3564	1374	0.991478
3565	1479	1.134588
3565	292	0.808819
3565	736	0.807997
3565	694	0.735950
3565	463	0.735116
3565	376	0.734245
3565	1221	0.726829
3565	836	0.720072
3565	288	0.719514
3565	423	0.711138
3566	527	2.091375
3566	296	1.688041
3566	1213	1.675520
3566	1207	1.362085
3566	923	1.305540
3566	1225	1.278952
3566	1198	1.213434
3566	260	1.152971
3566	111	1.142521
3566	2858	1.068415
3567	2918	1.302357
3567	1079	1.211512
3567	2797	0.979424
3567	1278	0.971633
3567	2571	0.918402
3567	1136	0.900712
3567	1259	0.872822
3567	1197	0.857577
3567	2973	0.832170
3567	2174	0.801477
3568	2985	2.187428
3568	1653	1.945418
3568	480	1.864915
3568	1584	1.815545
3568	2640	1.740696
3568	1376	1.557768
3568	1909	1.483265
3568	3699	1.417202
3568	316	1.381003
3568	2117	1.356525
3569	2378	0.674103
3569	3881	0.673143
3569	2706	0.625924
3569	2371	0.622578
3569	2011	0.609684
3569	1135	0.606071
3569	2770	0.603059
3569	3524	0.600793
3569	2736	0.586207
3569	3087	0.550526
3571	3753	0.895372
3571	3555	0.882684
3571	3510	0.869787
3571	3793	0.813169
3571	3745	0.777102
3571	3624	0.761385
3571	3354	0.726418
3571	3744	0.712848
3571	3512	0.706221
3571	3623	0.678248
3572	296	1.319498
3572	593	1.179226
3572	36	1.172254
3572	318	1.079843
3572	527	0.966903
3572	150	0.932151
3572	50	0.805012
3572	2028	0.799717
3572	1617	0.785105
3572	2501	0.732927
3573	1240	2.424907
3573	541	1.685885
3573	3471	1.664369
3573	2529	1.496703
3573	1206	1.482781
3573	1291	1.479843
3573	2028	1.437535
3573	32	1.403993
3573	1036	1.270791
3573	858	1.243603
3574	3804	1.122353
3574	3758	0.891885
3574	2002	0.826243
3574	3762	0.794392
3574	3322	0.766952
3574	835	0.746231
3574	3834	0.741646
3574	2221	0.689331
3574	3760	0.685296
3574	3792	0.665180
3575	3018	1.455246
3575	1997	1.396183
3575	1345	1.074073
3575	3344	1.070183
3575	1255	1.058680
3575	1350	1.033078
3575	1219	0.986136
3575	1994	0.975427
3575	3499	0.895154
3575	1321	0.815436
3576	1293	0.937579
3576	1084	0.779699
3576	3068	0.758834
3576	1225	0.653906
3576	1952	0.652058
3576	1956	0.638295
3576	1302	0.595425
3576	939	0.594693
3576	949	0.571375
3576	211	0.549111
3577	339	1.054119
3577	539	0.961209
3577	2424	0.947707
3577	597	0.930840
3577	287	0.888264
3577	605	0.803065
3577	2497	0.791616
3577	2671	0.785952
3577	46	0.771127
3577	1043	0.758028
3578	1376	0.951121
3578	1356	0.866600
3578	1374	0.856387
3578	1275	0.736500
3578	1580	0.718302
3578	1372	0.707427
3578	2470	0.692731
3578	733	0.678965
3578	1610	0.660934
3578	2991	0.660292
3579	3434	1.385071
3579	2807	1.354513
3579	1497	1.274425
3579	1626	1.215642
3579	1004	1.057845
3579	3767	0.938594
3579	694	0.916463
3579	71	0.896450
3579	1867	0.844713
3579	1105	0.822936
3580	1240	1.550040
3580	2571	1.466278
3580	1200	1.453267
3580	589	1.207364
3580	1214	1.098244
3580	1036	1.089887
3580	858	0.888255
3580	1917	0.883276
3580	3697	0.868247
3580	1690	0.867261
3581	2571	1.808916
3581	589	1.738188
3581	1200	1.512346
3581	3527	1.446337
3581	1356	1.429940
3581	2985	1.414606
3581	1214	1.372693
3581	1376	1.314724
3581	1097	1.243249
3581	1206	1.234620
3582	1377	0.935213
3582	3489	0.914446
3582	2050	0.859949
3582	2735	0.840586
3582	1605	0.822593
3582	2405	0.812549
3582	1591	0.783406
3582	2	0.735160
3582	1917	0.729250
3582	2950	0.686317
3583	1247	1.301395
3583	914	1.222495
3583	1944	0.959583
3583	17	0.930103
3583	969	0.918906
3583	902	0.803115
3583	3097	0.802994
3583	945	0.799973
3583	898	0.710158
3583	2020	0.664950
3584	1671	1.357021
3584	1620	1.152669
3584	434	1.087936
3584	1564	1.031818
3584	1675	0.950891
3584	1686	0.933630
3584	1598	0.836237
3584	153	0.804323
3584	1352	0.744870
3584	786	0.686791
3585	2598	0.708019
3585	2114	0.646392
3585	1959	0.630557
3585	3645	0.594496
3585	59	0.585808
3585	657	0.585808
3585	2207	0.585808
3585	3323	0.585808
3585	3382	0.585808
3585	3198	0.573966
3586	2424	1.004012
3586	1894	0.912235
3586	339	0.795648
3586	236	0.784113
3586	252	0.705018
3586	539	0.681423
3586	1777	0.646991
3586	270	0.641613
3586	378	0.596370
3586	74	0.593243
3587	2571	0.873128
3587	1200	0.679710
3587	3508	0.661700
3587	2922	0.647586
3587	2401	0.583217
3587	383	0.579136
3587	3623	0.560309
3587	457	0.541757
3587	2028	0.541582
3587	110	0.540151
3588	318	1.015100
3588	1193	0.793403
3588	1247	0.770158
3588	527	0.728827
3588	1207	0.709772
3588	923	0.672542
3588	608	0.650296
3588	1225	0.641831
3588	3066	0.641500
3588	1250	0.637858
3589	1356	0.593175
3589	1376	0.587785
3589	2916	0.574071
3589	329	0.570215
3589	2473	0.543155
3589	2115	0.528683
3589	1552	0.519854
3589	2378	0.497341
3589	2528	0.490803
3589	1374	0.482421
3590	3911	0.993278
3590	3948	0.876422
3590	3536	0.703365
3590	3852	0.703048
3590	3408	0.698917
3590	3751	0.675172
3590	3952	0.637097
3590	3618	0.609321
3590	3915	0.599120
3590	3863	0.573605
3591	2412	0.910566
3591	460	0.887563
3591	3578	0.871065
3591	3555	0.828892
3591	1105	0.724196
3591	191	0.718879
3591	667	0.695810
3591	3751	0.661118
3591	3534	0.659124
3591	3510	0.644127
3592	3897	0.816019
3592	3555	0.719360
3592	3408	0.702767
3592	3893	0.642043
3592	3578	0.639166
3592	3755	0.622630
3592	3793	0.603794
3592	3317	0.599703
3592	2105	0.576504
3592	3566	0.563793
3593	2706	0.941328
3593	597	0.831158
3593	2770	0.790890
3593	11	0.782324
3593	223	0.768077
3593	2694	0.766715
3593	2716	0.761272
3593	357	0.756454
3593	1923	0.749997
3593	2355	0.727053
3594	364	1.025039
3594	2916	1.005803
3594	1527	0.987472
3594	1356	0.921937
3594	2096	0.854596
3594	1022	0.828655
3594	1029	0.817432
3594	2018	0.777708
3594	480	0.765053
3594	2985	0.764050
3595	1196	1.430101
3595	1079	1.269431
3595	1200	1.171483
3595	1240	1.162991
3595	1197	1.161847
3595	1291	1.030288
3595	3361	1.027314
3595	1394	0.998334
3595	1036	0.944993
3595	1259	0.928052
3596	260	0.615774
3596	1265	0.611323
3596	2571	0.607507
3596	2066	0.574834
3596	1856	0.571868
3596	3047	0.571868
3596	3435	0.563881
3596	1252	0.563072
3596	3471	0.540411
3596	3929	0.540280
3597	364	1.147093
3597	595	0.980909
3597	594	0.943152
3597	2096	0.892438
3597	596	0.809123
3597	1907	0.797820
3597	1022	0.783054
3597	1029	0.735790
3597	2018	0.733246
3597	2087	0.731114
3598	820	0.948683
3598	2242	0.948683
3598	2811	0.948683
3598	3337	0.948683
3598	1749	0.667494
3598	1489	0.540295
3598	2771	0.509860
3598	1551	0.507093
3598	2694	0.498885
3598	2355	0.490569
3599	2002	1.365547
3599	648	1.320825
3599	517	1.288599
3599	3082	1.287068
3599	1385	1.286179
3599	1722	1.148894
3599	95	1.144558
3599	353	1.141775
3599	1792	1.127118
3599	2334	1.044781
3600	2559	1.333543
3600	374	1.203515
3600	588	0.996870
3600	2566	0.897997
3600	2400	0.878447
3600	2876	0.845878
3600	1489	0.843269
3600	1367	0.836155
3600	1907	0.832909
3600	2042	0.816849
3601	2875	0.929967
3601	287	0.823245
3601	1043	0.747512
3601	1894	0.722169
3601	2316	0.713750
3601	46	0.704467
3601	597	0.655725
3601	593	0.620728
3601	3	0.601831
3601	351	0.582628
3602	3623	0.749888
3602	913	0.725419
3602	2688	0.705586
3602	2959	0.671902
3602	318	0.644161
3602	527	0.636052
3602	785	0.628061
3602	3408	0.615409
3602	858	0.594074
3602	2918	0.580731
3603	1798	1.954268
3603	1427	1.730197
3603	540	1.643010
3603	3056	1.471090
3603	240	1.313676
3603	132	1.148006
3603	1206	1.058152
3603	2851	1.025555
3603	1748	0.917106
3603	2263	0.871389
3605	1213	1.265034
3605	296	1.192660
3605	47	1.093360
3605	50	0.986676
3605	1729	0.947329
3605	1912	0.936179
3605	593	0.898326
3605	1227	0.882392
3605	2391	0.882367
3605	318	0.878734
3606	318	2.175558
3606	296	1.533146
3606	608	1.475963
3606	150	1.431101
3606	1221	1.312244
3606	2858	1.031618
3606	34	0.969329
3606	1198	0.881263
3606	50	0.860026
3606	1233	0.836137
3607	3572	1.281178
3607	3833	1.182929
3607	3021	1.172301
3607	2878	1.127768
3607	173	1.110280
3607	2408	1.105205
3607	2515	1.101762
3607	1326	1.101075
3607	2113	1.045790
3607	2462	0.994109
3608	339	1.556231
3608	1777	1.362401
3608	539	1.100259
3608	586	1.093165
3608	1485	1.030866
3608	1569	0.972147
3608	252	0.927273
3608	587	0.907004
3608	7	0.867577
3608	3247	0.837388
3609	339	0.880387
3609	2424	0.793545
3609	1409	0.746521
3609	500	0.743409
3609	1513	0.724934
3609	1550	0.716917
3609	1777	0.680112
3609	1020	0.662733
3609	539	0.662366
3609	252	0.649457
3610	3417	2.497054
3610	3486	2.497054
3610	2663	2.233433
3610	3375	1.984728
3610	2667	1.851419
3610	2660	1.401403
3610	2665	1.345119
3610	2780	1.269478
3610	2645	0.992748
3610	1253	0.893326
3611	2096	0.656290
3611	1035	0.614387
3611	1022	0.568246
3611	708	0.558322
3611	661	0.535771
3611	2081	0.525358
3611	2108	0.505513
3611	364	0.503124
3611	596	0.501299
3611	539	0.497821
3612	288	1.390947
3612	1608	1.387801
3612	292	1.372391
3612	1917	1.130771
3612	1370	1.108055
3612	10	0.978503
3612	786	0.970150
3612	349	0.964310
3612	89	0.964053
3612	376	0.951015
3613	6	1.679863
3613	1729	1.603780
3613	296	1.121714
3613	2391	1.024476
3613	293	0.999653
3613	1061	0.960813
3613	608	0.906905
3613	2917	0.815416
3613	1084	0.806146
3613	431	0.732379
3614	2918	2.433995
3614	2915	2.269246
3614	1968	2.108147
3614	3552	1.966590
3614	3072	1.428661
3614	1220	1.259597
3614	1257	1.250575
3614	2144	1.121125
3614	1259	1.109204
3614	1278	1.086034
3615	1967	1.982649
3615	2193	1.739161
3615	3479	1.397762
3615	1073	1.364346
3615	2140	1.343137
3615	2054	1.200421
3615	2797	1.067535
3615	2968	1.035188
3615	653	0.901281
3615	2100	0.884684
3617	1214	1.433993
3617	1196	1.321849
3617	1206	1.051361
3617	2571	0.985878
3617	3471	0.963527
3617	1036	0.920336
3617	1210	0.906223
3617	541	0.899837
3617	260	0.896957
3617	2028	0.867755
3618	3602	0.827189
3618	2428	0.760241
3618	2013	0.730317
3618	2669	0.721543
3618	2598	0.718013
3618	2502	0.704190
3618	1513	0.688528
3618	2580	0.679770
3618	3219	0.676415
3618	3605	0.640369
3619	3639	1.309102
3619	3760	0.894967
3619	3633	0.744623
3619	3769	0.728224
3619	2947	0.726559
3619	2194	0.675500
3619	3809	0.618410
3619	2948	0.597527
3619	3622	0.594474
3619	3638	0.589261
3620	3617	1.312700
3620	3863	1.025089
3620	3831	1.014510
3620	3893	0.997363
3620	3785	0.951398
3620	3536	0.903165
3620	3826	0.900017
3620	3317	0.888115
3620	3948	0.880752
3620	3755	0.857625
3621	3087	1.939152
3621	2915	1.612442
3621	3039	1.515187
3621	2100	1.447143
3621	2918	1.409704
3621	3210	1.382622
3621	1079	1.348896
3621	2463	1.346371
3621	2423	1.294721
3621	2144	1.270383
3622	3681	0.996170
3622	2922	0.994919
3622	2401	0.970373
3622	599	0.873125
3622	2921	0.848485
3622	3508	0.840121
3622	2951	0.751487
3622	1378	0.703352
3622	3494	0.670866
3622	3037	0.670513
3624	165	1.666931
3624	1608	1.565336
3624	2006	1.374800
3624	3082	1.351614
3624	1573	1.306950
3624	2278	1.283479
3624	648	1.279135
3624	2334	1.249200
3624	2273	1.212535
3624	2763	1.205727
3625	1037	0.980709
3625	780	0.942631
3625	748	0.873697
3625	1320	0.869920
3625	316	0.822058
3625	3697	0.796791
3625	196	0.756422
3625	1544	0.744628
3625	1831	0.707956
3625	329	0.707541
3626	1977	0.850338
3626	1986	0.848368
3626	910	0.807121
3626	1252	0.787965
3626	1970	0.750681
3626	1327	0.743706
3626	924	0.737806
3626	3937	0.722678
3626	1270	0.698523
3626	1079	0.692787
3627	3806	0.799248
3627	3814	0.697572
3627	3763	0.631097
3627	3812	0.578507
3627	3640	0.557470
3627	1230	0.538521
3627	2949	0.519536
3627	3122	0.519109
3627	1926	0.502576
3627	2545	0.502576
3628	2694	2.536897
3628	2770	2.448222
3628	223	2.354358
3628	2710	2.032177
3628	2188	1.804113
3628	3203	1.709123
3628	2699	1.647256
3628	2605	1.621250
3628	1093	1.585848
3628	2336	1.537742
3629	1247	1.026243
3629	1213	0.890358
3629	1193	0.886353
3629	3468	0.820246
3629	593	0.811841
3629	1084	0.801791
3629	1387	0.737218
3629	527	0.734277
3629	1136	0.724466
3629	608	0.698659
3630	1240	1.003890
3630	457	0.823844
3630	1580	0.808309
3630	1036	0.799226
3630	316	0.787176
3630	1375	0.781652
3630	2916	0.774922
3630	1374	0.762973
3630	1196	0.744738
3630	1909	0.743509
3631	1200	2.693974
3631	1198	2.282745
3631	1196	2.192378
3631	1287	1.953967
3631	1214	1.871528
3631	1242	1.789579
3631	260	1.654206
3631	2000	1.624783
3631	2948	1.543843
3631	3418	1.419421
3635	902	0.968444
3635	1947	0.898319
3635	1094	0.838412
3635	302	0.781464
3635	2067	0.733358
3635	915	0.730002
3635	17	0.723073
3635	497	0.721513
3635	2020	0.623995
3635	1393	0.622723
3637	2734	2.547441
3637	2716	2.136778
3637	2688	2.069483
3637	2581	2.054368
3637	1513	2.047974
3637	3219	2.036714
3637	2395	1.916015
3637	2712	1.771999
3637	2959	1.743035
3637	2805	1.735448
3638	1376	1.806924
3638	1580	1.484756
3638	3527	1.337183
3638	3699	1.330964
3638	2115	1.191661
3638	2985	1.176365
3638	1527	1.116886
3638	1653	1.095366
3638	1584	1.048173
3638	329	0.972222
3639	597	1.174698
3639	339	0.952998
3639	440	0.945875
3639	2302	0.924047
3639	104	0.909168
3639	39	0.857249
3639	11	0.777886
3639	1485	0.775597
3639	543	0.763543
3639	1569	0.755821
3640	2532	0.881182
3640	3638	0.819642
3640	2531	0.732117
3640	3635	0.635459
3640	2001	0.611994
3640	3186	0.603288
3640	3633	0.565310
3640	3640	0.516975
3640	1552	0.513590
3640	1564	0.510135
3641	3578	0.917553
3641	3623	0.737981
3641	3624	0.688355
3641	3481	0.679998
3641	3753	0.649391
3641	3298	0.630572
3641	3717	0.578780
3641	589	0.567406
3641	3744	0.535530
3641	3755	0.532322
3643	1240	1.788448
3643	1200	1.633883
3643	1291	1.404987
3643	2571	1.312575
3643	589	1.206063
3643	1036	1.147899
3643	1206	1.135752
3643	924	1.131058
3643	858	1.086957
3643	1270	1.078127
3644	441	0.966337
3644	1641	0.900207
3644	1923	0.841720
3644	1060	0.787493
3644	3108	0.769320
3644	2359	0.761521
3644	39	0.694982
3644	34	0.652412
3644	2321	0.648997
3644	235	0.624517
3645	1967	1.284726
3645	2193	1.202261
3645	2968	1.195534
3645	1073	1.174841
3645	2005	1.138067
3645	1210	1.118119
3645	2115	1.107333
3645	2797	1.081668
3645	2571	1.055937
3645	1356	1.052965
3646	1260	1.803665
3646	913	1.622173
3646	1069	1.529682
3646	2186	1.499405
3646	2203	1.334568
3646	1152	1.152978
3646	2528	1.129696
3646	930	1.116921
3646	942	1.086509
3646	2985	1.038057
3647	1196	0.865374
3647	858	0.780265
3647	3415	0.737865
3647	541	0.734103
3647	1076	0.733555
3647	3416	0.642448
3647	1198	0.622406
3647	1206	0.608616
3647	2571	0.580401
3647	3134	0.575563
3648	603	0.814124
3648	2552	0.807219
3648	3285	0.733179
3648	2786	0.648583
3648	3031	0.638721
3648	596	0.614275
3648	1282	0.603475
3648	1022	0.573389
3648	2372	0.566183
3648	1011	0.560786
3649	1957	1.303590
3649	3361	1.275213
3649	1307	1.159725
3649	2174	1.154961
3649	3039	1.050759
3649	1079	1.039005
3649	1240	1.007367
3649	1968	0.895974
3649	1259	0.883459
3649	2918	0.870628
3650	750	1.401009
3650	260	1.223505
3650	1196	1.179518
3650	1250	1.111829
3650	1200	1.091796
3650	1240	1.080668
3650	2571	0.973803
3650	1221	0.964992
3650	1199	0.939294
3650	1267	0.919294
3651	1552	1.196954
3651	95	1.062277
3651	1544	1.006588
3651	780	0.981663
3651	1597	0.973683
3651	1779	0.937926
3651	1690	0.916165
3651	494	0.909185
3651	1608	0.888781
3651	1792	0.868270
3652	3699	1.096090
3652	783	1.067350
3652	2189	1.032385
3652	1374	0.987954
3652	2407	0.974193
3652	1566	0.952515
3652	1396	0.940182
3652	1376	0.938343
3652	2687	0.882317
3652	2640	0.866995
3653	383	3.244837
3653	2401	2.964228
3653	416	2.707894
3653	3494	2.664667
3653	2921	2.411103
3653	3074	2.120195
3653	3681	2.098735
3653	599	1.885131
3653	2055	1.863760
3653	458	1.634902
3654	2161	1.153832
3654	1967	1.142242
3654	2115	1.053813
3654	2105	0.993782
3654	1376	0.920366
3654	3479	0.827824
3654	2640	0.814451
3654	1291	0.808517
3654	2054	0.762356
3654	2174	0.760051
3655	1967	2.948109
3655	2174	2.308858
3655	2054	1.920833
3655	367	1.761223
3655	2140	1.750500
3655	2021	1.468277
3655	317	1.431042
3655	2453	1.333270
3655	3438	1.330307
3655	2086	1.098300
3656	3847	0.917933
3656	3764	0.853283
3656	228	0.742781
3656	3757	0.658494
3656	1587	0.650613
3656	3763	0.602382
3656	3760	0.591717
3656	2002	0.587004
3656	2374	0.529107
3656	1608	0.525394
3657	457	1.588966
3657	733	1.464873
3657	2353	1.443189
3657	3256	1.410134
3657	377	1.307424
3657	589	1.292254
3657	480	1.261842
3657	2028	1.076002
3657	349	1.029394
3657	1527	0.995342
3658	1278	0.944752
3658	3359	0.895384
3658	2922	0.882026
3658	2401	0.869666
3658	1292	0.855878
3658	3037	0.819139
3658	1082	0.818232
3658	2866	0.791305
3658	3363	0.783458
3658	3093	0.762287
3659	608	2.194139
3659	318	2.118027
3659	593	2.010832
3659	50	1.491837
3659	1617	1.243866
3659	2858	1.114748
3659	34	1.026127
3659	3006	0.972305
3659	150	0.937013
3659	457	0.912181
3660	1580	2.072412
3660	1374	1.808498
3660	1356	1.806433
3660	2985	1.719088
3660	1584	1.706202
3660	2571	1.372200
3660	2640	1.331623
3660	1527	1.331341
3660	3702	1.308199
3660	2968	1.187803
3661	1350	2.036950
3661	2644	1.812473
3661	1345	1.551156
3661	1333	1.519178
3661	1255	1.380979
3661	1994	1.311384
3661	1130	1.191530
3661	1387	1.101051
3661	1261	1.078384
3661	2455	1.059361
3662	1223	0.933841
3662	1	0.694567
3662	1539	0.668153
3662	1265	0.573874
3662	2396	0.560197
3662	34	0.540321
3662	2913	0.528665
3662	720	0.522007
3662	2599	0.501332
3662	652	0.493334
3663	1552	1.167562
3663	316	1.002321
3663	736	0.986983
3663	2393	0.968901
3663	1479	0.830138
3663	292	0.823887
3663	434	0.814055
3663	1372	0.786633
3663	1371	0.780400
3663	786	0.772491
3664	339	1.040791
3664	1777	1.007519
3664	2724	0.968800
3664	1569	0.948442
3664	7	0.947598
3664	1409	0.931354
3664	1513	0.724891
3664	252	0.701243
3664	440	0.685110
3664	1196	0.662114
3665	2922	2.271988
3665	3508	2.205966
3665	416	1.944912
3665	3494	1.750614
3665	2951	1.696228
3665	2921	1.522758
3665	210	1.478593
3665	3074	1.447357
3665	2055	1.334104
3665	3681	1.174206
3666	1240	2.334483
3666	1200	2.147375
3666	260	2.080287
3666	1196	1.973115
3666	457	1.844573
3666	589	1.756309
3666	2949	1.688313
3666	1242	1.661770
3666	2944	1.585571
3666	2194	1.533834
3667	586	0.718014
3667	1456	0.693848
3667	2828	0.646939
3667	1702	0.643084
3667	3489	0.634048
3667	575	0.592701
3667	837	0.587576
3667	228	0.587425
3667	60	0.585320
3667	1093	0.549791
3668	1267	1.402899
3668	608	1.364131
3668	912	1.224575
3668	296	1.201781
3668	1213	1.148606
3668	908	1.057039
3668	858	1.034895
3668	50	1.012995
3668	1219	0.974529
3668	1104	0.876557
3669	2683	1.114635
3669	2694	1.071540
3669	2770	0.971660
3669	3005	0.878995
3669	1093	0.875284
3669	2541	0.849654
3669	2598	0.834803
3669	2188	0.834103
3669	2997	0.753304
3669	2688	0.742232
3670	3763	1.012129
3670	3639	1.010150
3670	253	0.857667
3670	3760	0.854285
3670	736	0.805609
3670	3445	0.750587
3670	2247	0.676877
3670	3805	0.668567
3670	145	0.667547
3670	2753	0.667379
3671	2916	1.715746
3671	10	1.599838
3671	2058	1.491684
3671	1527	1.451564
3671	1356	1.336823
3671	380	1.329364
3671	1722	1.282309
3671	1610	1.198151
3671	377	1.194596
3671	2989	1.104439
3672	2640	0.716971
3672	3917	0.711844
3672	3635	0.699522
3672	2991	0.662912
3672	592	0.643720
3672	1101	0.612297
3672	480	0.596058
3672	1275	0.574517
3672	2989	0.565978
3672	2160	0.544081
3673	111	1.083539
3673	1207	1.057451
3673	1276	1.050364
3673	3468	0.883938
3673	318	0.878754
3673	923	0.854987
3673	260	0.849955
3673	1213	0.849251
3673	1957	0.830861
3673	541	0.826317
3674	1240	1.616611
3674	2571	1.599002
3674	1200	1.405891
3674	1214	1.272384
3674	2529	1.249310
3674	32	1.212463
3674	3527	1.105952
3674	1291	1.074461
3674	1196	1.060897
3674	2947	1.049449
3675	3600	0.686353
3675	2042	0.560168
3675	248	0.553371
3675	2134	0.533649
3675	3525	0.504130
3675	719	0.490946
3675	2469	0.489272
3675	2259	0.486389
3675	2255	0.485196
3675	3591	0.479748
3676	3435	1.066890
3676	1252	1.062021
3676	1248	0.925167
3676	596	0.888585
3676	1284	0.844106
3676	2066	0.842411
3676	922	0.753454
3676	1069	0.740327
3676	1260	0.722764
3676	364	0.704047
3677	3686	1.255677
3677	2688	1.229782
3677	1792	1.059435
3677	89	1.035887
3677	10	0.949997
3677	1911	0.927075
3677	494	0.924845
3677	1687	0.909824
3677	95	0.909088
3677	2803	0.888770
3678	2641	1.308908
3678	2528	1.122766
3678	1240	1.106210
3678	1196	1.024583
3678	2985	0.960997
3678	3699	0.932238
3678	1200	0.910672
3678	1375	0.905456
3678	2117	0.903989
3678	2050	0.898204
3679	3039	0.955542
3679	2915	0.869239
3679	2406	0.830380
3679	2100	0.792858
3679	2797	0.742472
3679	3087	0.703214
3679	2423	0.691554
3679	3526	0.671263
3679	2134	0.652979
3679	1968	0.651363
3680	1961	0.667347
3680	3071	0.556279
3680	3211	0.499054
3680	1094	0.492188
3680	17	0.482057
3680	1962	0.468093
3680	2020	0.458386
3680	3050	0.443836
3680	3098	0.405974
3680	1307	0.400270
3681	3555	1.382687
3681	3624	1.260377
3681	3753	1.138718
3681	3510	1.071581
3681	3534	1.008158
3681	3481	1.007107
3681	3623	1.005740
3681	3409	0.904339
3681	3751	0.856858
3681	3744	0.765647
3682	597	1.267066
3682	440	1.195174
3682	11	1.139458
3682	1777	1.098101
3682	2174	1.076899
3682	339	1.056702
3682	2424	1.048582
3682	708	0.907084
3682	2915	0.820441
3682	587	0.790205
3683	1993	1.053935
3683	984	1.001599
3683	1644	0.996184
3683	2548	0.863079
3683	2107	0.824548
3683	869	0.766128
3683	3709	0.702189
3683	2713	0.680530
3683	1342	0.672848
3683	2514	0.670281
3684	2841	2.346855
3684	2581	2.229325
3684	2840	2.176721
3684	3081	2.040938
3684	2490	1.917767
3684	2491	1.875293
3684	2700	1.781652
3684	2805	1.673303
3684	24	1.671010
3684	3185	1.529360
3685	3893	1.096091
3685	3863	1.092933
3685	3578	1.085798
3685	3897	1.080357
3685	3755	0.997416
3685	3481	0.980646
3685	3827	0.965273
3685	3623	0.915196
3685	3624	0.838965
3685	3617	0.821769
3686	1214	1.291014
3686	1196	1.211944
3686	1200	1.096981
3686	1270	1.052171
3686	260	0.983366
3686	457	0.954823
3686	1210	0.900857
3686	110	0.899074
3686	1206	0.895408
3686	3471	0.858870
3687	1380	1.312512
3687	2565	1.043245
3687	1028	0.981221
3687	1950	0.958129
3687	2083	0.908920
3687	899	0.866686
3687	111	0.830511
3687	918	0.807804
3687	900	0.803356
3687	3549	0.781246
3688	2922	0.844907
3688	3681	0.800693
3688	755	0.700140
3688	3508	0.670215
3688	2401	0.662528
3688	1266	0.646280
3688	1201	0.628130
3688	2921	0.617807
3688	3074	0.611435
3688	1316	0.518476
3689	1917	1.094904
3689	1552	0.980693
3689	1970	0.671697
3689	1779	0.669940
3689	1479	0.655874
3689	2094	0.643112
3689	1833	0.637960
3689	1798	0.620441
3689	2327	0.592807
3689	3764	0.584160
3690	103	1.278881
3690	291	1.120486
3690	92	1.089449
3690	1798	0.980814
3690	3056	0.973090
3690	132	0.871861
3690	782	0.842622
3690	1432	0.842442
3690	540	0.818394
3690	1644	0.812569
3691	1037	1.030949
3691	173	1.025901
3691	3697	1.006803
3691	316	0.956049
3691	748	0.944336
3691	2916	0.926309
3691	1591	0.910683
3691	1909	0.907377
3691	1584	0.903330
3691	1544	0.894203
3692	2921	1.797980
3692	1340	1.646296
3692	3494	1.610622
3692	1997	1.605601
3692	3681	1.488341
3692	3018	1.443199
3692	1350	1.394080
3692	1982	1.365247
3692	553	1.251518
3692	383	1.236137
3693	2913	0.471143
3693	254	0.425029
3693	2193	0.379291
3693	2005	0.346262
3693	2872	0.343357
3693	653	0.343228
3693	1899	0.336627
3693	388	0.336519
3693	1767	0.326689
3693	1967	0.326636
3694	1079	1.682074
3694	2918	1.516145
3694	1307	1.454389
3694	3039	0.971027
3694	2791	0.948763
3694	1294	0.933326
3694	2248	0.901037
3694	1136	0.870973
3694	2804	0.861513
3694	1278	0.855173
3695	3656	0.688717
3695	587	0.555841
3695	597	0.540755
3695	708	0.494349
3695	1485	0.494233
3695	3723	0.487191
3695	539	0.486679
3695	1546	0.474495
3695	62	0.469863
3695	2567	0.453255
3696	471	0.710648
3696	342	0.701971
3696	357	0.666583
3696	1923	0.633976
3696	480	0.598980
3696	21	0.549983
3696	1883	0.532092
3696	2302	0.479101
3696	141	0.468640
3696	45	0.455182
3697	1967	1.789827
3697	2193	1.658025
3697	2968	1.642846
3697	2100	1.617691
3697	2161	1.616322
3697	2105	1.434157
3697	2640	1.128930
3697	2054	1.108771
3697	1356	0.970705
3697	2021	0.908440
3698	1513	2.717355
3698	2734	2.659965
3698	2491	2.415274
3698	2490	2.347435
3698	24	2.193601
3698	2723	2.192570
3698	1959	1.950818
3698	2396	1.885314
3698	2724	1.882291
3698	2762	1.855390
3699	912	1.425045
3699	922	1.039721
3699	1252	1.004391
3699	1104	0.979958
3699	899	0.971436
3699	1248	0.960687
3699	1267	0.910108
3699	1207	0.904087
3699	1247	0.819878
3699	1944	0.809286
3700	580	0.598799
3700	454	0.590855
3700	281	0.537410
3700	1190	0.527801
3700	1271	0.518748
3700	62	0.495912
3700	805	0.486828
3700	652	0.485630
3700	1680	0.474350
3700	1678	0.472861
3701	2393	1.011928
3701	1372	0.960027
3701	1196	0.950044
3701	1356	0.912926
3701	260	0.903512
3701	3471	0.877714
3701	1240	0.829669
3701	1374	0.805974
3701	316	0.785873
3701	1272	0.778433
3702	1374	1.928879
3702	32	1.834469
3702	3527	1.763026
3702	2916	1.743661
3702	1200	1.720859
3702	3471	1.501289
3702	1210	1.465974
3702	1356	1.402792
3702	1206	1.399520
3702	1214	1.389117
3703	3640	0.793732
3703	1244	0.750994
3703	3763	0.732402
3703	2947	0.724044
3703	2302	0.678860
3703	3812	0.613203
3703	2001	0.577233
3703	2194	0.563071
3703	3608	0.560493
3703	1387	0.553040
3704	1089	1.204687
3704	1466	0.911063
3704	296	0.845773
3704	293	0.777659
3704	1227	0.772108
3704	2391	0.754367
3704	1805	0.744631
3704	50	0.711169
3704	1447	0.644044
3704	1589	0.633047
3705	3048	0.600816
3705	914	0.573156
3705	99	0.536811
3705	2302	0.518641
3705	1471	0.498052
3705	899	0.491604
3705	162	0.480743
3705	1191	0.476013
3705	206	0.467970
3705	902	0.461017
3706	2918	1.936995
3706	1394	1.477919
3706	1270	1.402113
3706	3421	1.301586
3706	2174	1.139578
3706	2716	1.111692
3706	1278	1.087204
3706	3039	1.028855
3706	2915	0.978652
3706	3552	0.962819
3707	998	1.096796
3707	2002	0.896674
3707	1620	0.670391
3707	1668	0.650945
3707	2231	0.647068
3707	153	0.595672
3707	2487	0.541125
3707	707	0.537325
3707	1564	0.534672
3707	1675	0.511356
3708	1244	0.974948
3708	3632	0.933901
3708	1078	0.573279
3708	3640	0.537541
3708	1278	0.500914
3708	1240	0.492291
3708	3421	0.463827
3708	1234	0.451671
3708	1197	0.436129
3708	1222	0.431327
3709	1971	2.445126
3709	1970	2.356333
3709	1983	2.306054
3709	1977	2.203156
3709	1980	1.982816
3709	1978	1.961830
3709	1979	1.792953
3709	3021	1.732693
3709	1986	1.688554
3709	1984	1.602753
3710	2572	1.022600
3710	2770	0.937785
3710	3005	0.908002
3710	2710	0.897235
3710	1517	0.893853
3710	2188	0.891269
3710	1042	0.871469
3710	223	0.821833
3710	2707	0.766983
3710	500	0.760640
3711	783	1.865183
3711	2096	1.567185
3711	2089	1.472917
3711	594	1.407127
3711	2018	1.396844
3711	596	1.315565
3711	1688	1.312209
3711	1022	1.276385
3711	2081	1.257623
3711	2087	1.139639
3712	2143	1.749709
3712	2161	1.537248
3712	2021	1.283681
3712	3479	1.023050
3712	1375	0.953939
3712	1073	0.915101
3712	3698	0.913589
3712	3489	0.912721
3712	2140	0.907831
3712	653	0.903380
3713	1294	1.478204
3713	1080	1.448740
3713	1244	1.113977
3713	1394	1.100490
3713	2300	1.015888
3713	1292	1.010292
3713	2788	0.818898
3713	1256	0.791867
3713	1304	0.790221
3713	898	0.759636
3714	3809	0.705528
3714	3763	0.697122
3714	1078	0.657003
3714	3760	0.615313
3714	1589	0.583992
3714	3769	0.566281
3714	2001	0.555380
3714	2194	0.554098
3714	2947	0.519427
3714	454	0.511311
3715	914	1.372195
3715	1951	1.345336
3715	2565	1.280385
3715	3604	1.187730
3715	918	1.062366
3715	3061	1.055182
3715	595	1.030643
3715	1030	1.007530
3715	899	0.957540
3715	594	0.915243
3716	1089	1.059456
3716	47	0.871545
3716	1671	0.846027
3716	283	0.813119
3716	1227	0.734495
3716	318	0.716733
3716	1645	0.711108
3716	608	0.695266
3716	1686	0.654266
3716	6	0.642824
3717	1968	0.856410
3717	1079	0.814070
3717	1302	0.770461
3717	1674	0.746869
3717	1957	0.702252
3717	3098	0.680081
3717	2918	0.678105
3717	3210	0.649100
3717	912	0.635024
3717	914	0.614581
3718	1200	1.418407
3718	2571	1.239707
3718	1196	1.192160
3718	2947	1.188638
3718	2529	1.178261
3718	1036	1.097821
3718	1210	1.037093
3718	3703	1.036826
3718	1954	1.028718
3718	1198	1.016699
3719	2683	2.586350
3719	2605	2.319731
3719	1093	2.285539
3719	2881	2.185015
3719	2706	2.151153
3719	2355	2.090354
3719	2959	2.089068
3719	2710	2.078064
3719	3005	2.023631
3719	785	2.006707
3720	1552	0.765342
3720	292	0.741198
3720	1792	0.735437
3720	786	0.653081
3720	3686	0.641124
3720	1608	0.613587
3720	3020	0.571572
3720	288	0.541820
3720	494	0.529888
3720	165	0.516600
3721	2959	1.369872
3721	785	1.366704
3721	2336	1.334780
3721	2858	1.314349
3721	1093	1.271843
3721	2694	1.228973
3721	2541	1.212778
3721	2355	1.189079
3721	2712	1.130100
3721	2706	1.079388
3722	3344	1.827852
3722	1350	1.691251
3722	1321	1.551715
3722	1997	1.489915
3722	1345	1.466936
3722	1255	1.311551
3722	1982	1.201181
3722	2159	1.187719
3722	3476	1.173291
3722	1347	1.157277
3723	2716	2.013335
3723	2433	1.983953
3723	1911	1.974419
3723	2605	1.898589
3723	2710	1.849692
3723	3005	1.782175
3723	2706	1.719447
3723	2541	1.638834
3723	2688	1.598689
3723	2959	1.438075
3724	731	0.693772
3724	1892	0.566974
3724	2527	0.526987
3724	350	0.514043
3724	2528	0.508054
3724	2455	0.507176
3724	1580	0.503053
3724	1092	0.476487
3724	2009	0.451499
3724	3508	0.442993
3726	2694	1.339506
3726	3005	0.897555
3726	2572	0.877366
3726	2355	0.859039
3726	223	0.845815
3726	344	0.835865
3726	2710	0.791437
3726	1093	0.786349
3726	2188	0.769083
3726	2541	0.748138
3727	67	0.800000
3727	2652	0.670820
3727	1549	0.632456
3727	3768	0.474342
3727	3440	0.382828
3727	2035	0.381385
3727	1059	0.357380
3727	1562	0.355635
3727	1580	0.355198
3727	315	0.346968
3728	2841	2.102354
3728	1513	1.675334
3728	3081	1.661327
3728	2396	1.597318
3728	3219	1.435511
3728	2723	1.385892
3728	2692	1.385124
3728	2491	1.290179
3728	2013	1.265450
3728	2394	1.257540
3729	608	1.135026
3729	1617	1.067149
3729	296	0.781629
3729	1997	0.764280
3729	318	0.748878
3729	3476	0.747998
3729	1345	0.738660
3729	593	0.732858
3729	6	0.709962
3729	1350	0.699230
3731	2808	2.173116
3731	1779	2.110181
3731	1882	2.071842
3731	1591	2.036445
3731	196	1.847861
3731	1373	1.792266
3731	256	1.326472
3731	2448	1.322212
3731	2549	1.307203
3731	379	1.298574
3732	1198	1.012382
3732	260	0.970829
3732	296	0.850330
3732	1197	0.780244
3732	1240	0.779991
3732	1036	0.764301
3732	1200	0.726162
3732	527	0.701719
3732	858	0.695382
3732	593	0.684472
3733	2997	0.851330
3733	2599	0.654542
3733	3174	0.609046
3733	785	0.594751
3733	2396	0.575944
3733	2762	0.568858
3733	2688	0.524644
3733	2712	0.523311
3733	223	0.496722
3733	3160	0.496019
3734	2530	1.308420
3734	3633	0.931256
3734	3763	0.868525
3734	736	0.700110
3734	2991	0.680613
3734	2528	0.669375
3734	3760	0.642614
3734	1552	0.636690
3734	2185	0.620018
3734	2753	0.619204
3735	178	0.986772
3735	415	0.952914
3735	1837	0.943135
3735	2372	0.838853
3735	520	0.819044
3735	2375	0.813451
3735	2796	0.812687
3735	2552	0.799574
3735	275	0.748346
3735	2473	0.717287
3736	1326	1.534529
3736	608	1.447976
3736	3572	1.422863
3736	1993	1.403135
3736	1213	1.383644
3736	2878	1.269030
3736	36	1.235352
3736	1358	1.180413
3736	1989	1.176225
3736	1984	1.022429
3737	1573	1.194131
3737	292	1.192460
3737	3107	1.185426
3737	3082	1.160803
3737	316	1.160419
3737	1876	1.117714
3737	2628	1.102214
3737	1370	1.084942
3737	10	1.050800
3737	1375	0.984232
3738	1136	0.635688
3738	1234	0.621257
3738	3114	0.611860
3738	1294	0.611177
3738	1394	0.589402
3738	1230	0.584559
3738	1278	0.566300
3738	3363	0.563573
3738	1201	0.499603
3738	1265	0.495388
3740	1200	1.000679
3740	1240	0.896858
3740	1198	0.894048
3740	2571	0.893951
3740	589	0.885977
3740	1704	0.876840
3740	150	0.850587
3740	1036	0.826381
3740	1210	0.806674
3740	457	0.716975
3741	3699	1.171388
3741	1376	1.150324
3741	2105	0.911902
3741	2916	0.899399
3741	592	0.881461
3741	2968	0.870373
3741	1240	0.863847
3741	2640	0.852814
3741	2193	0.801871
3741	2161	0.797355
3742	593	1.391597
3742	608	1.326033
3742	858	1.274121
3742	2028	1.218590
3742	1240	1.199268
3742	260	1.162115
3742	2571	1.065073
3742	1617	1.021094
3742	1214	0.995699
3742	1242	0.990387
3743	597	1.283719
3743	339	0.936165
3743	587	0.919396
3743	357	0.910087
3743	2671	0.845497
3743	440	0.792618
3743	17	0.779787
3743	11	0.721119
3743	1777	0.714401
3743	1569	0.691983
3744	2444	0.875871
3744	1196	0.820089
3744	3153	0.785358
3744	1511	0.748123
3744	828	0.743188
3744	260	0.643464
3744	3845	0.625166
3744	541	0.614232
3744	1200	0.604867
3744	1739	0.599329
3745	1367	0.999179
3745	784	0.837381
3745	881	0.832147
3745	569	0.826799
3745	248	0.807878
3745	274	0.744359
3745	148	0.703210
3745	719	0.671563
3745	415	0.643689
3745	2082	0.620196
3746	3623	1.179018
3746	3745	0.812309
3746	3753	0.802860
3746	1240	0.782318
3746	2571	0.766171
3746	3510	0.751356
3746	3717	0.707553
3746	260	0.667704
3746	3408	0.655299
3746	32	0.650401
3747	2997	1.576259
3747	2333	1.340129
3747	2336	1.295435
3747	223	1.265683
3747	2395	1.208659
3747	2734	1.175879
3747	2502	1.130358
3747	785	1.126976
3747	2762	1.087195
3747	2723	1.029801
3748	2918	1.397557
3748	2791	1.309563
3748	3361	1.263411
3748	1079	1.185478
3748	1968	1.040380
3748	2174	0.979829
3748	1307	0.942807
3748	3210	0.890692
3748	3039	0.879863
3748	1	0.831928
3749	2424	1.794216
3749	597	1.602901
3749	1569	1.457649
3749	1777	1.457108
3749	2671	1.286296
3749	2567	0.926694
3749	236	0.887067
3749	2496	0.833323
3749	11	0.831869
3749	3247	0.817904
3750	1079	1.226501
3750	1270	1.107914
3750	1968	0.978568
3750	1307	0.978008
3750	2396	0.959202
3750	1	0.935391
3750	3361	0.897696
3750	1967	0.886856
3750	1097	0.836116
3750	2161	0.832632
3751	2770	1.025610
3751	3005	0.975627
3751	2694	0.954316
3751	2710	0.928738
3751	2541	0.888130
3751	2707	0.853062
3751	223	0.850315
3751	3203	0.785852
3751	2355	0.755376
3751	2699	0.721317
3752	453	0.587294
3752	357	0.584253
3752	1902	0.577793
3752	39	0.518688
3752	3253	0.507318
3752	1265	0.491409
3752	1777	0.469323
3752	1923	0.463188
3752	302	0.449581
3752	779	0.445037
3753	593	1.220267
3753	318	1.203884
3753	2396	1.124491
3753	34	1.074075
3753	2997	1.032614
3753	608	1.021295
3753	2028	0.986045
3753	1213	0.825587
3753	2395	0.809602
3753	3147	0.765030
3754	2371	1.008697
3754	1375	0.927114
3754	3525	0.910691
3754	3033	0.870599
3754	2054	0.783931
3754	3524	0.783492
3754	2470	0.772725
3754	2378	0.695401
3754	2193	0.692008
3754	2641	0.687890
3755	50	0.818423
3755	318	0.794077
3755	296	0.773888
3755	593	0.746281
3755	1213	0.745866
3755	1104	0.737098
3755	527	0.709937
3755	1952	0.701581
3755	908	0.683383
3755	912	0.678013
3756	2471	0.899591
3756	2642	0.759594
3756	1591	0.736122
3756	173	0.728367
3756	435	0.689709
3756	2986	0.658463
3756	1037	0.652759
3756	1779	0.636269
3756	2411	0.632144
3756	2735	0.600781
3757	316	0.707844
3757	1527	0.685988
3757	480	0.673770
3757	1356	0.627068
3757	2571	0.601369
3757	2916	0.582471
3757	1909	0.582253
3757	1372	0.575617
3757	1580	0.574284
3757	1917	0.568793
3758	318	2.363148
3758	2028	1.677790
3758	527	1.548988
3758	2858	1.548601
3758	1358	1.387558
3758	1704	1.351500
3758	457	1.339036
3758	589	1.175386
3758	2391	1.053591
3758	1912	0.994897
3759	2424	1.167106
3759	339	0.984129
3759	587	0.971976
3759	1777	0.867617
3759	3614	0.860266
3759	3881	0.827887
3759	719	0.795080
3759	1569	0.759460
3759	2671	0.678731
3759	1614	0.654065
3760	3066	1.181533
3760	897	1.150659
3760	3643	1.100168
3760	3406	1.077808
3760	3137	0.879287
3760	1263	0.871437
3760	3519	0.846585
3760	1090	0.834689
3760	3154	0.829573
3760	1960	0.778531
3761	1198	1.978076
3761	2028	1.955309
3761	1954	1.756683
3761	1240	1.751180
3761	1200	1.644687
3761	589	1.489693
3761	858	1.487359
3761	1222	1.463349
3761	2949	1.427401
3761	1242	1.319525
3762	1370	0.882518
3762	733	0.827507
3762	2353	0.772001
3762	463	0.749232
3762	436	0.684633
3762	2802	0.668019
3762	3370	0.664846
3762	640	0.660204
3762	1722	0.619985
3762	2180	0.595004
3763	1394	1.580962
3763	3361	1.517295
3763	1278	1.384187
3763	1270	1.346277
3763	2791	1.295975
3763	3421	1.168595
3763	2174	1.112664
3763	3210	1.104685
3763	1080	1.058456
3763	3039	1.013456
3766	2724	0.887934
3766	460	0.688892
3766	2510	0.684523
3766	656	0.650919
3766	2029	0.633158
3766	414	0.622434
3766	355	0.622120
3766	1541	0.610797
3766	575	0.597260
3766	2002	0.577764
3767	2599	0.715314
3767	2683	0.707417
3767	265	0.692227
3767	2997	0.685034
3767	223	0.647171
3767	1704	0.635646
3767	3160	0.635645
3767	1094	0.630330
3767	2291	0.618237
3767	2770	0.616520
3768	2376	0.642654
3768	2115	0.641134
3768	1610	0.605120
3768	3633	0.565713
3768	1370	0.560077
3768	3639	0.529727
3768	2991	0.528500
3768	3029	0.496903
3768	3763	0.486994
3768	2944	0.480118
3769	2378	2.156593
3769	2372	1.730848
3769	3525	1.461420
3769	3041	1.360424
3769	2468	1.348045
3769	3387	1.340094
3769	2478	1.309765
3769	2796	1.285866
3769	3042	1.270714
3769	2381	1.268974
3770	357	0.822750
3770	440	0.818002
3770	1183	0.811996
3770	1393	0.678682
3770	2108	0.634308
3770	389	0.612018
3770	892	0.600479
3770	539	0.600223
3770	1684	0.587651
3770	2621	0.582238
3771	1606	2.286555
3771	71	2.092984
3771	1432	1.571191
3771	153	1.563994
3771	2196	1.526179
3771	886	1.478165
3771	809	1.449087
3771	2701	1.404796
3771	420	1.265083
3771	2126	1.237487
3772	414	1.246743
3772	808	1.240044
3772	631	1.077749
3772	3648	1.047363
3772	2846	0.910128
3772	410	0.880553
3772	2123	0.829124
3772	2444	0.814183
3772	1062	0.683486
3772	2896	0.677487
3773	1307	0.885491
3773	2174	0.873865
3773	2918	0.844471
3773	3361	0.748756
3773	2915	0.714189
3773	2145	0.711815
3773	1079	0.705776
3773	3552	0.694368
3773	1968	0.686597
3773	2251	0.678207
3774	318	1.760118
3774	50	1.538621
3774	1704	1.467836
3774	1213	1.378778
3774	2028	1.206064
3774	1358	1.179407
3774	2762	1.163864
3774	527	1.111686
3774	34	1.104862
3774	36	1.048834
3775	2100	0.904901
3775	2145	0.851410
3775	1081	0.786427
3775	3448	0.781140
3775	2150	0.773325
3775	3552	0.760780
3775	2245	0.700411
3775	2915	0.695907
3775	2134	0.665286
3775	3087	0.598357
3776	2915	2.373415
3776	3210	2.141505
3776	1968	1.945428
3776	3361	1.940231
3776	1307	1.838114
3776	2174	1.660344
3776	2352	1.470321
3776	2791	1.404358
3776	3526	1.298553
3776	1394	1.188751
3777	914	1.032596
3777	1307	0.953093
3777	928	0.915371
3777	1296	0.857684
3777	902	0.787661
3777	920	0.760427
3777	1094	0.674956
3777	1393	0.661746
3777	1265	0.650200
3777	898	0.634447
3778	544	0.568671
3778	1606	0.559487
3778	244	0.545162
3778	71	0.512201
3778	809	0.505130
3778	1497	0.493949
3778	3400	0.489162
3778	1901	0.478091
3778	2292	0.478091
3778	3905	0.478091
3779	1674	1.408372
3779	915	0.974059
3779	1296	0.926106
3779	497	0.912640
3779	1684	0.868808
3779	1265	0.827277
3779	943	0.826303
3779	1188	0.802827
3779	914	0.777447
3779	1643	0.766408
3780	608	1.656441
3780	1213	1.486079
3780	2762	1.262100
3780	1617	1.247152
3780	527	1.014429
3780	1358	0.924451
3780	1029	0.885675
3780	2028	0.803369
3780	588	0.791181
3780	1907	0.781963
3781	150	1.107233
3781	1678	0.866174
3781	1393	0.843593
3781	1183	0.806352
3781	1633	0.760593
3781	300	0.728259
3781	1682	0.699814
3781	1784	0.693031
3781	2501	0.677269
3781	3100	0.657872
3782	2918	1.301012
3782	1968	1.097217
3782	3210	1.046686
3782	3039	1.035867
3782	1663	0.997586
3782	2915	0.948558
3782	2352	0.931634
3782	3098	0.912534
3782	1079	0.911993
3782	2248	0.852892
3784	2858	1.486603
3784	593	1.444663
3784	1704	1.344444
3784	296	1.257045
3784	608	1.136643
3784	2324	1.134922
3784	2762	1.077352
3784	1148	1.016588
3784	2028	0.974196
3784	1923	0.928005
3785	3578	1.529223
3785	3717	1.186363
3785	3785	1.097372
3785	3555	1.087990
3785	3753	1.075869
3785	3510	1.043520
3785	3863	0.922293
3785	3615	0.879582
3785	3861	0.857292
3785	3646	0.838791
3786	2599	0.703486
3786	589	0.672494
3786	293	0.670632
3786	2580	0.652132
3786	1094	0.649692
3786	296	0.596872
3786	2712	0.580983
3786	2028	0.569716
3786	17	0.515310
3786	32	0.512706
3789	2396	0.907986
3789	2762	0.813184
3789	3114	0.789604
3789	2908	0.769060
3789	1265	0.727646
3789	2959	0.683823
3789	1394	0.661244
3789	223	0.636608
3789	2976	0.636380
3789	904	0.605886
3790	1192	1.325404
3790	1649	1.299600
3790	1111	1.266465
3790	363	1.142347
3790	1189	1.130876
3790	556	1.100810
3790	581	0.967579
3790	443	0.965183
3790	206	0.952865
3790	1147	0.917582
3791	1412	0.787374
3791	1611	0.602028
3791	1063	0.571990
3791	159	0.555705
3791	633	0.547271
3791	369	0.522235
3791	3103	0.515040
3791	194	0.484706
3791	884	0.455842
3791	1684	0.449413
3792	2770	0.802669
3792	2605	0.771344
3792	1911	0.756727
3792	2710	0.734317
3792	2694	0.727351
3792	2706	0.725194
3792	2355	0.708163
3792	223	0.703212
3792	2433	0.673514
3792	2716	0.662104
3793	1474	1.586843
3793	1707	1.560906
3793	274	1.508146
3793	374	1.464225
3793	575	1.342416
3793	747	1.306443
3793	881	1.287908
3793	2027	1.275810
3793	3495	1.263567
3793	419	1.241975
3794	2688	2.341948
3794	1911	2.259212
3794	2770	1.983757
3794	2959	1.852963
3794	2580	1.817295
3794	2428	1.771906
3794	2683	1.708994
3794	2734	1.661569
3794	2541	1.643209
3794	2336	1.642441
3796	364	0.929943
3796	2018	0.865956
3796	1907	0.833133
3796	2096	0.753987
3796	2089	0.708947
3796	1032	0.705291
3796	783	0.663185
3796	1022	0.657323
3796	661	0.652533
3796	2080	0.651367
3798	608	1.499908
3798	593	1.409458
3798	1089	1.250311
3798	527	1.155499
3798	2028	1.096789
3798	260	1.076257
3798	2858	1.015026
3798	858	0.964499
3798	3757	0.949640
3798	2762	0.902414
3799	1777	1.068042
3799	2797	1.039534
3799	2302	0.997188
3799	539	0.940855
3799	357	0.927764
3799	367	0.888439
3799	597	0.866297
3799	3255	0.834064
3799	2108	0.831439
3799	339	0.779134
3800	1552	0.978775
3800	1997	0.929914
3800	3018	0.911845
3800	95	0.828979
3800	1345	0.752639
3800	1994	0.734994
3800	1350	0.728219
3800	3476	0.716319
3800	2160	0.702391
3800	2616	0.683987
3801	1989	3.829971
3801	1986	3.084572
3801	1756	2.837774
3801	3840	2.439895
3801	1977	2.407023
3801	3573	2.348899
3801	1323	2.239484
3801	2655	2.237268
3801	1981	2.193284
3801	1975	2.065255
3804	177	1.131908
3804	2868	1.093649
3804	1342	0.997458
3804	1987	0.911863
3804	2519	0.903788
3804	2517	0.872311
3804	1995	0.855974
3804	3459	0.847822
3804	1644	0.820902
3804	1128	0.807839
3805	50	1.499897
3805	1089	1.245891
3805	2571	1.099906
3805	318	0.997736
3805	904	0.975924
3805	1358	0.912178
3805	1213	0.885638
3805	2028	0.881623
3805	1610	0.864314
3805	589	0.863562
3806	3021	4.517186
3806	2878	4.500183
3806	1976	3.679146
3806	2515	3.613082
3806	1996	2.737101
3806	2315	2.597039
3806	1977	2.596153
3806	3573	2.579272
3806	1981	2.494182
3806	1323	2.421605
3807	316	1.529906
3807	1372	1.312659
3807	1371	1.180885
3807	1356	1.161462
3807	648	1.094641
3807	1917	1.089423
3807	1527	1.032133
3807	1876	1.003180
3807	2046	0.963835
3807	1320	0.962256
3808	3102	0.685768
3808	1246	0.662006
3808	3480	0.510600
3808	373	0.504430
3808	1343	0.493550
3808	2240	0.459300
3808	3211	0.440227
3808	1962	0.436503
3808	2114	0.424982
3808	1173	0.424505
3809	2947	2.338054
3809	1240	2.067244
3809	1291	1.814811
3809	1214	1.607215
3809	1954	1.583866
3809	1222	1.519324
3809	2944	1.443358
3809	1198	1.434958
3809	1387	1.301892
3809	1196	1.258762
3810	3196	1.388191
3810	1208	1.229786
3810	750	1.160131
3810	904	1.083879
3810	969	1.016698
3810	3670	0.970029
3810	1207	0.950044
3810	903	0.882242
3810	2067	0.852170
3810	1224	0.811486
3811	1387	1.284944
3811	1196	1.003603
3811	1198	0.979516
3811	3471	0.960594
3811	1278	0.947133
3811	1080	0.927789
3811	1221	0.922454
3811	1240	0.907109
3811	1200	0.865207
3811	1206	0.816953
3812	457	1.286456
3812	2571	1.244737
3812	2058	1.215047
3812	1240	1.144295
3812	349	1.119248
3812	3256	1.113950
3812	1291	1.065459
3812	1580	1.036121
3812	2353	1.003053
3812	1527	0.990583
3813	296	1.104033
3813	1080	1.022036
3813	1294	0.962202
3813	318	0.871604
3813	608	0.871026
3813	3363	0.813279
3813	1235	0.797697
3813	1234	0.786431
3813	3671	0.784196
3813	593	0.771059
3814	2001	0.922549
3814	2949	0.885069
3814	3635	0.866356
3814	3760	0.799130
3814	1244	0.735531
3814	3769	0.635700
3814	1732	0.616763
3814	3622	0.611158
3814	1078	0.599677
3814	1387	0.529668
3815	2469	1.118316
3815	2302	0.961665
3815	339	0.960491
3815	539	0.923677
3815	597	0.918785
3815	440	0.914848
3815	1777	0.910465
3815	2371	0.830862
3815	357	0.731943
3815	2463	0.724657
3816	2089	0.652130
3816	2090	0.645063
3816	1007	0.541243
3816	340	0.498707
3816	1379	0.472141
3816	1728	0.470956
3816	2478	0.470329
3816	3698	0.467375
3816	603	0.465891
3816	416	0.453306
3817	589	1.537197
3817	1240	1.459113
3817	1222	1.371012
3817	457	1.223408
3817	260	1.206080
3817	1036	1.184768
3817	1198	1.173841
3817	1214	1.123204
3817	1291	1.058705
3817	1408	0.962072
3818	1513	2.315597
3818	3219	1.939367
3818	2013	1.912191
3818	1959	1.807500
3818	2840	1.793792
3818	2734	1.689844
3818	2688	1.625155
3818	2723	1.608266
3818	2574	1.592556
3818	2906	1.582899
3819	1060	1.133673
3819	1200	0.939345
3819	1517	0.935732
3819	1196	0.849405
3819	1036	0.766795
3819	457	0.734974
3819	1265	0.712207
3819	2571	0.681205
3819	1002	0.672313
3819	3108	0.666721
3820	1374	2.221572
3820	1356	2.007289
3820	1584	1.838581
3820	1527	1.632845
3820	3702	1.541641
3820	1129	1.454792
3820	2571	1.447945
3820	2455	1.393786
3820	1909	1.374269
3820	2529	1.353969
3821	751	0.707107
3821	1364	0.707107
3821	3221	0.707107
3821	3454	0.657128
3821	3301	0.611064
3821	3717	0.554633
3821	3912	0.542576
3821	3511	0.541207
3821	3943	0.529432
3821	3565	0.513293
3822	3717	0.894578
3822	3753	0.804200
3822	3555	0.785130
3822	3624	0.769929
3822	3263	0.719714
3822	3793	0.700963
3822	3452	0.647131
3822	3751	0.637241
3822	3408	0.630927
3822	3760	0.583809
3823	588	0.881051
3823	2081	0.845164
3823	595	0.839723
3823	1022	0.808802
3823	594	0.806964
3823	2096	0.761799
3823	2080	0.761505
3823	1029	0.746162
3823	1035	0.719786
3823	2087	0.701242
3824	3839	0.603506
3824	1598	0.568268
3824	42	0.499648
3824	1	0.476190
3824	2002	0.474662
3824	1450	0.470360
3824	1342	0.452483
3824	153	0.444437
3824	1265	0.408222
3824	1667	0.398257
3825	1552	1.024353
3825	95	0.851656
3825	1792	0.738585
3825	2706	0.730918
3825	292	0.707144
3825	2770	0.603059
3825	780	0.594975
3825	165	0.583810
3825	208	0.551163
3825	376	0.539693
3827	593	1.647732
3827	527	1.350725
3827	50	1.265907
3827	1089	1.237715
3827	1617	1.045588
3827	1704	1.041307
3827	1358	0.931948
3827	1221	0.915027
3827	858	0.865058
3827	36	0.827351
3828	1240	2.751704
3828	260	1.765080
3828	1206	1.733912
3828	541	1.645899
3828	3471	1.557301
3828	1270	1.528805
3828	1584	1.416694
3828	1097	1.276528
3828	1748	1.258031
3828	1374	1.243199
3829	3753	1.512262
3829	3555	1.444164
3829	3624	1.334485
3829	3744	1.096240
3829	3409	1.015913
3829	3534	1.007025
3829	3623	1.005866
3829	3793	0.985683
3829	3827	0.951942
3829	3535	0.933444
3830	3578	1.188790
3830	3744	1.137893
3830	3646	1.021298
3830	3273	0.981878
3830	3863	0.931246
3830	3623	0.910937
3830	3317	0.883387
3830	3536	0.866757
3830	3745	0.838746
3830	3785	0.830213
3831	1219	0.638711
3831	1252	0.569558
3831	924	0.525713
3831	1196	0.499067
3831	3465	0.492833
3831	260	0.480824
3831	2186	0.476665
3831	2467	0.475766
3831	750	0.460013
3831	1267	0.454427
3832	1265	1.247645
3832	3114	1.072665
3832	318	0.948125
3832	2858	0.874345
3832	260	0.863800
3832	296	0.847094
3832	1234	0.760535
3832	1270	0.725161
3832	235	0.705498
3832	2804	0.693588
3833	2066	0.552832
3833	2989	0.536846
3833	1198	0.506087
3833	1260	0.489977
3833	1152	0.483252
3833	1387	0.481911
3833	1069	0.471094
3833	1	0.467697
3833	1580	0.428415
3833	858	0.422870
3834	2798	0.797629
3834	228	0.707107
3834	3317	0.664653
3834	267	0.628487
3834	3753	0.594248
3834	3948	0.567408
3834	2509	0.562708
3834	1445	0.558291
3834	3667	0.555369
3834	19	0.551009
3835	608	1.482055
3835	318	1.411524
3835	2028	1.309850
3835	1358	1.115508
3835	1089	1.018554
3835	150	0.993680
3835	50	0.985168
3835	527	0.960660
3835	34	0.888674
3835	2858	0.804915
3836	3417	0.542326
3836	3486	0.542326
3836	2663	0.485071
3836	2660	0.416693
3836	2158	0.412082
3836	1207	0.409334
3836	3694	0.399778
3836	3028	0.399515
3836	1205	0.399055
3836	2134	0.395991
3837	539	0.569938
3837	11	0.556005
3837	1345	0.543756
3837	3255	0.539986
3837	597	0.535337
3837	587	0.527819
3837	440	0.524869
3837	2795	0.517852
3837	2108	0.510293
3837	2125	0.508020
3839	1562	1.190082
3839	71	1.179316
3839	204	0.953380
3839	1591	0.833591
3839	1752	0.824522
3839	1438	0.787290
3839	1604	0.781569
3839	1831	0.772238
3839	694	0.769550
3839	196	0.759660
3840	260	0.720013
3840	3555	0.710396
3840	480	0.684600
3840	2115	0.632639
3840	349	0.622749
3840	3566	0.612988
3840	3897	0.582784
3840	3408	0.567683
3840	2006	0.562697
3840	380	0.557860
3841	2922	1.719999
3841	1378	1.614219
3841	553	1.580037
3841	458	1.576790
3841	3494	1.531942
3841	3311	1.312621
3841	3508	1.089809
3841	2770	1.077587
3841	2401	1.011212
3841	2541	0.877227
3842	1113	0.972495
3842	1485	0.918532
3842	339	0.846490
3842	597	0.843090
3842	141	0.821564
3842	1777	0.797218
3842	3345	0.690226
3842	1569	0.638782
3842	1895	0.586927
3842	1695	0.570275
3843	2683	0.819531
3843	1485	0.758193
3843	500	0.726316
3843	1513	0.716867
3843	54	0.699172
3843	539	0.664472
3843	1894	0.652495
3843	2581	0.650057
3843	2706	0.644419
3843	3247	0.639637
3844	2279	1.621391
3844	2120	1.594752
3844	842	1.315430
3844	879	1.275710
3844	2328	1.241351
3844	2793	1.134194
3844	1999	1.057984
3844	2719	1.034344
3844	273	1.023703
3844	2514	1.002702
3845	1213	1.379647
3845	593	1.350822
3845	2161	1.156555
3845	1617	1.057276
3845	2193	1.046988
3845	2858	0.925802
3845	2054	0.918993
3845	50	0.888353
3845	3479	0.884536
3845	2140	0.869321
3846	2918	1.869099
3846	3361	1.723753
3846	2797	1.699741
3846	3210	1.691700
3846	1663	1.620471
3846	2144	1.554603
3846	1307	1.552340
3846	3072	1.164106
3846	2795	1.082408
3846	2791	1.041769
3847	177	1.065715
3847	1644	1.019253
3847	1342	1.000061
3847	2713	0.928603
3847	1975	0.919180
3847	2868	0.908895
3847	1993	0.872946
3847	2451	0.852923
3847	2793	0.834412
3847	2902	0.823278
3848	2191	1.298638
3848	2866	1.156416
3848	974	0.918276
3848	2031	0.909170
3848	260	0.823048
3848	1082	0.771081
3848	3093	0.763967
3848	1460	0.724413
3848	318	0.711682
3848	3135	0.709019
3849	1376	1.911136
3849	3704	1.691733
3849	3699	1.601308
3849	2009	1.499818
3849	1372	1.447226
3849	2667	1.444605
3849	1909	1.440919
3849	1356	1.420825
3849	2346	1.346433
3849	1580	1.340069
3850	260	0.758474
3850	1198	0.657629
3850	1225	0.622773
3850	1291	0.609170
3850	2302	0.603266
3850	1221	0.596709
3850	2001	0.596491
3850	1952	0.591195
3850	3484	0.521909
3850	1193	0.514234
3851	2840	2.754955
3851	2013	2.478941
3851	2491	2.404556
3851	2734	2.231398
3851	2485	2.200937
3851	2724	2.185245
3851	1959	2.066319
3851	2906	2.038731
3851	2560	1.892001
3851	3273	1.879740
3852	912	1.623822
3852	1207	1.469587
3852	1193	1.374713
3852	318	1.196798
3852	1104	1.111229
3852	3095	1.043587
3852	608	0.970263
3852	3468	0.948852
3852	1225	0.937441
3852	1084	0.937130
3853	608	1.371618
3853	1225	1.083036
3853	1207	1.010533
3853	912	0.994901
3853	1644	0.979002
3853	2028	0.964923
3853	50	0.961353
3853	2858	0.919591
3853	1617	0.909201
3853	1221	0.859653
3854	1221	0.896528
3854	296	0.858133
3854	260	0.857326
3854	527	0.745715
3854	593	0.736340
3854	2762	0.706035
3854	50	0.678527
3854	1198	0.662416
3854	2858	0.658154
3854	1196	0.607306
3855	1343	1.427431
3855	1089	1.228312
3855	457	0.995548
3855	3256	0.906750
3855	608	0.886232
3855	880	0.791113
3855	173	0.767273
3855	1617	0.736853
3855	1037	0.730954
3855	2391	0.724537
3856	3648	1.346798
3856	1609	0.855482
3856	409	0.849427
3856	828	0.709264
3856	2475	0.615869
3856	779	0.604405
3856	960	0.575836
3856	2706	0.567699
3856	810	0.490253
3856	2021	0.486394
3857	2797	1.160316
3857	1923	0.971284
3857	3552	0.840139
3857	3210	0.805788
3857	3039	0.782706
3857	2144	0.769741
3857	1265	0.767469
3857	440	0.733507
3857	1517	0.705433
3857	1079	0.671054
3858	1947	0.847650
3858	2	0.769362
3858	2081	0.722620
3858	1221	0.722348
3858	3639	0.678731
3858	1029	0.670784
3858	2565	0.652090
3858	3479	0.651261
3858	367	0.623679
3858	1073	0.614391
3859	204	1.748967
3859	420	1.646651
3859	71	1.644534
3859	1438	1.341071
3859	1499	1.334271
3859	886	1.327836
3859	315	1.225360
3859	1479	1.130188
3859	1681	1.119684
3859	1431	1.043573
3860	3066	1.498319
3860	897	1.363848
3860	3137	1.199654
3860	3367	1.178480
3860	3154	1.118544
3860	3062	1.083702
3860	760	1.053418
3860	976	0.946472
3860	2476	0.939203
3860	3406	0.879775
3861	608	1.971768
3861	50	1.635653
3861	527	1.411191
3861	1358	1.267610
3861	2858	1.246225
3861	2762	1.209178
3861	2571	1.102344
3861	36	0.954542
3861	110	0.912507
3861	3717	0.866925
3862	1223	1.440148
3862	318	1.203649
3862	593	1.150562
3862	2997	1.064521
3862	2028	0.926166
3862	1617	0.865271
3862	296	0.850092
3862	589	0.811151
3862	2987	0.809193
3862	2858	0.790882
3864	364	0.858376
3864	594	0.730618
3864	2565	0.706399
3864	1947	0.683212
3864	2096	0.616140
3864	2080	0.606230
3864	2081	0.593961
3864	918	0.567281
3864	1029	0.554913
3864	1022	0.521597
3865	3322	1.584215
3865	200	1.014216
3865	297	1.014216
3865	3302	1.002267
3865	3242	0.908586
3865	3298	0.857981
3865	3189	0.851797
3865	3318	0.846747
3865	3535	0.720614
3865	3316	0.715741
3866	1213	0.980356
3866	608	0.884591
3866	318	0.879790
3866	2858	0.839508
3866	1089	0.829827
3866	2762	0.762054
3866	593	0.718409
3866	1617	0.602053
3866	2841	0.549542
3866	3752	0.483664
3867	2640	1.314565
3867	2115	1.294915
3867	1580	1.239025
3867	2916	1.115899
3867	3699	1.045995
3867	2105	1.016253
3867	2985	1.010636
3867	3527	0.999427
3867	1372	0.997300
3867	1375	0.992437
3868	1552	1.493575
3868	10	1.248006
3868	380	1.051680
3868	1370	1.025527
3868	733	1.000231
3868	736	0.974976
3868	3082	0.891903
3868	2273	0.863873
3868	786	0.826822
3868	89	0.824508
3869	2444	1.212450
3869	1062	1.000505
3869	2846	0.742018
3869	3648	0.630411
3869	1739	0.618571
3869	2683	0.588835
3869	1693	0.577131
3869	414	0.568415
3869	3153	0.554295
3869	1485	0.536371
3871	231	0.963870
3871	586	0.748406
3871	539	0.742530
3871	500	0.720313
3871	1614	0.710477
3871	2133	0.661628
3871	2335	0.632090
3871	2794	0.607837
3871	2124	0.607296
3871	597	0.572930
3872	608	1.865847
3872	318	1.780148
3872	50	1.405328
3872	2028	1.089065
3872	527	1.076706
3872	1089	1.072637
3872	34	1.058890
3872	1704	0.995082
3872	3114	0.953115
3872	1358	0.917301
3873	3845	0.892655
3873	2534	0.855062
3873	2706	0.772093
3873	1511	0.760094
3873	3421	0.682583
3873	2683	0.680931
3873	3649	0.590538
3873	3005	0.546036
3873	1316	0.524727
3873	3801	0.519771
3874	260	1.311696
3874	1240	1.200742
3874	1196	1.179780
3874	1214	1.063495
3874	1036	1.037602
3874	1291	0.989518
3874	1304	0.981422
3874	2947	0.886979
3874	2028	0.884635
3874	173	0.816598
3875	2688	2.289191
3875	2881	2.230016
3875	1911	2.067934
3875	2770	1.620296
3875	2734	1.489723
3875	3203	1.455100
3875	2683	1.428409
3875	785	1.407595
3875	2599	1.365481
3875	223	1.336598
3876	608	1.341340
3876	296	1.310228
3876	593	1.219806
3876	3623	1.210022
3876	3744	1.209343
3876	3578	1.105318
3876	527	1.029078
3876	1089	0.952646
3876	3863	0.919927
3876	3273	0.908716
3878	3691	1.320842
3878	3431	0.806433
3878	3331	0.764140
3878	2157	0.712411
3878	2411	0.682576
3878	3520	0.648865
3878	3707	0.644056
3878	2471	0.526671
3878	3846	0.522861
3878	3014	0.519803
3879	2001	1.213225
3879	3760	0.957352
3879	780	0.829956
3879	1587	0.820531
3879	3639	0.788560
3879	3263	0.774633
3879	3635	0.690248
3879	1552	0.641145
3879	434	0.602579
3879	2000	0.574509
3880	1079	0.884758
3880	2918	0.836068
3880	1240	0.800221
3880	2797	0.722192
3880	3039	0.718502
3880	1220	0.704158
3880	1259	0.702890
3880	1394	0.667871
3880	1968	0.647482
3880	3552	0.633314
3881	223	0.910097
3881	2716	0.867749
3881	2706	0.788159
3881	2694	0.755242
3881	3174	0.751827
3881	2463	0.724720
3881	2355	0.722574
3881	1663	0.702615
3881	2599	0.671255
3881	2797	0.666453
3882	287	0.664398
3882	1038	0.556003
3882	536	0.528014
3882	617	0.494280
3882	1393	0.475319
3882	1672	0.473289
3882	74	0.457975
3882	1427	0.407917
3882	2445	0.401930
3882	2605	0.399752
3884	3489	0.942650
3884	1320	0.863317
3884	1917	0.852646
3884	1831	0.835123
3884	435	0.832474
3884	196	0.746677
3884	317	0.741414
3884	542	0.733230
3884	472	0.723871
3884	1463	0.712427
3885	1262	1.040983
3885	2028	0.884141
3885	1090	0.876314
3885	1204	0.787399
3885	3066	0.780432
3885	1242	0.775898
3885	920	0.756468
3885	3670	0.745398
3885	1193	0.736960
3885	3196	0.728752
3886	593	0.954163
3886	296	0.945309
3886	2530	0.931664
3886	2997	0.909653
3886	2531	0.903228
3886	2355	0.778656
3886	318	0.774559
3886	50	0.769158
3886	329	0.739407
3886	1089	0.713359
3887	2683	0.862441
3887	104	0.782985
3887	3253	0.755290
3887	2706	0.646451
3887	2124	0.621666
3887	141	0.620568
3887	820	0.617213
3887	2242	0.617213
3887	2811	0.617213
3887	3337	0.617213
3888	1307	0.818499
3888	17	0.704413
3888	1625	0.699892
3888	1589	0.682285
3888	1685	0.668109
3888	2467	0.592769
3888	350	0.568612
3888	1393	0.533729
3888	2020	0.527728
3888	1805	0.514200
3889	608	1.106479
3889	318	1.103815
3889	593	0.967823
3889	50	0.845621
3889	296	0.831730
3889	527	0.811261
3889	1617	0.743113
3889	3435	0.729592
3889	1247	0.719500
3889	1084	0.653293
3890	1517	0.863400
3890	2302	0.781568
3890	50	0.777492
3890	3210	0.777297
3890	318	0.759414
3890	1663	0.740638
3890	1042	0.700637
3890	296	0.695742
3890	1213	0.691224
3890	141	0.654337
3891	308	0.834247
3891	1374	0.720611
3891	2640	0.668900
3891	1291	0.571291
3891	2257	0.529660
3891	1376	0.495203
3891	2194	0.492775
3891	1129	0.475709
3891	1580	0.469470
3891	1356	0.463366
3892	2048	0.677799
3892	1566	0.619104
3892	1456	0.561660
3892	2089	0.530218
3892	1907	0.508538
3892	616	0.500594
3892	709	0.475763
3892	1793	0.467940
3892	339	0.459486
3892	2561	0.458879
3893	3785	1.420397
3893	3578	1.318980
3893	3510	1.151205
3893	3755	1.137213
3893	3273	1.125702
3893	3753	1.119358
3893	3793	1.075084
3893	3855	1.072374
3893	3863	1.056051
3893	3617	1.055886
3894	2069	0.617210
3894	2174	0.524631
3894	3039	0.484193
3894	2918	0.481086
3894	2144	0.459656
3894	3185	0.436488
3894	3161	0.421091
3894	2352	0.414278
3894	2915	0.412339
3894	2248	0.404620
3895	539	1.641951
3895	2424	1.573011
3895	1777	1.493536
3895	597	1.469301
3895	440	1.312280
3895	357	1.236838
3895	587	1.051166
3895	7	1.013379
3895	605	1.003385
3895	361	0.921028
3896	316	2.034056
3896	1037	2.010244
3896	1917	1.954471
3896	780	1.836906
3896	748	1.784553
3896	1372	1.772487
3896	1676	1.646832
3896	329	1.632825
3896	1831	1.618731
3896	1909	1.581474
3898	1293	0.808211
3898	2918	0.731487
3898	1090	0.662572
3898	1240	0.647450
3898	3361	0.641856
3898	1962	0.626680
3898	1200	0.623221
3898	1674	0.586712
3898	1968	0.567739
3898	1302	0.566258
3899	2502	2.474050
3899	2734	2.394559
3899	2333	2.354804
3899	2013	2.155314
3899	2336	1.977476
3899	3219	1.954744
3899	2770	1.800821
3899	2605	1.701495
3899	2490	1.636727
3899	2690	1.612274
3900	2382	2.040330
3900	2379	1.702125
3900	296	1.248535
3900	527	1.239817
3900	2464	1.132684
3900	608	1.024537
3900	3689	0.967609
3900	3667	0.960446
3900	65	0.957497
3900	2798	0.933791
3901	1513	1.446645
3901	2396	1.121710
3901	2841	1.025349
3901	2906	1.004846
3901	2762	0.972074
3901	2840	0.928623
3901	3219	0.821248
3901	2700	0.820736
3901	2581	0.803515
3901	2013	0.799417
3902	420	1.285930
3902	1606	1.206233
3902	544	1.110955
3902	1882	1.086714
3902	204	1.079801
3902	2530	1.071779
3902	1373	1.053137
3902	1591	1.012991
3902	1744	0.988874
3902	849	0.972126
3903	2411	1.114207
3903	1985	0.787282
3903	3707	0.753887
3903	2402	0.743398
3903	2121	0.736799
3903	2409	0.734394
3903	3688	0.716480
3903	2403	0.708532
3903	3633	0.683149
3903	2134	0.633924
3904	1029	1.198155
3904	2018	1.197658
3904	2087	1.123661
3904	588	1.102490
3904	1282	1.091235
3904	595	1.019629
3904	596	0.986978
3904	1032	0.984038
3904	2916	0.920375
3904	2078	0.909510
3905	1196	2.203179
3905	1387	1.908865
3905	2571	1.868176
3905	589	1.839024
3905	858	1.752431
3905	2947	1.707320
3905	1210	1.629468
3905	1287	1.382202
3905	2194	1.380029
3905	110	1.276212
3906	3635	1.339697
3906	733	1.285152
3906	2949	1.213619
3906	1610	1.156631
3906	1374	1.083468
3906	457	1.058653
3906	2058	1.008965
3906	1580	1.000642
3906	349	0.997458
3906	2985	0.993722
3907	597	1.651166
3907	539	1.407603
3907	440	1.356332
3907	339	1.356194
3907	2108	1.118684
3907	2424	1.098098
3907	3253	1.084045
3907	1569	1.076234
3907	356	0.978125
3907	141	0.885533
3908	318	0.692137
3908	1213	0.691565
3908	2704	0.675884
3908	608	0.658545
3908	912	0.572678
3908	593	0.547315
3908	1193	0.541325
3908	3849	0.533256
3908	2804	0.509706
3908	121	0.497062
3909	2001	1.046610
3909	3640	0.875276
3909	3760	0.820987
3909	3639	0.712155
3909	2002	0.688812
3909	3445	0.680711
3909	3635	0.645751
3909	2247	0.632157
3909	2194	0.580083
3909	2529	0.554503
3910	1262	1.047919
3910	912	0.983814
3910	1272	0.967981
3910	1263	0.896016
3910	3196	0.743805
3910	1299	0.707894
3910	3670	0.704566
3910	1267	0.667311
3910	3367	0.661430
3910	1927	0.634550
3912	2922	1.198968
3912	2401	1.087198
3912	599	1.054989
3912	3508	1.047797
3912	2921	0.996362
3912	383	0.987278
3912	3681	0.974693
3912	3074	0.906641
3912	3494	0.804565
3912	904	0.788075
3913	1342	1.124240
3913	50	1.082496
3913	1645	1.053688
3913	1339	1.048649
3913	724	0.961170
3913	253	0.937862
3913	6	0.909637
3913	1981	0.867905
3913	1644	0.864856
3913	1625	0.857879
3914	1200	1.319861
3914	2916	1.289430
3914	1240	1.271823
3914	1653	1.261907
3914	1527	1.224040
3914	1214	1.223556
3914	2571	1.212031
3914	480	1.086436
3914	1210	1.038172
3914	2985	1.025928
3916	3242	1.035224
3916	3322	0.742609
3916	3867	0.601493
3916	3318	0.535239
3916	3301	0.522927
3916	3298	0.504380
3916	3285	0.497125
3916	3386	0.459512
3916	3317	0.449449
3916	3302	0.441883
3917	539	1.893510
3917	339	1.738121
3917	357	1.642780
3917	2424	1.630255
3917	1393	1.418717
3917	440	1.361281
3917	708	1.129236
3917	1721	1.051179
3917	252	1.006040
3917	2125	0.978407
3919	3763	0.669737
3919	3847	0.553990
3919	253	0.525984
3919	1	0.519204
3919	835	0.512599
3919	2247	0.501421
3919	3771	0.487950
3919	339	0.477853
3919	434	0.473876
3919	3809	0.470514
3920	2700	0.827522
3920	2922	0.719377
3920	2396	0.694492
3920	2724	0.643465
3920	1201	0.628300
3920	2702	0.619202
3920	3081	0.610206
3920	593	0.604389
3920	1378	0.592188
3920	2395	0.581812
3921	1641	0.772464
3921	1784	0.699951
3921	3253	0.676971
3921	1500	0.622771
3921	1265	0.606796
3921	3060	0.511661
3921	1777	0.506080
3921	529	0.502294
3921	1589	0.495664
3921	1393	0.484838
3922	1240	2.303521
3922	1196	1.999929
3922	589	1.820378
3922	2571	1.742980
3922	1214	1.559512
3922	260	1.544794
3922	2947	1.469479
3922	1610	1.468626
3922	1222	1.327975
3922	1954	1.319297
3923	1394	1.330917
3923	1080	1.323016
3923	1079	1.196012
3923	3671	1.191625
3923	2918	1.055964
3923	1230	0.979600
3923	1779	0.914026
3923	1234	0.905977
3923	435	0.903482
3923	1292	0.833124
3924	589	1.403193
3924	2028	1.118425
3924	110	1.111636
3924	1387	1.060761
3924	1291	1.051874
3924	1196	1.021527
3924	50	1.007214
3924	2947	1.001244
3924	1214	0.944225
3924	1198	0.863814
3925	2396	1.590909
3925	1213	1.530212
3925	50	1.497708
3925	2840	1.411208
3925	1617	1.333335
3925	527	1.182297
3925	1	1.163239
3925	2395	1.137980
3925	1704	1.121448
3925	2702	1.058035
3926	2001	1.058521
3926	3351	1.010862
3926	2483	0.953050
3926	3847	0.893870
3926	3639	0.788169
3926	3812	0.785556
3926	3764	0.722274
3926	1732	0.641050
3926	3758	0.613562
3926	3635	0.590772
3927	339	0.669604
3927	597	0.639301
3927	2539	0.581751
3927	2572	0.577178
3927	2188	0.568193
3927	2683	0.538623
3927	2694	0.522750
3927	708	0.516189
3927	3005	0.488123
3927	539	0.486740
3929	3014	1.211916
3929	3032	1.167302
3929	1373	1.077805
3929	880	0.966389
3929	185	0.927348
3929	2346	0.842064
3929	2311	0.837420
3929	748	0.802398
3929	173	0.797071
3929	2658	0.756008
3930	1263	1.418451
3930	1250	1.226306
3930	3154	1.153066
3930	2944	1.083038
3930	2941	1.050887
3930	3137	1.050030
3930	1960	1.045178
3930	760	1.032546
3930	1944	0.945108
3930	1262	0.923417
3931	1372	2.278559
3931	480	2.079890
3931	3527	1.991060
3931	2407	1.954242
3931	3699	1.919273
3931	2527	1.855803
3931	1748	1.758594
3931	2117	1.704747
3931	316	1.659428
3931	1375	1.623941
3932	2922	3.610448
3932	3074	2.476934
3932	3681	2.346865
3932	1266	2.313644
3932	416	1.920886
3932	1379	1.915410
3932	210	1.524274
3932	1007	1.488287
3932	458	1.420155
3932	3487	1.314087
3934	103	3.155090
3934	782	2.571653
3934	2741	2.174768
3934	100	1.488771
3934	132	1.474485
3934	662	1.453396
3934	3063	1.448247
3934	463	1.346332
3934	2263	1.281959
3934	3835	1.267174
3935	339	1.348196
3935	1569	1.179429
3935	539	1.132255
3935	597	1.037617
3935	1485	0.996781
3935	252	0.901005
3935	11	0.817020
3935	587	0.753552
3935	1614	0.747746
3935	357	0.716446
3936	1	1.166721
3936	745	1.138408
3936	1265	0.786261
3936	2762	0.764310
3936	593	0.721617
3936	608	0.692621
3936	1393	0.652732
3936	2599	0.652241
3936	2028	0.614193
3936	150	0.602602
3937	1210	0.958124
3937	1197	0.955138
3937	1214	0.913370
3937	1200	0.888754
3937	1240	0.846878
3937	1097	0.817607
3937	1259	0.801341
3937	2918	0.792456
3937	969	0.762532
3937	1254	0.758996
3938	2921	3.581330
3938	599	2.888650
3938	416	2.693716
3938	1007	2.207793
3938	1209	1.806527
3938	368	1.789927
3938	3682	1.488894
3938	3365	1.461962
3938	964	1.383354
3938	2896	1.345810
3940	3893	1.318351
3940	3948	1.143611
3940	3566	0.875688
3940	3952	0.844258
3940	3510	0.812996
3940	3328	0.811087
3940	3793	0.803891
3940	3794	0.799092
3940	3556	0.791555
3940	3536	0.761710
3941	1342	1.374824
3941	1644	1.139403
3941	532	1.007304
3941	188	0.970161
3941	2793	0.940775
3941	2916	0.934336
3941	2789	0.932526
3941	724	0.895249
3941	2327	0.814290
3941	480	0.805365
3942	1240	0.580023
3942	2797	0.572797
3942	1214	0.532838
3942	1967	0.525191
3942	1196	0.521591
3942	2161	0.514159
3942	260	0.491413
3942	3555	0.476591
3942	2571	0.465520
3942	2918	0.464695
3943	1704	1.402113
3943	608	0.998679
3943	36	0.932088
3943	1213	0.921323
3943	527	0.893217
3943	17	0.798388
3943	1358	0.793566
3943	2028	0.743229
3943	34	0.739696
3943	2762	0.707071
3944	3087	1.641065
3944	2423	1.510125
3944	3552	1.425604
3944	1135	1.354824
3944	1663	1.276830
3944	2371	1.213974
3944	2470	1.204013
3944	2245	1.195891
3944	3039	1.189085
3944	3524	1.013342
3945	1777	0.525840
3945	3114	0.487368
3945	2795	0.473279
3945	914	0.466436
3945	1079	0.463105
3945	3552	0.454148
3945	3591	0.452793
3945	2797	0.428728
3945	2682	0.424992
3945	1035	0.405122
3946	2858	0.665852
3946	3911	0.636419
3946	3408	0.634543
3946	2683	0.590855
3946	3556	0.583270
3946	748	0.578437
3946	3948	0.577486
3946	3317	0.568118
3946	1603	0.564814
3946	2694	0.555907
3947	1214	1.178621
3947	1617	1.143420
3947	318	1.029051
3947	1037	0.935519
3947	1333	0.914145
3947	196	0.911186
3947	1089	0.872271
3947	1350	0.853098
3947	2028	0.850461
3947	296	0.841672
3948	1663	0.814455
3948	1934	0.752919
3948	2915	0.736098
3948	1968	0.636316
3948	1220	0.617775
3948	2797	0.608047
3948	2918	0.604006
3948	3361	0.595049
3948	3210	0.579347
3948	2144	0.575893
3949	3441	1.147940
3949	3367	1.015423
3949	3372	0.958984
3949	3062	0.850644
3949	3366	0.701101
3949	155	0.688927
3949	2816	0.644870
3949	516	0.625070
3949	2941	0.585965
3949	3654	0.577404
3950	1517	1.233082
3950	2706	1.196302
3950	2108	1.029789
3950	440	0.941861
3950	597	0.933708
3950	2188	0.868747
3950	223	0.865522
3950	2539	0.822601
3950	3005	0.818372
3950	1042	0.815736
3951	1375	1.212309
3951	2105	1.205568
3951	2193	1.026532
3951	2393	0.987440
3951	653	0.922413
3951	2641	0.913298
3951	1372	0.886071
3951	1967	0.842489
3951	1356	0.794589
3951	316	0.791069
3952	960	0.671866
3952	596	0.587944
3952	783	0.536046
3952	364	0.515124
3952	1704	0.503351
3952	3114	0.497731
3952	1	0.483517
3952	2096	0.480497
3952	1907	0.472105
3952	2090	0.465341
3953	3639	0.656652
3953	3638	0.653491
3953	2989	0.650824
3953	2991	0.631816
3953	2054	0.608814
3953	1907	0.604695
3953	783	0.599156
3953	616	0.592648
3953	3014	0.579581
3953	1688	0.529497
3954	1527	2.518357
3954	329	2.516665
3954	2916	2.397653
3954	1909	2.014034
3954	2985	1.955364
3954	1584	1.684756
3954	2393	1.633816
3954	1653	1.620343
3954	2528	1.601985
3954	1748	1.373326
3955	996	1.802978
3955	809	1.370049
3955	204	1.301236
3955	71	1.290924
3955	420	1.257698
3955	694	1.146654
3955	1499	1.137374
3955	1604	1.119692
3955	1606	1.013320
3955	1438	0.997160
3956	3623	1.012648
3956	2997	0.839541
3956	3793	0.830645
3956	3753	0.802536
3956	3555	0.728862
3956	3174	0.710182
3956	2716	0.706123
3956	3510	0.675478
3956	3408	0.654794
3956	2683	0.653193
3957	2096	1.751112
3957	588	1.494541
3957	2081	1.433563
3957	594	1.357253
3957	1282	1.244933
3957	1029	1.207655
3957	1947	1.118085
3957	1028	1.116868
3957	1907	1.084228
3957	1032	1.041981
3958	3252	0.614545
3958	354	0.594316
3958	847	0.566985
3958	454	0.558619
3958	779	0.545677
3958	1902	0.540261
3958	261	0.529487
3958	1678	0.527451
3958	147	0.521358
3958	3141	0.519836
3961	1342	1.305327
3961	2120	1.279636
3961	188	1.195671
3961	1407	1.191678
3961	1991	1.137444
3961	742	1.117534
3961	2789	1.060600
3961	253	1.042234
3961	2513	1.033161
3961	1345	1.031092
3962	2406	1.001929
3962	1376	0.768151
3962	1101	0.707256
3962	3087	0.670329
3962	1374	0.665097
3962	2815	0.646082
3962	1240	0.638306
3962	2371	0.577282
3962	3767	0.572110
3962	1135	0.565248
3963	2922	0.987714
3963	2951	0.861061
3963	912	0.755216
3963	2401	0.745953
3963	3508	0.706421
3963	1193	0.685836
3963	2921	0.664790
3963	3494	0.645158
3963	599	0.643374
3963	2708	0.643227
3964	1722	1.062798
3964	733	1.040374
3964	349	0.994792
3964	3639	0.972717
3964	1370	0.958246
3964	2376	0.955219
3964	3256	0.910684
3964	2947	0.908872
3964	3633	0.854457
3964	3082	0.769139
3965	3641	0.845223
3965	3662	0.638372
3965	3760	0.633155
3965	2001	0.607241
3965	3833	0.579818
3965	3605	0.548453
3965	835	0.530856
3965	2460	0.529146
3965	632	0.512148
3965	1918	0.481057
3966	383	1.190933
3966	2028	1.168783
3966	296	1.054577
3966	260	1.030968
3966	1213	1.024546
3966	2922	0.935044
3966	1225	0.920366
3966	50	0.904579
3966	1221	0.891511
3966	858	0.867734
3967	491	0.667190
3967	2419	0.651467
3967	2411	0.622200
3967	779	0.586318
3967	1902	0.585013
3967	3478	0.577577
3967	46	0.555271
3967	536	0.542897
3967	510	0.540971
3967	209	0.524682
3968	316	1.772606
3968	1917	1.500360
3968	329	1.363007
3968	1676	1.323698
3968	2393	1.216592
3968	2006	1.198043
3968	736	1.161800
3968	1876	1.127493
3968	349	1.086613
3968	1544	1.052888
3970	2918	1.247694
3970	1079	1.183499
3970	1240	1.070426
3970	1197	1.067276
3970	1200	1.029566
3970	1394	0.993697
3970	1214	0.979983
3970	1278	0.959069
3970	1259	0.940689
3970	1196	0.916297
3971	3717	1.095472
3971	3793	1.042131
3971	3555	1.017726
3971	3317	0.954083
3971	3911	0.949841
3971	3408	0.936086
3971	3897	0.934766
3971	3751	0.900365
3971	3753	0.898100
3971	3617	0.890503
3973	3640	0.894264
3973	2991	0.798902
3973	3812	0.791509
3973	2302	0.740358
3973	3760	0.719048
3973	3633	0.706612
3973	3769	0.689051
3973	1387	0.650940
3973	3622	0.588873
3973	2194	0.571884
3974	2444	0.855302
3974	2015	0.674493
3974	960	0.656349
3974	828	0.642157
3974	889	0.579888
3974	2486	0.579888
3974	2571	0.573096
3974	3153	0.558442
3974	779	0.535457
3974	3648	0.515315
3975	2000	0.701576
3975	3210	0.654866
3975	2918	0.569357
3975	1307	0.564239
3975	3039	0.553600
3975	1036	0.531143
3975	1610	0.530959
3975	1954	0.521289
3975	2951	0.518528
3975	1968	0.480900
3976	2918	0.930223
3976	1265	0.845967
3976	1307	0.834653
3976	3361	0.789418
3976	2081	0.739759
3976	1641	0.718476
3976	364	0.708057
3976	3421	0.691969
3976	357	0.677482
3976	2174	0.675459
3977	593	1.682702
3977	1704	1.395527
3977	318	1.349670
3977	1617	1.287873
3977	2028	1.157068
3977	1213	1.150338
3977	1089	1.149268
3977	2997	1.087962
3977	2858	0.941032
3977	457	0.906618
3978	1347	1.222688
3978	1994	1.181178
3978	1219	1.177577
3978	3018	1.151385
3978	1333	1.029062
3978	1321	1.023224
3978	3727	0.957000
3978	2644	0.937356
3978	2118	0.909532
3978	1255	0.871176
3979	364	0.988027
3979	588	0.883617
3979	783	0.852121
3979	595	0.824471
3979	2096	0.787623
3979	2566	0.740463
3979	1907	0.706388
3979	2123	0.703346
3979	2087	0.700913
3979	616	0.692535
3980	188	2.054445
3980	2327	1.697015
3980	1407	1.502757
3980	2279	1.252093
3980	407	1.223025
3980	532	1.163779
3980	1339	1.154696
3980	3499	1.144509
3980	3709	1.117281
3980	1999	1.102138
3981	3738	0.652527
3981	1964	0.638452
3981	1282	0.632251
3981	1674	0.619964
3981	1186	0.612358
3981	931	0.610105
3981	2206	0.606717
3981	1240	0.503938
3981	906	0.496263
3981	389	0.478563
3982	1263	0.753865
3982	2944	0.719022
3982	3408	0.699526
3982	3298	0.678044
3982	2028	0.669316
3982	3571	0.667785
3982	3062	0.599796
3982	3241	0.579514
3982	3509	0.572609
3982	1214	0.570552
3983	339	1.362180
3983	539	0.993646
3983	2316	0.990093
3983	3528	0.936009
3983	2257	0.877311
3983	1777	0.851899
3983	252	0.808809
3983	1835	0.807722
3983	708	0.763059
3983	207	0.756555
3984	1552	1.190978
3984	1573	1.058278
3984	292	1.022157
3984	1527	0.983378
3984	2617	0.941851
3984	165	0.861230
3984	1370	0.850308
3984	2393	0.801638
3984	780	0.774313
3984	316	0.769704
3985	3598	0.844252
3985	3893	0.820417
3985	3317	0.679216
3985	3911	0.667078
3985	2769	0.651248
3985	3787	0.633389
3985	3897	0.622698
3985	3903	0.594094
3985	3855	0.589310
3985	1311	0.585479
3986	597	1.431288
3986	104	1.277592
3986	440	1.247141
3986	2424	1.147043
3986	2108	1.074223
3986	1747	1.064356
3986	1042	1.042032
3986	141	1.027508
3986	2539	1.020947
3986	11	0.992050
3987	2599	2.078895
3987	785	1.833972
3987	2580	1.783608
3987	2770	1.740762
3987	1093	1.686185
3987	2716	1.682585
3987	2688	1.663672
3987	1513	1.568612
3987	1911	1.532903
3987	2881	1.531374
3988	1246	1.093247
3988	3109	1.025448
3988	3480	0.967376
3988	1958	0.819542
3988	1961	0.763503
3988	1302	0.737851
3988	2469	0.666134
3988	1135	0.662483
3988	3577	0.654728
3988	2262	0.648515
3989	3623	0.750168
3989	984	0.732438
3989	869	0.704060
3989	1713	0.572387
3989	2597	0.568110
3989	3578	0.535121
3989	1541	0.529266
3989	1367	0.526008
3989	3857	0.521098
3989	3753	0.506099
3990	2174	1.338557
3990	1073	0.977997
3990	1	0.938980
3990	3114	0.898578
3990	3479	0.864160
3990	2804	0.863661
3990	1234	0.858993
3990	3421	0.816624
3990	260	0.776472
3990	1079	0.738685
3991	2683	2.294605
3991	2770	2.099937
3991	1911	2.048645
3991	1093	1.940856
3991	2881	1.912697
3991	2706	1.764613
3991	2433	1.747999
3991	2699	1.555816
3991	2605	1.549947
3991	2771	1.496155
3992	440	1.161902
3992	339	1.153796
3992	1777	1.138547
3992	539	1.090591
3992	597	1.081499
3992	1569	1.070339
3992	3253	0.985551
3992	2424	0.937508
3992	141	0.911162
3992	357	0.851099
3993	786	0.801556
3993	95	0.668604
3993	1876	0.650125
3993	1603	0.571152
3993	2989	0.558652
3993	780	0.542909
3993	338	0.509700
3993	103	0.507786
3993	1661	0.505746
3993	1320	0.500605
3994	339	0.851349
3994	597	0.773794
3994	11	0.751195
3994	3552	0.734886
3994	2424	0.701984
3994	539	0.674988
3994	2144	0.665746
3994	356	0.648422
3994	1923	0.635084
3994	3255	0.629586
3995	260	1.208563
3995	1196	1.106454
3995	1240	1.085864
3995	2571	1.032284
3995	593	0.958036
3995	2028	0.934080
3995	1200	0.926805
3995	318	0.918097
3995	1214	0.893339
3995	457	0.863826
3996	815	1.799675
3996	1170	1.799675
3996	3432	1.786308
3996	667	1.100479
3996	1599	0.979250
3996	1681	0.941202
3996	1867	0.907279
3996	1882	0.902290
3996	172	0.882425
3996	880	0.871843
3997	173	1.089092
3997	2028	0.890256
3997	608	0.858435
3997	1037	0.851515
3997	737	0.814987
3997	318	0.786616
3997	692	0.783137
3997	196	0.759725
3997	2450	0.756169
3997	2818	0.730006
3998	1376	1.501131
3998	2640	1.404800
3998	2641	1.326744
3998	610	1.247849
3998	2528	1.220220
3998	1374	1.083750
3998	2054	0.965266
3998	2968	0.956219
3998	2011	0.941766
3998	2009	0.935083
3999	1917	0.964221
3999	3697	0.838785
3999	173	0.802775
3999	316	0.802540
3999	76	0.730146
3999	373	0.688963
3999	1676	0.681706
3999	329	0.663567
3999	737	0.660213
3999	748	0.653483
4000	3018	1.193330
4000	3435	1.023283
4000	1130	0.984284
4000	1350	0.976401
4000	904	0.906549
4000	1982	0.843272
4000	1248	0.815263
4000	2066	0.807212
4000	317	0.758675
4000	3489	0.754930
4001	46	0.965868
4001	1727	0.776289
4001	638	0.759079
4001	1726	0.651470
4001	3496	0.646322
4001	2419	0.627964
4001	207	0.625082
4001	27	0.620411
4001	1027	0.601679
4001	386	0.592537
4002	2947	1.875709
4002	457	1.317438
4002	1036	1.289809
4002	2194	1.213582
4002	1291	1.114959
4002	1304	1.083674
4002	1240	1.053075
4002	2948	1.042434
4002	1242	1.005449
4002	1200	0.973825
4003	1252	1.912242
4003	1069	1.751713
4003	1260	1.635487
4003	1152	1.627773
4003	922	1.608152
4003	1267	1.566325
4003	1284	1.456844
4003	904	1.263087
4003	930	1.262113
4003	3334	1.065281
4004	1591	1.415960
4004	71	1.382516
4004	204	1.252910
4004	3208	1.233355
4004	2808	1.229666
4004	1752	1.192202
4004	20	1.064309
4004	153	1.060535
4004	485	1.037658
4004	1779	1.033023
4005	3623	0.858480
4005	3755	0.814955
4005	3744	0.667180
4005	3624	0.616325
4005	3555	0.612104
4005	3646	0.607236
4005	3793	0.575129
4005	3798	0.570850
4005	3794	0.547409
4005	2441	0.542627
4006	1394	1.320148
4006	1080	0.954224
4006	1270	0.929725
4006	1278	0.873340
4006	3421	0.792416
4006	3671	0.767324
4006	1259	0.765992
4006	1288	0.719281
4006	2918	0.713908
4006	470	0.709575
4007	588	0.650252
4007	1907	0.637877
4007	3785	0.629886
4007	1566	0.619089
4007	595	0.613335
4007	3861	0.605795
4007	2089	0.603419
4007	1688	0.603382
4007	2096	0.597011
4007	3793	0.581476
4009	1255	1.483032
4009	1340	1.472587
4009	3018	1.425416
4009	2784	1.289322
4009	2654	1.286448
4009	1994	1.243476
4009	1347	1.130775
4009	2646	1.093873
4009	1341	1.082971
4009	3499	1.076373
4011	724	1.087452
4011	1345	1.043741
4011	1717	0.978319
4011	3499	0.937249
4011	1350	0.855381
4011	188	0.829322
4011	1339	0.817588
4011	2327	0.801564
4011	3459	0.776168
4011	1130	0.775778
4012	3623	1.144437
4012	3717	0.801806
4012	1240	0.759797
4012	1	0.757851
4012	3615	0.756179
4012	3175	0.751515
4012	3755	0.732708
4012	2688	0.694327
4012	1196	0.660384
4012	3408	0.654031
4013	1089	0.975530
4013	2391	0.820078
4013	1645	0.758518
4013	1805	0.730108
4013	373	0.662178
4013	2353	0.650099
4013	1754	0.637515
4013	457	0.591253
4013	608	0.582439
4013	3147	0.566434
4014	1975	3.050139
4014	1977	3.017762
4014	1972	2.773756
4014	1979	2.217866
4014	1986	2.083696
4014	2513	1.894936
4014	2868	1.831553
4014	1973	1.818065
4014	2122	1.730972
4014	177	1.705386
4015	966	0.713249
4015	1161	0.624565
4015	2866	0.599561
4015	1082	0.541386
4015	2520	0.514100
4015	1955	0.512679
4015	2285	0.504343
4015	681	0.445563
4015	3198	0.433957
4015	3105	0.432633
4016	3633	1.032516
4016	2989	0.958614
4016	2951	0.918813
4016	2944	0.887324
4016	2531	0.833867
4016	1101	0.831804
4016	3638	0.814060
4016	2530	0.803270
4016	3726	0.756377
4016	3430	0.696976
4017	2997	1.200070
4017	3055	1.060576
4017	2762	0.834320
4017	3125	0.820993
4017	2959	0.792862
4017	223	0.674215
4017	3299	0.635449
4017	2770	0.622480
4017	2694	0.618299
4017	3578	0.609939
4018	316	1.254323
4018	2393	1.065149
4018	1372	1.021254
4018	780	0.982873
4018	1676	0.923653
4018	1552	0.918498
4018	10	0.831253
4018	1917	0.828781
4018	442	0.814643
4018	3082	0.798805
4020	2916	1.624389
4020	1573	1.243382
4020	733	1.200087
4020	457	1.165289
4020	1240	1.164599
4020	589	1.131039
4020	1374	1.065010
4020	1200	1.062988
4020	3702	0.996599
4020	2947	0.976253
4021	2379	1.321371
4021	1837	1.164025
4021	2255	1.041080
4021	2375	1.027786
4021	2372	1.025002
4021	3688	1.023223
4021	1857	1.018227
4021	178	0.960719
4021	1091	0.918553
4021	2717	0.886739
4022	2006	1.272193
4022	10	1.106174
4022	1370	1.030910
4022	1372	0.901908
4022	2916	0.843243
4022	1580	0.834673
4022	3256	0.823139
4022	480	0.778616
4022	780	0.771409
4022	1931	0.729837
4023	2918	1.064410
4023	1136	1.034198
4023	3361	1.026161
4023	2797	0.960307
4023	1294	0.955868
4023	1307	0.946132
4023	2174	0.852637
4023	2791	0.826380
4023	1968	0.820679
4023	3039	0.775354
4024	1307	0.567535
4024	2352	0.465646
4024	1079	0.439152
4024	2918	0.428502
4024	3393	0.425532
4024	2791	0.408654
4024	1259	0.406273
4024	3552	0.400294
4024	3039	0.383783
4024	2286	0.372161
4026	10	0.814053
4026	733	0.783226
4026	1722	0.769271
4026	1370	0.762440
4026	648	0.750768
4026	1597	0.719547
4026	3020	0.719037
4026	736	0.709271
4026	380	0.702002
4026	3107	0.675459
4027	1617	1.572735
4027	589	1.547908
4027	1196	1.387819
4027	541	1.273056
4027	260	1.187317
4027	1206	1.164263
4027	3703	1.125273
4027	1210	1.094805
4027	3471	1.090589
4027	457	1.086043
4028	1273	0.967665
4028	745	0.838638
4028	905	0.743137
4028	898	0.729827
4028	955	0.724407
4028	3739	0.658807
4028	3491	0.649181
4028	2215	0.638769
4028	3446	0.626370
4028	2774	0.618000
4029	1947	1.966558
4029	594	1.703815
4029	1029	1.646616
4029	900	1.533723
4029	1067	1.442360
4029	1035	1.436079
4029	1028	1.412604
4029	2096	1.403078
4029	3545	1.344214
4029	1951	1.286803
4030	2694	0.637574
4030	3717	0.533825
4030	2572	0.528596
4030	1805	0.496301
4030	2770	0.481678
4030	223	0.454489
4030	2188	0.454279
4030	1625	0.444290
4030	3005	0.441204
4030	2710	0.434446
4031	1345	2.177898
4031	1255	1.875068
4031	1347	1.620682
4031	3727	1.618164
4031	1997	1.613701
4031	1258	1.484857
4031	2118	1.406130
4031	3576	1.347780
4031	2867	1.223313
4031	2644	1.165979
4032	2951	1.598990
4032	3494	1.339502
4032	2401	1.330697
4032	2921	1.255265
4032	3508	1.237328
4032	3074	1.221975
4032	1209	0.962901
4032	1266	0.961348
4032	553	0.862353
4032	383	0.823414
4033	3620	0.854309
4033	2552	0.723125
4033	140	0.642292
4033	3031	0.607224
4033	275	0.576697
4033	2419	0.570834
4033	707	0.568698
4033	2432	0.567620
4033	984	0.567236
4033	3496	0.554389
4034	1304	1.087377
4034	3363	1.063458
4034	1234	1.042194
4034	3504	1.021769
4034	1214	0.874567
4034	1080	0.854368
4034	858	0.828432
4034	1136	0.815960
4034	1219	0.732777
4034	1394	0.719011
4035	349	1.651816
4035	480	1.474874
4035	380	1.407285
4035	316	1.320251
4035	1356	1.307340
4035	1722	1.225715
4035	1676	1.212391
4035	2058	1.198075
4035	3107	1.187389
4035	3256	1.177451
4036	355	1.561443
4036	1731	1.355523
4036	1474	1.051127
4036	810	0.967151
4036	2253	0.939103
4036	1445	0.909253
4036	460	0.898110
4036	19	0.884908
4036	2027	0.880825
4036	829	0.855531
4037	1028	0.896834
4037	2565	0.843118
4037	1951	0.836495
4037	2946	0.817954
4037	1380	0.777843
4037	390	0.732152
4037	2949	0.713640
4037	900	0.694019
4037	2931	0.666736
4037	2870	0.654746
4039	1	1.083711
4039	2997	0.980008
4039	1265	0.915002
4039	3408	0.889434
4039	296	0.839070
4039	318	0.806025
4039	3751	0.799682
4039	745	0.790737
4039	593	0.776827
4039	2396	0.773216
4040	1985	2.347484
4040	1975	2.284574
4040	3017	2.187039
4040	2868	1.917682
4040	1977	1.909889
4040	1971	1.885711
4040	1995	1.879628
4040	2614	1.807046
4040	1987	1.794342
4040	1972	1.759810
4041	2381	2.273091
4041	2379	2.058598
4041	2036	1.658947
4041	1474	1.473619
4041	3041	1.472591
4041	3042	1.419998
4041	93	1.413644
4041	325	1.393976
4041	1731	1.277017
4041	2458	1.249485
4042	1089	0.464494
4042	2881	0.436296
4042	858	0.427320
4042	1918	0.424103
4042	1221	0.380769
4042	47	0.370779
4042	3533	0.370638
4042	1274	0.364851
4042	170	0.363711
4042	2334	0.357113
4043	1320	1.274651
4043	316	1.262020
4043	780	1.206558
4043	3697	1.111796
4043	1037	1.100281
4043	1876	1.041603
4043	1690	1.037676
4043	1831	1.024690
4043	1371	0.960272
4043	2808	0.954204
4044	2770	2.599198
4044	2683	2.210070
4044	2881	1.897111
4044	785	1.890852
4044	2355	1.890074
4044	2433	1.843207
4044	2541	1.801975
4044	3219	1.773263
4044	3203	1.744278
4044	2605	1.702857
4045	3762	2.011175
4045	3803	1.673399
4045	3757	1.342995
4045	3768	1.264912
4045	3842	0.808425
4045	3770	0.766536
4045	3833	0.765314
4045	2460	0.732062
4045	3774	0.706969
4045	3769	0.699543
4046	593	1.914049
4046	318	1.822444
4046	50	1.667617
4046	1221	1.361156
4046	527	1.309341
4046	2028	1.179730
4046	2762	1.024400
4046	260	0.945786
4046	912	0.828721
4046	3362	0.819382
4047	1580	1.945843
4047	1573	1.706739
4047	1370	1.631306
4047	780	1.605568
4047	10	1.558747
4047	3256	1.551358
4047	316	1.493364
4047	1527	1.431810
4047	329	1.187128
4047	2115	1.156279
4048	291	1.042396
4048	1798	0.871653
4048	103	0.837059
4048	695	0.725628
4048	2026	0.689399
4048	2532	0.680685
4048	1092	0.651268
4048	2531	0.649240
4048	1427	0.642014
4048	3386	0.609946
4049	1867	2.370124
4049	1556	1.689585
4049	1606	1.489449
4049	2818	1.444310
4049	815	1.317833
4049	1170	1.317833
4049	1681	1.165049
4049	667	1.132142
4049	71	1.062862
4049	1432	1.028249
4050	2947	0.932062
4050	2944	0.860661
4050	1240	0.814365
4050	2028	0.789273
4050	2018	0.783330
4050	589	0.738270
4050	608	0.689535
4050	364	0.686086
4050	594	0.681191
4050	296	0.656357
4051	1350	1.427282
4051	1982	1.418452
4051	1994	1.380199
4051	1997	1.347227
4051	2193	1.198293
4051	2174	1.085867
4051	3018	1.007007
4051	3479	0.995404
4051	1333	0.990622
4051	2968	0.988149
4052	2762	1.260181
4052	589	1.039821
4052	3510	0.963351
4052	3753	0.959540
4052	2028	0.957177
4052	3555	0.927983
4052	3623	0.923607
4052	457	0.858739
4052	3624	0.783595
4052	3175	0.767385
4053	2085	1.086045
4053	2018	1.077990
4053	1282	1.062610
4053	1029	1.047844
4053	2087	1.009143
4053	2078	0.972813
4053	594	0.906821
4053	2081	0.898236
4053	596	0.875003
4053	3345	0.856675
4054	329	0.808892
4054	1917	0.771299
4054	1876	0.745379
4054	2094	0.742020
4054	3433	0.707838
4054	316	0.663236
4054	460	0.663232
4054	95	0.659782
4054	1779	0.639833
4054	780	0.601783
4055	148	0.966599
4055	697	0.827147
4055	847	0.759524
4055	884	0.675881
4055	3045	0.665650
4055	3252	0.629052
4055	536	0.628394
4055	832	0.567751
4055	2283	0.524846
4055	309	0.520803
4057	3639	1.239381
4057	3640	1.124222
4057	2949	1.025037
4057	2001	0.905051
4057	1732	0.672294
4057	3642	0.595467
4057	2991	0.584006
4057	1244	0.554263
4057	3760	0.553909
4057	3762	0.538181
4058	1755	0.759788
4058	1947	0.642363
4058	1029	0.589954
4058	539	0.572383
4058	2081	0.564324
4058	2424	0.560196
4058	364	0.545407
4058	1721	0.537155
4058	1380	0.530599
4058	914	0.518479
4059	3361	1.508123
4059	1307	1.408834
4059	2791	1.220232
4059	3421	1.124312
4059	2174	1.073878
4059	1197	1.032828
4059	1278	0.996683
4059	3039	0.981025
4059	1136	0.939568
4059	2915	0.884038
4060	1967	1.188796
4060	2803	1.116984
4060	2193	0.984745
4060	1343	0.952074
4060	2353	0.845040
4060	2916	0.798660
4060	225	0.787000
4060	2140	0.780684
4060	2021	0.775605
4060	2105	0.772978
4061	3804	2.422155
4061	3758	1.359228
4061	3837	1.288394
4061	3757	0.977847
4061	3806	0.967705
4061	3760	0.931800
4061	3766	0.776335
4061	3641	0.685994
4061	67	0.641700
4061	1501	0.641700
4062	148	0.888224
4062	2391	0.842520
4062	1617	0.717750
4062	593	0.711392
4062	1213	0.701773
4062	296	0.671108
4062	47	0.669243
4062	1391	0.642719
4062	3045	0.617795
4062	1320	0.617133
4063	260	1.413014
4063	1221	1.361915
4063	318	1.257789
4063	1198	1.229914
4063	1240	1.228119
4063	589	1.146081
4063	1214	1.125585
4063	2858	1.119348
4063	2571	1.099838
4063	593	0.988532
4064	1359	0.856494
4064	1562	0.800068
4064	2162	0.767291
4064	673	0.739527
4064	1489	0.691653
4064	1703	0.651600
4064	1857	0.650801
4064	437	0.642014
4064	1474	0.637808
4064	1556	0.619834
4066	457	1.707323
4066	1610	1.665372
4066	1580	1.596091
4066	2353	1.458102
4066	474	1.441995
4066	377	1.381598
4066	2058	1.284925
4066	2571	1.258222
4066	589	1.218072
4066	2278	1.143332
4067	2581	2.476878
4067	2491	2.359305
4067	2734	2.287394
4067	2724	2.206408
4067	2841	2.111911
4067	2906	2.098207
4067	2840	2.038323
4067	2502	2.019567
4067	3623	1.881889
4067	2762	1.809509
4069	3744	0.854438
4069	1196	0.659044
4069	3752	0.648011
4069	3624	0.641000
4069	1230	0.640245
4069	3483	0.636007
4069	3755	0.627089
4069	3785	0.605009
4069	3717	0.580841
4069	3615	0.570921
4070	329	2.641605
4070	316	2.621055
4070	2393	2.192881
4070	1527	2.003361
4070	1376	1.677461
4070	1909	1.632636
4070	2916	1.567037
4070	2640	1.505279
4070	1917	1.461691
4070	2046	1.366796
4071	1342	1.074354
4071	1971	1.063564
4071	2517	0.996334
4071	1347	0.920113
4071	1994	0.913035
4071	1345	0.913009
4071	1985	0.901011
4071	3018	0.900512
4071	1991	0.880208
4071	1975	0.869748
4072	2006	1.186982
4072	1370	1.039451
4072	480	0.902861
4072	3256	0.872180
4072	10	0.823293
4072	1597	0.771287
4072	1580	0.735327
4072	2916	0.730552
4072	377	0.720854
4072	2353	0.691084
4075	1240	1.296356
4075	457	1.122107
4075	1291	1.038197
4075	2571	1.000140
4075	589	0.970425
4075	1610	0.942610
4075	2918	0.874137
4075	3703	0.870014
4075	1270	0.820238
4075	47	0.774659
4076	150	0.945261
4076	1721	0.781229
4076	1682	0.664648
4076	3105	0.613625
4076	318	0.601170
4076	1183	0.584042
4076	3100	0.539507
4076	1660	0.520012
4076	25	0.517859
4076	1791	0.513182
4077	937	0.597969
4077	830	0.587230
4077	2478	0.566209
4077	3144	0.551765
4077	2688	0.530365
4077	3385	0.490403
4077	1379	0.488154
4077	2134	0.465158
4077	2751	0.461580
4077	3394	0.457988
4078	2794	1.375290
4078	2416	1.334014
4078	2378	1.181607
4078	2372	1.133670
4078	2072	1.116691
4078	3688	1.114730
4078	3525	1.052070
4078	2468	1.042654
4078	1091	0.932031
4078	2413	0.919636
4079	419	0.628346
4079	93	0.558947
4079	1347	0.550838
4079	1887	0.516874
4079	470	0.508523
4079	1864	0.500268
4079	206	0.499206
4079	3600	0.479771
4079	88	0.477541
4079	1993	0.471133
4080	1240	0.907162
4080	593	0.854062
4080	924	0.842249
4080	1200	0.783848
4080	50	0.731692
4080	908	0.704004
4080	2571	0.693310
4080	2858	0.663066
4080	1222	0.654221
4080	1617	0.653634
4081	1394	1.458198
4081	1079	1.289367
4081	34	1.144858
4081	1136	1.088508
4081	3114	1.047037
4081	1307	1.014298
4081	3361	0.995379
4081	3671	0.835905
4081	1278	0.808101
4081	2791	0.783069
4082	2688	0.888519
4082	1569	0.812153
4082	708	0.739625
4082	1409	0.704434
4082	2598	0.695059
4082	1888	0.692652
4082	339	0.676309
4082	1513	0.655972
4082	2734	0.651646
4082	597	0.651257
4083	2719	1.048740
4083	2881	1.043479
4083	2433	0.896860
4083	1911	0.849004
4083	2694	0.814706
4083	2490	0.778115
4083	2710	0.772025
4083	2428	0.710788
4083	422	0.701121
4083	3203	0.691058
4084	3555	1.842921
4084	3409	1.659091
4084	3535	1.500290
4084	3354	1.455535
4084	3755	1.401850
4084	3408	1.343776
4084	3623	1.305551
4084	3481	1.258994
4084	3513	1.153390
4084	3566	1.110192
4085	2096	0.854795
4085	1022	0.852338
4085	1282	0.793225
4085	596	0.791976
4085	595	0.731675
4085	2018	0.695123
4085	779	0.641427
4085	2085	0.639485
4085	2078	0.621432
4085	364	0.611798
4086	2565	1.946676
4086	1029	1.376846
4086	3549	1.218877
4086	900	1.205985
4086	2135	1.183962
4086	3061	1.181276
4086	2081	1.151387
4086	899	1.063402
4086	595	1.062524
4086	1022	1.012658
4087	2598	2.751739
4087	2490	2.469122
4087	3219	2.340495
4087	2688	2.250881
4087	2013	2.213319
4087	785	2.012504
4087	3623	1.931882
4087	2568	1.753258
4087	1959	1.750854
4087	2840	1.692123
4088	1499	1.280232
4088	692	0.905356
4088	694	0.899346
4088	2986	0.855462
4088	204	0.826662
4088	2322	0.809823
4088	849	0.801986
4088	546	0.775166
4088	71	0.773820
4088	160	0.763552
4089	725	0.500945
4089	1752	0.440399
4089	608	0.388177
4089	132	0.379850
4089	731	0.377632
4089	1902	0.375709
4089	296	0.357901
4089	593	0.337873
4089	1438	0.336916
4089	1089	0.323222
4090	2797	1.198205
4090	3039	1.011967
4090	1079	0.985373
4090	1968	0.971659
4090	1307	0.911486
4090	3361	0.838474
4090	1036	0.815058
4090	3210	0.797002
4090	2352	0.789546
4090	1259	0.777971
4091	2113	0.612360
4091	177	0.611334
4091	2327	0.611168
4091	1369	0.589768
4091	1987	0.533312
4091	3636	0.527504
4091	2878	0.525226
4091	1984	0.485643
4091	2121	0.465871
4091	3021	0.464238
4092	1135	1.436187
4092	2378	1.205102
4092	3087	1.157165
4092	2470	1.100281
4092	2245	0.993402
4092	2416	0.950148
4092	2518	0.921702
4092	3525	0.900492
4092	3448	0.832038
4092	3308	0.823254
4093	1663	0.938361
4093	2018	0.831565
4093	2915	0.769749
4093	2096	0.735272
4093	594	0.693843
4093	1968	0.688447
4093	3526	0.687558
4093	1246	0.645362
4093	3210	0.627735
4093	1302	0.624717
4094	3578	2.096587
4094	3510	1.995838
4094	3300	1.724569
4094	3409	1.512451
4094	3744	1.453784
4094	3481	1.438439
4094	3354	1.377102
4094	3793	1.362693
4094	3646	1.343699
4094	3785	1.293488
4095	95	1.000181
4095	736	0.982873
4095	165	0.976307
4095	494	0.967451
4095	349	0.964276
4095	292	0.911692
4095	380	0.884507
4095	1370	0.873697
4095	3082	0.844796
4095	1608	0.819940
4096	1713	0.958335
4096	2052	0.954441
4096	1489	0.887745
4096	2876	0.872787
4096	374	0.766741
4096	1702	0.739221
4096	2048	0.730800
4096	3489	0.724077
4096	1688	0.689941
4096	1566	0.672770
4097	2762	0.695847
4097	1259	0.679410
4097	858	0.656962
4097	1394	0.632845
4097	260	0.624469
4097	2804	0.620044
4097	527	0.618457
4097	3081	0.609802
4097	593	0.598427
4097	3671	0.577615
4098	1580	1.508424
4098	1370	1.486796
4098	2115	1.313349
4098	2353	1.215649
4098	349	1.194692
4098	2916	1.125109
4098	1527	1.060977
4098	2058	1.001246
4098	2278	0.999809
4098	1356	0.973189
4099	593	1.439796
4099	1193	1.398518
4099	260	1.360666
4099	608	1.353662
4099	527	1.333871
4099	318	1.327240
4099	1207	1.224002
4099	923	1.202099
4099	1617	1.141536
4099	2028	1.127403
4101	3847	0.833933
4101	3804	0.640377
4101	2106	0.570926
4101	3623	0.559319
4101	3273	0.557758
4101	3803	0.550556
4101	2350	0.523924
4101	150	0.511302
4101	3762	0.492896
4101	1391	0.474267
4102	1978	2.067651
4102	1980	1.920614
4102	1326	1.898545
4102	1977	1.797219
4102	1975	1.726778
4102	1984	1.683621
4102	1979	1.675004
4102	2514	1.644408
4102	2548	1.643729
4102	3572	1.617714
4103	510	0.469682
4103	619	0.455842
4103	3636	0.448902
4103	324	0.427956
4103	1611	0.408660
4103	617	0.402819
4103	1050	0.399896
4103	997	0.394055
4103	269	0.387660
4103	831	0.387510
4104	1214	1.143645
4104	1240	1.138238
4104	1584	1.131839
4104	32	1.089371
4104	1077	1.041937
4104	1199	1.021636
4104	2571	0.953241
4104	1196	0.946860
4104	1200	0.923977
4104	1270	0.910016
4105	743	1.085579
4105	135	0.845814
4105	1665	0.788693
4105	216	0.766597
4105	2350	0.709885
4105	333	0.702622
4105	174	0.689757
4105	3243	0.654841
4105	2335	0.566672
4105	2487	0.556454
4107	2470	0.772343
4107	2114	0.764595
4107	3591	0.625566
4107	2942	0.612178
4107	2786	0.586043
4107	2262	0.575772
4107	3478	0.575068
4107	2423	0.562711
4107	3360	0.536526
4107	1286	0.523000
4108	527	1.683378
4108	1247	1.471664
4108	593	1.176119
4108	3468	1.123240
4108	1952	1.054173
4108	1221	1.032017
4108	923	0.984465
4108	1213	0.930788
4108	1204	0.903802
4108	296	0.877137
4111	3062	1.163813
4111	1090	1.036500
4111	1242	1.022981
4111	1263	0.885168
4111	1240	0.860428
4111	2947	0.843512
4111	3066	0.811277
4111	2427	0.795911
4111	1036	0.779503
4111	457	0.748264
4112	2796	0.707375
4112	3688	0.704898
4112	3258	0.700691
4112	3881	0.676248
4112	3235	0.598757
4112	2375	0.596459
4112	1614	0.570893
4112	216	0.564189
4112	333	0.555910
4112	2335	0.555418
4113	2001	0.850942
4113	3763	0.763750
4113	3640	0.661688
4113	3836	0.559157
4113	1587	0.554716
4113	1240	0.495384
4113	1917	0.479620
4113	1732	0.475753
4113	2302	0.465865
4113	3082	0.455219
4114	260	1.561093
4114	1240	1.552870
4114	1196	1.551411
4114	1077	1.383362
4114	2571	1.381470
4114	1200	1.377613
4114	1270	1.255515
4114	1253	1.231926
4114	2664	1.116297
4114	2010	1.100772
4115	1093	0.678550
4115	2694	0.672532
4115	2133	0.657676
4115	344	0.635033
4115	178	0.627818
4115	2706	0.617352
4115	223	0.611457
4115	2355	0.553524
4115	1837	0.550768
4115	3388	0.538627
4116	3911	1.260247
4116	3948	1.212934
4116	3863	1.176330
4116	3617	1.033069
4116	3301	1.001774
4116	3826	0.979080
4116	3793	0.949731
4116	3783	0.938041
4116	3556	0.926257
4116	3578	0.907394
4117	1552	0.940829
4117	494	0.881639
4117	165	0.857540
4117	1377	0.823988
4117	662	0.787283
4117	2490	0.777370
4117	288	0.742818
4117	1687	0.709615
4117	3249	0.709328
4117	292	0.705986
4118	3039	0.728112
4118	2090	0.707632
4118	2174	0.673369
4118	2791	0.649023
4118	2096	0.641269
4118	1663	0.635244
4118	1907	0.630544
4118	661	0.610125
4118	3210	0.608972
4118	364	0.607500
4119	3445	0.919333
4119	2991	0.788878
4119	2949	0.705238
4119	3638	0.661421
4119	253	0.659281
4119	2000	0.645968
4119	3771	0.634778
4119	3760	0.622419
4119	2002	0.567911
4119	835	0.563712
4120	3361	1.815753
4120	2174	1.514653
4120	3210	1.458526
4120	2791	1.360010
4120	2915	1.300562
4120	3552	1.231082
4120	2352	1.193729
4120	1394	1.182080
4120	3421	1.087663
4120	1270	1.009284
4121	1982	2.529416
4121	2646	2.052508
4121	3018	2.043234
4121	2814	1.826744
4121	2648	1.763684
4121	3727	1.721447
4121	2649	1.614589
4121	2550	1.582268
4121	1994	1.520382
4121	1347	1.495062
4122	1193	0.922994
4122	296	0.911446
4122	318	0.900128
4122	1617	0.874671
4122	593	0.779985
4122	1952	0.756315
4122	908	0.682154
4122	2858	0.662103
4122	1221	0.653874
4122	1089	0.637850
4123	1200	0.846228
4123	1206	0.813389
4123	1214	0.803123
4123	2571	0.796004
4123	924	0.744081
4123	1196	0.713983
4123	541	0.713529
4123	17	0.690908
4123	2026	0.690167
4123	113	0.659359
4124	329	2.445459
4124	2393	2.065460
4124	1372	1.854739
4124	1391	1.610582
4124	1527	1.594132
4124	1544	1.584495
4124	1690	1.578356
4124	1320	1.570750
4124	1037	1.552312
4124	1603	1.413549
4125	960	0.619069
4125	2031	0.561247
4125	2706	0.537414
4125	2683	0.535867
4125	82	0.533383
4125	1707	0.496954
4125	2355	0.491578
4125	2694	0.473329
4125	1367	0.460918
4125	3005	0.441984
4126	2096	0.819772
4126	1022	0.803660
4126	594	0.755516
4126	588	0.710433
4126	364	0.710046
4126	694	0.660654
4126	2078	0.585932
4126	1947	0.577113
4126	1282	0.572412
4126	420	0.566083
4127	316	1.630909
4127	1676	1.288692
4127	1603	1.225774
4127	2393	1.217732
4127	3697	1.115701
4127	329	1.077327
4127	435	1.067239
4127	2628	0.998381
4127	1909	0.997480
4127	2916	0.992500
4128	1079	0.676783
4128	2797	0.667826
4128	1278	0.655458
4128	810	0.655388
4128	470	0.639439
4128	1294	0.615980
4128	2791	0.607191
4128	1316	0.585297
4128	3361	0.567732
4128	1234	0.552617
4130	1375	1.184543
4130	329	1.074521
4130	1676	0.818007
4130	2528	0.795871
4130	1690	0.782524
4130	1373	0.767986
4130	1917	0.748271
4130	2410	0.745620
4130	786	0.716554
4130	2405	0.700971
4131	1911	1.501709
4131	2694	1.497397
4131	2605	1.440227
4131	3005	1.332881
4131	2710	1.281457
4131	2355	1.273050
4131	2881	1.232186
4131	2688	1.228353
4131	3203	1.215899
4131	2719	1.198719
4132	1036	1.573176
4132	457	1.523472
4132	2947	1.449701
4132	1240	1.363822
4132	589	1.121050
4132	2916	1.119417
4132	1200	1.107671
4132	474	1.006711
4132	6	1.001158
4132	1387	0.962901
4133	2	1.128051
4133	1583	1.021588
4133	3489	0.966378
4133	2916	0.928669
4133	788	0.730236
4133	1573	0.722278
4133	1356	0.695103
4133	349	0.653030
4133	3438	0.634275
4133	3253	0.615914
4134	1294	0.658536
4134	3196	0.651362
4134	1250	0.645520
4134	920	0.629635
4134	1193	0.614061
4134	1944	0.600489
4134	1208	0.591089
4134	1276	0.562390
4134	527	0.558341
4134	1213	0.556757
4135	3744	1.048776
4135	3623	1.008159
4135	3752	0.906128
4135	3755	0.903690
4135	3646	0.902691
4135	3578	0.840524
4135	3757	0.766115
4135	3798	0.724905
4135	3633	0.690241
4135	3753	0.686603
4136	2066	1.976598
4136	1267	1.710848
4136	1069	1.558949
4136	930	1.394829
4136	1152	1.276577
4136	3683	1.128725
4136	3334	1.106921
4136	904	1.084181
4136	1617	0.970081
4136	903	0.923696
4137	2915	2.450579
4137	1968	2.095316
4137	3072	1.719004
4137	2144	1.440200
4137	1285	1.418700
4137	2795	1.384947
4137	1394	1.311809
4137	3526	1.300904
4137	1257	1.275606
4137	1270	1.209462
4138	3755	1.516370
4138	3510	1.392489
4138	3793	1.255098
4138	3300	1.222714
4138	3717	1.100546
4138	3354	1.080236
4138	3744	1.077448
4138	3863	1.044142
4138	780	0.890531
4138	3534	0.850364
4139	1552	0.793996
4139	349	0.698698
4139	1370	0.622659
4139	3249	0.561341
4139	10	0.540152
4139	2273	0.521912
4139	3082	0.514483
4139	1722	0.507436
4139	380	0.489647
4139	288	0.486165
4140	2054	1.044018
4140	1967	0.968794
4140	2193	0.928581
4140	653	0.925346
4140	2162	0.916525
4140	317	0.896863
4140	2086	0.847541
4140	3438	0.809275
4140	2161	0.804558
4140	1073	0.659315
4141	2002	0.849583
4141	1466	0.782080
4141	2616	0.699178
4141	1729	0.633631
4141	1377	0.622852
4141	998	0.616639
4141	170	0.596923
4141	1671	0.596308
4141	1686	0.503013
4141	208	0.495787
4144	1394	1.894788
4144	3421	1.849672
4144	1234	1.762357
4144	1294	1.633257
4144	2918	1.582604
4144	2791	1.277679
4144	921	1.139950
4144	1276	1.139106
4144	1292	1.113363
4144	1288	1.101088
4147	1580	1.821800
4147	2916	1.634577
4147	2640	1.518775
4147	1573	1.418990
4147	329	1.158633
4147	1375	1.119333
4147	3699	1.095148
4147	316	1.091133
4147	733	1.089061
4147	780	1.086614
4148	1552	1.627312
4148	10	1.560333
4148	1372	1.480744
4148	1527	1.471167
4148	380	1.403294
4148	329	1.371615
4148	786	1.315261
4148	2006	1.304926
4148	165	1.289399
4148	2628	1.264305
4149	1265	0.902508
4149	593	0.780959
4149	2762	0.765599
4149	2028	0.751260
4149	1704	0.735126
4149	364	0.735064
4149	3114	0.705613
4149	2324	0.668967
4149	608	0.630560
4149	110	0.620960
4150	640	0.583369
4150	3773	0.552871
4150	182	0.529175
4150	2735	0.507688
4150	597	0.504985
4150	2641	0.491252
4150	3247	0.485769
4150	539	0.478034
4150	1614	0.470030
4150	463	0.464427
4151	3623	0.764626
4151	2762	0.632940
4151	3174	0.602024
4151	3613	0.581905
4151	2000	0.579254
4151	1230	0.561894
4151	3578	0.554834
4151	2395	0.514675
4151	3717	0.513948
4151	1304	0.503603
4152	3304	1.225340
4152	246	1.008313
4152	1089	0.978625
4152	318	0.960227
4152	3362	0.897549
4152	1617	0.861354
4152	50	0.836411
4152	593	0.835205
4152	3679	0.768372
4152	1111	0.731926
4153	374	1.400150
4153	1474	1.056711
4153	575	0.998173
4153	867	0.984249
4153	1489	0.962174
4153	355	0.957727
4153	2953	0.893919
4153	2092	0.881379
4153	881	0.847917
4153	3400	0.824310
4155	780	2.008516
4155	1917	1.512839
4155	2046	1.410588
4155	2641	1.363081
4155	1527	1.326544
4155	2916	1.314441
4155	1876	1.302608
4155	2528	1.231827
4155	3697	1.212956
4155	1909	1.205477
4156	1892	1.268017
4156	1589	1.089678
4156	3386	0.998280
4156	1645	0.928477
4156	695	0.917358
4156	2749	0.831531
4156	903	0.814676
4156	350	0.740015
4156	1732	0.676442
4156	3044	0.667574
4157	3769	0.669290
4157	3622	0.649707
4157	1928	0.573539
4157	1917	0.571196
4157	3082	0.542080
4157	3836	0.539357
4157	3642	0.534542
4157	3763	0.532877
4157	2180	0.502616
4157	3633	0.502390
4160	316	2.265105
4160	2393	2.203918
4160	1037	2.170291
4160	3697	2.162417
4160	1690	2.109141
4160	1676	1.813618
4160	1391	1.783320
4160	196	1.577254
4160	1372	1.557209
4160	173	1.434201
4161	544	1.810329
4161	1499	1.584494
4161	204	1.414372
4161	694	1.385385
4161	153	1.328120
4161	849	1.324461
4161	2153	1.253219
4161	2412	1.241398
4161	1004	1.234359
4161	172	1.183674
4162	539	0.915306
4162	440	0.746099
4162	1717	0.607926
4162	2424	0.603484
4162	1777	0.595111
4162	724	0.578748
4162	3499	0.555809
4162	708	0.552847
4162	1569	0.551720
4162	852	0.546260
4164	3471	1.520414
4164	1240	1.416487
4164	1199	1.325806
4164	1196	1.305837
4164	1200	1.261438
4164	32	1.233763
4164	1270	1.112530
4164	1	1.059325
4164	2571	1.057184
4164	2529	0.877073
4165	3162	0.807663
4165	3060	0.779645
4165	1265	0.745069
4165	1923	0.734449
4165	1060	0.574176
4165	2599	0.566903
4165	846	0.566512
4165	1641	0.540287
4165	1449	0.535467
4165	1243	0.520310
4167	1293	0.809018
4167	1231	0.769341
4167	1185	0.621687
4167	1350	0.581504
4167	1258	0.567240
4167	1228	0.559925
4167	1225	0.527823
4167	1345	0.523520
4167	1982	0.510105
4167	1299	0.484390
4168	1672	0.713587
4168	2711	0.542632
4168	1393	0.508647
4168	838	0.489398
4168	1684	0.483551
4168	1810	0.482814
4168	357	0.480835
4168	3255	0.446466
4168	261	0.445783
4168	1721	0.441299
4169	3621	0.512148
4169	3144	0.463164
4169	179	0.456435
4169	3385	0.411716
4169	234	0.395564
4169	3394	0.385902
4169	118	0.353553
4169	3906	0.334390
4169	3861	0.334256
4169	937	0.330049
4170	593	1.400789
4170	296	1.250157
4170	1193	1.211805
4170	527	1.207033
4170	318	1.178114
4170	858	1.160079
4170	912	1.044976
4170	50	0.929791
4170	1104	0.917944
4170	110	0.856292
4171	364	0.709996
4171	588	0.677021
4171	1704	0.665826
4171	1721	0.637857
4171	2291	0.627690
4171	1784	0.595946
4171	1907	0.589828
4171	551	0.579657
4171	3255	0.566765
4171	3105	0.563310
4172	440	1.105596
4172	39	0.851986
4172	1923	0.813518
4172	11	0.768230
4172	1610	0.765518
4172	3105	0.759045
4172	2571	0.752281
4172	1265	0.720900
4172	342	0.718655
4172	1641	0.694011
4173	2571	2.191982
4173	474	1.646898
4173	1200	1.566802
4173	2947	1.376791
4173	1198	1.335440
4173	2058	1.329078
4173	377	1.290678
4173	1210	1.212049
4173	349	1.167608
4173	2353	1.145892
4174	2066	2.659240
4174	1152	1.733019
4174	903	1.645361
4174	2203	1.597342
4174	2726	1.597300
4174	904	1.570597
4174	930	1.552197
4174	3334	1.285806
4174	3471	1.164696
4174	1212	1.109916
4175	2381	2.376147
4175	2382	2.291430
4175	2259	2.094979
4175	2383	2.088710
4175	3385	2.016440
4175	3689	1.960552
4175	2473	1.724472
4175	2072	1.603641
4175	1091	1.508774
4175	2372	1.309384
4177	1345	1.758555
4177	1994	1.232822
4177	1258	1.210789
4177	3727	1.171996
4177	1997	1.164743
4177	1255	1.162336
4177	2644	1.157376
4177	2160	1.078281
4177	1347	1.055232
4177	2455	1.039492
4179	1213	1.402750
4179	527	1.346762
4179	296	1.346432
4179	1221	1.066579
4179	1193	1.058322
4179	1247	1.030117
4179	1207	1.023365
4179	111	0.993346
4179	2858	0.966586
4179	50	0.863943
4180	1511	0.729779
4180	1240	0.632451
4180	1196	0.629246
4180	1270	0.625313
4180	3801	0.615620
4180	3363	0.559113
4180	589	0.534455
4180	82	0.516197
4180	1316	0.514888
4180	2534	0.503661
4181	5	0.987842
4181	818	0.898195
4181	1855	0.766597
4181	1494	0.765061
4181	2317	0.765061
4181	429	0.718701
4181	2253	0.714297
4181	370	0.703687
4181	1857	0.690383
4181	575	0.689109
4182	1584	1.840240
4182	3753	1.592642
4182	1527	1.513437
4182	3555	1.454247
4182	3624	1.321528
4182	3527	1.219521
4182	1356	1.136915
4182	3717	1.083521
4182	1909	1.081452
4182	3175	1.072026
4183	494	1.148194
4183	1552	1.013426
4183	1573	0.949400
4183	383	0.839014
4183	733	0.787819
4183	3107	0.780844
4183	292	0.765133
4183	349	0.754491
4183	2628	0.753086
4183	780	0.728730
4185	1982	2.022769
4185	3018	1.649845
4185	1994	1.632327
4185	2118	1.258190
4185	3344	1.239086
4185	3499	1.212830
4185	1258	1.206304
4185	968	1.180643
4185	3676	1.166800
4185	2519	1.084409
4186	2003	0.580751
4186	79	0.525280
4186	2510	0.457244
4186	2792	0.397596
4186	1406	0.391423
4186	3923	0.389207
4186	1076	0.378136
4186	3917	0.372701
4186	1130	0.364928
4186	781	0.362285
4187	898	1.004114
4187	912	0.852915
4187	3310	0.837978
4187	920	0.770837
4187	910	0.694781
4187	3416	0.691665
4187	3629	0.651735
4187	1282	0.644135
4187	969	0.643088
4187	1247	0.625081
4188	2444	1.498614
4188	2522	1.066123
4188	1739	1.058462
4188	3648	1.053626
4188	828	0.973357
4188	1240	0.871513
4188	1196	0.849020
4188	808	0.828301
4188	2031	0.813268
4188	1019	0.802144
4189	923	1.350742
4189	922	1.154138
4189	1248	1.135077
4189	750	1.124588
4189	903	1.108406
4189	912	1.058728
4189	1617	1.003492
4189	3089	0.998687
4189	2186	0.993271
4189	1260	0.946432
4190	928	1.113082
4190	1674	0.946206
4190	916	0.894706
4190	1094	0.789357
4190	3668	0.776541
4190	899	0.742843
4190	1230	0.727953
4190	2020	0.707380
4190	2243	0.660511
4190	1947	0.649737
4193	3062	1.180462
4193	2941	1.046298
4193	1272	0.928334
4193	1090	0.892766
4193	920	0.832299
4193	3372	0.808478
4193	3196	0.798244
4193	2067	0.762097
4193	2670	0.759370
4193	3366	0.736733
4194	2302	1.271658
4194	1923	0.994409
4194	1641	0.935307
4194	440	0.797013
4194	52	0.795107
4194	357	0.783767
4194	3255	0.736866
4194	342	0.728649
4194	1777	0.714063
4194	3809	0.692107
4195	1136	0.901677
4195	3055	0.848797
4195	2762	0.805210
4195	3186	0.735664
4195	1	0.711217
4195	910	0.699743
4195	2858	0.679840
4195	2908	0.611645
4195	2396	0.607681
4195	3504	0.605272
4198	1350	2.186741
4198	3018	1.423793
4198	1407	1.408276
4198	1994	1.392228
4198	1130	1.386233
4198	3727	1.166568
4198	1258	1.116486
4198	1997	1.106024
4198	3344	1.037332
4198	2519	0.990514
4199	1704	1.196885
4199	1358	1.097984
4199	1	1.015745
4199	318	0.924762
4199	608	0.900144
4199	593	0.884746
4199	3114	0.865258
4199	2599	0.859142
4199	1148	0.855445
4199	296	0.837386
4200	1200	2.075857
4200	2571	1.857435
4200	2529	1.761236
4200	589	1.519020
4200	260	1.492837
4200	3527	1.356307
4200	2288	1.322122
4200	3471	1.225124
4200	1584	1.187323
4200	1206	1.139775
4203	2327	1.899230
4203	724	1.485073
4203	3709	1.406686
4203	188	1.259300
4203	2120	1.161625
4203	532	1.001350
4203	2279	0.959033
4203	1347	0.946751
4203	1647	0.946679
4203	1339	0.932569
4204	3198	1.140554
4204	1161	0.870294
4204	3167	0.822810
4204	2000	0.762968
4204	3733	0.756765
4204	1259	0.743912
4204	2522	0.723681
4204	2393	0.721750
4204	3093	0.711939
4204	329	0.668081
4205	1513	1.587893
4205	2598	1.267562
4205	2840	1.234419
4205	2841	1.177975
4205	3081	1.168033
4205	2395	1.129057
4205	2013	1.067625
4205	2700	1.033309
4205	2568	1.018028
4205	1967	0.977331
4206	594	1.738922
4206	595	1.687019
4206	2096	1.669611
4206	1029	1.457497
4206	1282	1.403820
4206	2078	1.339800
4206	2081	1.338855
4206	1022	1.305398
4206	1907	1.248888
4206	2687	1.223016
4207	1207	1.225897
4207	1267	0.930750
4207	3435	0.914698
4207	908	0.889092
4207	1193	0.848581
4207	111	0.819012
4207	702	0.814369
4207	1252	0.814036
4207	2066	0.802188
4207	929	0.767967
4208	17	1.296302
4208	1684	1.102689
4208	914	1.098487
4208	928	1.004441
4208	2062	1.001856
4208	2969	0.852344
4208	1296	0.832916
4208	920	0.783944
4208	898	0.742863
4208	2067	0.703844
4210	1375	1.748747
4210	2116	1.080532
4210	2528	1.066906
4210	2011	0.989544
4210	2640	0.981702
4210	1372	0.975377
4210	3699	0.971082
4210	3698	0.954776
4210	2009	0.952725
4210	2140	0.912814
4212	95	1.192115
4212	1377	1.098316
4212	165	1.017639
4212	786	1.008054
4212	288	0.888612
4212	494	0.861475
4212	3691	0.841822
4212	1687	0.817284
4212	1586	0.779347
4212	1479	0.778663
4213	1968	1.382153
4213	2915	1.371590
4213	3361	1.368320
4213	2797	1.287321
4213	1307	1.256470
4213	2174	1.011204
4213	1257	0.980518
4213	2795	0.965056
4213	1517	0.912692
4213	1270	0.874452
4214	318	1.253155
4214	608	1.212452
4214	296	1.118532
4214	50	1.024893
4214	3753	0.872249
4214	2028	0.859370
4214	3578	0.855062
4214	3285	0.812117
4214	3717	0.785707
4214	3298	0.728633
4215	260	0.665224
4215	899	0.481875
4215	2770	0.473578
4215	1214	0.466281
4215	912	0.448905
4215	1200	0.428349
4215	2881	0.425918
4215	969	0.419460
4215	1247	0.413442
4215	2683	0.412347
4217	316	1.213038
4217	2393	1.070956
4217	1676	1.020706
4217	1372	0.908108
4217	339	0.859750
4217	1917	0.842423
4217	1356	0.825703
4217	1573	0.819420
4217	1580	0.810331
4217	1909	0.805859
4218	1240	0.982393
4218	2571	0.969728
4218	3702	0.918897
4218	1214	0.912372
4218	3623	0.908574
4218	1200	0.874460
4218	1210	0.866942
4218	541	0.859228
4218	3471	0.849255
4218	1206	0.848034
4219	1037	1.745071
4219	173	1.700382
4219	435	1.617855
4219	172	1.587482
4219	2808	1.585996
4219	196	1.565877
4219	2986	1.523260
4219	2642	1.522129
4219	1831	1.469168
4219	1591	1.274704
4220	1485	1.679750
4220	597	1.070099
4220	539	0.998561
4220	2424	0.988679
4220	1777	0.863075
4220	410	0.856180
4220	333	0.824969
4220	3247	0.822171
4220	1569	0.818507
4220	231	0.763229
4221	906	0.915529
4221	899	0.762724
4221	908	0.757132
4221	1247	0.708580
4221	950	0.694373
4221	904	0.682420
4221	928	0.679034
4221	3097	0.675519
4221	2935	0.641297
4221	2644	0.629030
4222	2194	0.608040
4222	2947	0.591455
4222	1082	0.558405
4222	3198	0.553341
4222	150	0.529789
4222	3379	0.506904
4222	1408	0.490005
4222	2944	0.468205
4222	2949	0.451214
4222	3519	0.447178
4223	418	0.810983
4223	640	0.804748
4223	753	0.772106
4223	209	0.747102
4223	46	0.657873
4223	510	0.636104
4223	105	0.627473
4223	1366	0.613854
4223	3620	0.544080
4223	3118	0.525020
4224	339	1.916289
4224	2424	1.732610
4224	539	1.332528
4224	252	1.288366
4224	2340	1.184610
4224	708	1.064454
4224	2316	0.989931
4224	1441	0.962589
4224	74	0.909523
4224	2671	0.882702
4225	1288	0.697863
4225	2973	0.658281
4225	3304	0.645797
4225	1394	0.615645
4225	1307	0.586558
4225	1079	0.584370
4225	3361	0.545396
4225	1222	0.477674
4225	1291	0.468094
4225	2248	0.464830
4226	2599	1.918059
4226	1911	1.746679
4226	2605	1.741362
4226	2959	1.720779
4226	2598	1.720296
4226	1093	1.685488
4226	3203	1.667401
4226	2683	1.650304
4226	1513	1.648642
4226	2490	1.628441
4227	2454	1.019038
4227	1327	0.916117
4227	3932	0.889914
4227	3924	0.865430
4227	3918	0.853485
4227	3929	0.840439
4227	3917	0.804440
4227	1153	0.724473
4227	3934	0.708847
4227	1497	0.690725
4229	1777	1.213595
4229	539	1.085913
4229	1485	0.931915
4229	2424	0.928316
4229	2671	0.906632
4229	440	0.852142
4229	2683	0.741843
4229	500	0.732182
4229	141	0.730853
4229	11	0.710344
4231	457	1.466624
4231	2028	1.200721
4231	1610	1.179155
4231	593	1.146356
4231	1089	1.116634
4231	110	1.102121
4231	2571	1.011517
4231	318	0.981468
4231	6	0.920812
4231	1580	0.908075
4232	2683	1.875605
4232	2959	1.821091
4232	3623	1.820571
4232	2734	1.800923
4232	785	1.791389
4232	2688	1.780451
4232	2598	1.749362
4232	2770	1.596225
4232	2336	1.539279
4232	2599	1.538652
4233	589	1.324027
4233	457	1.319761
4233	2529	1.318071
4233	2916	1.290641
4233	110	1.230808
4233	1200	1.217105
4233	1036	1.216836
4233	2947	1.069498
4233	480	0.988112
4233	2944	0.978228
4234	912	1.947649
4234	527	1.523946
4234	1207	1.484809
4234	260	1.319217
4234	908	1.243458
4234	904	1.230698
4234	750	1.167210
4234	3435	1.133431
4234	1617	1.102766
4234	608	1.033120
4235	3624	1.954563
4235	3753	1.871530
4235	3510	1.584358
4235	3717	1.394813
4235	3354	1.390328
4235	3755	1.368966
4235	3409	1.356367
4235	3481	1.308395
4235	3744	1.191433
4235	3536	1.185338
4236	2770	2.403816
4236	1911	2.390229
4236	785	1.867732
4236	223	1.826785
4236	2433	1.819371
4236	2683	1.817820
4236	2710	1.744246
4236	2369	1.670121
4236	2772	1.668561
4236	2959	1.665499
4237	2353	1.235459
4237	349	1.189381
4237	1370	1.177204
4237	1573	1.151025
4237	2916	1.062025
4237	1580	1.034377
4237	1610	0.967881
4237	10	0.961291
4237	2006	0.805672
4237	380	0.798311
4238	2646	1.628709
4238	2219	1.552325
4238	2814	1.345818
4238	1337	1.242862
4238	2650	1.181043
4238	3644	1.089785
4238	2550	1.054192
4238	2215	1.010560
4238	2784	1.009391
4238	1284	0.986120
4239	1240	1.912318
4239	1214	1.846599
4239	1206	1.523179
4239	1196	1.428687
4239	32	1.345066
4239	3527	1.336297
4239	1270	1.272248
4239	541	1.259919
4239	589	1.205590
4239	2287	1.186066
4240	2406	1.062047
4240	3087	0.957905
4240	2746	0.861114
4240	2640	0.796338
4240	2371	0.794231
4240	2915	0.793809
4240	2115	0.779209
4240	1374	0.748366
4240	2469	0.743635
4240	2423	0.740111
4241	2598	2.243759
4241	2605	1.911625
4241	2581	1.859442
4241	3623	1.818542
4241	2805	1.775960
4241	2392	1.692405
4241	2490	1.661255
4241	2719	1.615987
4241	785	1.590359
4241	1513	1.537947
4242	597	1.576013
4242	339	1.308104
4242	1485	1.282249
4242	1777	1.225236
4242	2424	1.086278
4242	357	1.083482
4242	1042	1.010676
4242	2124	0.941298
4242	11	0.877661
4242	1569	0.866932
4243	918	1.916422
4243	1035	1.802450
4243	1022	1.748932
4243	3549	1.702826
4243	594	1.669090
4243	1951	1.441501
4243	899	1.375895
4243	1282	1.291636
4243	595	1.250988
4243	2081	1.213908
4245	3417	1.964189
4245	3486	1.964189
4245	2663	1.756824
4245	2009	1.552215
4245	2985	1.451649
4245	2661	1.353955
4245	2665	1.304566
4245	2656	1.242101
4245	2527	1.231173
4245	2660	1.142457
4246	3640	1.102875
4246	3763	0.939152
4246	1235	0.691066
4246	3814	0.662695
4246	3868	0.632855
4246	3622	0.600776
4246	3769	0.593803
4246	1732	0.547246
4246	3806	0.543971
4246	2770	0.542037
4247	1779	2.048422
4247	329	1.713930
4247	1690	1.699123
4247	1917	1.693903
4247	1831	1.633721
4247	435	1.516103
4247	172	1.495325
4247	3697	1.484265
4247	2642	1.384358
4247	1544	1.345517
4248	356	1.168074
4248	597	0.853725
4248	11	0.833093
4248	2108	0.805183
4248	2671	0.766748
4248	440	0.728032
4248	17	0.720863
4248	339	0.685505
4248	2424	0.657887
4248	587	0.632981
4249	292	1.167822
4249	316	1.068224
4249	3686	1.053741
4249	1779	1.034394
4249	780	1.008009
4249	1544	0.943865
4249	3249	0.932149
4249	1792	0.923711
4249	95	0.903564
4249	1422	0.876497
4250	2432	0.722744
4250	687	0.521885
4250	1624	0.517637
4250	3045	0.486530
4250	1726	0.478401
4250	2419	0.468688
4250	140	0.454607
4250	369	0.445152
4250	207	0.441172
4250	779	0.415786
4251	1663	2.383881
4251	3039	2.263662
4251	1079	1.830831
4251	2918	1.727596
4251	2352	1.661456
4251	2174	1.599733
4251	3072	1.342253
4251	2248	1.300761
4251	1257	1.276271
4251	1220	1.262479
4252	132	1.350207
4252	782	1.148859
4252	103	1.114176
4252	1917	1.038538
4252	463	0.950447
4252	640	0.928651
4252	1718	0.905025
4252	2722	0.890568
4252	1591	0.890504
4252	291	0.864836
4253	260	0.881073
4253	1200	0.838331
4253	1240	0.755069
4253	1198	0.682242
4253	1387	0.635020
4253	1210	0.593224
4253	541	0.585475
4253	589	0.583175
4253	3471	0.575166
4253	1242	0.549503
4255	2847	0.905547
4255	912	0.805432
4255	1952	0.752070
4255	2820	0.648860
4255	389	0.597436
4255	2398	0.584303
4255	1207	0.563059
4255	2202	0.553696
4255	973	0.538320
4255	3334	0.514865
4257	2770	2.037181
4257	3005	2.005395
4257	1911	1.999604
4257	1093	1.998012
4257	2433	1.946206
4257	223	1.913633
4257	2959	1.895238
4257	2694	1.868477
4257	2710	1.792761
4257	3219	1.729011
4258	1961	1.323942
4258	1231	1.142068
4258	1962	0.915999
4258	2474	0.854734
4258	2240	0.804281
4258	1185	0.795474
4258	3068	0.708250
4258	1299	0.690293
4258	1130	0.649296
4258	3526	0.639499
4260	3552	1.256712
4260	3210	1.190497
4260	1663	1.180310
4260	2915	1.019902
4260	2918	0.996698
4260	1307	0.885469
4260	2352	0.873559
4260	3087	0.834609
4260	2406	0.830376
4260	2795	0.812481
4261	1376	0.973278
4261	2640	0.936967
4261	3256	0.921017
4261	1374	0.912953
4261	2115	0.896445
4261	2991	0.857221
4261	1573	0.843543
4261	592	0.796214
4261	316	0.785340
4261	349	0.753358
4262	1967	1.614478
4262	2193	1.504376
4262	2797	1.475783
4262	2005	1.364997
4262	2140	1.116442
4262	2968	1.071661
4262	1097	1.022547
4262	2143	1.021065
4262	2105	0.846236
4262	2	0.840745
4263	2959	2.497644
4263	2355	2.432462
4263	2694	2.258455
4263	2712	2.136951
4263	2688	2.132629
4263	2541	2.124110
4263	2333	2.045682
4263	2605	2.040736
4263	1911	2.023566
4263	2433	1.977649
4265	1022	2.601487
4265	2096	2.342323
4265	2565	2.330443
4265	2081	2.273857
4265	1028	2.141561
4265	588	2.080907
4265	2087	1.873147
4265	2078	1.739510
4265	900	1.663968
4265	918	1.632291
4266	1513	2.472362
4266	2490	2.423595
4266	2394	2.087778
4266	785	1.869775
4266	24	1.860413
4266	2669	1.856066
4266	2502	1.854390
4266	2676	1.763405
4266	2723	1.694002
4266	2724	1.669401
4267	2770	2.951438
4267	2959	2.273006
4267	223	2.272308
4267	1093	2.182449
4267	2881	2.132602
4267	2605	2.126289
4267	785	2.115604
4267	2333	2.061616
4267	3005	1.991317
4267	2541	1.970943
4268	2350	1.041228
4268	135	0.666915
4268	520	0.630698
4268	1088	0.584916
4268	419	0.557263
4268	2411	0.546235
4268	1703	0.543199
4268	1503	0.533043
4268	460	0.526820
4268	2566	0.519683
4269	1375	1.509490
4269	2527	1.440963
4269	2009	1.309695
4269	2011	1.278460
4269	1372	1.251600
4269	3701	1.171900
4269	2046	1.151145
4269	2105	1.133190
4269	1376	1.072191
4269	2021	1.052156
4271	1552	1.135530
4271	292	0.920447
4271	10	0.886602
4271	1370	0.886229
4271	2520	0.808296
4271	786	0.751152
4271	2334	0.749434
4271	3206	0.749322
4271	376	0.739464
4271	353	0.735229
4272	1037	1.779464
4272	1603	1.764574
4272	1591	1.764177
4272	3697	1.666646
4272	1917	1.626657
4272	1831	1.615517
4272	329	1.590172
4272	2986	1.525756
4272	185	1.469425
4272	1690	1.448717
4273	1235	1.544904
4273	1394	1.455233
4273	1079	1.376211
4273	3361	1.355649
4273	3504	1.230661
4273	2788	1.072863
4273	1270	1.067766
4273	2918	1.055128
4273	3037	0.950599
4273	1259	0.905437
4274	1831	1.203791
4274	1779	1.092744
4274	1037	1.085535
4274	3697	1.038494
4274	1590	1.014419
4274	1690	1.013172
4274	1917	0.981200
4274	2808	0.942180
4274	2713	0.903769
4274	204	0.899243
4275	2858	1.287467
4275	608	1.158178
4275	2028	1.157910
4275	296	1.084900
4275	50	1.041038
4275	3623	0.908958
4275	1617	0.879797
4275	1213	0.859594
4275	1704	0.825212
4275	110	0.792849
4276	3731	1.173649
4276	3132	0.966147
4276	2096	0.650963
4276	2168	0.612235
4276	2474	0.574710
4276	2406	0.487393
4276	2018	0.477325
4276	1231	0.458025
4276	1302	0.433427
4276	1674	0.427534
4277	1926	0.707107
4277	2545	0.707107
4277	3762	0.670664
4277	1005	0.663896
4277	1088	0.581913
4277	3803	0.558026
4277	479	0.529997
4277	3345	0.518906
4277	3199	0.500333
4277	2814	0.500000
4278	457	1.413618
4278	1610	1.361629
4278	1240	1.052499
4278	733	0.968262
4278	1200	0.925119
4278	1196	0.867578
4278	1573	0.792248
4278	1291	0.785922
4278	1198	0.775451
4278	377	0.744812
4279	3039	0.927490
4279	1923	0.745263
4279	3552	0.744151
4279	1968	0.697623
4279	2371	0.655029
4279	1663	0.653593
4279	2797	0.594745
4279	2753	0.577119
4279	1060	0.572847
4279	3361	0.564564
4280	2688	2.322670
4280	1093	2.166216
4280	2605	2.123936
4280	2433	2.049056
4280	2706	2.032167
4280	223	2.029486
4280	2541	1.990323
4280	3203	1.788718
4280	2959	1.729921
4280	2336	1.632419
4281	597	1.967238
4281	339	1.781279
4281	440	1.680040
4281	1777	1.404271
4281	2125	1.276776
4281	708	1.257374
4281	356	1.115949
4281	587	1.101868
4281	1894	1.059170
4281	39	1.042841
4283	1	0.913677
4283	1307	0.903932
4283	2174	0.827303
4283	1136	0.759673
4283	1294	0.734037
4283	2797	0.707132
4283	1968	0.697562
4283	2791	0.684064
4283	1270	0.676174
4283	3421	0.673564
4284	1562	2.129095
4284	694	1.792804
4284	71	1.718518
4284	1004	1.472091
4284	1606	1.412588
4284	160	1.351332
4284	1867	1.324719
4284	3439	1.253953
4284	737	1.236136
4284	2818	1.139459
4285	2922	1.977366
4285	2951	1.490467
4285	383	1.467896
4285	3074	1.384253
4285	599	1.362370
4285	416	1.338328
4285	553	1.317429
4285	2921	1.299327
4285	3681	1.259986
4285	1007	1.159238
4286	3664	1.584430
4286	3665	0.902602
4286	2462	0.809914
4286	1329	0.796712
4286	3573	0.755827
4286	3021	0.727260
4286	755	0.700140
4286	1323	0.650513
4286	2655	0.629856
4286	3692	0.602258
4287	3440	1.458259
4287	809	1.285095
4287	71	1.282414
4287	420	1.246832
4287	1497	1.239480
4287	1882	1.218146
4287	544	1.207192
4287	1499	1.163736
4287	1431	1.151694
4287	2373	1.131213
4289	3688	1.489562
4289	3707	1.449883
4289	1091	1.394272
4289	2794	1.372102
4289	3041	1.260075
4289	3042	1.257036
4289	2050	1.230145
4289	2088	1.158469
4289	2421	1.153143
4289	3385	1.122204
4290	1704	1.937091
4290	593	1.736204
4290	318	1.677943
4290	50	1.285639
4290	527	1.196632
4290	1089	1.147055
4290	36	1.109599
4290	2858	1.105409
4290	34	1.011327
4290	2762	0.967060
4291	2528	1.433631
4291	2985	1.194251
4291	2021	1.057732
4291	3701	0.973403
4291	1909	0.962842
4291	1375	0.946518
4291	2117	0.938818
4291	1779	0.931288
4291	2105	0.922681
4291	3033	0.909612
4292	316	2.287384
4292	1876	1.733694
4292	1320	1.682201
4292	1372	1.634194
4292	442	1.469766
4292	2628	1.459287
4292	1573	1.427248
4292	1690	1.386891
4292	1603	1.371743
4292	748	1.266476
4293	1221	0.913349
4293	1193	0.789781
4293	3362	0.717364
4293	1798	0.702863
4293	3490	0.639947
4293	1294	0.618288
4293	1136	0.614057
4293	1304	0.609188
4293	3735	0.564059
4293	1394	0.559097
4294	2770	0.877683
4294	223	0.857004
4294	2706	0.840745
4294	2502	0.832050
4294	2694	0.775823
4294	2395	0.773014
4294	785	0.703069
4294	2188	0.648499
4294	2716	0.644493
4294	2580	0.639068
4295	2444	2.124236
4295	889	1.368497
4295	2486	1.368497
4295	1062	1.224337
4295	2475	1.080817
4295	2846	0.990828
4295	410	0.948317
4295	2706	0.858463
4295	1019	0.822850
4295	3648	0.804921
4296	1513	2.379522
4296	1959	2.070474
4296	2841	2.032320
4296	2490	1.828010
4296	2491	1.752423
4296	2906	1.736582
4296	43	1.592783
4296	2581	1.504630
4296	2502	1.497355
4296	2723	1.448338
4297	1185	1.083584
4297	3068	1.081203
4297	1228	1.074241
4297	1079	0.864454
4297	3361	0.840465
4297	1200	0.816835
4297	1962	0.786032
4297	3098	0.767815
4297	1196	0.767457
4297	2020	0.762348
4298	2948	0.613379
4298	1947	0.561312
4298	2863	0.530824
4298	2009	0.440795
4298	3703	0.430636
4298	1287	0.429944
4298	1035	0.425953
4298	2455	0.394879
4298	2951	0.392513
4298	2012	0.390368
4299	597	1.078766
4299	2424	1.000832
4299	708	0.945737
4299	1569	0.848092
4299	11	0.835354
4299	1409	0.812115
4299	7	0.797599
4299	476	0.779435
4299	539	0.770273
4299	500	0.759700
4300	588	3.025112
4300	596	2.777428
4300	1029	2.568920
4300	2089	2.466440
4300	2294	2.355713
4300	2087	2.253606
4300	1282	2.207713
4300	1032	2.010211
4300	2078	1.985168
4300	1688	1.894068
4301	1262	1.517602
4301	3670	1.307988
4301	3196	1.235081
4301	260	1.171932
4301	1242	1.028428
4301	1224	1.014772
4301	750	0.963353
4301	1198	0.948460
4301	110	0.938321
4301	858	0.933446
4302	2794	1.394308
4302	2473	1.393354
4302	2411	1.349787
4302	3691	1.276846
4302	3387	1.256076
4302	3392	1.237755
4302	3385	1.225919
4302	3715	1.192288
4302	2421	1.068055
4302	2050	1.052127
4303	1342	1.304248
4303	1345	1.249131
4303	3459	1.206831
4303	1991	1.091916
4303	2868	1.045068
4303	273	0.996958
4303	2517	0.961123
4303	565	0.958800
4303	2740	0.958304
4303	2003	0.955717
4305	1198	0.707763
4305	1214	0.698181
4305	867	0.580381
4305	2762	0.563473
4305	1210	0.548320
4305	2571	0.544756
4305	1898	0.509981
4305	2724	0.501848
4305	2485	0.489159
4305	405	0.482999
4306	1917	1.106850
4306	196	0.845108
4306	3697	0.819138
4306	1690	0.814797
4306	3708	0.811709
4306	292	0.805626
4306	2279	0.763054
4306	2026	0.755770
4306	780	0.742953
4306	2393	0.731898
4307	3555	1.157443
4307	3755	1.062429
4307	3510	0.997602
4307	2028	0.938741
4307	3408	0.929781
4307	3793	0.891374
4307	594	0.824647
4307	3534	0.818029
4307	593	0.813554
4307	3354	0.792019
4308	3578	1.413277
4308	3624	1.310774
4308	3744	1.171065
4308	3510	1.138567
4308	3646	1.045034
4308	3617	0.994898
4308	3861	0.952350
4308	3827	0.941636
4308	3863	0.920909
4308	3484	0.909483
4309	2188	2.101780
4309	223	1.952300
4309	2433	1.934397
4309	2771	1.680072
4309	2355	1.600752
4309	1911	1.562980
4309	2541	1.475176
4309	3203	1.337451
4309	1093	1.333453
4309	2975	1.255204
4310	3578	1.894910
4310	3510	1.651935
4310	3755	1.543937
4310	3409	1.258839
4310	3827	1.209894
4310	3354	1.208704
4310	3863	1.169292
4310	3717	1.135291
4310	3481	1.059534
4310	3513	1.048800
4311	1278	1.588395
4311	1080	1.387921
4311	1230	1.074207
4311	1292	1.057386
4311	1079	1.032733
4311	1235	1.015614
4311	1125	1.013917
4311	1394	0.997283
4311	3361	0.990397
4311	1276	0.855981
4312	3646	0.547644
4312	1707	0.540654
4312	2119	0.527286
4312	1105	0.520552
4312	3717	0.513680
4312	3300	0.494089
4312	3354	0.471416
4312	3158	0.469780
4312	1382	0.465696
4312	1867	0.456750
4313	1307	1.131267
4313	3361	1.105599
4313	2804	0.997033
4313	318	0.996167
4313	2791	0.969372
4313	1968	0.909013
4313	1136	0.899258
4313	296	0.889617
4313	1276	0.880220
4313	2997	0.879923
4314	3753	1.755920
4314	3755	1.647781
4314	3555	1.513015
4314	3300	1.319041
4314	3646	1.259924
4314	3863	1.258575
4314	3484	1.101369
4314	3409	1.080914
4314	3617	1.068685
4314	3408	1.050489
4315	1347	0.888421
4315	2120	0.835884
4315	2710	0.834490
4315	3499	0.806937
4315	1645	0.651903
4315	1342	0.615140
4315	382	0.613965
4315	842	0.594487
4315	2003	0.580381
4315	188	0.546424
4316	318	1.867567
4316	1213	1.620691
4316	608	1.614456
4316	1704	1.248554
4316	50	1.169607
4316	1617	1.015906
4316	2762	1.000425
4316	3006	0.998176
4316	110	0.892998
4316	3147	0.774153
4317	3527	1.597381
4317	1356	1.437769
4317	480	1.343027
4317	1374	1.297258
4317	1653	1.246838
4317	1527	1.233946
4317	2968	1.210358
4317	1301	1.194063
4317	1396	1.161885
4317	2455	1.161597
4318	291	0.864249
4318	103	0.745887
4318	1798	0.704468
4318	1748	0.634011
4318	1427	0.617338
4318	662	0.615531
4318	540	0.607172
4318	2263	0.600702
4318	3704	0.560607
4318	2803	0.526869
4319	2534	0.936114
4319	2683	0.717069
4319	1316	0.693762
4319	1062	0.614204
4319	1704	0.589355
4319	2694	0.522750
4319	409	0.511724
4319	3005	0.488123
4319	2188	0.469280
4319	2727	0.467400
4320	1356	1.664370
4320	2916	1.424973
4320	480	1.293498
4320	349	1.182310
4320	2406	1.125486
4320	1127	1.046085
4320	3527	1.021192
4320	1527	0.994818
4320	2985	0.944683
4320	1375	0.931484
4321	1394	1.164780
4321	2918	1.058949
4321	3671	1.053875
4321	1294	1.045135
4321	1278	0.941641
4321	1307	0.732391
4321	1234	0.729789
4321	1288	0.726788
4321	3421	0.716297
4321	2973	0.714202
4322	1552	0.971082
4322	3249	0.960966
4322	481	0.945827
4322	1792	0.924282
4322	95	0.899483
4322	376	0.847945
4322	463	0.846732
4322	640	0.788266
4322	165	0.781473
4322	1479	0.759722
4323	2580	0.904666
4323	2716	0.820233
4323	1663	0.782077
4323	785	0.746598
4323	2915	0.736025
4323	2959	0.690370
4323	3039	0.688728
4323	2174	0.682527
4323	1079	0.671783
4323	1546	0.665252
4324	1221	1.467949
4324	608	1.050304
4324	1196	0.983958
4324	1617	0.983582
4324	922	0.959482
4324	1252	0.907724
4324	2186	0.903526
4324	1260	0.868438
4324	1198	0.857718
4324	593	0.842107
4326	369	0.860366
4326	2341	0.609939
4326	1051	0.530297
4326	357	0.512993
4326	1393	0.484627
4326	26	0.482736
4326	580	0.473369
4326	509	0.450667
4326	3255	0.440085
4326	3246	0.421268
4327	1931	0.998171
4327	941	0.750900
4327	2194	0.677315
4327	1198	0.645619
4327	1197	0.644362
4327	1036	0.609586
4327	2366	0.606515
4327	2947	0.575149
4327	1303	0.574385
4327	3461	0.567704
4328	440	0.923920
4328	1777	0.712242
4328	3255	0.698088
4328	357	0.683543
4328	2108	0.636385
4328	339	0.635279
4328	1042	0.630537
4328	1883	0.614486
4328	1641	0.605744
4328	3040	0.570348
4329	1527	0.990003
4329	1608	0.985243
4329	1573	0.955520
4329	3256	0.888482
4329	225	0.864887
4329	1343	0.799468
4329	2916	0.756565
4329	165	0.732497
4329	782	0.712085
4329	349	0.710581
4330	1221	1.068320
4330	527	0.982050
4330	593	0.938332
4330	1952	0.919900
4330	1207	0.865247
4330	296	0.859761
4330	1213	0.820743
4330	111	0.802365
4330	1247	0.759207
4330	3095	0.658164
4331	3635	1.183031
4331	3763	0.882215
4331	2991	0.807576
4331	2001	0.798377
4331	3082	0.787273
4331	2947	0.645576
4331	2460	0.604324
4331	1291	0.581144
4331	2650	0.560116
4331	1036	0.549011
4333	1831	2.348615
4333	196	1.815137
4333	2808	1.789540
4333	327	1.643868
4333	2549	1.613298
4333	849	1.554054
4333	3697	1.553263
4333	2658	1.551136
4333	3780	1.551136
4333	2450	1.450947
4334	2393	2.204847
4334	1676	2.080882
4334	1527	1.821937
4334	1356	1.785000
4334	1876	1.610123
4334	2046	1.467124
4334	3697	1.431065
4334	2985	1.413798
4334	1320	1.398860
4334	2012	1.309246
4335	2559	0.578598
4335	2400	0.530255
4335	209	0.492918
4335	2487	0.491635
4335	329	0.472917
4335	609	0.470382
4335	316	0.456827
4335	2628	0.448344
4335	536	0.444487
4335	3313	0.426166
4336	1892	1.487998
4336	1092	1.084177
4336	1339	0.997664
4336	1717	0.993928
4336	1422	0.988045
4336	1589	0.929247
4336	2713	0.909178
4336	2279	0.845411
4336	2026	0.841929
4336	1732	0.841183
4337	1970	2.471271
4337	1977	2.427688
4337	1979	1.929629
4337	1976	1.915435
4337	2513	1.680279
4337	1985	1.657741
4337	1983	1.612674
4337	1969	1.603834
4337	2868	1.574758
4337	2328	1.505117
4338	1291	0.713192
4338	1240	0.687616
4338	1196	0.629261
4338	3809	0.615777
4338	260	0.602089
4338	2694	0.582855
4338	3408	0.536103
4338	2002	0.534953
4338	3760	0.530727
4338	1036	0.528834
4339	1917	1.721635
4339	786	1.666131
4339	736	1.513785
4339	316	1.343669
4339	434	1.220843
4339	2393	1.211064
4339	1792	1.164335
4339	10	1.133824
4339	3107	1.079700
4339	1377	1.074630
4341	1704	1.054206
4341	589	1.027456
4341	318	1.026187
4341	608	0.984655
4341	527	0.960310
4341	3753	0.873069
4341	3555	0.822365
4341	2791	0.792357
4341	3510	0.786049
4341	2858	0.783112
4342	2533	1.134076
4342	1196	1.024583
4342	1240	1.011454
4342	924	0.942616
4342	1200	0.910672
4342	3638	0.859386
4342	2571	0.791372
4342	541	0.713611
4342	1091	0.700168
4342	32	0.678139
4343	1917	0.979701
4343	1831	0.870935
4343	1377	0.725580
4343	640	0.714147
4343	1779	0.714111
4343	2002	0.707612
4343	463	0.670848
4343	460	0.652704
4343	3697	0.647176
4343	1690	0.618835
4344	2552	1.102858
4344	267	0.888605
4344	1091	0.865698
4344	3031	0.836010
4344	2953	0.808962
4344	325	0.798303
4344	1445	0.793693
4344	2027	0.786749
4344	603	0.751262
4344	231	0.724565
4345	2018	1.823685
4345	1029	1.721796
4345	2087	1.695007
4345	595	1.555990
4345	594	1.553101
4345	596	1.511166
4345	783	1.424792
4345	2081	1.398439
4345	2078	1.381830
4345	588	1.324171
4346	3435	1.003079
4346	3114	0.868303
4346	1248	0.853445
4346	1260	0.785390
4346	1267	0.769834
4346	2762	0.739127
4346	922	0.730666
4346	34	0.729678
4346	1265	0.722833
4346	1783	0.712815
4347	339	0.895871
4347	597	0.745024
4347	440	0.716232
4347	2424	0.678858
4347	2671	0.629195
4347	1777	0.622118
4347	357	0.614962
4347	141	0.610381
4347	605	0.603003
4347	252	0.598603
4350	1079	1.040552
4350	3361	0.890362
4350	1968	0.814759
4350	1307	0.769539
4350	3421	0.664563
4350	463	0.650791
4350	3039	0.631666
4350	2174	0.624086
4350	3552	0.594369
4350	1663	0.561610
4351	2002	1.050784
4351	1377	1.000574
4351	329	0.992953
4351	780	0.930630
4351	316	0.906556
4351	434	0.884571
4351	1831	0.879053
4351	1552	0.873598
4351	393	0.870011
4351	1320	0.829894
4352	1445	1.338474
4352	437	1.196854
4352	3667	1.163676
4352	2036	1.151818
4352	1474	1.116421
4352	1679	1.100990
4352	65	1.093824
4352	2383	1.044246
4352	19	0.999034
4352	102	0.908104
4353	3798	1.527822
4353	3717	1.460155
4353	3242	1.295218
4353	3578	1.206286
4353	3793	1.177191
4353	3617	1.156852
4353	3785	1.137584
4353	3755	1.079639
4353	200	0.984238
4353	297	0.984238
4354	3066	1.251283
4354	3143	0.897326
4354	3196	0.875395
4354	3366	0.867068
4354	3062	0.769459
4354	897	0.755967
4354	3643	0.720413
4354	1925	0.710706
4354	1272	0.710460
4354	1250	0.694959
4355	2985	1.753209
4355	1376	1.698787
4355	2916	1.695450
4355	1356	1.659528
4355	1527	1.509983
4355	1580	1.478354
4355	1584	1.453939
4355	780	1.449950
4355	1374	1.362509
4355	329	1.303890
4356	3066	0.886194
4356	969	0.845758
4356	1250	0.842229
4356	1960	0.820017
4356	2951	0.806304
4356	2922	0.795435
4356	1272	0.752373
4356	1222	0.732981
4356	527	0.714089
4356	1208	0.684525
4357	588	1.929264
4357	2096	1.871470
4357	1022	1.782919
4357	1282	1.729048
4357	2081	1.522459
4357	2565	1.412753
4357	2080	1.276359
4357	1032	1.271471
4357	1947	1.268901
4357	596	1.240931
4358	1982	1.237985
4358	1345	1.205341
4358	2644	1.086472
4358	3344	1.065867
4358	1994	1.063494
4358	3676	0.981460
4358	2550	0.975927
4358	1219	0.975161
4358	1130	0.930426
4358	1258	0.920846
4359	3438	1.107829
4359	1583	1.084477
4359	2162	0.967268
4359	1702	0.928989
4359	653	0.887740
4359	2005	0.853977
4359	2054	0.851208
4359	2021	0.776900
4359	2143	0.711339
4359	2086	0.614240
4360	1550	0.757414
4360	1457	0.742589
4360	1857	0.724562
4360	2051	0.666896
4360	3773	0.658390
4360	178	0.643548
4360	370	0.631080
4360	743	0.615111
4360	830	0.611444
4360	135	0.610334
4361	1376	1.362732
4361	2916	1.224796
4361	2115	1.111235
4361	1374	1.096662
4361	480	1.059661
4361	1372	0.986433
4361	1375	0.799016
4361	1129	0.797148
4361	2985	0.776902
4361	3527	0.760408
4362	3255	0.630830
4362	1844	0.571354
4362	1883	0.531533
4362	1580	0.494956
4362	1482	0.474075
4362	3314	0.464991
4362	1517	0.462282
4362	1610	0.455459
4362	2562	0.454545
4362	1923	0.442860
4363	780	1.069669
4363	1552	0.969820
4363	316	0.918996
4363	2822	0.879884
4363	1377	0.872879
4363	1876	0.856319
4363	3166	0.798690
4363	3697	0.773191
4363	2006	0.743787
4363	1603	0.704950
4364	177	2.377495
4364	1975	2.117276
4364	1969	2.035759
4364	2327	1.987653
4364	2121	1.982137
4364	1977	1.859296
4364	2868	1.784228
4364	606	1.684740
4364	1985	1.654719
4364	328	1.609525
4366	3635	0.977624
4366	2000	0.731400
4366	2001	0.683238
4366	3760	0.649793
4366	3640	0.642863
4366	2949	0.602943
4366	3263	0.594172
4366	2989	0.585952
4366	1732	0.582826
4366	1587	0.556545
4367	1204	1.455356
4367	858	1.390862
4367	527	1.340290
4367	912	1.094715
4367	260	1.064024
4367	318	1.040761
4367	593	1.027637
4367	1207	1.021241
4367	1196	1.019454
4367	908	0.925802
4368	457	1.154913
4368	47	1.125931
4368	50	1.117381
4368	2353	0.974568
4368	2916	0.974528
4368	1527	0.950597
4368	1372	0.947420
4368	2058	0.875352
4368	608	0.871360
4368	1580	0.868371
4369	1952	0.959210
4369	593	0.871336
4369	1193	0.823488
4369	3467	0.765102
4369	1276	0.753350
4369	1213	0.741805
4369	527	0.734999
4369	3095	0.728892
4369	924	0.719472
4369	608	0.697463
4370	1265	1.088315
4370	1923	0.804130
4370	2997	0.767175
4370	2321	0.766410
4370	2599	0.761173
4370	2324	0.671151
4370	265	0.649120
4370	2580	0.571922
4370	3174	0.556568
4370	1	0.555385
4371	2734	2.400493
4371	2013	2.046879
4371	2688	1.926888
4371	3219	1.896489
4371	2502	1.861691
4371	2840	1.760320
4371	2491	1.700833
4371	2906	1.611531
4371	2395	1.594705
4371	2396	1.556526
4373	1029	1.231221
4373	1340	1.049997
4373	899	1.031094
4373	2638	1.016067
4373	928	0.875131
4373	931	0.866436
4373	918	0.848614
4373	2565	0.823873
4373	1022	0.748093
4373	596	0.730032
4374	2947	2.448935
4374	1291	1.900615
4374	1610	1.832924
4374	1287	1.687289
4374	1210	1.684756
4374	1196	1.672620
4374	2571	1.642622
4374	2028	1.608037
4374	1198	1.604690
4374	1214	1.540465
4375	3508	0.967779
4375	2921	0.962829
4375	2401	0.931495
4375	1350	0.931271
4375	2951	0.888590
4375	3074	0.828095
4375	3681	0.827947
4375	1379	0.826430
4375	1266	0.817788
4375	1007	0.753722
4376	2028	2.156789
4376	457	1.770517
4376	1200	1.630468
4376	1291	1.513798
4376	1214	1.501062
4376	1036	1.482559
4376	593	1.419810
4376	318	1.332412
4376	1270	1.296269
4376	1210	1.236786
4377	694	1.873481
4377	1037	1.720985
4377	1591	1.621512
4377	1382	1.397429
4377	315	1.385542
4377	173	1.361012
4377	1432	1.293601
4377	20	1.279381
4377	160	1.249186
4377	1744	1.110732
4378	2797	0.944015
4378	3039	0.881286
4378	3210	0.794160
4378	2144	0.761319
4378	3526	0.735510
4378	1663	0.726876
4378	2100	0.707178
4378	3552	0.688454
4378	3104	0.658544
4378	2352	0.647573
4379	1674	0.725528
4379	1968	0.642602
4379	2918	0.638013
4379	3526	0.613928
4379	3361	0.606132
4379	3685	0.587401
4379	2000	0.577694
4379	902	0.557765
4379	1079	0.528591
4379	3505	0.510281
4380	1093	2.652632
4380	3005	2.364454
4380	2355	2.344390
4380	2683	2.169631
4380	223	1.981404
4380	2716	1.954454
4380	2719	1.909283
4380	2772	1.879452
4380	2805	1.693871
4380	2336	1.678308
4381	2716	1.974202
4381	2581	1.953907
4381	2805	1.835077
4381	3174	1.829736
4381	2013	1.808565
4381	2490	1.801065
4381	2502	1.694649
4381	2333	1.679165
4381	2959	1.665921
4381	2676	1.596339
4382	1831	0.955581
4382	780	0.911889
4382	2393	0.841047
4382	1550	0.766949
4382	379	0.763282
4382	1917	0.724166
4382	1591	0.697774
4382	1918	0.697620
4382	2808	0.697040
4382	196	0.695592
4384	3624	0.701740
4384	3555	0.689584
4384	637	0.599645
4384	3484	0.580784
4384	3753	0.550316
4384	3948	0.550031
4384	3793	0.536555
4384	3509	0.536458
4384	3300	0.534796
4384	3510	0.529400
4386	3578	1.801890
4386	3624	1.571722
4386	3753	1.469181
4386	3793	1.411518
4386	3555	1.335419
4386	3646	1.188526
4386	3863	1.086308
4386	3785	1.047415
4386	3861	1.000097
4386	3752	0.967888
4387	2638	0.574538
4387	1246	0.560993
4387	1961	0.501695
4387	1302	0.458059
4387	2260	0.449875
4387	1767	0.428854
4387	2243	0.426491
4387	3361	0.395482
4387	1227	0.388834
4387	1341	0.377093
4388	1552	0.870997
4388	89	0.830811
4388	288	0.767541
4388	2487	0.764209
4388	350	0.734373
4388	225	0.730375
4388	2295	0.711782
4388	1892	0.676688
4388	454	0.667342
4388	1625	0.640710
4389	339	1.348996
4389	2424	0.975450
4389	500	0.888267
4389	2671	0.853823
4389	1485	0.841122
4389	1569	0.832958
4389	587	0.784082
4389	472	0.736496
4389	252	0.722098
4389	357	0.686092
4390	429	1.046996
4390	374	0.993662
4390	460	0.974928
4390	3248	0.921750
4390	1390	0.910465
4390	867	0.869550
4390	575	0.858772
4390	3881	0.847477
4390	2029	0.838724
4390	1005	0.810349
4391	1062	1.089170
4391	2683	0.721694
4391	409	0.698020
4391	2355	0.595864
4391	3005	0.588051
4391	1064	0.579634
4391	631	0.573318
4391	2188	0.569132
4391	783	0.561513
4391	3206	0.551511
4394	2770	2.004351
4394	223	1.880661
4394	2710	1.691627
4394	2771	1.579998
4394	2541	1.564096
4394	2433	1.538474
4394	2699	1.463832
4394	1911	1.219338
4394	2826	1.167554
4394	2772	1.086661
4395	457	1.643981
4395	1580	1.223007
4395	1240	1.207592
4395	1573	1.203700
4395	3256	1.155460
4395	1200	1.097060
4395	1196	0.963755
4395	1291	0.963452
4395	349	0.945995
4395	377	0.910835
4397	2581	2.719445
4397	2840	2.285464
4397	2485	2.225380
4397	3219	2.162542
4397	2692	2.037987
4397	2013	2.016445
4397	2688	1.944776
4397	1959	1.896344
4397	2906	1.884963
4397	2491	1.863789
4399	588	2.060967
4399	1029	2.039235
4399	595	2.019621
4399	1282	1.914452
4399	2018	1.790623
4399	596	1.710544
4399	2081	1.548419
4399	2080	1.391608
4399	3034	1.354115
4399	1907	1.295065
4401	1291	1.436172
4401	2947	1.381988
4401	1610	1.314533
4401	457	1.299212
4401	1240	1.254902
4401	1036	1.219130
4401	2000	1.123778
4401	592	1.010635
4401	1242	0.957404
4401	1287	0.931635
4402	593	1.012650
4402	2858	0.888009
4402	858	0.862447
4402	608	0.772029
4402	1196	0.742995
4402	2804	0.741206
4402	296	0.738731
4402	1197	0.721446
4402	1213	0.708115
4402	110	0.674937
4403	1089	0.991502
4403	50	0.970384
4403	480	0.944193
4403	1213	0.940119
4403	593	0.932721
4403	1573	0.912676
4403	296	0.898531
4403	733	0.875683
4403	318	0.866118
4403	1527	0.859484
4404	1779	1.006665
4404	1562	0.959428
4404	1499	0.949628
4404	2986	0.923976
4404	692	0.785227
4404	2851	0.743305
4404	1626	0.740810
4404	1987	0.734546
4404	204	0.725306
4404	2448	0.722839
4405	318	1.537282
4405	912	1.462062
4405	904	1.296419
4405	1252	1.248381
4405	1221	1.178894
4405	593	1.167727
4405	608	1.126926
4405	50	1.100281
4405	1213	1.095669
4405	2858	1.005862
4406	318	1.094619
4406	593	1.070113
4406	608	0.950688
4406	1225	0.887220
4406	1193	0.840312
4406	527	0.817436
4406	50	0.750648
4406	1084	0.714552
4406	36	0.696433
4406	858	0.671231
4407	1798	0.921826
4407	135	0.713845
4407	355	0.687255
4407	2412	0.674252
4407	267	0.654095
4407	1526	0.652798
4407	103	0.647871
4407	2286	0.646575
4407	338	0.635537
4407	3130	0.633757
4408	1135	1.098010
4408	3591	1.070297
4408	2469	1.004972
4408	2115	0.957164
4408	2371	0.933518
4408	2407	0.897659
4408	2150	0.843163
4408	2406	0.842031
4408	3308	0.839377
4408	2011	0.821049
4409	2700	1.544845
4409	2396	1.361989
4409	2840	1.154526
4409	1513	1.107453
4409	2841	1.066490
4409	3081	1.018450
4409	2724	0.923804
4409	2395	0.874692
4409	2337	0.799047
4409	1784	0.788581
4411	2471	0.701487
4411	2378	0.700689
4411	1091	0.655794
4411	3531	0.560112
4411	573	0.508493
4411	1942	0.437449
4411	3206	0.430169
4411	2874	0.420394
4411	3688	0.392569
4411	2261	0.387474
4412	3005	1.847050
4412	223	1.666459
4412	2572	1.560555
4412	2699	1.363079
4412	2433	1.344651
4412	2541	1.287620
4412	2771	1.117459
4412	1911	1.080665
4412	1093	1.013357
4412	2355	0.980437
4414	2424	1.527704
4414	1777	1.382096
4414	1569	1.316483
4414	605	0.899019
4414	11	0.897124
4414	597	0.873070
4414	236	0.824245
4414	1894	0.786742
4414	468	0.766948
4414	1485	0.742159
4415	780	2.327012
4415	1356	2.132599
4415	1580	2.042501
4415	1584	1.975448
4415	329	1.961317
4415	1676	1.889083
4415	1653	1.887263
4415	1748	1.634763
4415	1396	1.433780
4415	2628	1.428325
4416	2922	1.089236
4416	2951	1.081767
4416	3508	1.072850
4416	553	1.018343
4416	2401	1.014032
4416	3494	0.879385
4416	1378	0.832229
4416	1266	0.692295
4416	3074	0.654728
4416	3681	0.651824
4417	2334	1.080205
4417	292	0.993521
4417	165	0.919860
4417	2002	0.847625
4417	3082	0.839423
4417	380	0.837020
4417	780	0.824636
4417	434	0.816467
4417	376	0.804286
4417	1564	0.776602
4418	1082	0.821899
4418	3093	0.727140
4418	3230	0.726922
4418	2922	0.655484
4418	1955	0.648929
4418	3040	0.637400
4418	2921	0.583692
4418	1161	0.563391
4418	3200	0.559620
4418	2109	0.545317
4420	1252	0.867307
4420	1198	0.837986
4420	1221	0.833308
4420	912	0.790841
4420	1196	0.677139
4420	750	0.655051
4420	2366	0.654092
4420	1262	0.639878
4420	3805	0.628706
4420	1617	0.612455
4422	1259	1.138036
4422	2918	1.119309
4422	608	1.110845
4422	296	1.049649
4422	1307	0.997671
4422	1198	0.953066
4422	318	0.942591
4422	1079	0.937117
4422	1968	0.880292
4422	1196	0.873118
4423	318	1.496522
4423	296	1.344742
4423	1213	1.247838
4423	1219	1.203537
4423	1089	1.169075
4423	2028	1.128185
4423	858	1.090275
4423	260	1.088053
4423	2858	1.086829
4423	1221	1.023631
4424	1240	2.233939
4424	2571	1.723176
4424	1291	1.404127
4424	1036	1.401608
4424	1210	1.257465
4424	110	1.248106
4424	457	1.241616
4424	1197	1.228565
4424	541	1.097996
4424	969	1.071465
4425	2096	0.744099
4425	1665	0.738382
4425	1731	0.690169
4425	19	0.650250
4425	594	0.649986
4425	216	0.644797
4425	500	0.634206
4425	1713	0.626950
4425	1907	0.620071
4425	333	0.609652
4426	1394	0.934266
4426	1079	0.894835
4426	3361	0.849494
4426	3543	0.814376
4426	3685	0.768812
4426	3072	0.718204
4426	3671	0.695499
4426	2797	0.658728
4426	3552	0.648972
4426	2915	0.631181
4428	2188	2.437849
4428	2710	2.259057
4428	2433	2.146653
4428	2355	1.716973
4428	2975	1.588764
4428	1911	1.564682
4428	1093	1.542114
4428	2827	1.539121
4428	3203	1.365769
4428	2881	1.361724
4429	3761	1.205783
4429	3134	0.780717
4429	3462	0.722710
4429	1281	0.705838
4429	3133	0.610114
4429	1581	0.585883
4429	1221	0.578690
4429	668	0.571314
4429	3416	0.554760
4429	670	0.551791
4430	2	0.689374
4430	174	0.686260
4430	673	0.669364
4430	2953	0.655068
4430	415	0.642273
4430	2162	0.630338
4430	3438	0.620815
4430	3489	0.613478
4430	1855	0.612708
4430	234	0.611481
4431	593	1.862434
4431	608	1.497271
4431	1221	1.455063
4431	260	1.396727
4431	1213	1.386521
4431	1196	1.142665
4431	1207	1.122821
4431	750	1.107440
4431	1617	1.089906
4431	541	1.086766
4432	943	1.203603
4432	1684	1.055277
4432	2708	0.877742
4432	1094	0.854153
4432	928	0.726400
4432	1947	0.647649
4432	2062	0.616030
4432	1674	0.606906
4432	509	0.605409
4432	1393	0.603402
4433	2401	2.254349
4433	3508	2.140964
4433	3074	2.003634
4433	599	1.751055
4433	1201	1.664277
4433	3494	1.636239
4433	553	1.489705
4433	383	1.296700
4433	1209	1.221467
4433	3037	1.117165
4434	2247	0.719158
4434	3760	0.708120
4434	3263	0.706432
4434	3203	0.602866
4434	1732	0.589828
4434	2710	0.570303
4434	2001	0.566568
4434	3836	0.562271
4434	2753	0.554238
4434	3763	0.514962
4435	2188	2.179085
4435	2433	2.107014
4435	223	2.033206
4435	2710	1.723430
4435	2699	1.716515
4435	2355	1.472027
4435	2827	1.468811
4435	2858	1.426794
4435	3203	1.415361
4435	1911	1.400141
4436	3386	0.881028
4436	588	0.826153
4436	731	0.766803
4436	1625	0.735369
4436	1086	0.734783
4436	695	0.729129
4436	1805	0.705143
4436	800	0.697244
4436	1617	0.683846
4436	750	0.682407
4437	1917	1.255501
4437	1562	1.143926
4437	3208	1.125212
4437	95	0.985410
4437	485	0.942558
4437	996	0.924724
4437	1792	0.870199
4437	1377	0.859530
4437	71	0.834983
4437	1432	0.830076
4438	1907	0.623944
4438	588	0.608816
4438	596	0.549103
4438	2085	0.541703
4438	2096	0.530205
4438	2683	0.525639
4438	364	0.521976
4438	2000	0.515915
4438	2018	0.509819
4438	1220	0.503533
4439	2770	2.838456
4439	2881	2.809606
4439	2683	2.696465
4439	2433	2.436960
4439	223	2.272461
4439	2772	2.152193
4439	2541	2.120200
4439	3203	2.101608
4439	2706	1.999675
4439	2336	1.827805
4440	318	0.775028
4440	2713	0.721233
4440	527	0.677121
4440	296	0.675287
4440	608	0.673219
4440	2866	0.672560
4440	2548	0.650758
4440	1993	0.649078
4440	1263	0.634086
4440	1193	0.622294
4441	1240	1.002759
4441	589	0.954925
4441	1200	0.933467
4441	1221	0.885265
4441	318	0.845114
4441	1196	0.835622
4441	457	0.802428
4441	733	0.777026
4441	2858	0.765739
4441	260	0.746384
4442	2951	0.842089
4442	1035	0.764953
4442	2944	0.746871
4442	390	0.700529
4442	2067	0.700381
4442	1240	0.638017
4442	1028	0.609859
4442	1222	0.608972
4442	2931	0.607767
4442	2194	0.605884
4443	3435	1.669919
4443	1252	1.280075
4443	2066	1.220623
4443	2565	1.201813
4443	2186	1.172305
4443	3549	1.136818
4443	1267	1.122972
4443	1260	1.103985
4443	1284	1.065867
4443	1947	1.059017
4444	2490	2.345238
4444	2013	2.261278
4444	2723	2.194641
4444	785	2.115182
4444	2734	2.090083
4444	2841	2.045214
4444	2840	1.968787
4444	2690	1.863196
4444	2568	1.791825
4444	24	1.777101
4445	3510	0.817362
4445	324	0.762513
4445	3827	0.743398
4445	3646	0.670983
4445	3624	0.660265
4445	3785	0.650793
4445	3755	0.640542
4445	3300	0.628295
4445	3793	0.609011
4445	3578	0.580160
4446	2089	1.339344
4446	1907	1.322145
4446	783	1.226350
4446	3034	1.210013
4446	2687	1.201290
4446	1032	1.067327
4446	2018	1.022903
4446	2096	0.996912
4446	2137	0.949963
4446	2189	0.903432
4447	1208	1.001043
4447	1955	0.719079
4447	2922	0.714944
4447	3730	0.648576
4447	3471	0.634043
4447	3196	0.631763
4447	2401	0.627248
4447	1294	0.624308
4447	2921	0.611932
4447	1250	0.611585
4448	3911	0.918660
4448	3948	0.829470
4448	3952	0.740712
4448	3481	0.711809
4448	3317	0.692200
4448	3915	0.580793
4448	3852	0.559722
4448	596	0.528932
4448	594	0.523481
4448	3910	0.514870
4449	1408	0.530263
4449	265	0.494920
4449	527	0.491226
4449	998	0.482074
4449	2763	0.475189
4449	2305	0.443880
4449	2762	0.423297
4449	1090	0.419817
4449	3114	0.418306
4449	1296	0.411388
4450	329	2.492957
4450	1917	2.329130
4450	1527	1.804233
4450	1356	1.754453
4450	1375	1.746072
4450	1690	1.647579
4450	1779	1.630301
4450	435	1.568999
4450	1320	1.565089
4450	1544	1.546619
4451	539	0.844629
4451	440	0.628232
4451	339	0.626789
4451	11	0.616425
4451	1569	0.616036
4451	1717	0.574411
4451	2671	0.560513
4451	1345	0.531217
4451	587	0.528515
4451	2424	0.521064
4452	2683	0.533007
4452	1580	0.526562
4452	475	0.509199
4452	805	0.508348
4452	2694	0.499061
4452	2706	0.477267
4452	1063	0.457164
4452	2188	0.432449
4452	2581	0.430545
4452	3174	0.416946
4453	2916	1.372113
4453	1653	1.221858
4453	480	1.197021
4453	1240	1.039496
4453	1356	0.991971
4453	1527	0.990863
4453	3527	0.969590
4453	1206	0.965834
4453	1210	0.934109
4453	1748	0.907348
4454	435	2.220158
4454	1603	2.101301
4454	3697	2.062561
4454	2808	1.963139
4454	1831	1.958555
4454	880	1.795287
4454	1590	1.747670
4454	1391	1.703258
4454	2393	1.621527
4454	1882	1.519968
4455	2688	2.342902
4455	2598	2.152108
4455	3219	1.987931
4455	2734	1.701028
4455	1513	1.586945
4455	1093	1.507621
4455	2490	1.505339
4455	2333	1.469387
4455	2840	1.451781
4455	3081	1.409524
4456	1192	1.804981
4456	162	1.455110
4456	1111	1.314917
4456	363	1.140608
4456	2565	1.135065
4456	246	1.118905
4456	549	1.022156
4456	918	1.014588
4456	935	1.001148
4456	1865	0.935277
4457	556	1.212961
4457	1649	1.077807
4457	1192	1.019269
4457	549	1.010091
4457	1289	0.982814
4457	1213	0.964344
4457	3077	0.957602
4457	443	0.932707
4457	1089	0.894178
4457	581	0.831496
4458	2279	0.806379
4458	2789	0.779492
4458	1987	0.745998
4458	1342	0.736709
4458	1407	0.730476
4458	2793	0.727970
4458	1350	0.705469
4458	1982	0.703905
4458	3499	0.697959
4458	1345	0.683524
4459	1042	0.772012
4459	342	0.728148
4459	52	0.710744
4459	2302	0.704002
4459	357	0.696108
4459	728	0.669101
4459	11	0.663780
4459	1517	0.646551
4459	597	0.626578
4459	141	0.622286
4460	1552	1.690963
4460	316	1.633581
4460	780	1.529488
4460	1377	1.161719
4460	329	1.100912
4460	1597	1.090135
4460	2393	1.085160
4460	1608	1.068371
4460	3697	1.063624
4460	288	1.038839
4461	2687	2.306798
4461	2096	1.996953
4461	1688	1.849442
4461	2018	1.757475
4461	1022	1.653884
4461	1405	1.641542
4461	661	1.602492
4461	1029	1.495813
4461	2087	1.438827
4461	3213	1.420433
4462	2688	1.614825
4462	2581	1.548744
4462	2694	1.476300
4462	785	1.390564
4462	2716	1.328867
4462	2770	1.326646
4462	2734	1.323756
4462	2355	1.323217
4462	2605	1.269044
4462	2502	1.242852
4465	123	0.744312
4465	307	0.728391
4465	3010	0.566793
4465	2562	0.553799
4465	1251	0.553713
4465	793	0.516321
4465	615	0.507256
4465	1041	0.505403
4465	3416	0.474314
4465	2289	0.473572
4466	1304	0.817865
4466	1198	0.803825
4466	260	0.753479
4466	2858	0.728725
4466	3635	0.722139
4466	1278	0.696506
4466	3763	0.667408
4466	1235	0.666933
4466	111	0.641288
4466	1953	0.637698
4467	520	0.489729
4467	1549	0.421665
4467	3549	0.389310
4467	2941	0.385734
4467	3081	0.368540
4467	1342	0.367357
4467	468	0.367092
4467	1932	0.360934
4467	1068	0.354441
4467	2205	0.354441
4468	1610	0.966461
4468	457	0.941018
4468	733	0.880226
4468	908	0.777642
4468	2058	0.776373
4468	1212	0.773287
4468	1252	0.749668
4468	750	0.735170
4468	1617	0.731429
4468	1267	0.708587
4469	3681	1.743811
4469	2951	1.483362
4469	2921	1.453124
4469	3074	1.317434
4469	1200	1.266096
4469	3508	1.240488
4469	2401	1.192478
4469	260	1.147041
4469	1304	1.117067
4469	1266	1.110511
4470	593	1.043077
4470	1962	0.873838
4470	1225	0.834064
4470	296	0.828566
4470	1961	0.824264
4470	608	0.800634
4470	2028	0.791586
4470	858	0.725121
4470	1246	0.723997
4470	1213	0.717303
4471	1517	0.714607
4471	1641	0.684213
4471	150	0.677820
4471	1784	0.665950
4471	39	0.637452
4471	1060	0.632253
4471	1729	0.605798
4471	3253	0.601900
4471	3108	0.530654
4471	471	0.528528
4472	2100	0.922732
4472	2915	0.843181
4472	367	0.842420
4472	1663	0.742073
4472	3039	0.708462
4472	597	0.676477
4472	1485	0.655023
4472	2352	0.651929
4472	1042	0.645326
4472	1777	0.608440
4473	2401	0.965850
4473	3487	0.942653
4473	2921	0.931299
4473	3508	0.920455
4473	3074	0.907913
4473	1201	0.867351
4473	1951	0.864418
4473	2098	0.841619
4473	3681	0.822480
4473	616	0.687844
4474	1089	1.772233
4474	1213	1.540494
4474	555	1.129955
4474	3741	1.114491
4474	608	1.075241
4474	1447	0.843380
4474	2391	0.837412
4474	1193	0.800035
4474	2268	0.765847
4474	318	0.765828
4475	316	2.799414
4475	1372	2.375971
4475	1356	2.239808
4475	1676	2.105146
4475	1573	1.899089
4475	2393	1.742646
4475	1391	1.631383
4475	1584	1.504784
4475	1603	1.502392
4475	1876	1.501614
4476	2117	1.345031
4476	1580	1.308192
4476	1527	1.297597
4476	1376	1.293669
4476	1909	1.239217
4476	3527	1.129569
4476	2455	1.077873
4476	480	1.064496
4476	2527	1.063471
4476	1356	1.055803
4477	780	1.775154
4477	1375	1.730441
4477	329	1.603740
4477	1527	1.595856
4477	1372	1.593549
4477	1356	1.550250
4477	2393	1.455741
4477	2985	1.390440
4477	3704	1.310297
4477	1909	1.253356
4478	1562	1.303827
4478	1550	1.019021
4478	2385	0.964439
4478	415	0.956191
4478	2913	0.877541
4478	694	0.843616
4478	1126	0.836149
4478	1665	0.813253
4478	704	0.781797
4478	1438	0.771392
4479	1036	1.549037
4479	2944	1.546576
4479	1291	1.476498
4479	1954	1.318460
4479	457	1.189564
4479	1201	1.147007
4479	1240	1.130493
4479	1387	1.030432
4479	1210	1.019987
4479	2993	1.017327
4480	2571	0.811449
4480	541	0.700369
4480	3471	0.650461
4480	32	0.648088
4480	1240	0.619956
4480	1214	0.575769
4480	3702	0.532775
4480	1199	0.529403
4480	16	0.515510
4480	750	0.504835
4481	1617	1.522832
4481	318	1.462930
4481	296	1.342432
4481	1213	1.291866
4481	47	1.209667
4481	2120	1.129659
4481	1342	1.057096
4481	3499	0.997173
4481	1704	0.958066
4481	2997	0.943488
4482	3409	0.961982
4482	3753	0.939022
4482	2959	0.747499
4482	223	0.733804
4482	3578	0.716232
4482	3624	0.678526
4482	3300	0.665844
4482	3534	0.664185
4482	2706	0.656771
4482	2707	0.654730
4483	597	1.835143
4483	1777	1.720494
4483	2671	1.636597
4483	357	1.454533
4483	440	1.285016
4483	1835	1.282110
4483	11	1.212091
4483	7	1.165116
4483	1441	1.065920
4483	1485	0.977546
4484	3753	0.732331
4484	3555	0.691757
4484	3409	0.611162
4484	3624	0.607921
4484	3578	0.581758
4484	1580	0.578914
4484	539	0.550871
4484	1721	0.547123
4484	597	0.539571
4484	1393	0.527484
4485	780	1.242370
4485	2916	1.090105
4485	1580	1.001832
4485	1356	0.920478
4485	1876	0.916100
4485	380	0.902472
4485	3107	0.849389
4485	349	0.848267
4485	2424	0.842455
4485	480	0.772473
4486	2464	0.800000
4486	59	0.707107
4486	657	0.707107
4486	2207	0.707107
4486	3323	0.707107
4486	3382	0.707107
4486	670	0.679840
4486	2630	0.670820
4486	2842	0.670820
4486	3401	0.600000
4487	349	1.949033
4487	10	1.820161
4487	733	1.532008
4487	3107	1.471055
4487	1552	1.465384
4487	2763	1.427235
4487	1573	1.425190
4487	288	1.380656
4487	2006	1.378043
4487	780	1.333233
4488	906	1.885996
4488	1212	1.817085
4488	1267	1.294001
4488	2749	1.234311
4488	931	1.232664
4488	800	1.228788
4488	3435	1.055364
4488	2186	1.020633
4488	1248	1.019921
4488	3334	0.933856
4489	2947	0.728572
4489	1291	0.691827
4489	1036	0.668764
4489	306	0.610661
4489	2366	0.607291
4489	1954	0.593053
4489	457	0.562843
4489	2948	0.557326
4489	1200	0.555329
4489	1258	0.500450
4490	3441	1.068843
4490	3847	0.787609
4490	2404	0.781297
4490	3372	0.675363
4490	161	0.674862
4490	516	0.657074
4490	3768	0.622399
4490	599	0.579068
4490	3804	0.560263
4490	3762	0.557386
4491	1552	0.779367
4491	786	0.685048
4491	2616	0.657496
4491	208	0.600805
4491	1918	0.573446
4491	393	0.566022
4491	1513	0.557377
4491	44	0.550112
4491	736	0.545861
4491	2840	0.512322
4493	3755	1.499569
4493	3555	1.348354
4493	3717	1.260169
4493	3300	1.220787
4493	3744	1.190510
4493	3827	1.184632
4493	3408	1.172202
4493	3409	1.035292
4493	3787	1.027664
4493	3855	1.011891
4494	1270	0.819405
4494	2918	0.798198
4494	2788	0.789780
4494	1079	0.781420
4494	1234	0.781237
4494	1294	0.764373
4494	1278	0.735213
4494	2571	0.689235
4494	1259	0.681060
4494	1617	0.674996
4495	1196	1.891407
4495	1200	1.782564
4495	1198	1.323125
4495	1210	1.220770
4495	541	1.155408
4495	1387	1.134208
4495	2028	1.114817
4495	3471	1.075201
4495	924	1.014446
4495	1270	0.991375
4496	3753	1.250013
4496	3624	1.123557
4496	3555	1.074779
4496	3578	1.012453
4496	3623	0.819226
4496	3534	0.748329
4496	3173	0.740851
4496	3513	0.698302
4496	2571	0.645320
4496	3512	0.641040
4497	2654	1.239233
4497	2814	1.114492
4497	2651	1.082723
4497	2646	1.025255
4497	1337	0.777410
4497	2550	0.753786
4497	2647	0.720915
4497	2653	0.714554
4497	974	0.693769
4497	1333	0.683377
4498	37	0.721623
4498	473	0.675423
4498	1676	0.606395
4498	151	0.578426
4498	2818	0.577813
4498	161	0.559467
4498	1408	0.535208
4498	516	0.518718
4498	316	0.502881
4498	157	0.495738
4499	815	0.952056
4499	1170	0.952056
4499	3432	0.926842
4499	3440	0.612893
4499	3441	0.566529
4499	1556	0.511746
4499	1391	0.502734
4499	2412	0.475897
4499	2815	0.474236
4499	157	0.454684
4501	1240	1.530352
4501	2947	1.359157
4501	2640	1.341791
4501	3527	1.318955
4501	1356	1.301467
4501	1036	1.236692
4501	2529	1.235406
4501	1210	1.233462
4501	2985	1.212132
4501	1196	1.133124
4502	2922	3.751406
4502	2921	2.597432
4502	383	2.484282
4502	3074	2.454516
4502	553	2.307065
4502	1007	1.557020
4502	458	1.461254
4502	3487	1.447898
4502	964	1.434587
4502	3365	1.417751
4503	3622	0.627968
4503	1278	0.592537
4503	3655	0.556382
4503	3363	0.506786
4503	914	0.500845
4503	3097	0.490583
4503	898	0.487608
4503	1292	0.480802
4503	1188	0.475521
4503	1234	0.469496
4505	1955	1.443932
4505	2866	1.381874
4505	1161	0.934904
4505	3498	0.877173
4505	3093	0.660015
4505	2521	0.643103
4505	3471	0.633457
4505	1913	0.591381
4505	3430	0.576529
4505	2410	0.570957
4506	906	1.421721
4506	2398	1.269913
4506	1252	1.217646
4506	3644	1.215522
4506	2206	1.145411
4506	2066	1.106480
4506	2018	1.095652
4506	942	1.069970
4506	922	1.051483
4506	2203	1.021991
4507	1200	0.926327
4507	260	0.886478
4507	2571	0.812220
4507	589	0.800337
4507	1214	0.792539
4507	318	0.783503
4507	2028	0.741803
4507	3471	0.733413
4507	1196	0.689733
4507	1208	0.686449
4508	231	0.691051
4508	597	0.575730
4508	3331	0.569210
4508	539	0.554187
4508	3450	0.545226
4508	339	0.527135
4508	3691	0.526235
4508	2424	0.499069
4508	708	0.473357
4508	2247	0.469207
4509	1350	0.605304
4509	2640	0.542261
4509	2598	0.532353
4509	2840	0.514542
4509	2000	0.513079
4509	1982	0.501062
4509	2003	0.493369
4509	2734	0.490353
4509	3219	0.473984
4509	1376	0.471716
4510	2566	1.282843
4510	1005	1.058389
4510	2559	1.031445
4510	631	1.009277
4510	1474	0.924701
4510	1707	0.893275
4510	313	0.889476
4510	2152	0.844172
4510	2036	0.837477
4510	2042	0.833580
4511	2991	1.095461
4511	1222	1.051731
4511	2949	1.026046
4511	1240	0.963806
4511	3702	0.955141
4511	1287	0.893210
4511	1036	0.877343
4511	1200	0.868723
4511	592	0.796794
4511	3104	0.765560
4512	2028	1.264239
4512	2944	1.103219
4512	1960	1.046289
4512	1196	0.983488
4512	1222	0.916132
4512	3066	0.888463
4512	3196	0.883018
4512	3519	0.877552
4512	3062	0.852204
4512	1272	0.842817
4513	3273	0.686051
4513	2762	0.656923
4513	2028	0.652832
4513	1704	0.607743
4513	527	0.556595
4513	1650	0.552214
4513	608	0.544174
4513	260	0.540161
4513	3717	0.537347
4513	110	0.533937
4514	1977	2.176410
4514	1975	2.083075
4514	1973	1.923493
4514	879	1.918145
4514	1991	1.787636
4514	1976	1.781990
4514	2451	1.728260
4514	1984	1.719450
4514	1978	1.680205
4514	891	1.678506
4516	318	1.973175
4516	527	1.551057
4516	1358	1.434560
4516	1617	1.229071
4516	50	1.198591
4516	36	1.146140
4516	1089	1.021560
4516	2329	0.981721
4516	2762	0.979796
4516	3147	0.950046
4517	594	1.117991
4517	1029	1.077517
4517	1022	1.009038
4517	2018	0.952720
4517	2096	0.943895
4517	2078	0.722501
4517	364	0.714435
4517	595	0.680447
4517	1032	0.656379
4517	1907	0.649325
4518	2018	1.950569
4518	2096	1.618450
4518	1029	1.603041
4518	1022	1.508809
4518	2081	1.372580
4518	2087	1.317576
4518	2078	1.287756
4518	2687	1.284398
4518	3114	1.258771
4518	1907	1.246358
4519	808	1.090767
4519	2846	0.855295
4519	3841	0.834990
4519	414	0.767802
4519	631	0.745010
4519	2444	0.626257
4519	3648	0.608563
4519	2123	0.595664
4519	410	0.564875
4519	1019	0.560272
4520	1995	1.034741
4520	1347	0.949519
4520	3021	0.948089
4520	1996	0.878843
4520	2121	0.862393
4520	3840	0.859587
4520	1971	0.822404
4520	2465	0.820964
4520	2868	0.795560
4520	1345	0.791898
4521	2644	0.768028
4521	2366	0.763062
4521	1219	0.730581
4521	1394	0.668161
4521	1230	0.580440
4521	1244	0.574417
4521	1278	0.572960
4521	2664	0.556823
4521	904	0.542037
4521	1136	0.534543
4522	3624	1.725816
4522	3755	1.692391
4522	3897	1.658501
4522	3317	1.388191
4522	3793	1.377006
4522	3863	1.366652
4522	3623	1.311264
4522	3510	1.299994
4522	3751	1.281776
4522	3566	1.254182
4523	912	1.062883
4523	2944	0.937375
4523	1201	0.705332
4523	2951	0.689619
4523	1196	0.639495
4523	1204	0.638747
4523	1200	0.633986
4523	920	0.632214
4523	527	0.631469
4523	3432	0.614972
4524	1663	1.299673
4524	1994	1.079530
4524	1130	1.070383
4524	2100	0.975427
4524	3087	0.938163
4524	2150	0.919823
4524	2797	0.916119
4524	3210	0.902327
4524	1345	0.874237
4524	3039	0.833216
4526	1225	1.158319
4526	1090	1.019049
4526	1956	0.892260
4526	2068	0.816769
4526	2919	0.657021
4526	2972	0.650882
4526	385	0.543151
4526	2020	0.515760
4526	3094	0.489990
4526	621	0.480845
4528	2598	2.496030
4528	2688	2.129587
4528	785	1.921226
4528	2013	1.898130
4528	3219	1.830170
4528	2599	1.707868
4528	2805	1.687934
4528	2580	1.635114
4528	223	1.584152
4528	2394	1.537652
4529	1258	1.732990
4529	3018	1.455051
4529	2784	1.448816
4529	2644	1.423937
4529	3727	1.382863
4529	1340	1.245699
4529	2160	1.208415
4529	1994	1.173345
4529	1255	1.167661
4529	2783	1.154011
4530	318	0.876617
4530	608	0.859478
4530	905	0.838475
4530	593	0.793949
4530	1394	0.776844
4530	670	0.640758
4530	1213	0.637550
4530	919	0.629442
4530	904	0.601065
4530	1136	0.596283
4531	593	1.224872
4531	1089	1.156224
4531	318	1.094138
4531	2858	0.879758
4531	1022	0.829921
4531	527	0.824327
4531	2018	0.772107
4531	1358	0.734812
4531	364	0.690465
4531	2090	0.664877
4532	349	1.608492
4532	1552	1.525628
4532	377	1.390190
4532	3256	1.365918
4532	3082	1.322782
4532	2353	1.303586
4532	2916	1.273703
4532	733	1.272388
4532	1580	1.258792
4532	292	1.245452
4533	1610	1.225729
4533	1291	0.963512
4533	2571	0.942342
4533	1073	0.813291
4533	1200	0.807206
4533	2000	0.784566
4533	1210	0.752992
4533	2947	0.731042
4533	2194	0.726306
4533	260	0.726188
4534	2353	1.912017
4534	1610	1.842359
4534	1370	1.755246
4534	457	1.656824
4534	2058	1.460629
4534	2571	1.331631
4534	2278	1.322700
4534	10	1.272221
4534	380	1.217327
4534	1580	1.162635
4535	1573	1.675671
4535	1580	1.413307
4535	380	1.380945
4535	349	1.342762
4535	1356	1.340539
4535	2916	1.307237
4535	1372	1.296286
4535	648	1.256249
4535	329	1.247437
4535	1876	1.220228
4536	318	2.113619
4536	608	1.897478
4536	1198	1.895443
4536	1240	1.760765
4536	527	1.712077
4536	589	1.608100
4536	1200	1.579919
4536	1617	1.543512
4536	2858	1.271422
4536	1387	1.227000
4538	2096	1.185684
4538	1029	1.024600
4538	594	0.980526
4538	2018	0.949650
4538	1282	0.946980
4538	364	0.906736
4538	588	0.837057
4538	2078	0.811327
4538	2087	0.769702
4538	595	0.769294
4539	32	0.742682
4539	1240	0.703409
4539	1196	0.689022
4539	2415	0.648886
4539	924	0.625889
4539	1206	0.611729
4539	1214	0.588168
4539	3471	0.563187
4539	2571	0.550870
4539	1200	0.544137
4540	2918	2.332297
4540	1079	2.044344
4540	2352	1.940630
4540	2174	1.857421
4540	2795	1.528804
4540	3526	1.414231
4540	1285	1.370589
4540	1297	1.362427
4540	3072	1.308314
4540	2150	1.254049
4541	1566	1.921328
4541	2090	1.896826
4541	2096	1.658689
4541	2687	1.658508
4541	2294	1.594120
4541	588	1.587631
4541	1022	1.554565
4541	3034	1.428614
4541	2048	1.345599
4541	661	1.290105
4543	3318	0.616346
4543	1743	0.539164
4543	2342	0.539164
4543	3292	0.539164
4543	2715	0.527904
4543	3910	0.458868
4543	2769	0.455922
4543	3851	0.446941
4543	2813	0.443353
4543	1169	0.422955
4544	3089	0.976938
4544	912	0.857320
4544	1952	0.837916
4544	2732	0.774459
4544	1406	0.739261
4544	923	0.737741
4544	858	0.700231
4544	670	0.690645
4544	2019	0.653919
4544	908	0.637121
4545	2770	1.931362
4545	2716	1.810809
4545	2694	1.795267
4545	1911	1.745029
4545	223	1.617948
4545	1093	1.520236
4545	3005	1.476128
4545	2433	1.445208
4545	3203	1.424714
4545	2541	1.391748
4546	1240	1.588754
4546	260	1.365395
4546	2571	1.344138
4546	589	1.336352
4546	1214	1.333646
4546	2028	1.307701
4546	318	1.250247
4546	1291	1.204377
4546	1198	1.102945
4546	1221	1.065932
4551	904	0.838150
4551	923	0.772212
4551	1084	0.731070
4551	1207	0.694074
4551	3093	0.675063
4551	750	0.669877
4551	1193	0.669812
4551	912	0.651706
4551	260	0.598855
4551	1104	0.592182
4552	1552	1.496929
4552	10	1.404415
4552	3107	1.350642
4552	349	1.293186
4552	3256	1.247668
4552	1722	1.227573
4552	2273	1.190000
4552	2353	1.059616
4552	377	1.013323
4552	2006	0.983016
4553	316	1.350922
4553	780	1.116826
4553	1676	0.955047
4553	2641	0.920647
4553	2046	0.849738
4553	1527	0.837463
4553	2528	0.832924
4553	2640	0.787643
4553	1580	0.777714
4553	2916	0.771801
4555	2497	1.000317
4555	3106	0.962972
4555	1811	0.833333
4555	289	0.818823
4555	2485	0.804294
4555	1043	0.804223
4555	2316	0.792455
4555	1835	0.752193
4555	351	0.738397
4555	2424	0.722256
4556	594	1.349746
4556	1282	1.289141
4556	2096	1.239334
4556	1022	1.061728
4556	919	0.926148
4556	2080	0.887047
4556	595	0.873078
4556	364	0.869601
4556	2081	0.810684
4556	898	0.797806
4557	2770	0.682000
4557	2599	0.667043
4557	2706	0.627030
4557	1093	0.587485
4557	2694	0.585857
4557	223	0.575015
4557	25	0.564458
4557	2355	0.559046
4557	3005	0.551141
4557	589	0.549070
4559	1136	1.774387
4559	1	1.516032
4559	1234	1.318754
4559	1230	1.254556
4559	1256	1.230319
4559	3363	1.134295
4559	1292	1.123434
4559	3114	1.044713
4559	1235	1.005356
4559	34	0.994997
4560	2921	0.718655
4560	904	0.702139
4560	2401	0.670407
4560	1240	0.652268
4560	383	0.619751
4560	2922	0.604344
4560	1968	0.576662
4560	1266	0.562710
4560	912	0.511279
4560	2951	0.505704
4561	2089	0.866839
4561	1566	0.740099
4561	1688	0.715573
4561	1907	0.653528
4561	2	0.635355
4561	2048	0.586537
4561	709	0.569296
4561	364	0.558290
4561	2294	0.554736
4561	1405	0.534244
4562	785	1.726324
4562	2716	1.700169
4562	2694	1.688164
4562	2598	1.596734
4562	2581	1.580463
4562	2881	1.572978
4562	2605	1.547909
4562	1093	1.509123
4562	2599	1.502811
4562	1911	1.500017
4563	3361	1.935995
4563	2797	1.533553
4563	3039	1.367228
4563	2915	1.260708
4563	3210	1.250034
4563	1	1.198496
4563	1265	1.175663
4563	3552	1.111981
4563	2804	1.063233
4563	3671	1.003730
4565	608	1.099225
4565	593	1.041109
4565	2997	0.928615
4565	318	0.903481
4565	2028	0.829533
4565	1617	0.775084
4565	3114	0.707869
4565	296	0.674204
4565	1089	0.659755
4565	3081	0.638069
4566	2161	1.850499
4566	2	1.282679
4566	2140	1.239904
4566	2054	1.234745
4566	1073	1.116753
4566	653	1.106550
4566	2968	1.103534
4566	374	1.092438
4566	1713	1.028522
4566	3400	1.012035
4567	785	0.636356
4567	2688	0.634642
4567	2716	0.589034
4567	2770	0.550160
4567	2599	0.541434
4567	2490	0.539356
4567	2854	0.525241
4567	3578	0.499084
4567	2502	0.477678
4567	3052	0.470000
4568	1474	0.723892
4568	1707	0.705130
4568	867	0.644935
4568	374	0.598944
4568	881	0.563513
4568	575	0.551045
4568	2794	0.546871
4568	287	0.538044
4568	2011	0.507169
4568	747	0.505007
4569	1597	1.361997
4569	292	1.224126
4569	376	1.112924
4569	165	1.041404
4569	1876	0.999001
4569	1792	0.954148
4569	1479	0.940367
4569	288	0.936914
4569	2487	0.925564
4569	95	0.915419
4570	2991	0.981773
4570	3763	0.881123
4570	2001	0.867912
4570	3642	0.861886
4570	2949	0.730315
4570	3632	0.701629
4570	3634	0.628446
4570	2989	0.573139
4570	3256	0.566764
4570	3433	0.519583
4571	2424	0.863264
4571	380	0.846504
4571	539	0.846301
4571	1597	0.836825
4571	1573	0.810546
4571	349	0.792650
4571	733	0.773154
4571	2273	0.726414
4571	165	0.702687
4571	3256	0.650155
4572	597	1.035113
4572	339	0.995841
4572	1569	0.903277
4572	2424	0.881115
4572	440	0.817078
4572	708	0.767414
4572	1409	0.746709
4572	1457	0.691285
4572	539	0.687048
4572	867	0.675911
4573	2918	0.533670
4573	103	0.523623
4573	291	0.509796
4573	1798	0.433601
4573	3361	0.410709
4573	1427	0.393875
4573	388	0.389352
4573	1728	0.387307
4573	2114	0.384786
4573	3039	0.373938
4574	1704	0.829441
4574	1358	0.748242
4574	25	0.626565
4574	1060	0.621408
4574	1641	0.583371
4574	529	0.531284
4574	150	0.523414
4574	3563	0.509966
4574	318	0.504875
4574	1673	0.502790
4575	1342	0.931512
4575	2279	0.835914
4575	2026	0.779317
4575	1128	0.769733
4575	2327	0.748471
4575	2548	0.637046
4575	2793	0.616431
4575	2004	0.607595
4575	366	0.606242
4575	2338	0.598739
4577	2100	1.649440
4577	3479	1.162061
4577	1073	1.124699
4577	2140	0.912574
4577	1967	0.905478
4577	2193	0.890683
4577	2161	0.851874
4577	3087	0.824119
4577	3244	0.814550
4577	2005	0.735427
4578	3893	0.752438
4578	3481	0.675198
4578	3952	0.650963
4578	3319	0.631599
4578	3317	0.621956
4578	815	0.612372
4578	1170	0.612372
4578	3949	0.596696
4578	2817	0.577813
4578	3432	0.577350
4579	1221	0.526472
4579	3335	0.484976
4579	296	0.477242
4579	593	0.466530
4579	2744	0.457188
4579	912	0.449125
4579	3490	0.413248
4579	3822	0.409690
4579	3917	0.408353
4579	2837	0.408206
4580	3361	1.377306
4580	1307	1.125890
4580	1394	1.088028
4580	921	0.876966
4580	2915	0.864291
4580	3424	0.856955
4580	1288	0.821317
4580	2174	0.791302
4580	3543	0.785874
4580	2918	0.756422
4581	2371	1.449840
4581	3087	1.303773
4581	2150	1.290316
4581	2134	1.238714
4581	2145	1.232949
4581	2470	1.183929
4581	2463	1.138530
4581	2469	1.110093
4581	2786	1.071911
4581	2003	1.040652
4582	1210	1.472875
4582	2968	1.472809
4582	2872	1.278279
4582	1967	1.264426
4582	1240	1.235802
4582	2193	1.204227
4582	1291	1.184042
4582	260	1.158461
4582	2005	1.147032
4582	1200	1.128180
4584	1252	1.274040
4584	904	1.210086
4584	922	1.138217
4584	923	1.065558
4584	1248	1.044892
4584	3435	0.992006
4584	1212	0.954020
4584	913	0.912863
4584	912	0.876691
4584	908	0.874001
4585	1214	0.767130
4585	1200	0.739612
4585	1240	0.645294
4585	2947	0.606500
4585	2876	0.576929
4585	2089	0.555476
4585	709	0.549191
4585	2571	0.535467
4585	1198	0.535342
4585	260	0.522083
4586	2841	1.756477
4586	2491	1.621429
4586	2581	1.586408
4586	24	1.450567
4586	2723	1.397137
4586	2724	1.388780
4586	2485	1.348920
4586	2560	1.332153
4586	2394	1.329444
4586	2702	1.272984
4587	2694	1.200061
4587	3578	1.039763
4587	3005	0.950708
4587	3753	0.947379
4587	223	0.941316
4587	2572	0.932246
4587	2188	0.869678
4587	2770	0.850395
4587	2433	0.839631
4587	2908	0.830149
4588	539	1.266490
4588	356	1.174202
4588	597	1.047157
4588	357	0.983965
4588	440	0.912633
4588	3552	0.905444
4588	11	0.871272
4588	1663	0.832888
4588	2797	0.807668
4588	339	0.721820
4589	1079	1.355595
4589	921	1.197532
4589	2918	1.175546
4589	1288	1.119583
4589	3072	1.066956
4589	1244	1.065674
4589	1278	1.012180
4589	1136	1.010977
4589	3424	1.003783
4589	1294	0.979107
4590	1610	0.850371
4590	2571	0.825004
4590	1358	0.817752
4590	589	0.789744
4590	608	0.751829
4590	110	0.703033
4590	1682	0.685677
4590	36	0.650137
4590	593	0.615237
4590	25	0.610595
4591	3408	0.911771
4591	3948	0.898655
4591	3751	0.852238
4591	3911	0.783560
4591	3555	0.747282
4591	2381	0.695883
4591	3893	0.693770
4591	3897	0.677194
4591	3753	0.674905
4591	3793	0.674625
4592	3125	0.925622
4592	3174	0.621189
4592	260	0.582352
4592	2858	0.567980
4592	3055	0.552745
4592	2762	0.542724
4592	589	0.535123
4592	1240	0.526261
4592	1200	0.507711
4592	3793	0.474499
4593	3717	1.015114
4593	3510	0.885979
4593	3555	0.833492
4593	3624	0.783482
4593	3793	0.773257
4593	3751	0.766477
4593	3863	0.735538
4593	3481	0.688009
4593	3911	0.687354
4593	3408	0.678461
4594	1036	1.470226
4594	1240	1.338981
4594	1200	1.338478
4594	2028	1.246980
4594	1214	1.235494
4594	589	1.197753
4594	1387	1.169624
4594	1210	1.161560
4594	2571	1.156364
4594	3793	1.129357
4595	527	1.640691
4595	1193	1.563172
4595	608	1.545432
4595	1213	1.473513
4595	858	1.442040
4595	923	1.229706
4595	1225	1.227534
4595	50	1.082991
4595	1104	1.062707
4595	1247	1.015020
4596	2471	1.366732
4596	3465	1.264627
4596	2468	1.102470
4596	2642	0.996929
4596	3014	0.931090
4596	3716	0.916428
4596	3393	0.839315
4596	2411	0.818123
4596	2422	0.806207
4596	2374	0.785107
4598	1214	0.855519
4598	589	0.639503
4598	2648	0.573392
4598	1387	0.573035
4598	1219	0.553128
4598	2565	0.550300
4598	2160	0.538454
4598	1035	0.525948
4598	1947	0.525815
4598	1198	0.505541
4599	596	0.902417
4599	1022	0.892753
4599	1	0.799251
4599	594	0.746520
4599	2090	0.732414
4599	34	0.716102
4599	1032	0.707973
4599	595	0.699723
4599	588	0.684333
4599	364	0.678768
4600	1696	0.894427
4600	3848	0.894427
4600	2396	0.630805
4600	3623	0.609330
4600	3752	0.589722
4600	2770	0.577910
4600	3160	0.542508
4600	2395	0.481538
4600	2333	0.479688
4600	2716	0.471207
4601	1231	0.913146
4601	1957	0.898109
4601	1246	0.849743
4601	1956	0.835504
4601	1293	0.835026
4601	608	0.809848
4601	1213	0.799002
4601	296	0.794043
4601	2028	0.735380
4601	1962	0.721759
4602	39	0.700103
4602	1265	0.615316
4602	3282	0.606838
4602	1923	0.542138
4602	3108	0.536941
4602	441	0.522358
4602	1704	0.520548
4602	293	0.507534
4602	3496	0.500430
4602	3060	0.491540
4603	1198	1.632689
4603	1196	1.547663
4603	1200	1.432141
4603	1210	1.304558
4603	2571	1.254442
4603	1214	1.063751
4603	1387	1.008064
4603	589	0.985615
4603	2028	0.969637
4603	2947	0.938832
4604	608	1.230731
4604	593	1.040443
4604	1213	1.034909
4604	457	1.005507
4604	2762	0.959696
4604	2028	0.939950
4604	110	0.916204
4604	318	0.884691
4604	6	0.872316
4604	1617	0.851503
4605	40	0.493074
4605	2439	0.463553
4605	159	0.445865
4605	1351	0.444925
4605	1343	0.423607
4605	2573	0.420724
4605	1829	0.419731
4605	3252	0.418098
4605	114	0.409740
4605	454	0.394208
4606	339	1.276919
4606	597	1.231239
4606	1777	1.124207
4606	539	1.063969
4606	2694	1.004427
4606	1485	0.989271
4606	2770	0.983872
4606	708	0.905940
4606	440	0.892952
4606	11	0.855505
4607	2991	0.705557
4607	1185	0.683410
4607	1228	0.625720
4607	2989	0.551565
4607	1293	0.535648
4607	3633	0.524869
4607	2115	0.511364
4607	2068	0.494986
4607	1957	0.482760
4607	3435	0.479321
4608	1892	1.873993
4608	1805	1.364025
4608	2749	1.267775
4608	1589	1.219505
4608	2467	1.157503
4608	113	1.022109
4608	1732	0.977208
4608	695	0.961234
4608	492	0.690935
4608	513	0.675886
4609	3753	0.913527
4609	3555	0.850019
4609	3623	0.847398
4609	3624	0.769524
4609	3793	0.680214
4609	3510	0.676544
4609	2683	0.572843
4609	3717	0.527225
4609	3409	0.519451
4609	3827	0.484979
4610	1079	1.592129
4610	1394	1.328144
4610	2791	1.233570
4610	3210	1.121109
4610	2797	1.120712
4610	1307	1.046204
4610	3361	1.000498
4610	3421	0.963847
4610	3552	0.913946
4610	1136	0.886343
4611	318	0.866465
4611	1394	0.855923
4611	858	0.835294
4611	1213	0.808019
4611	1221	0.791651
4611	593	0.769793
4611	1193	0.729881
4611	608	0.719436
4611	923	0.705611
4611	750	0.651371
4612	62	0.560975
4612	3055	0.470580
4612	1650	0.451267
4612	1399	0.451125
4612	2627	0.450245
4612	1357	0.445224
4612	988	0.404339
4612	1929	0.402094
4612	1365	0.390104
4612	508	0.379017
4613	103	1.113882
4613	1718	0.993835
4613	61	0.907229
4613	782	0.894928
4613	92	0.790819
4613	1427	0.767924
4613	2338	0.765553
4613	1598	0.739327
4613	990	0.732473
4613	736	0.666782
4615	1704	1.148388
4615	150	0.781272
4615	281	0.770931
4615	2778	0.656572
4615	590	0.622202
4615	2501	0.615878
4615	1094	0.583473
4615	2611	0.565597
4615	1450	0.563384
4615	1183	0.527564
4616	3763	0.988264
4616	2762	0.688780
4616	3640	0.625591
4616	2959	0.599131
4616	3836	0.552083
4616	223	0.550451
4616	1	0.536447
4616	1213	0.535464
4616	2302	0.534595
4616	296	0.525341
4617	356	1.321326
4617	357	1.310499
4617	597	1.283993
4617	539	1.195552
4617	339	1.007996
4617	587	0.931404
4617	1357	0.901270
4617	708	0.847476
4617	2424	0.827611
4617	1777	0.793104
4618	1356	2.168456
4618	2985	2.069417
4618	1376	1.996635
4618	2916	1.974993
4618	3527	1.923030
4618	1653	1.828127
4618	1748	1.679127
4618	1584	1.604858
4618	1374	1.532999
4618	2407	1.396334
4619	236	1.589049
4619	2497	1.511912
4619	1894	1.472803
4619	539	1.311752
4619	1569	1.125476
4619	252	1.114584
4619	207	1.101466
4619	3528	1.070500
4619	339	1.032380
4619	270	1.023074
4620	2770	2.057923
4620	2694	1.941919
4620	2706	1.810382
4620	2541	1.629447
4620	2688	1.605658
4620	1911	1.577353
4620	785	1.538651
4620	2599	1.429371
4620	2336	1.423678
4620	2605	1.385556
4621	1831	2.014523
4621	1779	1.802121
4621	1591	1.543127
4621	435	1.406886
4621	737	1.369841
4621	327	1.302993
4621	1590	1.277894
4621	849	1.271861
4621	379	1.234493
4621	338	1.188492
4623	3005	2.190482
4623	2706	2.141829
4623	2881	1.977399
4623	2688	1.975902
4623	2541	1.926442
4623	1911	1.872390
4623	2355	1.821007
4623	1093	1.809854
4623	2710	1.802524
4623	223	1.727459
4624	539	1.317701
4624	339	1.138265
4624	597	1.081146
4624	357	0.930993
4624	1393	0.914858
4624	2688	0.803172
4624	2671	0.798778
4624	838	0.761017
4624	2396	0.706239
4624	2805	0.685578
4625	329	2.148857
4625	1372	2.039222
4625	2393	2.022206
4625	3697	1.900843
4625	1320	1.746405
4625	2094	1.686753
4625	1603	1.679804
4625	1779	1.664680
4625	1356	1.599867
4625	748	1.595592
4626	3449	0.859004
4626	1294	0.808690
4626	3421	0.769499
4626	3671	0.758940
4626	3109	0.690327
4626	1125	0.684878
4626	3343	0.609485
4626	1292	0.607296
4626	3714	0.586640
4626	3363	0.552715
4627	2463	1.856085
4627	2371	1.599707
4627	1135	1.547953
4627	2915	1.261605
4627	2145	1.213675
4627	2245	1.144158
4627	3448	1.112516
4627	2746	1.078500
4627	1663	1.004291
4627	3039	0.993762
4629	1911	1.921467
4629	2688	1.897758
4629	2694	1.854295
4629	2770	1.711132
4629	1093	1.682086
4629	3005	1.652425
4629	223	1.599947
4629	2433	1.593156
4629	2605	1.573073
4629	2706	1.559837
4631	2005	1.240155
4631	1967	1.182327
4631	2	1.009694
4631	2021	0.967164
4631	2105	0.925971
4631	2143	0.916030
4631	1073	0.869726
4631	317	0.823114
4631	260	0.793820
4631	904	0.787918
4632	2918	1.087262
4632	1036	1.085124
4632	2000	0.920919
4632	3361	0.898461
4632	1968	0.878311
4632	2797	0.838850
4632	1220	0.786005
4632	1231	0.781842
4632	3039	0.765640
4632	1374	0.747390
4633	480	1.081197
4633	2916	0.803542
4633	2096	0.719935
4633	1831	0.679023
4633	783	0.674734
4633	1029	0.641169
4633	1037	0.636395
4633	1022	0.618315
4633	364	0.607111
4633	588	0.605540
4634	1196	1.720962
4634	1200	1.562022
4634	589	1.366808
4634	2571	1.350806
4634	1198	1.321893
4634	1270	1.091421
4634	1206	1.033810
4634	457	1.026412
4634	1210	1.014186
4634	1036	1.008316
4635	596	1.725810
4635	1907	1.547254
4635	594	1.532165
4635	364	1.499863
4635	1282	1.410772
4635	783	1.397727
4635	2087	1.386848
4635	588	1.385066
4635	2090	1.336255
4635	2085	1.289738
4637	1970	0.777673
4637	1972	0.756411
4637	3400	0.713847
4637	2051	0.707647
4637	829	0.688060
4637	2383	0.686746
4637	355	0.672376
4637	1750	0.624358
4637	1011	0.620107
4637	1969	0.612160
4638	1907	0.923275
4638	3034	0.735511
4638	783	0.709560
4638	2137	0.679999
4638	2716	0.673879
4638	588	0.640531
4638	1222	0.636949
4638	2090	0.633089
4638	3408	0.631321
4638	2000	0.613289
4639	3753	1.083367
4639	3578	0.951860
4639	3755	0.931511
4639	1234	0.831647
4639	3555	0.825219
4639	1278	0.817982
4639	3421	0.776083
4639	3717	0.767160
4639	3300	0.751110
4639	1079	0.738513
4640	745	0.703306
4640	904	0.652336
4640	594	0.636933
4640	2005	0.585977
4640	595	0.577995
4640	1223	0.574106
4640	1267	0.554851
4640	2797	0.553883
4640	588	0.538989
4640	3114	0.532776
4641	34	1.162627
4641	2997	1.151511
4641	3114	1.075707
4641	318	0.961152
4641	608	0.961108
4641	593	0.895291
4641	527	0.842179
4641	296	0.828286
4641	745	0.826461
4641	1704	0.806515
4642	2571	1.790549
4642	1214	1.766897
4642	858	1.676108
4642	2028	1.361831
4642	593	1.274165
4642	1291	1.273978
4642	541	1.221562
4642	1036	1.221187
4642	1221	1.214238
4642	2683	1.212415
4643	339	0.905472
4643	2424	0.844576
4643	1527	0.751778
4643	1573	0.704989
4643	1777	0.665077
4643	1569	0.629229
4643	780	0.620337
4643	2671	0.618822
4643	1676	0.611949
4643	316	0.605113
4644	2694	1.396395
4644	2770	1.314231
4644	2716	1.309622
4644	2918	1.228249
4644	2433	1.196401
4644	3543	1.144746
4644	2881	1.144374
4644	1288	1.124662
4644	2706	1.100210
4644	3203	1.096245
4645	11	1.199043
4645	2125	1.071173
4645	2671	1.055875
4645	597	0.991264
4645	356	0.987986
4645	361	0.881705
4645	2424	0.813645
4645	3259	0.806252
4645	802	0.777025
4645	587	0.693497
4646	3717	1.580595
4646	3510	1.352405
4646	3624	1.188952
4646	3555	1.170856
4646	3751	1.108780
4646	3793	1.011508
4646	3536	0.998410
4646	3185	0.997444
4646	3300	0.986418
4646	2762	0.959790
4647	108	0.922845
4647	3609	0.922845
4647	3281	0.771086
4647	1715	0.755749
4647	530	0.730297
4647	2848	0.690066
4647	2129	0.611169
4647	3887	0.566812
4647	3127	0.565957
4647	3115	0.541574
4648	1093	2.525858
4648	2605	2.310688
4648	2716	2.139597
4648	3005	2.056945
4648	223	2.026985
4648	2541	1.875854
4648	2433	1.862095
4648	785	1.792773
4648	2772	1.642292
4648	3203	1.595173
4649	1927	1.525192
4649	3808	1.213564
4649	1208	1.038292
4649	1272	1.003821
4649	1207	0.949626
4649	1263	0.892981
4649	858	0.828450
4649	2944	0.811824
4649	318	0.800813
4649	1254	0.780602
4650	2918	1.027164
4650	1307	0.866272
4650	2997	0.800250
4650	1968	0.753456
4650	2028	0.744109
4650	1197	0.705904
4650	1198	0.698494
4650	1036	0.689432
4650	2858	0.637961
4650	1221	0.627635
4651	1191	2.254887
4651	581	1.965241
4651	2632	1.762876
4651	549	1.588255
4651	1123	1.586396
4651	1189	1.488742
4651	1865	1.271891
4651	3077	1.133023
4651	3304	1.132084
4651	1743	1.035337
4652	1213	1.314474
4652	318	1.155886
4652	1225	1.099864
4652	296	1.028226
4652	50	0.892411
4652	1193	0.840356
4652	527	0.795872
4652	1148	0.780869
4652	1221	0.756848
4652	1089	0.680579
4653	3518	0.844115
4653	78	0.644148
4653	354	0.593032
4653	884	0.571425
4653	580	0.564633
4653	1482	0.560009
4653	3620	0.545889
4653	1743	0.539164
4653	2342	0.539164
4653	3292	0.539164
4654	595	0.770475
4654	899	0.670895
4654	1282	0.663554
4654	1	0.629870
4654	1022	0.604900
4654	3549	0.580800
4654	919	0.572579
4654	1219	0.567431
4654	260	0.557119
4654	914	0.550586
4655	329	1.413095
4655	435	1.163872
4655	1372	1.069232
4655	3697	1.045205
4655	1320	0.980473
4655	1779	0.952566
4655	1375	0.942883
4655	1544	0.941876
4655	1831	0.940402
4655	316	0.924969
4656	2688	1.040327
4656	2428	0.819638
4656	2805	0.701623
4656	2881	0.664410
4656	3578	0.625265
4656	2716	0.617054
4656	2713	0.608650
4656	2722	0.598714
4656	3053	0.596011
4656	3717	0.585629
4657	593	1.518547
4657	318	1.139585
4657	110	1.050639
4657	296	1.000828
4657	1213	0.988431
4657	2858	0.935456
4657	1204	0.906451
4657	457	0.882684
4657	1208	0.853386
4657	1089	0.817478
4658	2818	1.814494
4658	1606	1.776612
4658	3432	1.766283
4658	1867	1.758857
4658	815	1.634485
4658	1170	1.634485
4658	1599	1.559052
4658	204	1.518763
4658	1004	1.505039
4658	160	1.472758
4659	1674	1.609409
4659	1947	1.122765
4659	1247	0.874246
4659	1094	0.869527
4659	915	0.850137
4659	916	0.811554
4659	900	0.808455
4659	1296	0.768280
4659	17	0.732702
4659	928	0.698977
4660	1961	1.590492
4660	3098	1.375894
4660	1962	1.159233
4660	2918	1.095504
4660	1307	0.913731
4660	3361	0.844872
4660	1270	0.800281
4660	1197	0.787425
4660	2114	0.774957
4660	3552	0.767555
4661	1370	1.316432
4661	3082	1.280209
4661	1722	1.240561
4661	380	1.226886
4661	733	1.141366
4661	10	1.115846
4661	3639	1.112119
4661	2916	0.968592
4661	736	0.904745
4661	494	0.898860
4662	3528	0.854239
4662	2415	0.821803
4662	1043	0.791649
4662	209	0.708644
4662	2432	0.690650
4662	3425	0.669113
4662	140	0.655605
4662	1894	0.653163
4662	1457	0.647516
4662	2875	0.624177
4663	488	0.961281
4663	1120	0.514401
4663	1447	0.510662
4663	475	0.487508
4663	283	0.479157
4663	2923	0.478091
4663	1624	0.475807
4663	346	0.450095
4663	27	0.438275
4663	8	0.433898
4664	2770	2.415867
4664	2683	2.184028
4664	223	2.148878
4664	2694	1.899776
4664	3005	1.877967
4664	3203	1.779760
4664	1093	1.679227
4664	2881	1.564176
4664	2605	1.462295
4664	2959	1.441016
4666	2951	0.916464
4666	3654	0.887995
4666	1201	0.857230
4666	2931	0.735268
4666	1287	0.720572
4666	1387	0.710319
4666	2529	0.678196
4666	1219	0.661315
4666	1207	0.647836
4666	2182	0.646500
4667	1207	1.473444
4667	593	1.332436
4667	912	1.328977
4667	527	1.303519
4667	111	1.280726
4667	1252	1.258443
4667	608	1.252657
4667	260	1.204887
4667	1219	1.167564
4667	1213	1.120460
4668	1206	2.270111
4668	1210	2.117280
4668	32	1.897969
4668	3703	1.768780
4668	1198	1.465012
4668	1097	1.383744
4668	3702	1.377942
4668	2664	1.359370
4668	750	1.336278
4668	1584	1.252548
4669	1200	1.261391
4669	1240	1.260088
4669	1198	1.247342
4669	541	1.224077
4669	1073	1.186585
4669	924	1.162041
4669	1262	1.129747
4669	1206	1.105925
4669	1210	1.089050
4669	2571	0.994844
4670	1375	1.127141
4670	1779	1.054925
4670	2105	1.013529
4670	3114	0.953709
4670	1	0.896953
4670	329	0.890882
4670	2393	0.885100
4670	2528	0.880919
4670	1690	0.842406
4670	196	0.827741
4671	1573	1.578787
4671	349	1.378363
4671	380	1.332012
4671	1610	1.310894
4671	2058	1.304567
4671	1722	1.083800
4671	3256	1.077307
4671	2006	1.062045
4671	2278	1.055143
4671	10	1.047623
4673	3911	1.085399
4673	3948	0.983669
4673	3317	0.949131
4673	3556	0.889439
4673	3952	0.838827
4673	3863	0.833224
4673	3798	0.796312
4673	3566	0.769665
4673	3536	0.747283
4673	3751	0.716278
4674	2532	1.127720
4674	1080	0.910414
4674	1082	0.849237
4674	1214	0.824581
4674	1234	0.806548
4674	1136	0.799225
4674	1270	0.733893
4674	1292	0.720297
4674	3014	0.712347
4674	1196	0.709181
4675	2580	0.629477
4675	2566	0.587955
4675	3253	0.567331
4675	1614	0.566332
4675	205	0.508446
4675	1135	0.505859
4675	1042	0.495961
4675	2418	0.493633
4675	2333	0.489252
4675	2746	0.488989
4676	608	0.894029
4676	593	0.856893
4676	908	0.846466
4676	1617	0.844505
4676	1252	0.798310
4676	527	0.778034
4676	1213	0.759325
4676	1267	0.737185
4676	2791	0.714163
4676	912	0.708574
4678	2688	2.007558
4678	3005	1.840229
4678	2881	1.824335
4678	1911	1.784429
4678	223	1.780704
4678	2716	1.648192
4678	2710	1.549728
4678	2336	1.548961
4678	2706	1.519375
4678	2541	1.490323
4679	3219	2.304540
4679	2840	2.268447
4679	2491	2.110269
4679	2841	2.064331
4679	2906	2.023865
4679	2724	1.991680
4679	3081	1.843249
4679	43	1.707890
4679	2490	1.695909
4679	2581	1.652475
4680	3897	0.959512
4680	3317	0.875128
4680	3948	0.825281
4680	3751	0.760523
4680	3556	0.748263
4680	260	0.714539
4680	1196	0.645919
4680	3555	0.613544
4680	3536	0.547997
4680	3515	0.539530
4681	1080	1.403439
4681	1294	1.261589
4681	3363	1.173621
4681	1304	1.024969
4681	1394	0.886104
4681	3504	0.828653
4681	2788	0.747930
4681	3361	0.742987
4681	3396	0.710124
4681	1125	0.704057
4682	3893	1.237616
4682	3897	1.035344
4682	3481	0.790691
4682	3952	0.766458
4682	3910	0.721214
4682	3852	0.649624
4682	3831	0.619152
4682	3747	0.606572
4682	2292	0.575565
4682	3617	0.574954
4683	2735	1.014500
4683	2643	1.000647
4683	208	0.941015
4683	2051	0.850046
4683	2143	0.842454
4683	761	0.840066
4683	2422	0.827167
4683	2088	0.772049
4683	1373	0.771549
4683	2468	0.755790
4684	296	1.977700
4684	593	1.689816
4684	1617	1.304883
4684	1221	1.092316
4684	1193	1.072533
4684	1207	1.060957
4684	858	0.939810
4684	1228	0.901566
4684	2858	0.878714
4684	2028	0.878377
4685	1798	0.702863
4685	2353	0.689018
4685	373	0.674352
4685	1625	0.662520
4685	1573	0.622110
4685	736	0.591122
4685	457	0.554037
4685	103	0.542083
4685	1552	0.527541
4685	2741	0.526522
4686	1240	1.354146
4686	1196	1.253771
4686	1214	1.170263
4686	1250	1.130832
4686	260	1.081098
4686	2571	1.036567
4686	1262	0.994296
4686	527	0.977984
4686	1210	0.954138
4686	1036	0.919170
4687	1345	0.969230
4687	1219	0.879913
4687	1704	0.796778
4687	1982	0.775555
4687	2866	0.693643
4687	2160	0.685060
4687	1258	0.684142
4687	3359	0.616349
4687	1333	0.603954
4687	296	0.594548
4688	3135	0.890196
4688	3167	0.767258
4688	1082	0.756974
4688	1350	0.705010
4688	3471	0.690507
4688	2410	0.687554
4688	3359	0.671092
4688	1997	0.648388
4688	1387	0.626239
4688	3498	0.621840
4689	695	1.036411
4689	1892	0.935241
4689	1589	0.912917
4689	2706	0.877256
4689	2694	0.828547
4689	1092	0.725419
4689	3005	0.717400
4689	1422	0.699183
4689	2188	0.662023
4689	3044	0.640318
4690	2916	1.476103
4690	1196	1.280579
4690	589	1.238742
4690	1374	1.147485
4690	1584	1.140753
4690	3527	1.124691
4690	1356	1.110189
4690	1127	1.058368
4690	1527	1.026840
4690	2628	1.021331
4691	3253	0.888419
4691	2424	0.796570
4691	2353	0.790197
4691	339	0.788716
4691	539	0.782923
4691	1777	0.753601
4691	832	0.710259
4691	440	0.683786
4691	587	0.654582
4691	1393	0.612239
4692	1111	1.225133
4692	363	1.101042
4692	556	1.014831
4692	1649	0.986641
4692	3281	0.882893
4692	2693	0.852253
4692	2632	0.833904
4692	581	0.828703
4692	549	0.792068
4692	1191	0.763405
4693	3074	2.226766
4693	3494	2.046022
4693	383	1.898649
4693	1266	1.850789
4693	599	1.788677
4693	1201	1.668461
4693	1378	1.517836
4693	1262	1.270170
4693	2896	1.188380
4693	1379	1.187981
4694	1387	0.777709
4694	110	0.654125
4694	1263	0.641366
4694	1086	0.634681
4694	593	0.624069
4694	3447	0.595995
4694	908	0.568935
4694	1284	0.560523
4694	1219	0.537749
4694	2947	0.532149
4695	2997	0.814991
4695	1240	0.802878
4695	2396	0.788219
4695	3114	0.737013
4695	2571	0.731379
4695	260	0.647128
4695	1196	0.633702
4695	2599	0.609225
4695	1200	0.598714
4695	589	0.597691
4697	783	1.708558
4697	595	1.416571
4697	1907	1.413831
4697	588	1.317054
4697	1029	1.311126
4697	661	1.131513
4697	2087	1.118405
4697	2018	1.110373
4697	594	1.087996
4697	2687	1.064626
4699	204	0.881304
4699	1606	0.864357
4699	1867	0.796004
4699	153	0.725155
4699	3440	0.722968
4699	3434	0.670224
4699	1004	0.664798
4699	2412	0.654363
4699	737	0.644875
4699	3268	0.641867
4700	589	1.220566
4700	1580	0.739665
4700	457	0.710463
4700	2193	0.708265
4700	1610	0.628862
4700	1196	0.606195
4700	1200	0.598096
4700	1967	0.594261
4700	3375	0.593617
4700	1656	0.578335
4701	2396	0.893110
4701	150	0.754096
4701	34	0.719563
4701	318	0.663902
4701	608	0.659118
4701	50	0.656030
4701	593	0.653700
4701	296	0.622921
4701	2922	0.605328
4701	383	0.604432
4702	318	2.222536
4702	608	2.051152
4702	527	1.942408
4702	50	1.561782
4702	1193	1.504662
4702	858	1.497965
4702	1221	1.478012
4702	1198	1.450586
4702	2571	1.338565
4702	1214	1.318679
4704	1798	1.039141
4704	291	0.924609
4704	1427	0.863558
4704	103	0.848700
4704	2741	0.816497
4704	540	0.758895
4704	2820	0.691972
4704	3056	0.631397
4704	3224	0.598491
4704	100	0.589767
4705	339	0.931282
4705	2424	0.639750
4705	1777	0.623455
4705	74	0.616881
4705	597	0.599174
4705	351	0.557237
4705	691	0.542958
4705	1409	0.538538
4705	3528	0.534629
4705	1894	0.533466
4706	2393	1.569471
4706	316	1.290579
4706	1372	1.139790
4706	2046	1.107889
4706	1373	1.096004
4706	1544	0.880778
4706	2641	0.821835
4706	2021	0.809254
4706	1376	0.785347
4706	1356	0.744757
4707	745	0.668593
4707	1265	0.644052
4707	3114	0.635496
4707	587	0.602531
4707	597	0.595807
4707	1777	0.592977
4707	357	0.558157
4707	1223	0.536661
4707	440	0.531711
4707	1	0.513424
4708	2694	0.821548
4708	2188	0.720409
4708	1270	0.678775
4708	2918	0.659697
4708	2770	0.634042
4708	223	0.586874
4708	1127	0.582187
4708	2707	0.573506
4708	3005	0.559929
4708	2089	0.533951
4709	1307	1.486994
4709	2797	1.368246
4709	3098	1.203875
4709	1968	1.191051
4709	2915	1.190737
4709	2174	1.107435
4709	1962	1.001212
4709	1394	0.996169
4709	1663	0.994136
4709	1674	0.967516
4710	2973	0.608749
4710	3632	0.604339
4710	1278	0.592537
4710	3819	0.518512
4710	3462	0.515343
4710	3363	0.506786
4710	1684	0.500295
4710	1292	0.480802
4710	1234	0.469496
4710	1136	0.455280
4711	3074	2.915622
4711	599	2.475283
4711	416	2.100557
4711	210	1.792105
4711	1209	1.729301
4711	458	1.724984
4711	3487	1.667924
4711	1007	1.623998
4711	303	1.602655
4711	3682	1.517585
4712	912	0.990152
4712	318	0.910253
4712	1230	0.883877
4712	1207	0.861372
4712	1278	0.838119
4712	1193	0.823934
4712	260	0.784730
4712	923	0.779686
4712	908	0.772254
4712	1276	0.753518
4713	1984	3.091184
4713	1986	2.749168
4713	1756	1.680578
4713	606	1.653316
4713	1326	1.601560
4713	1974	1.585740
4713	2878	1.580267
4713	891	1.516078
4713	2338	1.401055
4713	1972	1.374855
4714	1213	1.261485
4714	318	1.182922
4714	1247	1.119799
4714	593	1.044663
4714	296	1.028290
4714	1221	0.998389
4714	858	0.973211
4714	111	0.957110
4714	1225	0.834635
4714	912	0.811352
4715	1278	1.597187
4715	1294	1.196681
4715	1997	1.017351
4715	3363	0.977095
4715	1270	0.874076
4715	1125	0.869340
4715	1304	0.857258
4715	1206	0.847322
4715	260	0.793089
4715	1982	0.782336
4716	1357	0.715453
4716	2174	0.543051
4716	25	0.540547
4716	152	0.521619
4716	3422	0.505405
4716	3072	0.498636
4716	1684	0.484580
4716	3685	0.466532
4716	2750	0.459543
4716	2897	0.448363
4717	3367	1.025923
4717	750	0.884645
4717	1252	0.818073
4717	1212	0.774240
4717	969	0.703777
4717	3035	0.703714
4717	1944	0.687973
4717	908	0.682914
4717	1267	0.674705
4717	1250	0.669695
4718	597	0.998613
4718	1777	0.844099
4718	1485	0.826392
4718	231	0.766462
4718	2174	0.749534
4718	141	0.721541
4718	11	0.716033
4718	339	0.676309
4718	440	0.670801
4718	1569	0.646058
4719	780	1.514499
4719	480	1.483735
4719	1552	1.420509
4719	10	1.360542
4719	1372	1.293782
4719	1370	1.266478
4719	1527	1.258400
4719	2628	1.213083
4719	1573	1.176776
4719	329	1.173438
4720	2694	2.392523
4720	2770	2.046517
4720	223	1.964434
4720	1911	1.836327
4720	3203	1.641423
4720	2688	1.597698
4720	2881	1.571510
4720	2707	1.544626
4720	2336	1.477480
4720	2541	1.392973
4721	2723	2.333755
4721	2841	2.267618
4721	2490	2.217806
4721	2906	2.197209
4721	24	2.131442
4721	2724	2.063952
4721	2395	1.982949
4721	2394	1.947047
4721	43	1.841608
4721	3273	1.786904
4722	1240	2.105067
4722	1200	1.862288
4722	2028	1.849520
4722	589	1.667711
4722	1214	1.629146
4722	1387	1.284547
4722	2947	1.163348
4722	457	1.101502
4722	1242	1.089791
4722	318	1.013716
4723	3417	0.894427
4723	3486	0.894427
4723	3632	0.705219
4723	1230	0.691909
4723	2656	0.618986
4723	3655	0.613186
4723	2660	0.552651
4723	3543	0.511603
4723	3375	0.495531
4723	3659	0.490881
4724	318	1.520087
4724	593	1.456649
4724	296	1.355619
4724	36	1.133707
4724	1213	1.034629
4724	2289	0.969858
4724	150	0.948384
4724	1358	0.894062
4724	2762	0.876359
4724	1423	0.832433
4725	1947	1.103456
4725	914	0.894940
4725	918	0.893414
4725	1035	0.888980
4725	1380	0.844635
4725	2084	0.822433
4725	3061	0.792313
4725	938	0.774017
4725	3549	0.745062
4725	1951	0.706088
4726	381	0.816492
4726	46	0.766414
4726	369	0.746225
4726	1044	0.718742
4726	182	0.715001
4726	638	0.587161
4726	613	0.566617
4726	753	0.565054
4726	1399	0.559535
4726	1621	0.550010
4727	1394	0.790488
4727	3361	0.769237
4727	2918	0.748548
4727	1079	0.744564
4727	3555	0.709919
4727	745	0.704599
4727	1294	0.660816
4727	2791	0.650441
4727	1	0.640987
4727	3753	0.622795
4728	463	0.965275
4728	640	0.946042
4728	1515	0.877019
4728	3063	0.816799
4728	103	0.769728
4728	436	0.701862
4728	217	0.647940
4728	354	0.640786
4728	185	0.636084
4728	511	0.612914
4729	1090	1.165568
4729	1228	1.049221
4729	1956	0.992643
4729	1299	0.951410
4729	1962	0.914248
4729	1135	0.866759
4729	2134	0.753201
4729	3308	0.702750
4729	1302	0.700379
4729	3591	0.695343
4731	1394	1.524145
4731	1079	1.266928
4731	1080	1.180680
4731	2804	1.179527
4731	1278	1.176466
4731	3114	1.108560
4731	34	1.094718
4731	1294	1.066888
4731	3671	1.021411
4731	2791	0.996481
4732	3494	2.969334
4732	1378	2.179391
4732	1201	2.164277
4732	416	1.927303
4732	458	1.695670
4732	1283	1.679475
4732	210	1.617949
4732	3682	1.599816
4732	3487	1.574233
4732	1007	1.553141
4733	1562	1.368845
4733	1867	1.211317
4733	1681	1.042022
4733	2797	1.038918
4733	544	0.970083
4733	2642	0.932107
4733	1373	0.916830
4733	1882	0.896691
4733	1779	0.889485
4733	204	0.861434
4734	1276	0.672517
4734	3093	0.655389
4734	1952	0.650337
4734	1945	0.622957
4734	3504	0.620990
4734	296	0.586243
4734	1294	0.574013
4734	3468	0.553801
4734	1207	0.549661
4734	1193	0.533506
4735	903	1.556171
4735	906	1.485873
4735	950	1.318593
4735	3386	1.092085
4735	904	1.021281
4735	731	0.975702
4735	2749	0.954417
4735	942	0.909958
4735	3044	0.810353
4735	1284	0.751403
4736	196	0.895736
4736	1320	0.893004
4736	1676	0.883719
4736	316	0.818833
4736	1779	0.816503
4736	849	0.798194
4736	329	0.779459
4736	2393	0.749581
4736	1603	0.722316
4736	1037	0.712953
4737	1307	1.664879
4737	3361	1.585446
4737	2918	1.532649
4737	2797	1.475085
4737	3039	1.173237
4737	1663	1.172672
4737	921	1.115581
4737	3685	1.100256
4737	2064	1.089063
4737	2352	1.071438
4738	2922	1.112387
4738	2951	1.109812
4738	2921	1.096358
4738	2401	1.060865
4738	3406	1.047944
4738	3681	0.947673
4738	3074	0.889814
4738	1201	0.873221
4738	897	0.794004
4738	553	0.746937
4739	349	1.103862
4739	10	1.076663
4739	1573	1.054438
4739	733	0.839060
4739	2916	0.833333
4739	1580	0.764231
4739	2353	0.752433
4739	2058	0.750374
4739	1527	0.673555
4739	380	0.654181
4740	1974	1.073802
4740	2740	0.967805
4740	2121	0.955119
4740	891	0.913943
4740	2158	0.904751
4740	2868	0.899876
4740	1971	0.895056
4740	3694	0.877738
4740	177	0.848301
4740	1975	0.847943
4742	2803	1.487059
4742	3249	1.343702
4742	1597	1.306156
4742	786	1.219893
4742	1876	1.048061
4742	780	1.020765
4742	1792	1.013312
4742	1479	0.975031
4742	3082	0.951837
4742	1092	0.948272
4743	1284	1.034372
4743	3435	0.787383
4743	913	0.784098
4743	1069	0.756900
4743	1212	0.730670
4743	912	0.684586
4743	942	0.675092
4743	1153	0.639876
4743	2066	0.633223
4743	923	0.629765
4744	1196	1.027030
4744	260	1.020727
4744	1219	0.938491
4744	1221	0.873851
4744	1387	0.868980
4744	1952	0.811706
4744	1291	0.763405
4744	589	0.742330
4744	1240	0.740488
4744	1200	0.704504
4745	2918	1.237903
4745	1240	0.895147
4745	1197	0.808836
4745	1200	0.776707
4745	1968	0.746654
4745	1196	0.722928
4745	2000	0.687623
4745	2194	0.657356
4745	1394	0.637787
4745	2797	0.602979
4746	2797	1.389428
4746	2174	1.351042
4746	1307	1.141936
4746	1663	1.140225
4746	2915	1.126701
4746	3479	1.007271
4746	1967	1.001206
4746	3039	0.987150
4746	3448	0.968938
4746	2193	0.959989
4747	1704	1.160684
4747	296	1.006828
4747	593	0.916851
4747	1393	0.861717
4747	3105	0.828771
4747	318	0.811723
4747	1358	0.805293
4747	1089	0.781420
4747	50	0.649313
4747	885	0.616457
4748	3690	0.706562
4748	818	0.526467
4748	1731	0.485671
4748	234	0.480532
4748	1614	0.476751
4748	656	0.466407
4748	2794	0.452835
4748	870	0.451483
4748	912	0.430978
4748	1063	0.424561
4750	1610	0.919518
4750	2353	0.884132
4750	457	0.836476
4750	2391	0.809961
4750	3256	0.750329
4750	6	0.748646
4750	1370	0.728796
4750	2469	0.726061
4750	733	0.674770
4750	1089	0.669340
4753	527	0.612694
4753	1247	0.602569
4753	2944	0.595354
4753	969	0.583058
4753	1262	0.510560
4753	1207	0.504614
4753	1204	0.503307
4753	2089	0.503046
4753	2028	0.502098
4753	594	0.493272
4754	1970	2.445465
4754	1978	2.231866
4754	1969	2.077590
4754	1985	1.987424
4754	1980	1.932530
4754	1986	1.883829
4754	1979	1.733318
4754	1973	1.426265
4754	1981	1.357561
4754	1984	1.307394
4757	1265	0.721169
4757	2997	0.715331
4757	1278	0.697488
4757	34	0.680441
4757	608	0.679257
4757	1294	0.676183
4757	527	0.675229
4757	318	0.670674
4757	296	0.670502
4757	2762	0.618642
4759	1036	1.446651
4759	1291	1.422834
4759	260	1.386983
4759	1214	1.373598
4759	589	1.351932
4759	2028	1.340547
4759	1196	1.293746
4759	1200	1.267530
4759	858	1.208411
4759	457	1.170297
4760	2002	0.745328
4760	316	0.667317
4760	2688	0.645169
4760	3635	0.625790
4760	2710	0.579031
4760	2428	0.555198
4760	2949	0.538750
4760	2959	0.531547
4760	1356	0.529660
4760	2881	0.524365
4761	1213	1.120098
4761	2762	1.118791
4761	1221	1.025007
4761	593	1.011403
4761	608	0.911903
4761	527	0.888325
4761	2976	0.802356
4761	2396	0.784488
4761	3055	0.733499
4761	1617	0.721691
4762	318	1.988803
4762	1193	1.577441
4762	593	1.485068
4762	608	1.450212
4762	1221	1.361207
4762	1952	1.262496
4762	858	1.022935
4762	908	0.883119
4762	1208	0.841783
4762	1228	0.802339
4763	593	0.595806
4763	318	0.558763
4763	1213	0.523678
4763	2324	0.517266
4763	2997	0.496260
4763	1103	0.483324
4763	529	0.457528
4763	3761	0.447546
4763	1358	0.434388
4763	1704	0.428871
4764	3114	0.649331
4764	1265	0.630145
4764	2706	0.629354
4764	1394	0.592922
4764	1	0.560050
4764	2694	0.541418
4764	1079	0.535919
4764	1270	0.534732
4764	1188	0.531389
4764	2918	0.517227
4765	897	1.170113
4765	2944	0.939963
4765	3066	0.900870
4765	3519	0.744332
4765	356	0.665381
4765	3154	0.658225
4765	3366	0.655635
4765	2028	0.637939
4765	2890	0.618705
4765	760	0.601836
4766	2858	0.903453
4766	3145	0.866716
4766	1513	0.816608
4766	223	0.804101
4766	2599	0.798755
4766	2396	0.783859
4766	2395	0.758128
4766	2976	0.757806
4766	3147	0.738995
4766	2770	0.723473
4767	2687	0.864017
4767	1	0.854985
4767	364	0.820748
4767	2355	0.752070
4767	588	0.643206
4767	2294	0.621708
4767	783	0.603797
4767	2688	0.594953
4767	2089	0.592826
4767	527	0.585615
4768	440	0.708710
4768	380	0.665636
4768	349	0.663286
4768	357	0.625355
4768	3256	0.610765
4768	377	0.609466
4768	1573	0.584519
4768	350	0.571628
4768	1527	0.569355
4768	2006	0.564180
4769	2444	1.792879
4769	1739	1.442317
4769	2846	1.302012
4769	3648	1.273132
4769	828	0.981001
4769	960	0.847567
4769	409	0.839539
4769	1459	0.757123
4769	2504	0.670972
4769	1062	0.661258
4770	2770	1.791384
4770	2599	1.592890
4770	1093	1.510207
4770	223	1.493136
4770	2605	1.463558
4770	1911	1.395838
4770	785	1.320998
4770	3203	1.287912
4770	2694	1.243251
4770	3005	1.216736
4771	3568	0.814005
4771	3241	0.805576
4771	263	0.762136
4771	3951	0.714387
4771	3883	0.706934
4771	3822	0.608760
4771	3915	0.568500
4771	308	0.556476
4771	1117	0.537564
4771	1163	0.537564
4772	1240	1.053390
4772	589	0.864603
4772	1200	0.845117
4772	2028	0.825258
4772	2571	0.767109
4772	1214	0.719167
4772	1307	0.708708
4772	593	0.708477
4772	1036	0.702929
4772	1610	0.700474
4773	1552	0.902474
4773	780	0.900485
4773	736	0.889404
4773	316	0.789018
4773	2770	0.733752
4773	1573	0.731656
4773	165	0.730045
4773	2393	0.707300
4773	1608	0.700615
4773	1527	0.683460
4774	260	1.235573
4774	1240	1.205352
4774	2947	1.107077
4774	1242	0.998137
4774	1200	0.981077
4774	858	0.951098
4774	1291	0.938849
4774	1036	0.872410
4774	1387	0.829514
4774	2571	0.826840
4777	1198	1.448329
4777	1200	1.111092
4777	1240	1.104905
4777	1036	1.016387
4777	1374	0.932843
4777	1214	0.911029
4777	1967	0.880744
4777	2174	0.878137
4777	1931	0.851023
4777	2571	0.847172
4778	1136	0.751003
4778	1	0.722594
4778	1221	0.717296
4778	1265	0.668263
4778	1394	0.590973
4778	593	0.570771
4778	34	0.522173
4778	1208	0.513774
4778	2324	0.511620
4778	1080	0.497736
4779	1294	0.824665
4779	2206	0.821314
4779	1208	0.749593
4779	1234	0.629996
4779	3421	0.620329
4779	3671	0.614353
4779	1269	0.584834
4779	3504	0.570589
4779	1136	0.555517
4779	308	0.540327
4780	2571	1.074332
4780	1527	0.980164
4780	457	0.964118
4780	373	0.888338
4780	3435	0.863408
4780	32	0.834797
4780	2353	0.810457
4780	1580	0.793347
4780	1584	0.777594
4780	3256	0.774981
4781	1221	1.090994
4781	593	1.083930
4781	296	0.966259
4781	1196	0.965331
4781	1193	0.948514
4781	608	0.919214
4781	527	0.892662
4781	1198	0.862678
4781	912	0.855050
4781	1213	0.744037
4782	924	1.938120
4782	32	1.781649
4782	1200	1.634974
4782	1214	1.614970
4782	1196	1.522178
4782	1270	1.504427
4782	2529	1.276031
4782	260	1.267273
4782	3703	1.241092
4782	3527	1.225424
4783	2353	1.264703
4783	733	1.197407
4783	1608	1.028083
4783	1722	0.997726
4783	2916	0.972625
4783	1610	0.971627
4783	832	0.958528
4783	1092	0.954539
4783	457	0.940723
4783	2334	0.925123
4784	2358	0.800000
4784	3184	0.800000
4784	1267	0.635873
4784	750	0.633084
4784	1632	0.627572
4784	3731	0.627555
4784	3087	0.615922
4784	2463	0.594314
4784	2842	0.565685
4784	3471	0.565325
4785	3317	1.060381
4785	3911	1.051957
4785	3481	0.906770
4785	3952	0.894056
4785	3578	0.729482
4785	3798	0.717574
4785	3556	0.692973
4785	3827	0.644861
4785	3755	0.632064
4785	3793	0.627616
4786	1882	0.926841
4786	374	0.906388
4786	1591	0.849981
4786	1474	0.819118
4786	849	0.758469
4786	1037	0.751651
4786	258	0.749210
4786	1707	0.744955
4786	160	0.722339
4786	153	0.701092
4787	2997	1.403674
4787	3081	0.895274
4787	3125	0.830435
4787	2396	0.710570
4787	3175	0.708269
4787	162	0.686677
4787	3055	0.678157
4787	296	0.646689
4787	223	0.642464
4787	593	0.620839
4788	2717	1.151446
4788	3688	1.008615
4788	2468	0.974215
4788	1562	0.965249
4788	2050	0.932277
4788	3144	0.911643
4788	1091	0.910689
4788	2259	0.823977
4788	2255	0.791768
4788	2794	0.788187
4789	339	1.272899
4789	2424	1.084986
4789	2671	0.863326
4789	852	0.762114
4789	7	0.704920
4789	252	0.703587
4789	708	0.669850
4789	11	0.663940
4789	587	0.651118
4789	3716	0.631968
4790	3948	0.993263
4790	3897	0.971867
4790	3893	0.896010
4790	3859	0.780102
4790	3783	0.695274
4790	3756	0.686970
4790	3241	0.657296
4790	3915	0.654928
4790	3408	0.638497
4790	3896	0.620448
4791	2383	0.562707
4791	1743	0.539164
4791	2342	0.539164
4791	3292	0.539164
4791	2444	0.530673
4791	2381	0.509369
4791	3301	0.488072
4791	2380	0.481268
4791	2715	0.469642
4791	410	0.427833
4793	1552	0.877259
4793	494	0.749721
4793	1792	0.679581
4793	165	0.674923
4793	3107	0.655398
4793	1551	0.625240
4793	349	0.595313
4793	288	0.588242
4793	95	0.575434
4793	1370	0.532694
4794	1036	2.046409
4794	1198	1.928858
4794	1196	1.904605
4794	2571	1.725218
4794	2947	1.718128
4794	1214	1.651796
4794	1610	1.505818
4794	2028	1.381613
4794	1197	1.374016
4794	1242	1.335137
4795	1079	0.754132
4795	593	0.736374
4795	2174	0.694300
4795	296	0.648658
4795	2915	0.619276
4795	3072	0.610454
4795	1247	0.605929
4795	1952	0.519770
4795	1307	0.516464
4795	2918	0.508949
4796	32	1.126165
4796	2206	1.100351
4796	1584	1.089525
4796	1200	1.021576
4796	2529	0.979237
4796	924	0.951670
4796	1964	0.933321
4796	1086	0.925888
4796	904	0.924011
4796	1748	0.911793
4797	597	1.474023
4797	539	1.435728
4797	1569	1.250270
4797	708	1.101251
4797	500	1.080312
4797	1020	1.053066
4797	236	1.052735
4797	7	0.996124
4797	440	0.915951
4797	587	0.913720
4798	3639	0.983073
4798	3640	0.724306
4798	1625	0.699035
4798	3760	0.695439
4798	3445	0.693559
4798	2001	0.685504
4798	2949	0.599021
4798	3622	0.563115
4798	3256	0.537825
4798	1387	0.524661
4799	2918	1.824450
4799	1307	1.324207
4799	3361	1.305302
4799	1968	1.273569
4799	3210	1.070062
4799	1394	1.024522
4799	2797	0.954492
4799	3421	0.902130
4799	3039	0.849324
4799	1172	0.848213
4800	2161	1.501797
4800	2143	1.372899
4800	2005	1.311189
4800	1375	1.181834
4800	3087	0.959118
4800	2968	0.910522
4800	3698	0.906394
4800	1019	0.889994
4800	2405	0.889082
4800	2311	0.858157
4801	1977	1.252978
4801	1240	1.077484
4801	260	0.992108
4801	1200	0.933264
4801	541	0.910066
4801	2571	0.887384
4801	1690	0.873236
4801	1214	0.870056
4801	1372	0.848854
4801	1979	0.806210
4802	2395	0.581977
4802	2734	0.567208
4802	3219	0.549413
4802	2762	0.542644
4802	2580	0.537641
4802	3174	0.515270
4802	3752	0.493448
4802	785	0.488070
4802	2396	0.484324
4802	1513	0.479256
4803	2688	2.092334
4803	2770	1.887216
4803	2605	1.883418
4803	1911	1.837240
4803	3203	1.749309
4803	3005	1.689431
4803	2541	1.640832
4803	2694	1.631715
4803	223	1.593292
4803	2710	1.590321
4804	3656	2.017173
4804	3758	1.656509
4804	3847	1.625485
4804	3757	1.294624
4804	3736	1.194414
4804	3678	1.029179
4804	3762	0.930733
4804	3803	0.774417
4804	3834	0.747635
4804	3711	0.740168
4805	1	1.153250
4805	593	1.129623
4805	3114	1.076192
4805	608	1.069613
4805	223	1.055434
4805	2959	1.024049
4805	1265	1.015437
4805	2770	0.977925
4805	2683	0.919853
4805	527	0.869562
4806	435	1.929057
4806	1831	1.927038
4806	2808	1.635554
4806	1779	1.587695
4806	172	1.476719
4806	196	1.367942
4806	1882	1.357588
4806	1917	1.319848
4806	173	1.260990
4806	1591	1.210247
4807	1252	0.864746
4807	3435	0.692355
4807	96	0.685070
4807	914	0.684871
4807	899	0.667566
4807	1267	0.623925
4807	910	0.622150
4807	1248	0.619426
4807	608	0.580168
4807	593	0.572512
4808	2794	0.917569
4808	3639	0.807134
4808	2717	0.769255
4808	2259	0.762047
4808	1091	0.734147
4808	3392	0.713489
4808	3688	0.687568
4808	2072	0.611184
4808	3144	0.596024
4808	2468	0.592113
4809	357	0.710982
4809	1914	0.608509
4809	539	0.604227
4809	1042	0.603950
4809	1682	0.596460
4809	45	0.584849
4809	1923	0.574631
4809	2321	0.557782
4809	141	0.557229
4809	3253	0.557210
4810	786	1.843217
4810	208	1.503950
4810	1792	1.304857
4810	2002	1.173646
4810	1687	1.110891
4810	533	1.067266
4810	153	0.981853
4810	3257	0.965749
4810	376	0.956709
4810	517	0.956327
4811	750	1.167047
4811	1237	1.106201
4811	1260	1.033117
4811	1406	1.008879
4811	669	0.985932
4811	904	0.952896
4811	3224	0.930844
4811	3435	0.891840
4811	3030	0.885891
4811	3415	0.858198
4812	1089	0.974763
4812	1671	0.885839
4812	1061	0.765137
4812	1729	0.715500
4812	1213	0.700375
4812	296	0.685448
4812	1686	0.681740
4812	6	0.642110
4812	1617	0.614587
4812	1500	0.604641
4813	745	0.935903
4813	1	0.873542
4813	1223	0.863624
4813	1811	0.833333
4813	1094	0.750583
4813	2396	0.745578
4813	3114	0.700151
4813	497	0.552840
4813	1188	0.537659
4813	301	0.470685
4814	1882	1.165680
4814	173	1.155391
4814	3114	1.139765
4814	1591	0.978679
4814	2858	0.975778
4814	737	0.942512
4814	1831	0.923036
4814	327	0.862019
4814	1037	0.825327
4814	2599	0.782611
4815	1117	0.707107
4815	1163	0.707107
4815	3952	0.683020
4815	3897	0.678282
4815	3949	0.674283
4815	3893	0.585075
4815	3481	0.518665
4815	49	0.503342
4815	3929	0.494280
4815	910	0.473947
4816	3897	1.117659
4816	3948	0.685978
4816	3952	0.656842
4816	3317	0.645134
4816	3949	0.637320
4816	3794	0.634064
4816	3827	0.564506
4816	3568	0.560015
4816	2218	0.532655
4816	3556	0.527977
4817	2174	0.935952
4817	2005	0.902303
4817	2021	0.861238
4817	2968	0.852748
4817	2797	0.850868
4817	1967	0.809936
4817	2	0.790386
4817	317	0.747163
4817	2140	0.744253
4817	2193	0.725463
4818	1097	1.320262
4818	2161	1.291970
4818	2100	1.275723
4818	2872	1.242328
4818	2193	1.205639
4818	2140	1.153273
4818	2005	1.096122
4818	260	1.090975
4818	1196	0.910641
4818	1270	0.829687
4819	2420	0.960089
4819	3707	0.692391
4819	2262	0.648977
4819	3211	0.611131
4819	1793	0.609994
4819	3577	0.604059
4819	3480	0.576814
4819	1493	0.573539
4819	2240	0.555032
4819	3206	0.520304
4820	3578	1.505645
4820	3744	1.244158
4820	3510	1.213842
4820	3717	1.200027
4820	3793	1.119772
4820	3481	1.075205
4820	3861	1.052387
4820	3785	1.012189
4820	3300	0.965188
4820	3535	0.964284
4821	318	1.116703
4821	593	0.942997
4821	2471	0.832395
4821	2643	0.712579
4821	858	0.703560
4821	296	0.667928
4821	1373	0.640359
4821	1221	0.625894
4821	3471	0.621017
4821	2028	0.618605
4823	1267	0.673768
4823	1284	0.615726
4823	922	0.615048
4823	904	0.603738
4823	1260	0.560665
4823	1193	0.540318
4823	903	0.510509
4823	2186	0.505710
4823	750	0.502268
4823	924	0.501067
4824	1196	1.454139
4824	1240	1.321706
4824	1304	1.228585
4824	1198	1.203045
4824	1200	1.126786
4824	3421	1.124822
4824	3363	1.120723
4824	1292	1.115052
4824	1244	1.074865
4824	1276	1.034222
4825	1580	1.644801
4825	2096	1.381217
4825	1573	1.366510
4825	1610	1.353796
4825	594	1.314181
4825	589	1.247737
4825	1028	1.238446
4825	733	1.236000
4825	1035	1.227732
4825	1022	1.204243
4826	2028	1.155823
4826	608	1.040661
4826	2571	0.984089
4826	593	0.958373
4826	2683	0.933488
4826	1213	0.900443
4826	2188	0.874578
4826	2694	0.816537
4826	2916	0.806058
4826	589	0.769251
4827	910	1.277880
4827	1256	1.182009
4827	2018	1.160217
4827	1282	1.108543
4827	3097	1.079960
4827	1029	1.058216
4827	364	1.040869
4827	947	1.018507
4827	2096	0.933601
4827	1076	0.851679
4828	2497	1.218953
4828	1888	1.023443
4828	207	0.994714
4828	74	0.961722
4828	1835	0.903622
4828	351	0.897572
4828	2316	0.882171
4828	1541	0.831183
4828	3528	0.821737
4828	539	0.821212
4829	173	1.002205
4829	1544	0.996074
4829	196	0.983396
4829	1591	0.842176
4829	3471	0.838528
4829	2530	0.832276
4829	185	0.830951
4829	1603	0.811230
4829	2851	0.807838
4829	2531	0.791929
4830	1947	1.404784
4830	1022	1.270819
4830	1029	1.207049
4830	594	1.201065
4830	595	1.076029
4830	1951	1.055555
4830	900	1.000309
4830	2096	0.963763
4830	1380	0.942419
4830	2081	0.938284
4831	2096	0.654370
4831	596	0.627453
4831	1230	0.581760
4831	1022	0.576369
4831	594	0.559911
4831	1674	0.527129
4831	1566	0.503068
4831	919	0.502560
4831	2090	0.499935
4831	1282	0.482731
4832	2371	0.922209
4832	1101	0.880029
4832	2405	0.854677
4832	2134	0.840596
4832	2378	0.835712
4832	2115	0.820683
4832	2463	0.776058
4832	3591	0.761842
4832	2990	0.752134
4832	2476	0.738956
4833	1911	1.310724
4833	2688	1.284622
4833	2683	1.176429
4833	2694	1.059146
4833	3203	0.944977
4833	2770	0.933421
4833	2771	0.856870
4833	1093	0.842578
4833	3005	0.815285
4833	2772	0.800275
4834	1957	0.728469
4834	1240	0.649334
4834	1228	0.647022
4834	1079	0.645999
4834	1222	0.645510
4834	1962	0.645205
4834	1291	0.608842
4834	1307	0.606600
4834	1293	0.603938
4834	1270	0.595013
4835	2571	1.378613
4835	1240	1.282345
4835	1214	1.146302
4835	1200	1.112621
4835	541	1.106867
4835	858	0.981522
4835	589	0.962765
4835	2028	0.935400
4835	1206	0.890035
4835	1036	0.875533
4836	3578	1.932665
4836	3793	1.677080
4836	3785	1.671951
4836	3863	1.498733
4836	3646	1.428688
4836	3753	1.370882
4836	3510	1.320717
4836	3555	1.309088
4836	3798	1.308546
4836	3861	1.203976
4837	2794	0.810231
4837	2306	0.796711
4837	2027	0.781207
4837	93	0.755501
4837	3385	0.750172
4837	1679	0.742135
4837	216	0.725837
4837	1526	0.723567
4837	2335	0.686561
4837	2468	0.677139
4838	593	0.907430
4838	608	0.894698
4838	1704	0.833530
4838	150	0.777347
4838	2858	0.689887
4838	527	0.680867
4838	36	0.648940
4838	34	0.626296
4838	50	0.576886
4838	590	0.571447
4840	457	1.002439
4840	150	0.950203
4840	733	0.863375
4840	2916	0.858668
4840	349	0.833853
4840	2058	0.812374
4840	474	0.795161
4840	377	0.732015
4840	1573	0.724375
4840	595	0.722566
4841	2916	1.332056
4841	349	1.144428
4841	1376	1.103293
4841	1356	0.956786
4841	2628	0.952485
4841	380	0.914289
4841	1370	0.873926
4841	2640	0.848587
4841	1374	0.826527
4841	2006	0.823860
4842	1221	0.784362
4842	2683	0.712419
4842	318	0.589861
4842	593	0.568047
4842	2770	0.549671
4842	923	0.538836
4842	2858	0.535867
4842	2541	0.529225
4842	2694	0.523912
4842	3910	0.514166
4843	25	0.543073
4843	152	0.508365
4843	3360	0.444993
4843	150	0.442989
4843	1358	0.437034
4843	515	0.433768
4843	58	0.415197
4843	3246	0.401537
4843	1962	0.396662
4843	36	0.391103
4845	539	1.401107
4845	597	1.324401
4845	708	1.237452
4845	1777	1.233172
4845	357	1.162711
4845	852	1.061982
4845	2424	1.024280
4845	1569	0.894756
4845	3261	0.830537
4845	252	0.737743
4846	2858	0.698023
4846	3176	0.669281
4846	858	0.562843
4846	2396	0.546935
4846	3174	0.519578
4846	632	0.512148
4846	3641	0.512148
4846	3163	0.510734
4846	2959	0.508996
4846	2840	0.490253
4847	1617	0.957243
4847	593	0.904910
4847	745	0.851073
4847	318	0.819304
4847	1265	0.816427
4847	858	0.790919
4847	2997	0.787574
4847	922	0.782463
4847	913	0.779945
4847	1248	0.762531
4848	1552	1.648626
4848	1573	1.385818
4848	1370	1.376405
4848	380	1.306093
4848	2916	1.268992
4848	349	1.234639
4848	1610	1.220913
4848	110	1.208220
4848	733	1.186559
4848	3256	1.158811
4849	2470	1.456649
4849	2372	1.327448
4849	2100	1.206792
4849	2794	1.119249
4849	1135	1.105366
4849	2301	1.085234
4849	3591	1.066075
4849	2405	1.006974
4849	2423	0.997857
4849	2478	0.991238
4850	2028	1.383392
4850	318	1.214293
4850	457	1.175154
4850	150	1.050822
4850	608	1.008459
4850	3578	0.933035
4850	296	0.898416
4850	3646	0.886823
4850	589	0.849878
4850	3555	0.832785
4852	1954	0.625626
4852	2194	0.616406
4852	3379	0.518058
4852	906	0.516528
4852	3167	0.509873
4852	1096	0.505804
4852	1090	0.500242
4852	1036	0.491487
4852	2944	0.474571
4852	2132	0.460715
4853	2571	1.918973
4853	260	1.661509
4853	457	1.529483
4853	110	1.490040
4853	1214	1.415512
4853	1210	1.411768
4853	1291	1.395410
4853	1610	1.265557
4853	1036	1.217378
4853	1270	1.174530
4854	1240	1.267648
4854	2571	1.187284
4854	32	1.128605
4854	3527	1.002161
4854	3471	0.960168
4854	541	0.944855
4854	2455	0.854200
4854	1214	0.844532
4854	480	0.836215
4854	1653	0.821862
4855	1777	0.826154
4855	2424	0.703929
4855	593	0.679809
4855	1409	0.665064
4855	1704	0.659571
4855	1569	0.603053
4855	150	0.597234
4855	296	0.555332
4855	1213	0.531897
4855	339	0.529073
4856	2066	2.723834
4856	1069	2.168658
4856	1152	1.785863
4856	904	1.612799
4856	903	1.443869
4856	3805	1.413877
4856	942	1.336789
4856	541	1.232687
4856	1212	1.063258
4856	1153	0.933501
4857	1089	1.470900
4857	1617	1.291951
4857	47	1.281766
4857	3256	1.148408
4857	2028	1.139121
4857	6	1.133670
4857	2353	1.067016
4857	1625	1.057960
4857	318	1.041090
4857	296	0.995539
4858	1214	0.895344
4858	1198	0.887693
4858	3793	0.820991
4858	3753	0.752947
4858	318	0.734846
4858	750	0.689478
4858	1240	0.665766
4858	3285	0.657833
4858	1200	0.636824
4858	924	0.632962
4859	1079	1.417436
4859	1307	1.374068
4859	1270	1.333044
4859	3361	1.300735
4859	2797	1.087275
4859	2791	0.969621
4859	3210	0.966278
4859	3552	0.806861
4859	1265	0.737370
4859	2804	0.733385
4860	318	1.654580
4860	1213	1.587229
4860	2028	1.366548
4860	2762	1.285814
4860	1358	1.259338
4860	1704	1.039600
4860	527	0.954677
4860	2391	0.907562
4860	47	0.806013
4860	293	0.798963
4861	3624	0.762626
4861	3753	0.756619
4861	3300	0.644634
4861	3623	0.635533
4861	2571	0.589559
4861	3793	0.566764
4861	3717	0.563562
4861	1584	0.556775
4861	3755	0.550040
4861	2323	0.501209
4862	1240	1.172187
4862	3114	1.145083
4862	1	1.122704
4862	1291	1.087369
4862	1394	1.082054
4862	1223	0.881732
4862	1036	0.849313
4862	1234	0.833199
4862	1265	0.816808
4862	1196	0.816578
4863	440	1.008556
4863	357	0.995322
4863	539	0.794900
4863	2108	0.774737
4863	2174	0.706140
4863	597	0.699637
4863	1569	0.695334
4863	339	0.694603
4863	1777	0.679989
4863	39	0.676846
4864	1136	1.573164
4864	1223	1.375245
4864	2396	1.285133
4864	1394	1.205796
4864	1294	0.950701
4864	1270	0.911909
4864	2918	0.903434
4864	1080	0.844557
4864	3363	0.835096
4864	1288	0.826235
4865	3097	1.355320
4865	1230	1.338980
4865	3067	1.192864
4865	1256	1.185965
4865	1234	1.115963
4865	1288	1.112775
4865	910	1.066146
4865	3504	1.025881
4865	1278	1.022732
4865	1244	0.986817
4866	2145	0.649024
4866	339	0.552147
4866	2371	0.530612
4866	2378	0.520113
4866	1409	0.474764
4866	3552	0.465420
4866	2413	0.462015
4866	1135	0.460806
4866	2245	0.455626
4866	2424	0.454011
4867	1073	0.649468
4867	539	0.595010
4867	2100	0.581200
4867	356	0.537761
4867	1372	0.528124
4867	3717	0.527434
4867	357	0.524006
4867	339	0.512981
4867	1270	0.494955
4867	3753	0.490765
4868	3510	0.955402
4868	3534	0.857495
4868	1743	0.816497
4868	2342	0.816497
4868	3292	0.816497
4868	3555	0.801320
4868	3793	0.798854
4868	3298	0.789147
4868	3354	0.764433
4868	3717	0.761675
4869	3219	1.298533
4869	2724	1.274179
4869	2013	1.270187
4869	2581	1.255058
4869	2734	1.226885
4869	223	1.221201
4869	2688	1.191396
4869	2683	1.160674
4869	1093	1.145490
4869	2694	1.119021
4870	750	0.771888
4870	1267	0.635873
4870	2710	0.591203
4870	1193	0.539649
4870	924	0.514755
4870	1807	0.512543
4870	541	0.509322
4870	2770	0.497610
4870	858	0.493236
4870	3095	0.474988
4872	349	1.057897
4872	1573	1.028210
4872	780	0.977284
4872	733	0.920900
4872	10	0.881659
4872	1580	0.856069
4872	3107	0.849502
4872	1552	0.836315
4872	3082	0.829150
4872	1485	0.806040
4874	50	1.318877
4874	318	1.226297
4874	1089	1.214874
4874	593	1.207801
4874	2028	0.951504
4874	527	0.934098
4874	1193	0.866954
4874	1084	0.849527
4874	2858	0.841248
4874	1953	0.766087
4875	1358	0.781510
4875	47	0.635515
4875	293	0.601009
4875	389	0.593083
4875	608	0.552081
4875	1912	0.526837
4875	1704	0.521014
4875	2762	0.502694
4875	443	0.469872
4875	2562	0.464345
4876	318	1.724821
4876	608	1.514053
4876	296	1.474106
4876	2028	1.219518
4876	36	1.205600
4876	2890	1.167441
4876	1213	1.123254
4876	1265	0.983254
4876	25	0.958286
4876	1617	0.946395
4877	364	2.306387
4877	2096	2.283845
4877	2018	2.100127
4877	1022	1.948097
4877	595	1.804520
4877	2087	1.802056
4877	2294	1.717377
4877	1029	1.700285
4877	2085	1.690416
4877	1566	1.609056
4878	357	0.938915
4878	597	0.888013
4878	440	0.882711
4878	364	0.865314
4878	1	0.756157
4878	3114	0.732541
4878	2671	0.707535
4878	595	0.705747
4878	587	0.700919
4878	1265	0.698970
4879	1345	0.692943
4879	2193	0.589489
4879	2140	0.588966
4879	2161	0.573811
4879	3479	0.566325
4879	1073	0.556077
4879	2174	0.533232
4879	2872	0.528165
4879	2143	0.498811
4879	1350	0.497709
4882	1394	1.097193
4882	1079	1.012865
4882	3361	1.003703
4882	1080	0.941221
4882	1278	0.912850
4882	2973	0.759177
4882	3552	0.698240
4882	2791	0.681028
4882	1294	0.660032
4882	3424	0.624991
4883	2096	1.773418
4883	594	1.629563
4883	364	1.546563
4883	595	1.498110
4883	1029	1.431962
4883	2087	1.334788
4883	2078	1.241543
4883	2565	1.227970
4883	1028	1.099972
4883	596	1.094503
4884	904	1.113683
4884	1250	1.069674
4884	1204	0.927132
4884	1262	0.903928
4884	1219	0.878635
4884	1206	0.824998
4884	1247	0.807867
4884	3066	0.805067
4884	527	0.802203
4884	923	0.782010
4885	858	1.424458
4885	1262	1.304143
4885	1221	1.185844
4885	1196	1.146016
4885	1931	1.139991
4885	1207	1.057729
4885	527	1.031126
4885	923	0.963067
4885	318	0.904104
4885	1291	0.864852
4886	1356	1.844106
4886	1580	1.548682
4886	329	1.541817
4886	780	1.520731
4886	2528	1.518803
4886	1527	1.506097
4886	1376	1.498913
4886	1584	1.298448
4886	2916	1.287477
4886	3704	1.275375
4887	2378	1.397437
4887	2468	1.325283
4887	3385	1.323867
4887	2405	1.230503
4887	2796	1.229123
4887	1091	1.190334
4887	2471	1.141582
4887	2416	1.081826
4887	2088	0.955234
4887	2050	0.949314
4888	2300	1.344466
4888	898	1.117116
4888	1256	1.108818
4888	1278	0.990008
4888	1080	0.988217
4888	1230	0.918507
4888	3671	0.851345
4888	3504	0.819332
4888	1238	0.767680
4888	2973	0.691989
4889	1562	0.940466
4889	1371	0.767741
4889	1606	0.749263
4889	2471	0.620525
4889	1552	0.616760
4889	1591	0.592952
4889	1393	0.589695
4889	1779	0.581777
4889	95	0.567878
4889	173	0.542862
4890	904	0.913851
4890	2134	0.887516
4890	3591	0.852930
4890	2145	0.784007
4890	3087	0.707628
4890	2416	0.668121
4890	908	0.652346
4890	2931	0.634190
4890	2518	0.627176
4890	3497	0.613778
4892	3697	1.827400
4892	1037	1.793523
4892	329	1.650141
4892	1779	1.612519
4892	1917	1.596718
4892	1373	1.525964
4892	1676	1.522022
4892	1690	1.464941
4892	2393	1.442352
4892	1372	1.370096
4893	1967	1.488258
4893	160	1.315065
4893	3479	1.206075
4893	172	1.188180
4893	2986	1.176831
4893	1882	1.142561
4893	2005	1.139305
4893	2143	1.094430
4893	1073	1.082940
4893	1779	1.030577
4894	1200	1.734793
4894	1198	1.592452
4894	2028	1.558372
4894	2571	1.447845
4894	1210	1.245332
4894	1036	1.177687
4894	1291	1.155021
4894	858	1.146613
4894	1387	1.089073
4894	1242	0.988729
4895	296	0.866402
4895	50	0.852342
4895	527	0.818449
4895	2762	0.759735
4895	1213	0.743552
4895	1617	0.738303
4895	1704	0.632116
4895	2396	0.604718
4895	2028	0.560208
4895	1089	0.560171
4896	3753	1.706655
4896	3717	1.672469
4896	3510	1.581589
4896	3744	1.493843
4896	3745	1.311445
4896	3300	1.277249
4896	3484	1.238178
4896	3646	1.145577
4896	3536	1.108567
4896	3566	1.108381
4897	593	0.745526
4897	296	0.729108
4897	318	0.687265
4897	1213	0.601241
4897	1221	0.583539
4897	527	0.545782
4897	923	0.513063
4897	1207	0.508393
4897	1704	0.503673
4897	858	0.493866
4898	1278	1.254686
4898	1196	1.062333
4898	1240	1.009852
4898	3671	0.962746
4898	1345	0.944134
4898	1234	0.936311
4898	3359	0.887687
4898	1294	0.887615
4898	1200	0.856833
4898	1263	0.843962
4899	2161	1.115622
4899	2105	1.075416
4899	2054	0.867766
4899	1376	0.818094
4899	2021	0.736150
4899	2143	0.735830
4899	3479	0.691692
4899	2100	0.680715
4899	2470	0.657900
4899	2140	0.652978
4901	1982	0.782372
4901	1333	0.776067
4901	2087	0.769021
4901	750	0.739409
4901	1214	0.684495
4901	1250	0.670912
4901	1997	0.658908
4901	2784	0.633474
4901	1347	0.629228
4901	1206	0.621032
4902	2005	1.157124
4902	2193	1.103943
4902	1967	1.065924
4902	3479	1.052246
4902	1073	1.036107
4902	2797	0.984861
4902	316	0.951752
4902	2872	0.853662
4902	1372	0.825048
4902	2105	0.814218
4903	527	1.334876
4903	318	1.222333
4903	912	0.991311
4903	1213	0.919437
4903	1221	0.838516
4903	593	0.831779
4903	1276	0.829591
4903	908	0.768662
4903	111	0.745287
4903	608	0.733010
4904	2922	0.570330
4904	2915	0.546130
4904	2869	0.520856
4904	3508	0.503569
4904	3681	0.499569
4904	2951	0.488557
4904	3448	0.466886
4904	3685	0.452630
4904	3066	0.452168
4904	3903	0.447857
4905	1240	0.947265
4905	1214	0.907716
4905	1036	0.806619
4905	527	0.799365
4905	1196	0.795600
4905	608	0.774250
4905	2028	0.757842
4905	1263	0.740881
4905	593	0.722355
4905	318	0.721806
4906	373	1.028300
4906	3256	1.015508
4906	457	1.003924
4906	832	0.914394
4906	1625	0.762460
4906	1092	0.758229
4906	47	0.717853
4906	280	0.660308
4906	474	0.652657
4906	593	0.633327
4907	594	0.574883
4907	596	0.547218
4907	3643	0.518547
4907	1022	0.504466
4907	897	0.494869
4907	2096	0.464876
4907	3143	0.458097
4907	1965	0.449551
4907	2791	0.442688
4907	1580	0.439478
4908	594	1.358118
4908	588	1.208387
4908	595	1.101428
4908	3429	0.922287
4908	596	0.829903
4908	3489	0.800201
4908	2018	0.776916
4908	1265	0.764762
4908	367	0.715060
4908	2997	0.689692
4909	2918	1.683875
4909	3361	1.569892
4909	1307	1.400831
4909	2352	1.380196
4909	1968	1.370238
4909	3552	1.226102
4909	1257	1.176952
4909	1270	1.117226
4909	1285	1.108277
4909	2100	1.107058
4910	1240	1.994344
4910	1291	1.947153
4910	1200	1.714797
4910	1198	1.480875
4910	260	1.289840
4910	1610	1.288943
4910	1214	1.239467
4910	2028	1.223349
4910	1242	1.197058
4910	1287	1.196955
4911	3052	0.849972
4911	3055	0.763525
4911	3147	0.626742
4911	318	0.608198
4911	2959	0.605576
4911	1196	0.567066
4911	3175	0.529714
4911	2396	0.506795
4911	2599	0.498723
4911	2724	0.494997
4913	318	1.687891
4913	1213	1.274148
4913	50	1.043567
4913	912	0.946590
4913	1617	0.929959
4913	246	0.922005
4913	1193	0.907124
4913	2858	0.882146
4913	34	0.857654
4913	1192	0.796852
4914	296	1.632513
4914	527	1.367819
4914	2762	1.338950
4914	2571	1.332871
4914	50	1.304107
4914	2858	1.277292
4914	1617	1.231726
4914	110	1.230505
4914	1089	1.191433
4914	34	1.174010
4915	1291	1.342161
4915	1240	1.176274
4915	1200	0.993154
4915	1197	0.940007
4915	1376	0.857642
4915	1214	0.854304
4915	2916	0.847618
4915	1097	0.834325
4915	1127	0.829566
4915	3527	0.827253
4916	2350	0.743530
4916	813	0.721318
4916	339	0.714653
4916	1353	0.626452
4916	486	0.599068
4916	1005	0.560168
4916	1485	0.557185
4916	1894	0.553026
4916	3243	0.547599
4916	2082	0.538393
4917	3435	1.272398
4917	1284	1.076913
4917	1248	1.037572
4917	2066	1.007227
4917	922	0.918348
4917	2186	0.915154
4917	1260	0.832911
4917	903	0.830108
4917	904	0.807655
4917	1069	0.784660
4918	2989	0.518625
4918	1573	0.501303
4918	1370	0.435967
4918	10	0.428627
4918	431	0.423751
4918	2353	0.404640
4918	1466	0.399678
4918	1429	0.393483
4918	1527	0.386676
4918	1805	0.380089
4919	593	1.713113
4919	1213	1.453568
4919	50	1.279023
4919	2858	1.120974
4919	527	1.109515
4919	1617	1.052009
4919	2028	1.023676
4919	858	0.903697
4919	1704	0.896074
4919	589	0.895933
4920	2186	1.835443
4920	904	1.820412
4920	3435	1.806066
4920	923	1.599857
4920	903	1.589679
4920	1260	1.441481
4920	1212	1.354966
4920	2066	1.138703
4920	1207	1.098769
4920	1069	1.052739
4921	2353	1.479875
4921	474	1.351570
4921	733	1.276443
4921	47	1.118846
4921	2916	1.052336
4921	1573	1.045892
4921	377	1.037109
4921	349	0.840822
4921	2571	0.725349
4921	1089	0.722956
4922	2916	1.350626
4922	2571	0.968033
4922	1573	0.901135
4922	1909	0.875340
4922	1527	0.869015
4922	589	0.861323
4922	1396	0.857561
4922	1356	0.822307
4922	1921	0.714181
4922	2985	0.686994
4923	593	0.864627
4923	2997	0.833943
4923	608	0.831771
4923	318	0.755768
4923	1221	0.732505
4923	2381	0.695883
4923	2383	0.690833
4923	50	0.688538
4923	296	0.646761
4923	2382	0.635468
4924	296	2.067407
4924	527	1.947181
4924	2858	1.382040
4924	1089	1.278517
4924	2762	1.203515
4924	1704	1.112594
4924	1358	1.072322
4924	1193	0.942168
4924	1221	0.917528
4924	111	0.916970
4925	1294	1.195705
4925	947	1.133713
4925	1136	1.060288
4925	898	1.056909
4925	2251	0.958267
4925	2396	0.914685
4925	1230	0.896494
4925	1080	0.849594
4925	235	0.838980
4925	1079	0.834646
4927	296	1.303207
4927	1213	1.169978
4927	50	1.013633
4927	2028	0.929365
4927	1358	0.888676
4927	1089	0.888453
4927	1617	0.877995
4927	150	0.855454
4927	36	0.826429
4927	1265	0.695125
4928	1617	0.950899
4928	903	0.850759
4928	593	0.775688
4928	1089	0.709726
4928	1343	0.689531
4928	608	0.654400
4928	1267	0.632446
4928	47	0.630908
4928	457	0.605750
4928	2571	0.583021
4929	1252	1.219812
4929	1267	1.095444
4929	750	0.923806
4929	912	0.900652
4929	1237	0.888226
4929	1104	0.871259
4929	3435	0.831501
4929	1617	0.790128
4929	926	0.773825
4929	1284	0.768051
4930	1947	2.114193
4930	1035	1.824016
4930	1028	1.812739
4930	918	1.618489
4930	914	1.608385
4930	1951	1.604619
4930	1022	1.578218
4930	595	1.539975
4930	3549	1.512480
4930	2096	1.472687
4931	2770	1.563207
4931	2355	1.403405
4931	2605	1.343404
4931	1093	1.341945
4931	2881	1.283520
4931	3203	1.277349
4931	2683	1.241179
4931	2694	1.204012
4931	2599	1.154090
4931	1316	1.134115
4932	1220	0.697362
4932	3039	0.678136
4932	1127	0.611799
4932	1255	0.584547
4932	3210	0.577410
4932	3702	0.562496
4932	3685	0.549576
4932	2100	0.538684
4932	2150	0.525754
4932	1663	0.515376
4933	3747	1.179255
4933	2769	0.862780
4933	3794	0.837394
4933	3893	0.831108
4933	3948	0.804859
4933	3897	0.785272
4933	3952	0.743375
4933	3319	0.735556
4933	3320	0.713706
4933	3756	0.677853
4934	905	0.661100
4934	3087	0.552911
4934	914	0.538935
4934	3623	0.520400
4934	1947	0.504652
4934	945	0.467464
4934	1135	0.463476
4934	2218	0.457673
4934	2144	0.448116
4934	3097	0.441664
4936	608	1.791755
4936	1213	1.632004
4936	527	1.275276
4936	2762	1.155163
4936	34	1.147238
4936	2028	1.087825
4936	858	1.066681
4936	1221	1.060934
4936	1617	1.043483
4936	1089	1.006589
4937	3317	1.229941
4937	3783	1.018899
4937	3751	1.017672
4937	3893	0.983975
4937	3534	0.913500
4937	3948	0.854469
4937	3355	0.818961
4937	2769	0.785171
4937	3556	0.783190
4937	3242	0.777079
4938	2694	2.640769
4938	3005	2.270889
4938	2433	2.249583
4938	2770	2.206530
4938	1911	2.105651
4938	1093	1.980129
4938	2541	1.956630
4938	223	1.870178
4938	2710	1.867614
4938	2707	1.756163
4939	1376	0.802864
4939	1127	0.787922
4939	2640	0.771651
4939	2470	0.712848
4939	2406	0.674273
4939	2407	0.644369
4939	1580	0.628878
4939	2916	0.601798
4939	1356	0.596968
4939	2750	0.586212
4940	900	0.566007
4940	1307	0.523554
4940	914	0.520735
4940	1080	0.458624
4940	2989	0.456718
4940	3462	0.450302
4940	899	0.431205
4940	1932	0.424682
4940	1079	0.421834
4940	1394	0.408033
4941	3055	1.180494
4941	3081	1.085423
4941	2959	1.063348
4941	2908	0.786998
4941	223	0.774871
4941	2396	0.743719
4941	3238	0.723251
4941	2889	0.718476
4941	2712	0.691009
4941	3006	0.682153
4942	1022	1.080669
4942	1029	1.032808
4942	594	0.959715
4942	1282	0.938762
4942	2087	0.821703
4942	588	0.811767
4942	2081	0.795484
4942	364	0.789549
4942	2922	0.783643
4942	2797	0.752419
4945	1198	0.963628
4945	1387	0.788273
4945	1200	0.734541
4945	1214	0.733810
4945	1293	0.724606
4945	2947	0.720829
4945	457	0.697557
4945	110	0.697104
4945	1036	0.679270
4945	1240	0.666619
4946	2096	1.429880
4946	1029	1.314835
4946	364	1.131872
4946	2565	1.130417
4946	2087	1.089307
4946	588	1.073009
4946	2018	1.068201
4946	1248	0.965358
4946	899	0.963863
4946	596	0.953656
4947	2565	1.187741
4947	918	0.968573
4947	1951	0.870855
4947	914	0.869488
4947	3675	0.797851
4947	900	0.783172
4947	938	0.779273
4947	1028	0.778315
4947	935	0.770927
4947	1022	0.719707
4948	1350	0.797193
4948	864	0.690066
4948	1982	0.685871
4948	1345	0.655578
4948	302	0.623022
4948	1994	0.560303
4948	3018	0.549089
4948	1219	0.526188
4948	1214	0.523098
4948	2080	0.511645
4949	608	1.424777
4949	593	1.410514
4949	50	1.099864
4949	527	1.095361
4949	1617	1.035616
4949	3006	1.021445
4949	2028	0.967740
4949	2396	0.966935
4949	3174	0.858128
4949	3147	0.832547
4950	3137	0.669590
4950	760	0.583450
4950	1247	0.536322
4950	1397	0.471993
4950	621	0.454842
4950	3143	0.439885
4950	2927	0.430321
4950	1651	0.424686
4950	3317	0.416817
4950	3744	0.414023
4951	1846	0.893333
4951	263	0.748122
4951	2538	0.485071
4951	2697	0.475631
4951	3568	0.431009
4951	3677	0.415281
4951	3533	0.408812
4951	3456	0.398466
4951	3242	0.389229
4951	2824	0.378777
4952	1641	0.809315
4952	1393	0.699387
4952	357	0.677721
4952	1060	0.641457
4952	52	0.614815
4952	3253	0.608102
4952	1704	0.600362
4952	2321	0.598944
4952	529	0.586748
4952	1265	0.571592
4953	316	1.257189
4953	1876	1.205683
4953	1391	1.191390
4953	1909	1.161336
4953	2353	1.096317
4953	2628	1.051668
4953	2916	1.025145
4953	1917	0.991117
4953	198	0.958241
4953	3697	0.916623
4954	3039	0.871816
4954	1307	0.742781
4954	2915	0.658561
4954	1968	0.637499
4954	3361	0.620451
4954	1663	0.602470
4954	3526	0.556987
4954	3608	0.537662
4954	2144	0.526267
4954	2352	0.517459
4956	1235	0.609610
4956	1278	0.593608
4956	1294	0.553580
4956	1288	0.541010
4956	1230	0.538868
4956	1123	0.521925
4956	3702	0.516596
4956	3504	0.512056
4956	1394	0.482311
4956	1240	0.471848
4957	1975	2.896898
4957	1979	2.890943
4957	1984	2.268172
4957	1981	2.149833
4957	1971	1.685510
4957	891	1.656706
4957	2614	1.581357
4957	1970	1.487035
4957	2121	1.420094
4957	1969	1.335212
4958	2794	1.154997
4958	1029	1.046832
4958	364	1.026930
4958	1282	0.944446
4958	783	0.942301
4958	594	0.934009
4958	2078	0.898889
4958	2018	0.872137
4958	1091	0.850567
4958	3385	0.849922
4959	2640	0.761936
4959	1372	0.743596
4959	1374	0.646261
4959	1375	0.624528
4959	2916	0.616891
4959	3699	0.589266
4959	480	0.582926
4959	457	0.558067
4959	329	0.507038
4959	592	0.499939
4960	2770	0.646431
4960	2096	0.635565
4960	2355	0.635176
4960	134	0.608463
4960	2078	0.583320
4960	2090	0.577532
4960	2599	0.572923
4960	2089	0.564077
4960	1032	0.546580
4960	1022	0.544647
4961	3494	2.724034
4961	599	2.570782
4961	1379	2.086913
4961	1201	1.853044
4961	416	1.641318
4961	458	1.555704
4961	210	1.545153
4961	1209	1.504755
4961	1007	1.447659
4961	3487	1.440136
4962	281	0.487878
4962	1729	0.480854
4962	1962	0.479420
4962	1357	0.468054
4962	2114	0.465245
4962	3360	0.458579
4962	1271	0.449206
4962	1958	0.424456
4962	3098	0.414597
4962	1810	0.410851
4963	1393	0.862523
4963	1271	0.675990
4963	1721	0.655687
4963	529	0.619438
4963	1678	0.602776
4963	17	0.596226
4963	3100	0.566844
4963	1575	0.554108
4963	2501	0.542673
4963	1682	0.540113
4964	2803	0.991737
4964	1625	0.794040
4964	373	0.768344
4964	18	0.745584
4964	132	0.744195
4964	463	0.683051
4964	280	0.643964
4964	1892	0.635330
4964	225	0.627859
4964	2841	0.627468
4965	3555	1.140152
4965	3354	1.136677
4965	2688	0.949578
4965	3624	0.934585
4965	2712	0.916710
4965	2716	0.898036
4965	3793	0.895840
4965	3409	0.893537
4965	3408	0.862230
4965	3081	0.861448
4966	1036	2.454925
4966	1610	2.197768
4966	1291	2.132201
4966	1210	1.879548
4966	2194	1.832221
4966	2529	1.767439
4966	1242	1.681197
4966	1196	1.673527
4966	2028	1.639858
4966	1387	1.589401
4967	1676	0.920738
4967	329	0.854333
4967	1372	0.852965
4967	1917	0.846404
4967	2628	0.827643
4967	1573	0.810719
4967	1909	0.765374
4967	2393	0.732891
4967	3697	0.715899
4967	253	0.714870
4972	1265	1.108523
4972	3253	1.076069
4972	1883	1.054254
4972	39	0.973530
4972	2700	0.924534
4972	69	0.862526
4972	2108	0.771123
4972	2321	0.734129
4972	1747	0.723054
4972	357	0.716137
4973	3468	1.282688
4973	1262	1.112161
4973	1084	1.088011
4973	912	0.963421
4973	904	0.922463
4973	923	0.884276
4973	908	0.874878
4973	1193	0.853916
4973	111	0.831575
4973	541	0.760219
4975	1082	1.029228
4975	1080	0.907894
4975	3359	0.907529
4975	1278	0.777769
4975	3421	0.775684
4975	1214	0.738432
4975	2109	0.719078
4975	1272	0.701594
4975	2866	0.648627
4975	260	0.642191
4976	2001	0.948721
4976	3635	0.812396
4976	2949	0.781925
4976	329	0.659005
4976	1374	0.618436
4976	316	0.611173
4976	3640	0.608628
4976	3082	0.603665
4976	3633	0.588277
4976	2393	0.563380
4977	3635	0.866241
4977	3763	0.803018
4977	2002	0.720855
4977	2247	0.687917
4977	3082	0.617010
4977	3263	0.561111
4977	3760	0.548498
4977	2753	0.532782
4977	2003	0.500119
4977	2406	0.492576
4978	1527	1.486691
4978	610	1.319464
4978	2528	1.318414
4978	2640	1.298365
4978	2009	1.294295
4978	480	1.270976
4978	1356	1.198828
4978	1653	1.163322
4978	1376	1.117236
4978	1372	1.105181
4979	3690	1.859767
4979	2380	1.373482
4979	1325	1.264911
4979	2382	1.260730
4979	2458	1.259299
4979	2379	1.251495
4979	437	1.102767
4979	3667	1.077847
4979	3938	1.052470
4979	2383	1.046332
4980	1036	0.642348
4980	1672	0.599590
4980	1610	0.532188
4980	454	0.529921
4980	1240	0.522849
4980	457	0.483253
4980	1196	0.476869
4980	260	0.465878
4980	2947	0.454558
4980	1210	0.452757
4981	339	1.533213
4981	7	1.302860
4981	1353	1.190557
4981	1888	1.147252
4981	1569	1.125231
4981	2671	1.033211
4981	1409	1.007257
4981	1894	1.004419
4981	440	0.971784
4981	1777	0.937945
4982	1210	1.694109
4982	2571	1.667645
4982	1214	1.569364
4982	260	1.485563
4982	1198	1.432971
4982	589	1.327100
4982	2288	1.250777
4982	3702	1.239642
4982	541	1.232143
4982	1387	1.157520
4983	783	1.418562
4983	1907	1.357560
4983	2096	1.310094
4983	1688	1.129880
4983	2085	1.106524
4983	1025	1.070071
4983	1566	1.013712
4983	1032	0.993549
4983	2048	0.990085
4983	2092	0.945723
4984	3010	1.088234
4984	1728	0.701230
4984	1678	0.686097
4984	1190	0.655043
4984	1672	0.648874
4984	3333	0.639562
4984	1611	0.619596
4984	2106	0.598728
4984	14	0.589895
4984	1360	0.588348
4985	349	1.574698
4985	1552	1.434022
4985	2115	1.359569
4985	1722	1.359511
4985	3082	1.312503
4985	3107	1.209939
4985	165	1.121131
4985	2278	1.046735
4985	2763	1.036411
4985	3256	1.007707
4987	733	1.352531
4987	349	1.304829
4987	10	1.280506
4987	1356	1.221381
4987	480	1.119616
4987	1722	1.062121
4987	780	1.004378
4987	2628	0.972516
4987	3107	0.963749
4987	1909	0.958076
4989	34	0.800961
4989	608	0.756743
4989	1265	0.748443
4989	1580	0.738938
4989	2324	0.715098
4989	110	0.701952
4989	480	0.695804
4989	3418	0.685005
4989	1393	0.674638
4989	150	0.666641
4990	1111	1.306123
4990	246	1.083306
4990	2859	1.018967
4990	1147	0.900915
4990	556	0.886460
4990	3361	0.824253
4990	1192	0.822630
4990	3424	0.765724
4990	2693	0.761175
4990	1191	0.748765
4993	928	0.969801
4993	920	0.961243
4993	902	0.941634
4993	914	0.906700
4993	912	0.790350
4993	916	0.704871
4993	2020	0.671870
4993	898	0.645942
4993	1947	0.607528
4993	2969	0.602195
4994	1221	0.750119
4994	1	0.644865
4994	1234	0.600142
4994	912	0.591156
4994	1394	0.590748
4994	1276	0.582390
4994	1080	0.563523
4994	50	0.562080
4994	1589	0.533827
4994	1805	0.527778
4995	457	0.658158
4995	3496	0.623685
4995	589	0.618545
4995	263	0.589116
4995	3418	0.536785
4995	1089	0.508863
4995	232	0.474751
4995	588	0.464314
4995	2562	0.454545
4995	293	0.452560
4997	1550	0.955817
4997	2027	0.928009
4997	460	0.867486
4997	637	0.757919
4997	881	0.685276
4997	3773	0.683676
4997	575	0.659429
4997	231	0.659361
4997	135	0.657303
4997	2799	0.657232
4998	608	0.817263
4998	593	0.725914
4998	296	0.693736
4998	1213	0.693478
4998	318	0.656763
4998	1777	0.632796
4998	339	0.605279
4998	597	0.602536
4998	858	0.593612
4998	47	0.524153
4999	1394	1.309280
4999	3421	1.273796
4999	1294	1.167937
4999	1307	0.986314
4999	2791	0.880451
4999	1292	0.879305
4999	2788	0.855963
4999	2716	0.845889
4999	1288	0.834705
4999	1136	0.833971
5000	2796	0.781439
5000	2072	0.681197
5000	2411	0.662358
5000	3688	0.643514
5000	2794	0.642876
5000	2372	0.625368
5000	2259	0.622953
5000	2717	0.601253
5000	2374	0.595300
5000	2786	0.578446
5001	1650	0.653100
5001	3379	0.460327
5001	3217	0.427246
5001	302	0.415704
5001	1038	0.410110
5001	838	0.409510
5001	563	0.400859
5001	715	0.399703
5001	357	0.379997
5001	2620	0.368911
5002	594	0.638316
5002	1035	0.619307
5002	588	0.600287
5002	1282	0.568691
5002	364	0.555894
5002	2096	0.510560
5002	1022	0.497201
5002	1350	0.483727
5002	2118	0.482754
5002	1345	0.453526
5003	1676	2.316543
5003	1573	2.253664
5003	2393	1.867804
5003	1584	1.780346
5003	1876	1.593704
5003	198	1.585830
5003	1917	1.526119
5003	1396	1.519904
5003	1374	1.423229
5003	2046	1.411326
5004	1394	0.913643
5004	1079	0.818857
5004	1307	0.769919
5004	1230	0.760761
5004	1278	0.712360
5004	1294	0.705700
5004	1968	0.675711
5004	1136	0.654723
5004	1276	0.648492
5004	2791	0.646940
5005	2233	0.600000
5005	566	0.540918
5005	1841	0.475877
5005	3252	0.450991
5005	1624	0.446291
5005	193	0.438430
5005	2551	0.433405
5005	3591	0.423073
5005	613	0.398772
5005	2114	0.392530
5006	930	1.414029
5006	2398	1.196509
5006	594	1.077172
5006	913	1.001898
5006	941	0.950893
5006	1022	0.945385
5006	1212	0.924519
5006	2204	0.923663
5006	3334	0.913776
5006	2018	0.898411
5008	1291	0.727212
5008	1261	0.620824
5008	2640	0.609033
5008	2174	0.577337
5008	1931	0.552163
5008	1580	0.544501
5008	1967	0.529223
5008	2161	0.521966
5008	2947	0.497191
5008	2872	0.489607
5009	1148	1.535485
5009	1278	1.224916
5009	3114	1.219226
5009	1079	1.141655
5009	3421	1.070935
5009	2918	1.066832
5009	3361	1.014081
5009	1080	0.998868
5009	910	0.973513
5009	1234	0.947668
5010	1272	1.852480
5010	1090	1.437178
5010	1262	1.282679
5010	3367	1.246809
5010	897	1.239624
5010	3196	1.088024
5010	3406	1.046621
5010	3366	0.901459
5010	527	0.892867
5010	1196	0.884959
5011	2050	0.764288
5011	1371	0.581462
5011	2450	0.576145
5011	3698	0.557165
5011	1375	0.549594
5011	2615	0.543542
5011	2471	0.501762
5011	2783	0.493587
5011	308	0.475988
5011	2393	0.455284
5013	1252	1.257702
5013	541	1.068733
5013	750	1.056575
5013	1240	1.054019
5013	2186	1.042551
5013	1214	1.002637
5013	2951	0.909302
5013	1200	0.907835
5013	1206	0.855497
5013	2948	0.854588
5014	1371	1.992349
5014	2393	1.931676
5014	780	1.928004
5014	2046	1.475646
5014	2105	1.472611
5014	2640	1.434219
5014	3701	1.427787
5014	1320	1.391358
5014	1527	1.361001
5014	2641	1.350649
5015	2947	0.857047
5015	1370	0.771008
5015	2944	0.654135
5015	3702	0.610658
5015	897	0.584875
5015	1610	0.557606
5015	1200	0.551852
5015	3256	0.548996
5015	733	0.542747
5015	1201	0.534549
5016	766	0.707966
5016	2509	0.676751
5016	2298	0.645097
5016	1678	0.547271
5016	1650	0.543248
5016	802	0.515678
5016	2671	0.507241
5016	3045	0.481991
5016	3496	0.473161
5016	452	0.457891
5017	1036	2.112953
5017	2571	2.016329
5017	2947	1.949374
5017	1210	1.941551
5017	1387	1.935437
5017	1242	1.742698
5017	1221	1.627576
5017	457	1.609250
5017	1197	1.527298
5017	1954	1.364038
5018	1120	0.677871
5018	436	0.550434
5018	1271	0.539844
5018	150	0.532983
5018	3100	0.530821
5018	805	0.529902
5018	114	0.527310
5018	2862	0.494797
5018	1487	0.484478
5018	300	0.477134
5019	2948	0.815706
5019	110	0.774618
5019	2291	0.760813
5019	457	0.661457
5019	1171	0.656782
5019	1259	0.631303
5019	480	0.589870
5019	2947	0.557499
5019	1036	0.552958
5019	2160	0.529568
5020	1345	1.394265
5020	1997	1.132754
5020	2642	1.130222
5020	3727	1.055651
5020	2644	1.000007
5020	2646	0.932863
5020	1258	0.909843
5020	2455	0.904837
5020	1321	0.874435
5020	1982	0.872055
5021	1208	1.518708
5021	3196	1.397169
5021	1090	1.153138
5021	3066	1.008638
5021	3670	0.969090
5021	1927	0.955735
5021	912	0.936466
5021	1944	0.927436
5021	969	0.913578
5021	1299	0.867578
5022	1198	2.161655
5022	1214	1.862017
5022	1036	1.663568
5022	1291	1.418654
5022	2571	1.358314
5022	1210	1.267253
5022	589	1.247173
5022	2947	1.139496
5022	1201	1.098518
5022	1242	1.061614
5023	1029	0.973660
5023	2565	0.954861
5023	594	0.880767
5023	1282	0.863263
5023	2087	0.824074
5023	2018	0.795689
5023	588	0.762969
5023	2081	0.751982
5023	1028	0.738563
5023	2099	0.721769
5024	3671	0.919337
5024	1294	0.892993
5024	1276	0.883371
5024	910	0.854994
5024	905	0.810534
5024	898	0.791046
5024	1080	0.701859
5024	1136	0.686646
5024	921	0.678074
5024	3504	0.665616
5025	3361	0.901849
5025	2174	0.874133
5025	1307	0.856774
5025	2797	0.758788
5025	3210	0.728726
5025	1259	0.702348
5025	1394	0.676322
5025	3039	0.669398
5025	2791	0.623639
5025	1288	0.616234
5026	2381	2.692942
5026	3690	2.518358
5026	3667	2.117016
5026	3042	1.818482
5026	3041	1.814976
5026	2149	1.576352
5026	437	1.500287
5026	1822	1.394960
5026	2799	1.372499
5026	470	1.362134
5029	316	0.816962
5029	780	0.812210
5029	339	0.780755
5029	1356	0.769897
5029	1375	0.762277
5029	597	0.738587
5029	708	0.732592
5029	2671	0.714267
5029	1371	0.702644
5029	357	0.673952
5031	1393	1.155926
5031	1183	1.103644
5031	539	1.020959
5031	1094	0.993227
5031	39	0.985872
5031	302	0.981731
5031	497	0.888859
5031	597	0.851695
5031	1265	0.818607
5031	3046	0.795989
5032	3552	1.423950
5032	2134	1.368925
5032	1663	1.204973
5032	2423	1.127892
5032	3210	1.081413
5032	1079	1.021355
5032	2918	1.003247
5032	2915	0.973848
5032	2469	0.911550
5032	2371	0.901483
5033	1029	2.136926
5033	1022	1.985513
5033	3549	1.825936
5033	595	1.745054
5033	900	1.661259
5033	945	1.534509
5033	1380	1.517961
5033	2081	1.474037
5033	2096	1.311417
5033	3604	1.303982
5034	1320	1.337391
5034	3697	1.263348
5034	1603	1.215038
5034	329	1.184517
5034	196	1.177017
5034	780	1.136144
5034	435	1.109820
5034	2094	1.095325
5034	173	1.093997
5034	1037	1.091194
5035	2794	1.122476
5035	1091	1.011431
5035	2375	0.858475
5035	2717	0.817412
5035	2405	0.805907
5035	3388	0.755808
5035	3385	0.745800
5035	1855	0.722872
5035	276	0.716276
5035	2478	0.710663
5036	1513	2.009432
5036	2581	1.886744
5036	2490	1.868675
5036	2719	1.767970
5036	2734	1.758124
5036	3219	1.712997
5036	2598	1.691034
5036	1911	1.674226
5036	2716	1.641924
5036	2605	1.621623
5037	3578	0.707325
5037	1573	0.622528
5037	1265	0.590179
5037	589	0.586269
5037	1610	0.576367
5037	3555	0.573506
5037	3793	0.571689
5037	3623	0.571561
5037	480	0.564250
5037	1580	0.556481
5038	385	1.123001
5038	1997	0.600942
5038	1214	0.548356
5038	1219	0.540353
5038	418	0.526235
5038	1699	0.523306
5038	1221	0.508927
5038	1234	0.503405
5038	3037	0.499067
5038	3671	0.494083
5039	2849	0.894427
5039	1213	0.849416
5039	103	0.837975
5039	3490	0.779211
5039	1227	0.766298
5039	1089	0.739661
5039	240	0.677550
5039	3735	0.669561
5039	2511	0.668529
5039	3364	0.667374
5040	1676	2.269654
5040	1909	1.900898
5040	329	1.894633
5040	2393	1.829220
5040	1372	1.724018
5040	1320	1.682787
5040	748	1.585536
5040	2094	1.500137
5040	1690	1.437932
5040	1375	1.355025
5041	3039	1.156449
5041	2915	1.012228
5041	3210	0.961339
5041	2174	0.941813
5041	2000	0.931645
5041	3552	0.928815
5041	2100	0.886048
5041	1079	0.873643
5041	1968	0.860807
5041	1307	0.854752
5042	3449	0.822442
5042	779	0.505699
5042	1902	0.504574
5042	2437	0.488381
5042	2573	0.483701
5042	501	0.480603
5042	3105	0.478258
5042	388	0.453288
5042	1728	0.451605
5042	2928	0.433058
5044	1947	1.013103
5044	2997	0.970920
5044	2565	0.888514
5044	2321	0.880597
5044	1188	0.820786
5044	441	0.762228
5044	1	0.698191
5044	357	0.697021
5044	1380	0.681996
5044	1028	0.681711
5045	1136	1.075172
5045	1234	1.073828
5045	1394	1.066290
5045	1278	1.029181
5045	1080	0.942223
5045	1	0.920639
5045	1294	0.892125
5045	1148	0.885335
5045	3361	0.812332
5045	34	0.784974
5046	914	0.680304
5046	3549	0.563167
5046	1035	0.562064
5046	3427	0.542859
5046	900	0.496072
5046	745	0.489129
5046	1951	0.457810
5046	599	0.441753
5046	1283	0.434557
5046	945	0.433708
5047	3697	2.499725
5047	1391	2.435410
5047	1909	2.142948
5047	2094	2.095294
5047	2628	2.003265
5047	1371	1.928737
5047	442	1.853207
5047	1580	1.849719
5047	2916	1.810398
5047	1779	1.805471
5048	1193	0.863851
5048	750	0.863008
5048	1221	0.829206
5048	1262	0.812536
5048	1952	0.793922
5048	1247	0.762173
5048	527	0.758016
5048	3196	0.732641
5048	318	0.726309
5048	1267	0.703880
5049	150	0.708255
5049	2291	0.696205
5049	36	0.680487
5049	34	0.600580
5049	1265	0.552389
5049	235	0.484378
5049	778	0.458916
5049	1171	0.457341
5049	1682	0.450572
5049	1423	0.436218
5050	357	0.707348
5050	339	0.701720
5050	3481	0.671052
5050	3253	0.649162
5050	2671	0.644826
5050	356	0.643676
5050	708	0.638375
5050	1777	0.634516
5050	11	0.616600
5050	539	0.577071
5051	3238	0.809113
5051	3163	0.769436
5051	2396	0.762402
5051	3185	0.716252
5051	2907	0.714113
5051	2599	0.693050
5051	318	0.656416
5051	3052	0.649991
5051	223	0.631462
5051	296	0.623662
5053	34	0.992910
5053	2333	0.845389
5053	1089	0.812678
5053	50	0.732249
5053	2716	0.722976
5053	296	0.701009
5053	1704	0.687407
5053	2858	0.679877
5053	2712	0.668998
5053	2318	0.668716
5054	1917	0.775009
5054	780	0.709128
5054	1676	0.645115
5054	1372	0.624293
5054	1527	0.616414
5054	329	0.593293
5054	3697	0.589984
5054	1573	0.589156
5054	2012	0.529390
5054	1320	0.493901
5055	1252	1.095395
5055	1260	1.046237
5055	2066	0.933294
5055	2186	0.878965
5055	2401	0.872513
5055	2922	0.871332
5055	1674	0.870514
5055	1069	0.829903
5055	3683	0.783930
5055	3508	0.780875
5056	2424	1.013274
5056	2469	0.964808
5056	539	0.894545
5056	500	0.885156
5056	597	0.877468
5056	1777	0.809537
5056	708	0.801935
5056	3501	0.720524
5056	587	0.700378
5056	252	0.653033
5057	1196	1.245313
5057	1198	1.203045
5057	1240	1.188710
5057	1304	1.092191
5057	1200	1.040217
5057	1206	0.924214
5057	1276	0.874670
5057	318	0.872955
5057	1278	0.864936
5057	2028	0.856173
5058	2206	2.298919
5058	1086	1.903034
5058	1267	1.174143
5058	2467	1.139060
5058	1617	1.098790
5058	3435	1.011317
5058	1248	0.999722
5058	922	0.931618
5058	930	0.928361
5058	2186	0.911795
5059	132	1.450583
5059	463	1.409618
5059	640	1.274533
5059	1917	1.257598
5059	103	1.188232
5059	291	1.102956
5059	2338	1.031350
5059	1544	1.009903
5059	1792	0.923302
5059	217	0.899276
5060	745	1.212555
5060	1136	0.761074
5060	527	0.705618
5060	1080	0.690896
5060	912	0.683954
5060	1278	0.635374
5060	318	0.588585
5060	34	0.586958
5060	608	0.561452
5060	3421	0.559540
5061	1200	1.829572
5061	260	1.787818
5061	2916	1.628720
5061	541	1.540921
5061	3471	1.491142
5061	2529	1.322759
5061	1270	1.322039
5061	29	1.218266
5061	480	1.211180
5061	1097	1.182105
5063	914	0.912311
5063	2081	0.778179
5063	943	0.661240
5063	1094	0.632267
5063	2020	0.600523
5063	2174	0.587028
5063	2062	0.586686
5063	1307	0.564592
5063	364	0.519977
5063	1674	0.517797
5064	2571	1.312196
5064	1240	1.165236
5064	1214	1.101190
5064	1196	0.933968
5064	1610	0.928534
5064	1089	0.899588
5064	1036	0.879353
5064	110	0.864743
5064	47	0.840089
5064	3703	0.728048
5065	2096	2.019707
5065	1022	1.796388
5065	2137	1.679238
5065	2294	1.604766
5065	364	1.588954
5065	783	1.561005
5065	1032	1.497415
5065	2087	1.436975
5065	2687	1.368994
5065	588	1.366259
5066	593	1.387734
5066	527	1.182914
5066	1207	1.065533
5066	1225	1.054832
5066	923	1.014606
5066	1221	0.951824
5066	1247	0.883433
5066	608	0.878853
5066	296	0.815679
5066	1213	0.798437
5067	912	1.697352
5067	904	1.107852
5067	1267	1.083961
5067	750	0.966331
5067	923	0.956241
5067	922	0.888390
5067	919	0.874759
5067	903	0.845601
5067	1193	0.827562
5067	950	0.794824
5068	1302	1.362186
5068	1961	1.228136
5068	2114	1.070047
5068	2739	0.838211
5068	3098	0.834179
5068	1307	0.787906
5068	3480	0.757904
5068	3361	0.719611
5068	1956	0.702009
5068	1096	0.653381
5070	914	0.729575
5070	1952	0.716124
5070	912	0.691222
5070	1263	0.680449
5070	1272	0.679736
5070	1214	0.657193
5070	899	0.652141
5070	1207	0.648865
5070	1193	0.591599
5070	1206	0.588690
5071	2916	1.871123
5071	1573	1.782256
5071	349	1.740351
5071	780	1.578998
5071	733	1.516090
5071	316	1.470121
5071	480	1.356632
5071	329	1.334774
5071	2628	1.329421
5071	10	1.270551
5072	256	0.957216
5072	2526	0.913646
5072	1831	0.912645
5072	2642	0.895336
5072	185	0.864614
5072	1375	0.839418
5072	3014	0.825464
5072	2986	0.803758
5072	1779	0.787854
5072	1037	0.783876
5074	392	0.595442
5074	2359	0.537196
5074	1720	0.455842
5074	2332	0.455842
5074	2887	0.455842
5074	1641	0.432934
5074	268	0.426120
5074	1998	0.420337
5074	2611	0.413400
5074	52	0.411718
5075	1580	1.763618
5075	1374	1.570123
5075	2916	1.356945
5075	2455	1.314726
5075	1240	1.312962
5075	3699	1.297868
5075	2571	1.297634
5075	1584	1.160036
5075	3703	1.159902
5075	1376	1.010443
5076	3039	1.486972
5076	3072	1.481494
5076	2918	1.409296
5076	1968	1.362200
5076	2791	1.294209
5076	1663	1.200868
5076	2352	1.197694
5076	3685	1.171120
5076	2174	1.165721
5076	1288	1.130733
5077	785	0.644799
5077	1610	0.610771
5077	457	0.590479
5077	223	0.550918
5077	2599	0.536661
5077	2916	0.531886
5077	2716	0.517657
5077	6	0.515545
5077	733	0.497772
5077	2712	0.494993
5078	1375	1.547872
5078	329	1.412048
5078	2528	1.092575
5078	2021	1.091388
5078	2105	0.960491
5078	2641	0.935541
5078	1356	0.799689
5078	316	0.756673
5078	1278	0.737891
5078	3704	0.714145
5079	1225	1.188468
5079	318	1.105474
5079	1090	0.956778
5079	1193	0.932879
5079	593	0.858192
5079	527	0.849801
5079	1208	0.838460
5079	912	0.822013
5079	1957	0.753297
5079	1207	0.743864
5080	3757	0.971853
5080	3847	0.746433
5080	2460	0.587497
5080	2001	0.576086
5080	3769	0.575199
5080	3760	0.554924
5080	3445	0.535391
5080	1552	0.526646
5080	3763	0.511503
5080	3263	0.506256
5081	2694	1.440843
5081	2706	1.236342
5081	2683	1.208651
5081	527	1.102001
5081	2858	1.030184
5081	2699	0.939622
5081	2433	0.904137
5081	2028	0.867193
5081	2572	0.818906
5081	260	0.815618
5082	3094	0.427996
5082	1185	0.417952
5082	3358	0.384326
5082	3038	0.365558
5082	560	0.358733
5082	2750	0.357829
5082	2897	0.338578
5082	1123	0.333107
5082	2776	0.327978
5082	2791	0.326544
5083	2096	0.719201
5083	2986	0.686754
5083	1831	0.661435
5083	95	0.607145
5083	379	0.585918
5083	780	0.562418
5083	364	0.558272
5083	1779	0.539506
5083	595	0.533668
5083	594	0.513326
5084	2005	0.712900
5084	2161	0.689961
5084	2054	0.667871
5084	2193	0.601822
5084	2	0.537472
5084	1967	0.534565
5084	3087	0.507926
5084	592	0.494850
5084	1198	0.493025
5084	2021	0.485709
5085	1934	0.773681
5085	904	0.599723
5085	440	0.592430
5085	3549	0.590392
5085	3361	0.587953
5085	357	0.570172
5085	2926	0.563580
5085	3061	0.556079
5085	900	0.554427
5085	2565	0.533657
5086	1307	0.786303
5086	1240	0.638454
5086	3361	0.633551
5086	1291	0.613455
5086	1242	0.607141
5086	1196	0.601539
5086	3424	0.596007
5086	2028	0.589044
5086	1246	0.581671
5086	1961	0.554182
5087	3617	0.836643
5087	3624	0.785560
5087	1717	0.727004
5087	2719	0.721044
5087	2353	0.688933
5087	2338	0.672920
5087	1092	0.648517
5087	3481	0.629232
5087	3745	0.612706
5087	3578	0.611070
5088	1240	2.767225
5088	541	2.243136
5088	1210	1.896348
5088	3702	1.640835
5088	2529	1.546626
5088	1199	1.501891
5088	1198	1.190312
5088	858	1.111810
5088	1253	1.079520
5088	2010	1.079279
5089	1	1.340853
5089	1148	1.249778
5089	1230	0.988160
5089	745	0.929293
5089	1234	0.824126
5089	2300	0.774613
5089	947	0.753143
5089	1265	0.750422
5089	951	0.747605
5089	1080	0.734449
5090	1882	0.629015
5090	2986	0.578956
5090	3496	0.505486
5090	2396	0.491714
5090	1037	0.473458
5090	1759	0.464414
5090	1676	0.459535
5090	3571	0.452367
5090	173	0.450910
5090	316	0.436196
5091	694	1.128817
5091	315	0.874838
5091	1606	0.849780
5091	1499	0.843352
5091	420	0.813543
5091	672	0.812623
5091	895	0.812623
5091	2411	0.809169
5091	3440	0.802186
5091	1855	0.773505
5092	1387	1.211337
5092	1198	1.101267
5092	1287	1.053589
5092	1201	1.013287
5092	1291	0.998064
5092	1240	0.988591
5092	1200	0.965485
5092	1196	0.881284
5092	2028	0.829676
5092	260	0.825765
5093	1704	0.872285
5093	1610	0.756057
5093	2501	0.725372
5093	62	0.721437
5093	3105	0.715521
5093	2028	0.709272
5093	2916	0.701415
5093	997	0.663044
5093	589	0.642154
5093	3246	0.632841
5094	3256	1.159355
5094	457	1.086446
5094	1573	1.067913
5094	1610	1.014062
5094	474	1.004677
5094	2916	0.944764
5094	377	0.906617
5094	2278	0.761105
5094	349	0.750596
5094	318	0.748797
5095	912	1.643172
5095	1267	1.444032
5095	904	1.376024
5095	858	1.135478
5095	3435	1.025136
5095	3095	1.019382
5095	1221	1.005715
5095	910	1.003972
5095	1247	0.985581
5095	903	0.969678
5096	1892	1.062382
5096	3386	0.960869
5096	350	0.924455
5096	1589	0.904446
5096	695	0.880721
5096	113	0.758333
5096	608	0.740248
5096	1617	0.717678
5096	1089	0.702079
5096	1343	0.668061
5097	3556	0.895826
5097	3952	0.879379
5097	3408	0.821594
5097	3852	0.722440
5097	3949	0.720261
5097	3751	0.680987
5097	3566	0.624560
5097	3783	0.619505
5097	3831	0.605582
5097	3910	0.591234
5098	3040	0.855813
5098	2109	0.826702
5098	1345	0.739413
5098	3671	0.725738
5098	2528	0.708501
5098	966	0.692581
5098	2522	0.653873
5098	3194	0.653785
5098	3471	0.643010
5098	1161	0.626969
5099	1993	2.410586
5099	2026	2.257533
5099	2327	2.176062
5099	2461	1.768961
5099	2606	1.748546
5099	606	1.482592
5099	328	1.378795
5099	188	1.349252
5099	1717	1.343132
5099	407	1.190431
5100	3317	1.054745
5100	3893	1.037571
5100	3863	0.962173
5100	3793	0.748200
5100	3751	0.736847
5100	1690	0.730106
5100	3717	0.710411
5100	3408	0.702143
5100	3827	0.695253
5100	3481	0.694370
5101	3656	2.017173
5101	3847	1.380629
5101	3736	1.043795
5101	3757	0.929475
5101	3804	0.922680
5101	3678	0.920306
5101	3713	0.843146
5101	470	0.697582
5101	3812	0.665617
5101	3706	0.665434
5102	2916	0.746769
5102	150	0.730261
5102	3252	0.635730
5102	1682	0.625655
5102	1580	0.622424
5102	2571	0.608023
5102	161	0.598742
5102	475	0.571040
5102	474	0.562930
5102	457	0.552687
5103	383	0.710795
5103	3508	0.651420
5103	1258	0.620860
5103	2401	0.616037
5103	2455	0.554368
5103	2922	0.547761
5103	1379	0.517401
5103	1704	0.513785
5103	1378	0.511997
5103	2518	0.508640
5104	1214	2.628994
5104	1291	2.371353
5104	589	1.994758
5104	2947	1.823447
5104	1210	1.794973
5104	1221	1.761477
5104	2571	1.716018
5104	1197	1.566214
5104	110	1.450665
5104	1610	1.378601
5105	2814	0.716930
5105	67	0.670820
5105	1501	0.670820
5105	3071	0.600339
5105	3731	0.599908
5105	1340	0.573153
5105	1549	0.530330
5105	3132	0.518130
5105	2114	0.501255
5105	2649	0.496271
5106	339	1.946739
5106	1777	1.870685
5106	2671	1.850416
5106	2108	1.576720
5106	1569	1.447893
5106	587	1.274247
5106	342	1.203158
5106	543	1.175077
5106	1042	1.133123
5106	7	1.057279
5107	1117	0.625668
5107	1163	0.625668
5107	1650	0.611360
5107	452	0.606787
5107	3496	0.601524
5107	1728	0.599051
5107	1678	0.520079
5107	1442	0.491952
5107	751	0.485071
5107	1364	0.485071
5108	2565	1.347139
5108	918	1.284245
5108	1951	1.174481
5108	3549	1.133363
5108	3061	1.127622
5108	3610	1.108429
5108	963	1.088783
5108	1380	1.059645
5108	3675	0.991770
5108	1932	0.955966
5109	903	0.906831
5109	1267	0.854543
5109	1617	0.594794
5109	597	0.568186
5109	1212	0.541933
5109	1248	0.529166
5109	922	0.516486
5109	1025	0.515598
5109	923	0.507528
5109	750	0.504926
5111	1650	0.765499
5111	2776	0.592638
5111	1534	0.529813
5111	556	0.477567
5111	2124	0.459324
5111	1624	0.416954
5111	1564	0.407541
5111	1725	0.393535
5111	3002	0.390244
5111	988	0.387905
5112	2115	1.091095
5112	2193	0.933761
5112	733	0.928030
5112	2005	0.851129
5112	2161	0.811002
5112	2872	0.710867
5112	1073	0.700643
5112	380	0.637253
5112	2947	0.586281
5112	2015	0.563864
5113	2590	1.123367
5113	271	0.711288
5113	2114	0.642688
5113	3791	0.638623
5113	3449	0.618559
5113	1006	0.601816
5113	454	0.600584
5113	209	0.593400
5113	3045	0.562439
5113	230	0.558380
5114	1208	0.808465
5114	1272	0.624255
5114	1263	0.599863
5114	1250	0.596993
5114	260	0.586451
5114	527	0.583390
5114	1242	0.568133
5114	318	0.567981
5114	2662	0.550129
5114	3066	0.544286
5115	593	1.416442
5115	2858	1.279482
5115	608	1.214305
5115	1213	1.191286
5115	1617	1.053624
5115	1089	0.967387
5115	1358	0.919667
5115	3055	0.918523
5115	2028	0.843247
5115	1704	0.841958
5118	260	1.050430
5118	1240	0.868235
5118	589	0.859355
5118	1200	0.817104
5118	2762	0.756321
5118	1214	0.751479
5118	1291	0.662060
5118	110	0.658941
5118	1210	0.654893
5118	2987	0.653511
5120	1356	1.107479
5120	733	1.063051
5120	380	1.013543
5120	592	0.980754
5120	1376	0.944534
5120	349	0.938875
5120	2193	0.921090
5120	480	0.893540
5120	2916	0.882833
5120	552	0.827238
5121	1552	1.626806
5121	780	1.533286
5121	736	1.316758
5121	1876	1.190575
5121	786	1.131594
5121	1377	0.996935
5121	1391	0.960393
5121	1792	0.957440
5121	434	0.951098
5121	376	0.932507
5123	253	0.658285
5123	835	0.611155
5123	1587	0.581547
5123	434	0.543519
5123	1552	0.513566
5123	780	0.474992
5123	3591	0.469307
5123	3005	0.466456
5123	292	0.454853
5123	1081	0.451280
5124	2797	1.403657
5124	3361	1.401499
5124	1307	1.312585
5124	1968	1.062904
5124	1394	1.016441
5124	3210	0.981062
5124	3072	0.935376
5124	2248	0.881060
5124	1288	0.838133
5124	3039	0.810774
5125	922	1.384654
5125	3095	1.274841
5125	1284	1.191647
5125	1248	1.163351
5125	1267	1.128180
5125	2186	1.071549
5125	2066	1.005449
5125	1212	0.990417
5125	904	0.983546
5125	750	0.940597
5126	3081	0.789845
5126	2396	0.750979
5126	2724	0.721224
5126	2491	0.716882
5126	2598	0.715854
5126	2840	0.711781
5126	2694	0.705236
5126	2700	0.685027
5126	2806	0.676851
5126	2959	0.663157
5127	2985	1.965473
5127	316	1.802562
5127	1909	1.716119
5127	3527	1.705664
5127	480	1.693787
5127	1584	1.690036
5127	2640	1.687695
5127	1375	1.613341
5127	780	1.561407
5127	1396	1.495326
5128	904	1.136761
5128	2467	0.846671
5128	750	0.746911
5128	919	0.744843
5128	950	0.717099
5128	923	0.686982
5128	910	0.679584
5128	1104	0.677312
5128	2814	0.676926
5128	1219	0.671242
5129	1892	0.829265
5129	1584	0.764496
5129	1267	0.748617
5129	480	0.746844
5129	695	0.731724
5129	904	0.729256
5129	1580	0.720421
5129	2762	0.698147
5129	3044	0.696197
5129	2467	0.695974
5131	2463	1.006001
5131	2371	0.986366
5131	2746	0.907322
5131	3591	0.896463
5131	1297	0.873942
5131	1958	0.833372
5131	2114	0.782967
5131	2470	0.758722
5131	1135	0.756131
5131	2245	0.748115
5132	904	1.019962
5132	527	0.934716
5132	1104	0.894071
5132	923	0.880219
5132	912	0.873762
5132	1207	0.857516
5132	318	0.829690
5132	908	0.799414
5132	922	0.785748
5132	1213	0.765588
5133	2688	0.913075
5133	3055	0.789043
5133	2959	0.722851
5133	2976	0.711496
5133	3125	0.695122
5133	3623	0.680826
5133	785	0.645306
5133	3887	0.636684
5133	2723	0.620581
5133	1651	0.616810
5134	1214	1.132280
5134	3471	0.818841
5134	924	0.790684
5134	1278	0.788286
5134	541	0.742262
5134	260	0.733685
5134	1201	0.720837
5134	1350	0.719096
5134	1252	0.713017
5134	1304	0.702418
5135	3385	0.971675
5135	1091	0.842666
5135	2469	0.816007
5135	2371	0.743501
5135	2794	0.741805
5135	2796	0.718808
5135	1962	0.699791
5135	3071	0.681700
5135	3098	0.662497
5135	1242	0.645966
5136	2797	1.293786
5136	3699	1.184426
5136	1097	1.154557
5136	1374	1.059079
5136	3552	0.904814
5136	2985	0.832311
5136	1307	0.816999
5136	3479	0.810312
5136	3361	0.800642
5136	1663	0.799489
5137	2279	1.990322
5137	1993	1.917899
5137	2514	1.391082
5137	12	1.290526
5137	2428	1.139052
5137	1989	1.109346
5137	2997	1.106883
5137	1148	1.058279
5137	2793	1.051223
5137	34	1.033558
5138	1580	0.647014
5138	2407	0.623960
5138	1062	0.583460
5138	3576	0.534993
5138	3039	0.531428
5138	1965	0.529977
5138	2915	0.529427
5138	3527	0.527537
5138	2797	0.527409
5138	3552	0.518517
5139	36	1.284834
5139	318	1.109241
5139	1682	1.053138
5139	593	1.038976
5139	1729	0.983752
5139	1095	0.963347
5139	25	0.950955
5139	608	0.950462
5139	2501	0.944952
5139	2890	0.850437
5140	2380	1.408060
5140	2382	1.139156
5140	2464	1.025892
5140	2383	0.951454
5140	2458	0.943395
5140	3584	0.901340
5140	2755	0.896157
5140	3401	0.886579
5140	3042	0.867347
5140	2421	0.853234
5141	1240	1.944545
5141	329	1.795401
5141	1372	1.664452
5141	589	1.605984
5141	1573	1.603286
5141	1876	1.513828
5141	1356	1.507676
5141	1391	1.492106
5141	2393	1.445259
5141	1909	1.434252
5142	1867	1.231175
5142	694	1.042207
5142	544	1.035310
5142	2162	0.955093
5142	1373	0.895945
5142	2421	0.861395
5142	2196	0.843429
5142	160	0.836770
5142	204	0.836513
5142	1681	0.807576
5143	349	2.003827
5143	10	1.874487
5143	1580	1.740060
5143	2006	1.703416
5143	3256	1.540573
5143	1608	1.505812
5143	2628	1.486506
5143	316	1.469857
5143	1356	1.332171
5143	2353	1.306643
5144	3555	1.926678
5144	3753	1.686978
5144	3755	1.569521
5144	3409	1.481606
5144	3300	1.158060
5144	3535	1.098293
5144	3534	1.088944
5144	3785	1.088338
5144	3354	1.065145
5144	3751	1.005277
5146	3125	0.737548
5146	3055	0.708113
5146	3656	0.618064
5146	1369	0.589768
5146	3636	0.548618
5146	3714	0.513899
5146	2997	0.505206
5146	3716	0.493393
5146	3724	0.492753
5146	1860	0.452874
5147	1343	1.275424
5147	2058	1.239176
5147	733	1.116012
5147	1370	1.061075
5147	377	1.024707
5147	1610	0.934264
5147	2278	0.850300
5147	1722	0.843866
5147	832	0.817741
5147	600	0.811740
5148	457	1.048842
5148	608	1.015339
5148	3256	0.982464
5148	2916	0.962267
5148	1370	0.936515
5148	1610	0.927889
5148	47	0.927597
5148	2058	0.867117
5148	349	0.840074
5148	1343	0.811640
5149	858	0.888836
5149	2858	0.847933
5149	1193	0.844297
5149	318	0.799161
5149	260	0.774039
5149	3081	0.752871
5149	593	0.710198
5149	1213	0.687811
5149	2959	0.664645
5149	3125	0.656452
5150	3656	0.765307
5150	1094	0.641240
5150	3678	0.543201
5150	17	0.510354
5150	2641	0.508276
5150	3441	0.503970
5150	3699	0.486817
5150	1375	0.480274
5150	2985	0.477314
5150	3713	0.467906
5151	3717	1.867314
5151	3755	1.752354
5151	3793	1.694415
5151	3555	1.584825
5151	3753	1.451211
5151	3861	1.394269
5151	3481	1.366795
5151	3484	1.324641
5151	3785	1.306748
5151	3535	1.256893
5153	2044	0.849263
5153	2257	0.807392
5153	2421	0.760443
5153	357	0.724782
5153	2522	0.702778
5153	3691	0.683663
5153	17	0.654792
5153	3850	0.654654
5153	2415	0.601837
5153	2471	0.555893
5154	3623	1.153920
5154	3624	0.913701
5154	2908	0.889359
5154	3753	0.795144
5154	3175	0.789413
5154	3717	0.757464
5154	2716	0.727063
5154	2712	0.726815
5154	3751	0.707330
5154	3755	0.667019
5156	2134	1.210491
5156	3591	1.094707
5156	3552	0.946055
5156	1663	0.875965
5156	2150	0.855051
5156	1958	0.817498
5156	2463	0.776292
5156	3087	0.775525
5156	1395	0.768150
5156	2100	0.755168
5157	1230	1.329513
5157	898	1.152244
5157	928	0.995489
5157	1221	0.923688
5157	910	0.800658
5157	1207	0.761721
5157	1198	0.759812
5157	1235	0.750383
5157	1256	0.741008
5157	1	0.727737
5158	2294	2.227783
5158	2096	2.018015
5158	2189	1.675674
5158	1022	1.569340
5158	2081	1.474347
5158	1033	1.449267
5158	2018	1.444018
5158	2137	1.417374
5158	2087	1.381605
5158	709	1.375904
5161	383	1.058301
5161	2922	1.056386
5161	3508	0.935383
5161	2401	0.932703
5161	416	0.894843
5161	2951	0.835013
5161	1007	0.816122
5161	6	0.754623
5161	1061	0.752713
5161	3681	0.731574
5162	1573	2.018334
5162	2353	1.548038
5162	110	1.491478
5162	2058	1.482840
5162	474	1.450284
5162	380	1.327509
5162	6	1.266749
5162	2278	1.259421
5162	10	1.169950
5162	1722	1.116127
5163	1208	0.772780
5163	1090	0.738439
5163	1957	0.720272
5163	1250	0.694735
5163	1956	0.653770
5163	1231	0.620621
5163	1299	0.616181
5163	1262	0.607241
5163	1185	0.606975
5163	1294	0.572224
5164	1250	1.658132
5164	1263	1.506311
5164	1090	1.264997
5164	3066	1.258414
5164	2944	1.114339
5164	1222	0.995667
5164	527	0.990415
5164	1204	0.981034
5164	3406	0.970255
5164	1214	0.867128
5165	1394	1.686142
5165	3671	1.362850
5165	1136	1.347790
5165	1079	1.277990
5165	1292	1.053271
5165	921	1.015927
5165	2918	1.011139
5165	1288	0.939569
5165	1234	0.884138
5165	1265	0.882031
5166	1252	2.000057
5166	1214	1.460950
5166	922	1.374613
5166	3471	1.266571
5166	1219	1.221231
5166	1199	1.170210
5166	1200	1.163526
5166	1260	1.038409
5166	1240	1.011974
5166	2571	0.987741
5167	2916	1.566312
5167	1653	1.543127
5167	1356	1.455958
5167	480	1.348755
5167	2640	1.118658
5167	1748	1.112555
5167	1573	1.012223
5167	2086	0.987538
5167	1374	0.978827
5167	32	0.974701
5169	2797	1.094337
5169	3361	0.911909
5169	1968	0.827769
5169	2915	0.790707
5169	3039	0.780252
5169	3072	0.773485
5169	3526	0.745288
5169	3210	0.696007
5169	1394	0.664024
5169	1957	0.632789
5170	1214	0.795526
5170	1278	0.746107
5170	2571	0.739315
5170	1196	0.736834
5170	1394	0.718802
5170	1240	0.714997
5170	3361	0.705892
5170	1206	0.674687
5170	1199	0.647770
5170	1136	0.641720
5172	2987	0.579435
5172	1376	0.500776
5172	2841	0.483264
5172	283	0.469270
5172	1375	0.459432
5172	2985	0.454217
5172	71	0.440618
5172	2337	0.435362
5172	2115	0.433409
5172	315	0.430774
5173	3066	0.680219
5173	3316	0.592920
5173	3623	0.568880
5173	2944	0.559398
5173	3406	0.544029
5173	1263	0.541259
5173	466	0.511015
5173	3793	0.497941
5173	260	0.489180
5173	3798	0.485274
5175	2599	1.056120
5175	223	0.990913
5175	2770	0.935797
5175	2908	0.922996
5175	2716	0.842813
5175	3052	0.831316
5175	2688	0.808853
5175	2712	0.788691
5175	2571	0.746945
5175	2028	0.724645
5176	364	0.789149
5176	2997	0.706599
5176	2321	0.685158
5176	595	0.679188
5176	3253	0.639849
5176	2858	0.633734
5176	1641	0.629035
5176	2700	0.615275
5176	34	0.587513
5176	3255	0.582869
5177	1	0.980008
5177	2997	0.876057
5177	1923	0.819295
5177	1004	0.814360
5177	1604	0.713875
5177	3114	0.688177
5177	2289	0.684530
5177	849	0.675559
5177	71	0.653126
5177	1752	0.649727
5178	3524	0.824370
5178	539	0.801318
5178	2145	0.780783
5178	339	0.728878
5178	2134	0.726493
5178	2424	0.693152
5178	2470	0.630766
5178	1485	0.628675
5178	1777	0.585057
5178	2247	0.565915
5179	50	1.543201
5179	318	1.376856
5179	593	1.372984
5179	2028	1.362317
5179	1089	1.280388
5179	2762	1.235214
5179	527	1.181027
5179	110	0.986879
5179	1704	0.921797
5179	589	0.888672
5180	1265	0.884751
5180	2858	0.857057
5180	1704	0.822872
5180	589	0.802450
5180	2028	0.781657
5180	1240	0.771569
5180	594	0.754523
5180	364	0.754093
5180	608	0.752513
5180	3114	0.706355
5181	2762	1.458163
5181	2598	1.327789
5181	2700	1.307612
5181	1513	1.253344
5181	2840	1.097109
5181	2841	1.085195
5181	3081	1.050387
5181	2490	0.996848
5181	2485	0.975475
5181	2581	0.922749
5182	2336	0.720164
5182	785	0.694514
5182	2959	0.675399
5182	2599	0.661300
5182	2605	0.644678
5182	2734	0.640317
5182	2580	0.591504
5182	2881	0.579345
5182	2712	0.569316
5182	913	0.567530
5183	1777	1.386278
5183	539	1.269399
5183	1485	1.131982
5183	1569	1.071463
5183	1409	1.041625
5183	7	1.019369
5183	587	0.967706
5183	1020	0.891036
5183	440	0.886912
5183	708	0.784505
5184	3301	1.377311
5184	810	1.187240
5184	1490	0.984407
5184	3298	0.930433
5184	3326	0.869578
5184	3757	0.855751
5184	3534	0.844570
5184	3510	0.806927
5184	3536	0.793083
5184	200	0.739928
5185	1291	0.574265
5185	780	0.520101
5185	1573	0.514774
5185	1527	0.480746
5185	1222	0.449641
5185	457	0.445849
5185	3368	0.438871
5185	1242	0.432858
5185	1589	0.429579
5185	1917	0.423666
5186	2985	2.416422
5186	2916	2.270968
5186	2640	2.145338
5186	1396	1.991378
5186	329	1.976068
5186	316	1.907642
5186	1374	1.840180
5186	1584	1.801445
5186	3699	1.777762
5186	3527	1.672285
5187	1909	2.275048
5187	1527	2.179060
5187	780	2.096725
5187	2528	1.864980
5187	2393	1.830601
5187	1376	1.818292
5187	2916	1.642776
5187	1573	1.468920
5187	1584	1.464573
5187	2628	1.444484
5188	2762	0.859118
5188	318	0.679267
5188	457	0.670028
5188	460	0.625438
5188	2028	0.585988
5188	1	0.585678
5188	377	0.584324
5188	2916	0.579734
5188	1610	0.576552
5188	608	0.574382
5189	1214	2.569466
5189	1196	2.315346
5189	541	1.975256
5189	32	1.974540
5189	1270	1.768081
5189	1584	1.591755
5189	1097	1.585811
5189	2916	1.415733
5189	3527	1.396165
5189	3699	1.321242
5190	364	3.214333
5190	2096	2.607398
5190	1022	2.347880
5190	2087	1.945558
5190	2078	1.933790
5190	2080	1.689590
5190	1	1.566548
5190	2294	1.551923
5190	783	1.488572
5190	2089	1.472324
5191	318	1.658453
5191	296	1.426087
5191	2028	1.383250
5191	50	1.291264
5191	1358	1.165369
5191	1089	1.049846
5191	1213	1.023828
5191	2762	1.019487
5191	3147	0.989211
5191	36	0.954955
5193	1663	2.114206
5193	3361	1.868352
5193	2174	1.647447
5193	1079	1.627055
5193	1968	1.559556
5193	2918	1.535002
5193	2150	1.411325
5193	3685	1.280088
5193	3526	1.192992
5193	2423	1.180810
5194	2918	2.832724
5194	1968	2.065798
5194	2797	1.859326
5194	2915	1.833460
5194	2352	1.582618
5194	3671	1.539869
5194	3072	1.469789
5194	1663	1.359343
5194	1285	1.353334
5194	1278	1.156142
5195	910	0.797443
5195	2300	0.788900
5195	1230	0.766125
5195	1260	0.754619
5195	947	0.741381
5195	905	0.728827
5195	2066	0.706060
5195	930	0.688988
5195	1248	0.675521
5195	922	0.673433
5196	1614	0.908887
5196	339	0.907866
5196	2694	0.764696
5196	1485	0.714481
5196	252	0.706772
5196	410	0.660132
5196	597	0.640052
5196	586	0.625001
5196	223	0.582250
5196	2706	0.571099
5197	1284	2.052752
5197	1260	1.980040
5197	1248	1.815144
5197	922	1.733717
5197	1153	1.731635
5197	1379	1.724720
5197	2016	1.671122
5197	487	1.599893
5197	967	1.445219
5197	1928	1.424590
5198	3912	0.785500
5198	3317	0.760640
5198	583	0.604701
5198	3571	0.600808
5198	3556	0.558147
5198	3903	0.550393
5198	239	0.510529
5198	3911	0.504091
5198	2683	0.496782
5198	877	0.494756
5199	3361	1.292344
5199	1307	1.276068
5199	1394	1.203824
5199	1968	1.196530
5199	2791	1.122066
5199	2174	1.046121
5199	1270	0.998910
5199	3039	0.918672
5199	1	0.845675
5199	1663	0.809721
5200	594	1.950714
5200	1907	1.460858
5200	2096	1.456203
5200	2078	1.402920
5200	1029	1.394389
5200	2080	1.373948
5200	2018	1.347505
5200	1022	1.335854
5200	2087	1.306202
5200	596	1.239253
5201	1387	0.827114
5201	1610	0.826424
5201	1231	0.775443
5201	2947	0.742586
5201	1036	0.735099
5201	110	0.637680
5201	1287	0.612692
5201	1293	0.597714
5201	2366	0.593127
5201	589	0.588843
5202	2951	1.943060
5202	2921	1.744120
5202	2401	1.674231
5202	599	1.598508
5202	3074	1.427685
5202	3494	1.338303
5202	1198	1.146479
5202	858	1.129949
5202	1240	1.023912
5202	553	0.990125
5203	2922	1.628394
5203	1007	1.574706
5203	3508	1.535143
5203	2401	1.493003
5203	3494	1.404007
5203	1378	1.324465
5203	2055	1.307499
5203	487	1.173952
5203	458	1.115057
5203	210	1.072676
5204	1653	1.107321
5204	2571	1.106712
5204	1527	1.098851
5204	1376	1.094413
5204	1372	1.072347
5204	3527	1.005960
5204	3699	1.002028
5204	1097	0.995295
5204	1580	0.978943
5204	1240	0.962829
5205	1321	1.028456
5205	1350	0.981256
5205	2097	0.914339
5205	1991	0.875188
5205	1982	0.827084
5205	3018	0.818206
5205	1994	0.799521
5205	3459	0.763014
5205	2519	0.738466
5205	2868	0.733044
5208	1089	0.831618
5208	3555	0.826398
5208	3510	0.796807
5208	3623	0.748373
5208	3755	0.720263
5208	3624	0.712669
5208	3793	0.688428
5208	3300	0.646377
5208	3751	0.635158
5208	6	0.594125
5209	457	2.096967
5209	1240	1.524070
5209	2916	1.339198
5209	1200	1.336940
5209	2028	1.288052
5209	1954	1.273854
5209	2194	1.272271
5209	2571	1.249132
5209	110	1.242841
5209	2948	1.230938
5210	318	1.055243
5210	260	1.011306
5210	593	0.929643
5210	608	0.882386
5210	1240	0.863759
5210	1196	0.844973
5210	1198	0.838439
5210	1214	0.783830
5210	296	0.761200
5210	1200	0.754191
5211	2915	0.984735
5211	3087	0.968628
5211	3552	0.959831
5211	2797	0.928725
5211	3039	0.890443
5211	1957	0.882068
5211	3210	0.856695
5211	1231	0.834328
5211	1257	0.771446
5211	2918	0.753972
5212	1267	1.715952
5212	2186	1.525174
5212	903	1.483824
5212	3435	1.464682
5212	912	1.293653
5212	3134	1.191804
5212	2732	1.167649
5212	1237	1.156981
5212	1284	1.090692
5212	3095	0.929665
5213	3555	2.003665
5213	3753	1.890071
5213	3510	1.872707
5213	3755	1.555725
5213	3354	1.489880
5213	3536	1.285455
5213	3744	1.241390
5213	3535	1.173053
5213	3300	1.156867
5213	3511	1.032815
5214	593	1.118912
5214	1193	0.922582
5214	527	0.906941
5214	296	0.845530
5214	608	0.804591
5214	750	0.789152
5214	1247	0.755994
5214	1196	0.750443
5214	1617	0.745536
5214	111	0.727431
5217	329	1.987760
5217	1676	1.711591
5217	3697	1.576305
5217	1544	1.498802
5217	1037	1.444050
5217	1876	1.365740
5217	1779	1.297078
5217	1603	1.286905
5217	1527	1.282407
5217	1372	1.270508
5218	2161	2.774884
5218	2005	2.552992
5218	3479	2.020054
5218	2140	1.842622
5218	2872	1.794209
5218	317	1.682542
5218	2174	1.623402
5218	3438	1.449406
5218	788	1.386760
5218	2797	1.147421
5219	1206	1.361471
5219	2571	1.357111
5219	1653	1.102946
5219	2916	1.012933
5219	2010	0.972591
5219	1396	0.954318
5219	3471	0.948351
5219	1214	0.932792
5219	1240	0.925752
5219	1372	0.842306
5220	3387	0.718978
5220	3525	0.711840
5220	2375	0.698002
5220	2928	0.669684
5220	2370	0.666671
5220	3385	0.663779
5220	2286	0.659509
5220	2796	0.637707
5220	3459	0.628761
5220	3109	0.620651
5221	1248	1.326083
5221	2066	1.203369
5221	904	1.192424
5221	2186	1.182520
5221	1260	1.174250
5221	1284	1.136693
5221	1617	1.013442
5221	750	0.932739
5221	3683	0.870384
5221	1069	0.854771
5222	1485	0.793698
5222	597	0.757774
5222	339	0.677884
5222	2694	0.661961
5222	2424	0.627262
5222	1777	0.619202
5222	587	0.606293
5222	539	0.594732
5222	3087	0.558395
5222	2706	0.542545
5223	1270	0.932132
5223	541	0.687960
5223	1278	0.644058
5223	2797	0.622695
5223	2791	0.619775
5223	2918	0.617292
5223	1214	0.614259
5223	1394	0.606079
5223	1036	0.595862
5223	260	0.556300
5224	2694	1.715879
5224	2770	1.686501
5224	1911	1.534343
5224	2599	1.412795
5224	1093	1.382217
5224	3005	1.359978
5224	2706	1.326039
5224	2688	1.316983
5224	2605	1.295688
5224	3203	1.259400
5225	1278	1.404590
5225	1394	1.218777
5225	3421	1.139666
5225	3361	1.000457
5225	1968	0.975861
5225	1270	0.901787
5225	1307	0.889255
5225	2797	0.863259
5225	3210	0.844392
5225	1234	0.833147
5226	457	1.750013
5226	589	1.712476
5226	2947	1.689971
5226	1291	1.606003
5226	2529	1.465871
5226	2571	1.441295
5226	1610	1.434837
5226	1196	1.386915
5226	110	1.322715
5226	1954	1.280470
5227	196	1.147011
5227	1831	1.078946
5227	1037	0.917927
5227	256	0.909406
5227	748	0.905024
5227	1779	0.881959
5227	2526	0.839895
5227	880	0.816805
5227	3697	0.797554
5227	379	0.795140
5229	1513	1.958777
5229	2598	1.896073
5229	2395	1.829315
5229	3219	1.607017
5229	3081	1.595901
5229	2491	1.592863
5229	2396	1.556435
5229	2700	1.350928
5229	2724	1.222146
5229	2734	1.218598
5230	2803	1.034599
5230	2353	1.026340
5230	1370	0.995765
5230	1792	0.906533
5230	1240	0.833338
5230	349	0.786732
5230	1552	0.786253
5230	3686	0.782728
5230	1200	0.782529
5230	494	0.764843
5232	596	2.248023
5232	2096	2.055751
5232	595	2.047493
5232	1282	1.738343
5232	1029	1.642008
5232	1907	1.552935
5232	2687	1.531874
5232	2078	1.412857
5232	2087	1.404578
5232	2081	1.404249
5233	1	0.901841
5233	1148	0.872008
5233	593	0.832455
5233	1265	0.662640
5233	318	0.657713
5233	608	0.594479
5233	1223	0.555041
5233	296	0.535270
5233	3481	0.517457
5233	1358	0.514287
5234	1584	1.240155
5234	1580	1.188428
5234	2407	1.152372
5234	2985	1.043579
5234	1356	0.979426
5234	1374	0.970536
5234	3699	0.966131
5234	1376	0.935795
5234	2916	0.902834
5234	1653	0.826990
5235	1	1.260898
5235	1148	1.208029
5235	2858	1.016398
5235	1394	0.879648
5235	3421	0.821384
5235	2599	0.782141
5235	2396	0.710463
5235	1080	0.700749
5235	1223	0.696269
5235	1270	0.675996
5236	1580	1.507099
5236	1372	1.487439
5236	480	1.465796
5236	1356	1.396499
5236	329	1.373719
5236	1917	1.301649
5236	1909	1.261274
5236	2571	1.219490
5236	2393	1.150029
5236	1391	1.054318
5237	260	1.407322
5237	2571	1.212054
5237	2028	0.956490
5237	1240	0.945135
5237	457	0.933238
5237	1197	0.889173
5237	110	0.861130
5237	1210	0.842962
5237	1200	0.821247
5237	1036	0.814144
5239	440	0.875796
5239	39	0.834576
5239	3255	0.826851
5239	2108	0.791165
5239	1370	0.788997
5239	1777	0.742238
5239	1517	0.700628
5239	597	0.690036
5239	377	0.687543
5239	1747	0.672973
5240	1265	0.877407
5240	2599	0.803095
5240	2959	0.731498
5240	357	0.716989
5240	3108	0.703404
5240	223	0.693768
5240	2694	0.689770
5240	1923	0.689220
5240	2908	0.673657
5240	2770	0.648707
5241	3578	1.170255
5241	3555	0.926291
5241	3897	0.895589
5241	3753	0.858536
5241	593	0.729800
5241	3515	0.728099
5241	3512	0.697386
5241	3535	0.695975
5241	3793	0.694354
5241	3189	0.688056
5242	32	2.046401
5242	2571	1.964120
5242	2529	1.479264
5242	3527	1.441910
5242	589	1.439049
5242	3471	1.438466
5242	541	1.363706
5242	480	1.354209
5242	260	1.340317
5242	1356	1.314607
5244	780	1.245246
5244	1356	1.062828
5244	1372	0.978217
5244	1580	0.931287
5244	3174	0.901163
5244	3175	0.893647
5244	3578	0.879880
5244	2396	0.871299
5244	2916	0.853022
5244	2908	0.834978
5245	1221	0.576544
5245	3533	0.561576
5245	2997	0.531020
5245	318	0.493805
5245	3310	0.479051
5245	2369	0.433377
5245	912	0.433173
5245	2282	0.429014
5245	750	0.426460
5245	2770	0.413027
5246	1923	1.063187
5246	357	1.058439
5246	104	0.925398
5246	440	0.901749
5246	1569	0.879645
5246	1500	0.873328
5246	339	0.857497
5246	1517	0.819830
5246	2108	0.817750
5246	2671	0.813235
5247	2694	2.691369
5247	2355	2.097048
5247	3005	2.059945
5247	1911	2.047739
5247	2336	1.914317
5247	2881	1.853649
5247	2605	1.788383
5247	3203	1.727601
5247	2997	1.701463
5247	2688	1.656702
5248	539	1.262789
5248	339	1.219557
5248	1569	1.006181
5248	2671	0.800848
5248	252	0.756639
5248	2469	0.722797
5248	236	0.704901
5248	587	0.669423
5248	11	0.664368
5248	440	0.638298
5249	2286	0.669225
5249	2354	0.665609
5249	1713	0.655961
5249	656	0.606549
5249	2249	0.606175
5249	2566	0.603696
5249	414	0.602141
5249	234	0.599734
5249	1463	0.554156
5249	1485	0.547724
5250	3408	0.820010
5250	3893	0.785443
5250	3745	0.718705
5250	3755	0.718303
5250	3948	0.697709
5250	3317	0.671073
5250	3481	0.653602
5250	3916	0.599475
5250	3952	0.589428
5250	3911	0.533533
5251	2918	0.933076
5251	3361	0.856300
5251	1968	0.842371
5251	1674	0.783115
5251	1231	0.774551
5251	1270	0.770930
5251	2791	0.684496
5251	2174	0.659027
5251	1394	0.657580
5251	3072	0.655529
5252	1221	1.332646
5252	111	1.323130
5252	527	1.312711
5252	296	1.306527
5252	858	1.219681
5252	923	1.140521
5252	1617	1.106532
5252	1198	1.033579
5252	608	1.026114
5252	908	1.025026
5253	2018	1.543056
5253	364	1.500404
5253	588	1.427587
5253	594	1.319621
5253	1022	1.212471
5253	2085	1.124358
5253	595	1.093410
5253	1029	1.091653
5253	2081	1.042388
5253	2687	1.027699
5254	1527	1.647879
5254	1573	1.642641
5254	2916	1.579176
5254	1356	1.551775
5254	316	1.408182
5254	480	1.386216
5254	3256	1.302413
5254	1370	1.299646
5254	329	1.249990
5254	2058	1.041209
5255	910	0.775553
5255	904	0.707459
5255	920	0.648723
5255	905	0.618796
5255	1269	0.529295
5255	899	0.526726
5255	1304	0.521738
5255	1086	0.512549
5255	924	0.505791
5255	560	0.503342
5256	1690	0.662734
5256	3697	0.649053
5256	1831	0.621945
5256	1779	0.602608
5256	2581	0.579571
5256	196	0.550557
5256	984	0.531353
5256	640	0.529193
5256	2722	0.516983
5256	2688	0.503030
5257	1200	1.166576
5257	1196	1.061681
5257	2571	1.050001
5257	260	0.956590
5257	3471	0.844679
5257	541	0.830717
5257	2529	0.817761
5257	1206	0.737584
5257	1198	0.721882
5257	1210	0.711156
5259	527	1.769287
5259	1193	1.736731
5259	608	1.602402
5259	296	1.337928
5259	1213	1.257877
5259	2028	1.206336
5259	1225	1.173330
5259	1247	1.133842
5259	260	1.086294
5259	908	1.076649
5260	1977	1.835207
5260	1978	1.262896
5260	1980	1.109163
5260	1985	1.064502
5260	1979	1.027836
5260	1981	0.944622
5260	1986	0.912707
5260	2121	0.901914
5260	1976	0.854013
5260	2513	0.841782
5261	608	1.256228
5261	527	1.102057
5261	318	1.055450
5261	1207	0.910252
5261	593	0.786388
5261	1704	0.725364
5261	1104	0.717288
5261	1193	0.706961
5261	1358	0.703253
5261	3468	0.695390
5262	3610	1.173385
5262	3641	0.648886
5262	3591	0.575676
5262	3349	0.556105
5262	3235	0.548865
5262	3199	0.525229
5262	3446	0.483879
5262	3833	0.445132
5262	3662	0.432369
5262	3715	0.423327
5263	2916	1.688839
5263	2640	1.511949
5263	1374	1.378556
5263	1573	1.328979
5263	733	1.236054
5263	1129	1.194860
5263	349	1.190808
5263	1527	1.072712
5263	3256	1.051764
5263	2527	1.028580
5264	608	1.559144
5264	296	1.368028
5264	1617	1.115320
5264	1704	0.983570
5264	527	0.976859
5264	2762	0.855133
5264	2858	0.783868
5264	2028	0.731697
5264	1193	0.700627
5264	858	0.696990
5265	3181	0.755716
5265	3851	0.629782
5265	3509	0.624398
5265	326	0.618674
5265	3794	0.565152
5265	211	0.562163
5265	2061	0.551061
5265	2705	0.518476
5265	3242	0.512347
5265	3238	0.497522
5267	3317	0.664421
5267	3326	0.620605
5267	3509	0.595309
5267	3553	0.549518
5267	3301	0.529655
5267	3893	0.483537
5267	3481	0.479772
5267	3555	0.479099
5267	3534	0.464744
5267	3566	0.461088
5268	276	1.615883
5268	2558	1.339506
5268	74	1.332678
5268	1888	1.302197
5268	237	1.292122
5268	236	1.281082
5268	351	1.236349
5268	1477	1.168415
5268	207	1.087877
5268	2510	1.082541
5269	1196	0.974525
5269	2531	0.867395
5269	3014	0.698651
5269	1240	0.697242
5269	541	0.686702
5269	2571	0.628048
5269	1200	0.623224
5269	2533	0.618184
5269	858	0.579629
5269	2318	0.575535
5270	2393	0.890199
5270	329	0.889185
5270	318	0.776792
5270	593	0.747804
5270	1544	0.726810
5270	1779	0.723827
5270	1917	0.714507
5270	748	0.702986
5270	3697	0.701506
5270	1372	0.693369
5271	1265	0.648795
5271	2997	0.614168
5271	2028	0.590434
5271	2396	0.583838
5271	3114	0.582549
5271	1704	0.579996
5271	3408	0.538614
5271	3298	0.537444
5271	1641	0.536467
5271	318	0.475508
5272	2640	0.858548
5272	3591	0.817529
5272	3087	0.761828
5272	2371	0.737300
5272	2134	0.730725
5272	2474	0.709325
5272	2469	0.688089
5272	2009	0.682446
5272	3704	0.655986
5272	3699	0.655416
5273	296	0.831983
5273	1957	0.803591
5273	1952	0.704270
5273	1228	0.700424
5273	1225	0.684024
5273	608	0.679180
5273	318	0.675493
5273	1247	0.667350
5273	621	0.619077
5273	3019	0.599851
5275	1721	0.752910
5275	269	0.673517
5275	1678	0.635931
5275	452	0.627501
5275	488	0.575972
5275	1660	0.533185
5275	539	0.514057
5275	1810	0.499373
5275	1271	0.484089
5275	1784	0.482919
5276	2997	0.945275
5276	318	0.925221
5276	1265	0.914973
5276	608	0.903490
5276	2858	0.862348
5276	593	0.860360
5276	3114	0.769215
5276	296	0.755813
5276	1704	0.694045
5276	1617	0.681042
5277	1265	0.806483
5277	1	0.765701
5277	2791	0.730373
5277	3361	0.696860
5277	745	0.643479
5277	2918	0.629901
5277	3421	0.625244
5277	1223	0.589119
5277	3039	0.587541
5277	1704	0.583200
5278	1073	0.767286
5278	2100	0.759705
5278	1967	0.693463
5278	1097	0.672614
5278	2193	0.667811
5278	2968	0.665907
5278	1244	0.641852
5278	2762	0.632534
5278	2140	0.616115
5278	3632	0.610962
5279	1265	1.086486
5279	902	1.051862
5279	17	0.940459
5279	1183	0.761717
5279	356	0.758830
5279	1674	0.732623
5279	1247	0.726710
5279	2762	0.704992
5279	838	0.656428
5279	943	0.647764
5281	1082	0.839124
5281	3040	0.717227
5281	3610	0.668719
5281	3671	0.630553
5281	2040	0.499105
5281	3602	0.487818
5281	3605	0.427522
5281	2001	0.417062
5281	667	0.416487
5281	3244	0.413251
5282	2051	0.963290
5282	2552	0.828685
5282	829	0.805229
5282	1091	0.780136
5282	2031	0.739619
5282	603	0.717444
5282	3031	0.709484
5282	1460	0.655421
5282	275	0.608521
5282	2191	0.602019
5283	2797	1.442629
5283	1663	1.327751
5283	2918	1.259421
5283	2915	1.208328
5283	2144	1.045905
5283	1079	1.009792
5283	3087	0.987977
5283	2352	0.926660
5283	3361	0.896733
5283	2791	0.873580
5284	2193	1.703704
5284	2161	1.567967
5284	2968	1.395756
5284	2005	1.326310
5284	3479	1.303035
5284	2054	1.215428
5284	2143	1.200241
5284	2797	1.143388
5284	1097	1.007132
5284	260	1.006626
5285	3005	2.489216
5285	2706	2.428531
5285	2541	2.405043
5285	2688	2.353465
5285	2433	2.031973
5285	2716	2.014573
5285	785	1.879512
5285	2355	1.845197
5285	3203	1.773040
5285	2699	1.753456
5286	1196	1.281584
5286	858	1.155921
5286	1240	0.882098
5286	2028	0.817128
5286	1200	0.810287
5286	1387	0.732226
5286	969	0.695560
5286	440	0.638009
5286	11	0.603850
5286	3282	0.579370
5287	2424	1.662140
5287	440	1.541526
5287	708	1.449871
5287	141	1.442163
5287	2671	1.410539
5287	1042	1.378943
5287	587	1.250080
5287	1020	1.163777
5287	3809	1.037889
5287	357	1.030040
5288	3510	0.584731
5288	3751	0.521486
5288	354	0.520219
5288	3624	0.517862
5288	3717	0.477184
5288	3623	0.420942
5288	3744	0.418767
5288	200	0.413657
5288	297	0.413657
5288	3484	0.409916
5289	1967	0.631094
5289	2644	0.610184
5289	2005	0.535306
5289	2193	0.497122
5289	3746	0.477576
5289	2469	0.460883
5289	3853	0.444401
5289	2105	0.438572
5289	1994	0.425842
5289	2628	0.424837
5290	2997	1.263894
5290	593	1.044924
5290	296	0.932408
5290	1213	0.899764
5290	1342	0.851646
5290	2120	0.836219
5290	253	0.801322
5290	2959	0.761058
5290	3081	0.751957
5290	50	0.750711
5291	318	1.056392
5291	1208	0.853602
5291	608	0.832749
5291	1247	0.797689
5291	2028	0.778636
5291	1196	0.760272
5291	1944	0.749642
5291	50	0.740502
5291	1198	0.698941
5291	928	0.680726
5292	1193	1.094514
5292	1221	1.067525
5292	1952	1.066171
5292	923	1.038490
5292	1207	1.020238
5292	1225	0.933955
5292	608	0.907976
5292	318	0.873017
5292	527	0.831859
5292	593	0.822362
5293	1196	1.170626
5293	1200	1.097095
5293	2571	1.079738
5293	1206	0.945063
5293	1214	0.919581
5293	1394	0.917090
5293	32	0.916159
5293	924	0.890810
5293	3471	0.845677
5293	1210	0.835976
5294	1674	0.973132
5294	1244	0.926837
5294	898	0.912020
5294	3097	0.873499
5294	2067	0.843165
5294	2215	0.836524
5294	2935	0.835973
5294	914	0.717463
5294	916	0.690002
5294	1094	0.678688
5296	593	2.051340
5296	608	1.862685
5296	1221	1.616816
5296	1193	1.444691
5296	50	1.326232
5296	1207	1.255194
5296	1617	1.246237
5296	2028	1.214347
5296	1247	1.204361
5296	923	1.032783
5297	1610	1.197753
5297	457	1.130198
5297	1573	0.999116
5297	3256	0.965757
5297	589	0.954151
5297	110	0.915857
5297	377	0.868456
5297	1343	0.856746
5297	2916	0.836005
5297	349	0.802122
5298	316	2.031377
5298	1580	1.925910
5298	1375	1.852940
5298	1356	1.805662
5298	2528	1.790589
5298	1372	1.715060
5298	3699	1.568838
5298	2640	1.499012
5298	1653	1.495898
5298	3704	1.486856
5299	595	1.807239
5299	1022	1.663348
5299	364	1.653257
5299	1029	1.612836
5299	2096	1.452089
5299	1028	1.421272
5299	1947	1.381888
5299	596	1.265607
5299	2018	1.248677
5299	2066	1.198126
5300	3893	1.127332
5300	3481	1.020737
5300	3317	0.871384
5300	3952	0.751232
5300	3408	0.717084
5300	3578	0.712359
5300	3863	0.698881
5300	3566	0.672697
5300	3951	0.666862
5300	3827	0.663363
5301	364	0.865919
5301	2096	0.831037
5301	588	0.773757
5301	2081	0.772538
5301	1022	0.726669
5301	596	0.710487
5301	1907	0.702070
5301	594	0.670788
5301	2194	0.619131
5301	595	0.618117
5302	3555	0.533983
5302	2051	0.516444
5302	3623	0.515031
5302	3510	0.513138
5302	381	0.497666
5302	3578	0.489955
5302	55	0.486878
5302	3534	0.481653
5302	3300	0.479746
5302	3535	0.461841
5303	1231	1.511185
5303	1957	1.413298
5303	3098	1.098483
5303	1956	0.884864
5303	1246	0.820154
5303	3360	0.789052
5303	1150	0.765268
5303	2972	0.748389
5303	1228	0.705973
5303	1299	0.705239
5304	608	1.379250
5304	318	1.333324
5304	593	1.262390
5304	1213	1.197738
5304	50	1.172311
5304	2959	0.893934
5304	1358	0.770343
5304	3578	0.753915
5304	2599	0.750299
5304	3948	0.719883
5305	2026	0.869181
5305	2548	0.786064
5305	1779	0.779527
5305	2338	0.752094
5305	2279	0.662809
5305	196	0.653809
5305	1917	0.650226
5305	2514	0.638753
5305	1762	0.620445
5305	3697	0.607797
5306	2410	1.116374
5306	2411	0.840385
5306	2415	0.728295
5306	1526	0.725099
5306	191	0.701494
5306	753	0.663300
5306	1044	0.593345
5306	2432	0.589791
5306	1369	0.589768
5306	1417	0.577499
5307	329	2.851266
5307	1909	2.286755
5307	2393	2.035807
5307	1573	2.029994
5307	1391	2.013684
5307	1876	1.946810
5307	1544	1.853423
5307	1690	1.764345
5307	1603	1.759788
5307	2094	1.630395
5308	260	1.611257
5308	589	1.555815
5308	2916	1.493229
5308	3527	1.471644
5308	32	1.451865
5308	1200	1.433611
5308	1356	1.411723
5308	1527	1.408640
5308	1210	1.391032
5308	1396	1.385205
5310	905	1.111217
5310	1230	0.902754
5310	906	0.889867
5310	1069	0.888103
5310	955	0.866260
5310	2936	0.834634
5310	945	0.826954
5310	951	0.784688
5310	916	0.771843
5310	1152	0.749881
5311	1739	1.205840
5311	2444	1.182701
5311	2846	0.940100
5311	3648	0.842053
5311	2031	0.713414
5311	1592	0.691652
5311	2133	0.641184
5311	904	0.626911
5311	940	0.584900
5311	2818	0.577813
5312	2770	0.581658
5312	858	0.562843
5312	3897	0.445047
5312	3481	0.433018
5312	3893	0.425475
5312	1911	0.409132
5312	1125	0.400272
5312	2078	0.397298
5312	3354	0.393154
5312	3952	0.379726
5313	3713	1.044740
5313	3711	0.833035
5313	3765	0.733594
5313	3758	0.616221
5313	3465	0.492833
5313	3351	0.461880
5313	2650	0.448090
5313	3731	0.444134
5313	3393	0.443419
5313	806	0.440710
5315	2688	2.005270
5315	2598	1.793055
5315	785	1.727837
5315	223	1.715200
5315	2605	1.651628
5315	2336	1.578543
5315	1093	1.543497
5315	2333	1.541435
5315	2683	1.512864
5315	1513	1.480148
5316	2598	1.442226
5316	2395	1.358217
5316	3081	1.247230
5316	223	1.187577
5316	2683	1.101355
5316	1513	1.098308
5316	2762	1.074185
5316	2013	1.026171
5316	2840	1.025297
5316	3623	1.022851
5317	594	0.954196
5317	1200	0.834406
5317	2096	0.822617
5317	1214	0.776588
5317	2565	0.772405
5317	1029	0.759863
5317	1036	0.755848
5317	1035	0.750125
5317	1196	0.700765
5317	1947	0.695445
5318	1917	1.784289
5318	1552	1.617413
5318	2393	1.547678
5318	1876	1.486574
5318	1527	1.385741
5318	1372	1.377822
5318	10	1.369068
5318	1676	1.320974
5318	1597	1.142861
5318	376	1.094414
5319	3317	1.034213
5319	3897	0.923726
5319	3481	0.820679
5319	3624	0.805704
5319	3617	0.805208
5319	3298	0.768237
5319	3948	0.752216
5319	1552	0.749111
5319	3717	0.735026
5319	3751	0.730018
5321	715	0.594694
5321	1678	0.572082
5321	62	0.564777
5321	2683	0.547214
5321	2707	0.515483
5321	292	0.460080
5321	3005	0.457970
5321	2706	0.456881
5321	2770	0.451360
5321	1682	0.447053
5322	1580	0.750009
5322	1909	0.706433
5322	1396	0.706347
5322	1584	0.703988
5322	2985	0.656603
5322	3893	0.615094
5322	2916	0.604452
5322	1527	0.591550
5322	583	0.506370
5322	1921	0.499650
5323	1374	1.691093
5323	1580	1.592104
5323	3699	1.467794
5323	2985	1.404745
5323	32	1.337718
5323	1584	1.323104
5323	1376	1.300805
5323	1527	1.268392
5323	1372	1.165811
5323	2571	1.165407
5324	2115	0.831317
5324	2161	0.796595
5324	3481	0.772622
5324	1275	0.758296
5324	1198	0.755077
5324	3893	0.730512
5324	2470	0.720901
5324	1073	0.696494
5324	1197	0.679590
5324	1931	0.677269
5325	593	1.045994
5325	318	0.832305
5325	3418	0.828617
5325	608	0.821444
5325	296	0.808403
5325	1784	0.780659
5325	457	0.765477
5325	1358	0.713131
5325	2571	0.694133
5325	110	0.671428
5326	1240	0.998715
5326	2571	0.821021
5326	1198	0.799222
5326	1610	0.748346
5326	1954	0.740567
5326	2028	0.709777
5326	1196	0.696038
5326	589	0.678573
5326	2947	0.664425
5326	1210	0.643049
5327	2006	0.834244
5327	3166	0.804105
5327	1552	0.778674
5327	2265	0.695946
5327	2987	0.670499
5327	2162	0.641612
5327	204	0.639386
5327	1605	0.638694
5327	544	0.638498
5327	1615	0.615941
5328	608	0.871901
5328	296	0.851579
5328	1704	0.686659
5328	318	0.631972
5328	593	0.547430
5328	50	0.520413
5328	1193	0.492970
5328	1089	0.492036
5328	1225	0.473838
5328	527	0.465650
5329	923	0.651938
5329	2066	0.616582
5329	1260	0.603213
5329	1267	0.591968
5329	910	0.550668
5329	1252	0.530563
5329	1248	0.530249
5329	750	0.516252
5329	1247	0.505211
5329	904	0.495375
5330	1213	1.197437
5330	593	1.139613
5330	318	1.032039
5330	1041	0.796941
5330	36	0.774594
5330	1617	0.730744
5330	50	0.723408
5330	2028	0.661984
5330	1247	0.659675
5330	1089	0.642536
5331	2028	0.882096
5331	2174	0.835613
5331	1358	0.808581
5331	34	0.774465
5331	318	0.748608
5331	2918	0.718185
5331	1393	0.717150
5331	608	0.663120
5331	2324	0.623682
5331	1307	0.600158
5332	2571	1.826191
5332	1214	1.692874
5332	1291	1.646198
5332	589	1.632026
5332	2028	1.428997
5332	2947	1.318647
5332	1210	1.239760
5332	858	1.206447
5332	1370	1.197721
5332	733	1.180030
5333	3886	0.653055
5333	3902	0.501946
5333	2591	0.500258
5333	250	0.497369
5333	3565	0.474015
5333	3743	0.455740
5333	3571	0.440400
5333	2630	0.425094
5333	3895	0.415174
5333	3621	0.408248
5334	1501	0.800000
5334	607	0.707107
5334	744	0.707107
5334	1160	0.707107
5334	1532	0.707107
5334	3228	0.707107
5334	2652	0.670820
5334	1549	0.632456
5334	3407	0.615798
5334	2586	0.565685
5335	1240	0.640514
5335	2770	0.630222
5335	2599	0.622043
5335	1036	0.579036
5335	110	0.569779
5335	2291	0.549128
5335	2947	0.538663
5335	2194	0.534557
5335	1610	0.526494
5335	2949	0.511850
5336	1240	2.530583
5336	589	2.012329
5336	1196	1.992687
5336	260	1.810450
5336	1210	1.633813
5336	2571	1.602099
5336	1242	1.512763
5336	110	1.480185
5336	2194	1.454701
5336	1222	1.444098
5337	1022	2.775246
5337	1029	2.532985
5337	2078	2.052990
5337	2687	1.986542
5337	1032	1.778334
5337	2080	1.749380
5337	783	1.603221
5337	2089	1.586949
5337	2294	1.572765
5337	2085	1.423920
5338	780	2.003878
5338	1372	1.933798
5338	1375	1.820451
5338	1676	1.756110
5338	2046	1.447267
5338	3697	1.427021
5338	1876	1.313787
5338	1779	1.310476
5338	2021	1.296824
5338	674	1.274700
5339	608	1.015393
5339	2028	0.961439
5339	296	0.961162
5339	1196	0.844005
5339	2571	0.829670
5339	589	0.810043
5339	1213	0.806779
5339	1617	0.785616
5339	1876	0.782509
5339	329	0.775697
5340	539	1.697784
5340	2424	1.424074
5340	708	1.369174
5340	252	1.172858
5340	1777	1.167731
5340	440	1.003763
5340	7	0.974134
5340	11	0.927113
5340	357	0.894761
5340	852	0.881475
5341	3707	1.332646
5341	2468	1.315543
5341	3385	1.247139
5341	2796	1.164261
5341	2717	1.122056
5341	2471	1.097070
5341	2478	0.991100
5341	2134	0.962265
5341	2794	0.956577
5341	2378	0.937968
5342	150	1.349452
5342	593	1.315428
5342	318	1.240912
5342	1213	1.065847
5342	380	0.796221
5342	2324	0.774490
5342	539	0.745457
5342	356	0.734115
5342	3006	0.719835
5342	1682	0.719638
5343	318	1.762697
5343	296	1.380263
5343	50	1.327781
5343	1213	1.262554
5343	34	0.936601
5343	588	0.924840
5343	364	0.918469
5343	1089	0.908981
5343	1265	0.890542
5343	1704	0.872829
5344	1569	0.888621
5344	1835	0.795218
5344	339	0.742530
5344	1409	0.732065
5344	2424	0.711001
5344	1777	0.643289
5344	2316	0.635849
5344	2506	0.630544
5344	2671	0.605064
5344	7	0.571041
5345	2581	0.998366
5345	2724	0.894367
5345	2805	0.807833
5345	2683	0.750749
5345	1093	0.717284
5345	1457	0.689244
5345	785	0.654607
5345	2688	0.622189
5345	2906	0.616224
5345	3219	0.615256
5346	2096	1.252048
5346	1029	1.215096
5346	595	1.116768
5346	2018	0.985292
5346	364	0.984454
5346	2087	0.967129
5346	588	0.948673
5346	596	0.903156
5346	899	0.894021
5346	919	0.868866
5347	292	1.425847
5347	1792	1.369568
5347	376	1.299339
5347	204	1.156198
5347	2126	1.073806
5347	1385	1.065587
5347	1917	1.039049
5347	1377	0.968019
5347	434	0.965640
5347	3020	0.958206
5348	1974	1.467004
5348	2327	1.452214
5348	1987	1.288222
5348	1717	1.282850
5348	2279	1.251475
5348	2517	1.134120
5348	3708	1.107858
5348	1969	1.107201
5348	1347	1.089465
5348	2158	1.066586
5349	2114	1.047902
5349	3449	0.969094
5349	3480	0.814052
5349	2928	0.769455
5349	2474	0.766350
5349	3478	0.759853
5349	1135	0.735386
5349	1958	0.734128
5349	2469	0.703841
5349	1962	0.679625
5350	594	1.780483
5350	2096	1.645833
5350	1022	1.521961
5350	2018	1.499742
5350	2089	1.494273
5350	596	1.470253
5350	1907	1.401777
5350	2139	1.334262
5350	2078	1.275482
5350	2687	1.254008
5352	754	0.559166
5352	2463	0.538795
5352	3028	0.504485
5352	2371	0.488807
5352	3671	0.454750
5352	3644	0.451470
5352	2951	0.438656
5352	2537	0.422893
5352	2032	0.418882
5352	2736	0.414509
5353	593	1.125653
5353	1240	1.079562
5353	541	1.044142
5353	904	1.033802
5353	318	0.989846
5353	260	0.981360
5353	924	0.971398
5353	527	0.963335
5353	1387	0.956897
5353	1200	0.946383
5354	3256	1.884645
5354	1610	1.876955
5354	1527	1.815163
5354	733	1.739727
5354	480	1.659422
5354	2058	1.371593
5354	316	1.314887
5354	780	1.308189
5354	110	1.298279
5354	2353	1.233438
5355	1387	1.280182
5355	1198	1.039567
5355	1200	1.017523
5355	1350	1.008310
5355	3753	1.004058
5355	858	0.997292
5355	1240	0.965296
5355	1345	0.925299
5355	1258	0.884884
5355	3624	0.839942
5356	1340	1.578085
5356	1350	1.556421
5356	1345	1.420478
5356	1258	1.386699
5356	1219	1.358402
5356	2646	1.352040
5356	2644	1.313682
5356	2650	1.289481
5356	3018	1.284730
5356	1982	1.236587
5357	2502	2.201283
5357	2688	2.188681
5357	2395	1.925486
5357	2013	1.825516
5357	3219	1.824519
5357	2490	1.715308
5357	1911	1.626837
5357	2906	1.550937
5357	2491	1.519427
5357	2394	1.511043
5359	2858	0.629693
5359	1	0.594924
5359	1265	0.529413
5359	3005	0.521886
5359	2396	0.478952
5359	2694	0.463005
5359	223	0.459146
5359	2908	0.444884
5359	3328	0.407382
5359	2599	0.402501
5360	3578	1.542662
5360	3510	1.217475
5360	3555	1.188562
5360	3753	1.113643
5360	2688	1.097546
5360	223	1.079202
5360	3300	1.048435
5360	3409	1.038247
5360	2694	1.027620
5360	2770	1.003550
5361	457	0.629292
5361	2947	0.593973
5361	1954	0.578684
5361	1291	0.533749
5361	3256	0.510265
5361	1079	0.507499
5361	1036	0.493501
5361	1968	0.476141
5361	1278	0.476013
5361	1198	0.467039
5362	2215	1.382588
5362	898	1.150246
5362	905	1.117221
5362	974	1.065339
5362	3097	0.952960
5362	2920	0.862927
5362	2683	0.844232
5362	2770	0.827553
5362	3739	0.822872
5362	2355	0.815868
5363	1573	1.893261
5363	1372	1.751208
5363	3256	1.713309
5363	1527	1.692173
5363	733	1.652403
5363	316	1.625299
5363	457	1.510823
5363	377	1.374273
5363	2571	1.340053
5363	2058	1.318552
5364	1422	1.229105
5364	695	1.208894
5364	1798	1.147754
5364	1427	1.102620
5364	103	1.074977
5364	3056	1.037003
5364	782	0.978043
5364	165	0.823232
5364	540	0.812807
5364	2713	0.811536
5365	3664	1.230999
5365	3833	0.840479
5365	3669	0.813114
5365	3641	0.778355
5365	1591	0.727349
5365	2808	0.710531
5365	1037	0.690523
5365	1798	0.686498
5365	3665	0.652446
5365	1917	0.633457
5366	1721	0.776597
5366	1357	0.651272
5366	6	0.609871
5366	112	0.591752
5366	2058	0.582838
5366	454	0.562306
5366	356	0.548268
5366	1633	0.523077
5366	1639	0.496493
5366	1589	0.486440
5367	2688	0.686723
5367	2997	0.591771
5367	2605	0.570042
5367	2723	0.562933
5367	2333	0.482272
5367	2881	0.475425
5367	2944	0.455043
5367	3174	0.434012
5367	2858	0.428368
5367	2716	0.421123
5368	6	1.227126
5368	50	1.195849
5368	2571	1.065943
5368	608	1.024946
5368	474	1.015354
5368	2353	0.939866
5368	2391	0.895378
5368	1343	0.885629
5368	1625	0.867736
5368	1805	0.858634
5369	1185	0.733303
5369	1225	0.700000
5369	608	0.699346
5369	1247	0.690713
5369	1228	0.686666
5369	1704	0.680879
5369	1213	0.676300
5369	3068	0.659955
5369	1957	0.656179
5369	385	0.650426
5371	592	0.613756
5371	457	0.566564
5371	1291	0.553538
5371	357	0.508092
5371	39	0.508007
5371	377	0.488429
5371	2671	0.483648
5371	480	0.479573
5371	349	0.475201
5371	588	0.472628
5372	3005	1.783602
5372	2997	1.676911
5372	2541	1.551885
5372	2188	1.457434
5372	593	1.437256
5372	2710	1.382394
5372	2355	1.334258
5372	1093	1.305455
5372	2572	1.303880
5372	2699	1.228612
5373	1200	1.292051
5373	3555	1.191577
5373	1214	1.176108
5373	1210	1.145087
5373	3623	1.134751
5373	1291	1.083972
5373	589	1.035198
5373	1036	1.017626
5373	858	1.014041
5373	2028	1.010936
5374	2683	2.899574
5374	3005	2.675474
5374	223	2.673268
5374	2541	2.490627
5374	2716	2.369016
5374	2369	2.008127
5374	2428	1.897621
5374	2772	1.888056
5374	2706	1.859028
5374	2771	1.854283
5376	3087	1.169562
5376	3448	1.042007
5376	2100	1.029778
5376	2463	0.994171
5376	2003	0.969691
5376	2470	0.872195
5376	2247	0.783265
5376	1135	0.771197
5376	3501	0.748495
5376	2518	0.717702
5377	608	1.281154
5377	2028	1.202018
5377	527	1.139086
5377	1704	1.127759
5377	1198	1.119234
5377	1394	0.957876
5377	1221	0.929666
5377	1196	0.918247
5377	36	0.902645
5377	858	0.888221
5378	3656	1.691771
5378	3714	0.938375
5378	3732	0.923868
5378	3716	0.883785
5378	3724	0.857811
5378	3736	0.690876
5378	3033	0.636788
5378	2528	0.586933
5378	1376	0.536690
5378	2641	0.522658
5379	2959	0.674738
5379	2688	0.608360
5379	2599	0.583191
5379	2355	0.555010
5379	2770	0.548779
5379	2716	0.522965
5379	2976	0.518324
5379	2134	0.504413
5379	2997	0.499779
5379	2861	0.478645
5382	1562	0.695702
5382	126	0.654238
5382	2086	0.611700
5382	3767	0.568187
5382	2797	0.564435
5382	1663	0.562929
5382	2818	0.561479
5382	2174	0.559337
5382	153	0.553893
5382	1556	0.544553
5384	364	1.789010
5384	2565	1.670426
5384	1029	1.615031
5384	1282	1.586671
5384	1022	1.500440
5384	2096	1.374587
5384	2081	1.276582
5384	2078	1.221946
5384	899	1.146086
5384	1035	1.126662
5385	1240	2.006642
5385	1214	1.867339
5385	1200	1.681030
5385	2916	1.492988
5385	1206	1.456096
5385	541	1.362573
5385	589	1.335202
5385	2968	1.251475
5385	858	1.250966
5385	3527	1.249327
5386	2683	1.242270
5386	2355	1.090090
5386	3578	1.088740
5386	2605	1.012117
5386	2770	0.911670
5386	3717	0.873514
5386	2881	0.856345
5386	2959	0.847301
5386	3005	0.831445
5386	3751	0.811502
5387	1191	1.768274
5387	556	1.710451
5387	1111	1.651688
5387	363	1.344772
5387	1865	1.117861
5387	1649	1.105729
5387	108	1.061837
5387	3609	1.061837
5387	1123	1.004014
5387	1827	0.939228
5389	2688	2.395277
5389	2734	1.740696
5389	2716	1.726648
5389	24	1.710615
5389	3219	1.641214
5389	3174	1.612632
5389	2502	1.597039
5389	2013	1.572119
5389	2568	1.547984
5389	2605	1.492323
5390	1080	1.626732
5390	3671	1.270547
5390	3421	1.097878
5390	1234	1.093634
5390	1265	1.077022
5390	34	0.957454
5390	3363	0.946559
5390	3361	0.928350
5390	2804	0.920496
5390	1304	0.911645
5393	3496	0.807218
5393	2411	0.711567
5393	847	0.667313
5393	2415	0.655142
5393	1726	0.607121
5393	2445	0.596896
5393	2419	0.592385
5393	169	0.530193
5393	779	0.522305
5393	1902	0.521143
5394	3375	0.562807
5394	3659	0.529558
5394	1722	0.487792
5394	2665	0.473996
5394	853	0.441726
5394	914	0.437107
5394	1035	0.432545
5394	3417	0.428845
5394	3486	0.428845
5394	964	0.415505
5395	3845	0.780516
5395	1316	0.609264
5395	3401	0.569568
5395	2797	0.568573
5395	150	0.500817
5395	2534	0.500363
5395	1791	0.479109
5395	1704	0.438509
5395	1490	0.413431
5395	2974	0.405563
5396	1584	1.807130
5396	1214	1.788003
5396	1200	1.761366
5396	3471	1.597135
5396	2571	1.537681
5396	2985	1.529540
5396	1748	1.458730
5396	1374	1.455257
5396	3703	1.432303
5396	1199	1.349251
5397	1219	0.803725
5397	914	0.781220
5397	2565	0.760507
5397	1333	0.758937
5397	918	0.745677
5397	2066	0.723233
5397	1022	0.712948
5397	2644	0.709675
5397	1029	0.703577
5397	2096	0.702778
5399	780	2.724801
5399	1356	2.713408
5399	2393	1.955153
5399	2628	1.895577
5399	480	1.724751
5399	1391	1.699576
5399	3697	1.587839
5399	1584	1.562808
5399	2985	1.512280
5399	1603	1.456554
5401	364	2.627683
5401	596	2.310021
5401	594	2.146886
5401	595	2.014747
5401	1907	2.006567
5401	1032	1.920847
5401	2087	1.861642
5401	2078	1.853547
5401	783	1.757195
5401	1282	1.667163
5402	1356	0.799224
5402	1200	0.647120
5402	1376	0.639915
5402	1240	0.618562
5402	1127	0.591308
5402	440	0.543830
5402	2916	0.542424
5402	2288	0.530096
5402	1196	0.510983
5402	329	0.506055
5403	2096	1.587522
5403	1907	1.338259
5403	364	1.315367
5403	2089	1.251144
5403	1029	1.229408
5403	596	1.208631
5403	588	1.157655
5403	2087	1.069783
5403	1032	1.006059
5403	594	1.006057
5404	2918	1.023473
5404	3361	0.910638
5404	1968	0.863551
5404	2915	0.850920
5404	3039	0.753621
5404	3552	0.686295
5404	1374	0.677638
5404	3421	0.676092
5404	1394	0.668237
5404	1270	0.662271
5405	2688	1.232894
5405	2734	1.041177
5405	3219	0.970753
5405	2013	0.944246
5405	1093	0.879573
5405	2581	0.763170
5405	3203	0.748529
5405	2336	0.710043
5405	3543	0.703334
5405	2770	0.701264
5406	1222	0.658934
5406	2565	0.640655
5406	1036	0.627833
5406	1291	0.613106
5406	1196	0.609244
5406	1704	0.580879
5406	1947	0.580784
5406	594	0.571981
5406	1240	0.564581
5406	1961	0.563343
5408	2096	2.622295
5408	1028	2.014352
5408	2087	2.006119
5408	1947	2.001490
5408	918	1.941884
5408	1035	1.892572
5408	2018	1.860982
5408	2081	1.775894
5408	2078	1.760510
5408	596	1.670540
5410	2694	0.844221
5410	2683	0.843841
5410	2706	0.630579
5410	1200	0.617453
5410	3724	0.609126
5410	3527	0.601425
5410	1376	0.594599
5410	2188	0.589914
5410	2355	0.560363
5410	3005	0.556612
5412	2734	0.470936
5412	2333	0.405899
5412	2934	0.405194
5412	1784	0.385492
5412	1150	0.374213
5412	2997	0.367563
5412	1704	0.358872
5412	1222	0.346193
5412	2114	0.343106
5412	1220	0.323516
5413	3893	0.954474
5413	3911	0.803680
5413	3948	0.731690
5413	3952	0.669594
5413	593	0.647366
5413	608	0.639635
5413	3915	0.638801
5413	2028	0.534528
5413	3910	0.523483
5413	858	0.474504
5414	1980	3.101384
5414	1977	2.820635
5414	1984	2.438909
5414	1986	1.961380
5414	606	1.516952
5414	1756	1.268928
5414	1326	1.169497
5414	2338	1.165317
5414	2513	1.164968
5414	3021	1.164015
5415	1197	1.162186
5415	1214	0.917590
5415	1200	0.876529
5415	1210	0.870923
5415	1079	0.854141
5415	1240	0.846878
5415	858	0.814560
5415	1036	0.796621
5415	1968	0.794305
5415	1270	0.764704
5416	3661	0.760414
5416	3704	0.576101
5416	3723	0.570787
5416	296	0.530153
5416	1265	0.523888
5416	3527	0.523583
5416	2997	0.515599
5416	3738	0.486755
5416	34	0.478166
5416	1376	0.454075
5417	2	1.997073
5417	3479	1.845554
5417	1073	1.596138
5417	3438	1.581669
5417	2872	1.505966
5417	3489	1.498273
5417	2453	1.353721
5417	2628	1.346546
5417	2968	1.305483
5417	2174	1.138789
5418	1262	1.261303
5418	969	1.115106
5418	936	0.961539
5418	1296	0.955511
5418	3196	0.947260
5418	1207	0.933071
5418	1193	0.921036
5418	318	0.899703
5418	1263	0.883574
5418	1927	0.882780
5419	1240	1.032540
5419	1200	1.002244
5419	2028	0.966738
5419	260	0.901299
5419	1198	0.884087
5419	1214	0.881591
5419	1210	0.807737
5419	1036	0.796296
5419	589	0.733384
5419	1291	0.721044
5420	1489	2.050872
5420	3400	1.702806
5420	1460	1.459878
5420	2142	1.419508
5420	2052	1.371343
5420	1474	1.288033
5420	239	1.191245
5420	867	1.189814
5420	1750	1.148381
5420	3287	1.088459
5421	1036	0.961743
5421	2000	0.947350
5421	1302	0.859339
5421	1246	0.774853
5421	1200	0.752064
5421	1307	0.751896
5421	3169	0.745656
5421	1079	0.739517
5421	2918	0.731832
5421	1270	0.708421
5422	3385	0.808024
5422	2794	0.741469
5422	2717	0.737401
5422	2286	0.678565
5422	719	0.676865
5422	2050	0.668420
5422	3715	0.641801
5422	2012	0.603482
5422	2374	0.603112
5422	3881	0.588069
5423	318	1.074168
5423	924	1.041024
5423	1193	1.009306
5423	1212	0.946045
5423	904	0.936233
5423	1196	0.927052
5423	912	0.908854
5423	858	0.899108
5423	1247	0.882450
5423	1214	0.848328
5424	1079	1.894807
5424	1080	1.567299
5424	3361	1.539856
5424	1294	1.342929
5424	1234	1.295606
5424	1259	1.288290
5424	1307	1.213876
5424	1968	1.159001
5424	2174	1.116893
5424	1292	1.088211
5425	593	1.902315
5425	1221	1.464949
5425	1247	1.305825
5425	50	1.237621
5425	2858	1.156627
5425	858	1.137297
5425	2598	1.113723
5425	1617	1.030543
5425	2502	1.029978
5425	912	1.029059
5426	2002	0.716407
5426	208	0.597191
5426	2598	0.589288
5426	640	0.557436
5426	3764	0.557366
5426	3758	0.552030
5426	3656	0.543903
5426	3716	0.508378
5426	2013	0.507141
5426	990	0.501479
5427	1278	1.121131
5427	1394	1.068994
5427	1079	0.978399
5427	3361	0.970576
5427	1136	0.960014
5427	2918	0.958324
5427	1080	0.932270
5427	3421	0.928358
5427	1294	0.811562
5427	2973	0.678128
5428	2474	0.548331
5428	3098	0.525956
5428	1302	0.456562
5428	2420	0.452755
5428	1680	0.449038
5428	358	0.444476
5428	1805	0.440982
5428	475	0.431635
5428	2240	0.427017
5428	454	0.416888
5429	1393	0.612152
5429	150	0.601738
5429	1682	0.575939
5429	687	0.564862
5429	1660	0.521692
5429	3421	0.505222
5429	539	0.494666
5429	1357	0.467243
5429	1721	0.466476
5429	249	0.450859
5430	2424	1.359677
5430	1888	1.130707
5430	339	1.098396
5430	1541	1.048208
5430	1835	0.997624
5430	1457	0.978733
5430	1513	0.948117
5430	207	0.927484
5430	3528	0.916671
5430	2598	0.891178
5431	11	1.157640
5431	597	0.842268
5431	539	0.826383
5431	3253	0.784753
5431	708	0.727377
5431	356	0.716360
5431	39	0.687979
5431	2424	0.680256
5431	339	0.677478
5431	342	0.645844
5432	3359	0.486590
5432	3198	0.451405
5432	2866	0.417476
5432	1263	0.404843
5432	1399	0.393018
5432	914	0.391090
5432	3111	0.376104
5432	3498	0.370711
5432	600	0.363636
5432	1539	0.363636
5433	324	0.589992
5433	1380	0.568638
5433	2908	0.550719
5433	3912	0.542576
5433	3793	0.530667
5433	3744	0.516443
5433	1947	0.504652
5433	223	0.504604
5433	2858	0.498263
5433	1350	0.496114
5434	3435	1.216269
5434	1269	0.949708
5434	2203	0.903886
5434	1212	0.879453
5434	1252	0.878877
5434	942	0.830526
5434	950	0.823723
5434	2066	0.823705
5434	1068	0.806402
5434	2205	0.806402
5435	589	1.732752
5435	2916	1.688358
5435	733	1.499134
5435	3256	1.458368
5435	480	1.295524
5435	1240	1.230647
5435	2058	1.189877
5435	474	1.169054
5435	377	1.078597
5435	1200	1.078043
5436	1573	1.840817
5436	733	1.728944
5436	349	1.633679
5436	1372	1.561125
5436	316	1.426250
5436	2628	1.424183
5436	377	1.409402
5436	780	1.399517
5436	1370	1.395313
5436	3256	1.393425
5437	1580	0.822391
5437	1584	0.752791
5437	1527	0.675365
5437	1356	0.662834
5437	480	0.630701
5437	2640	0.609364
5437	1748	0.597593
5437	32	0.569186
5437	2985	0.564707
5437	3527	0.546189
5438	3098	1.058489
5438	1302	0.982218
5438	1962	0.974757
5438	1090	0.875833
5438	3526	0.821629
5438	3360	0.810293
5438	1036	0.798618
5438	1240	0.797675
5438	1958	0.751858
5438	1291	0.742080
5440	1500	0.633665
5440	2321	0.600020
5440	348	0.580522
5440	3060	0.574545
5440	1	0.540646
5440	1188	0.539862
5440	1641	0.533392
5440	1923	0.513787
5440	2396	0.497468
5440	34	0.480978
5441	2005	0.946078
5441	2143	0.797911
5441	1967	0.792047
5441	2193	0.772864
5441	2021	0.752762
5441	1022	0.718579
5441	317	0.674179
5441	2628	0.670964
5441	788	0.652010
5441	653	0.626437
5442	457	1.401482
5442	50	1.107374
5442	150	1.078875
5442	593	1.032390
5442	2028	1.002662
5442	293	0.996503
5442	2391	0.957293
5442	110	0.954065
5442	296	0.912359
5442	608	0.871315
5443	1373	1.075545
5443	435	0.911556
5443	2450	0.861800
5443	2986	0.857096
5443	172	0.842485
5443	2	0.814487
5443	1591	0.785768
5443	1779	0.766853
5443	1037	0.759184
5443	1544	0.726793
5444	2688	2.059103
5444	2605	1.794224
5444	1093	1.755297
5444	2428	1.647987
5444	1911	1.592442
5444	2881	1.590377
5444	2805	1.561306
5444	785	1.550598
5444	2716	1.526171
5444	223	1.480565
5445	2161	2.188614
5445	2143	1.886647
5445	2968	1.685369
5445	2174	1.501772
5445	2	1.451948
5445	2872	1.380857
5445	367	1.175265
5445	2453	1.134603
5445	2797	1.103392
5445	653	1.099134
5446	1293	0.595145
5446	589	0.580676
5446	1214	0.550816
5446	1240	0.543873
5446	1957	0.510095
5446	2028	0.510020
5446	924	0.492139
5446	750	0.467024
5446	1200	0.459013
5446	858	0.446110
5447	914	0.915587
5447	899	0.701158
5447	357	0.624249
5447	900	0.595261
5447	1674	0.578963
5447	440	0.566258
5447	597	0.531797
5447	902	0.487804
5447	2671	0.474186
5447	2424	0.470275
5448	3847	0.702390
5448	3881	0.593360
5448	1928	0.573539
5448	2002	0.571547
5448	418	0.515110
5448	148	0.507093
5448	3804	0.484269
5448	967	0.477214
5448	1844	0.468839
5448	3762	0.458794
5449	1513	1.493211
5449	2840	1.202981
5449	2490	1.198194
5449	2841	1.175950
5449	2692	1.108022
5449	2394	1.056855
5449	2013	0.996205
5449	2560	0.994661
5449	2491	0.983093
5449	2502	0.963609
5450	597	0.450906
5450	356	0.450490
5450	2237	0.444501
5450	1968	0.440257
5450	150	0.418971
5450	3903	0.418344
5450	152	0.407875
5450	823	0.406226
5450	2157	0.393919
5450	3039	0.392497
5451	10	1.003941
5451	928	0.801084
5451	3082	0.784083
5451	1573	0.782542
5451	380	0.764549
5451	648	0.754824
5451	3256	0.737177
5451	733	0.733775
5451	2989	0.701536
5451	2353	0.679880
5452	108	1.642232
5452	3609	1.642232
5452	1865	1.478328
5452	1649	1.464928
5452	246	1.419423
5452	549	1.305032
5452	99	1.199008
5452	1147	1.165291
5452	1189	1.162721
5452	3281	1.150105
5453	1092	1.148199
5453	3256	1.147677
5453	1625	1.143209
5453	733	1.084946
5453	1370	1.083642
5453	1573	1.051407
5453	2803	1.002287
5453	288	0.921447
5453	350	0.918541
5453	280	0.872152
5454	858	1.068778
5454	318	0.999766
5454	2028	0.989945
5454	1196	0.984515
5454	1221	0.932507
5454	1198	0.899055
5454	50	0.869158
5454	527	0.865905
5454	1617	0.865424
5454	912	0.769195
5455	329	1.263692
5455	3697	1.211744
5455	736	1.129030
5455	434	1.066166
5455	1876	1.054712
5455	849	1.051243
5455	780	0.995025
5455	1605	0.987414
5455	2628	0.965583
5455	1037	0.900722
5456	1394	1.681098
5456	1136	1.234751
5456	1278	1.201005
5456	1080	1.142683
5456	1079	1.118145
5456	1230	1.103431
5456	3361	1.100416
5456	1294	1.081270
5456	3114	1.022929
5456	3421	1.017519
5457	1584	0.889840
5457	440	0.722178
5457	541	0.707294
5457	2571	0.691751
5457	539	0.645899
5457	11	0.638378
5457	597	0.625407
5457	2968	0.619502
5457	104	0.592608
5457	1921	0.587758
5458	1079	1.129702
5458	2797	1.126806
5458	3039	1.098655
5458	2918	1.070165
5458	1307	1.018514
5458	2915	1.014902
5458	3552	0.982908
5458	2352	0.904993
5458	2791	0.798928
5458	1663	0.766236
5459	1911	1.875103
5459	2683	1.707982
5459	2694	1.671965
5459	3113	1.390431
5459	3005	1.375556
5459	2433	1.368815
5459	1093	1.367807
5459	2770	1.280622
5459	2719	1.275334
5459	2428	1.245134
5460	1358	0.886760
5460	2396	0.704397
5460	1704	0.688732
5460	318	0.683179
5460	150	0.632404
5460	34	0.628211
5460	1213	0.617706
5460	296	0.611100
5460	1500	0.608775
5460	1089	0.601692
5461	1394	1.077843
5461	3114	0.894370
5461	2100	0.882535
5461	1148	0.863361
5461	2915	0.771547
5461	2352	0.762283
5461	1136	0.727814
5461	1079	0.725859
5461	3361	0.712720
5461	1265	0.698393
5462	2694	1.785739
5462	3005	1.462120
5462	3753	1.451635
5462	2770	1.434775
5462	3624	1.415962
5462	3717	1.346580
5462	3510	1.338851
5462	2188	1.291310
5462	3300	1.231579
5462	2707	1.202018
5463	900	0.618798
5463	899	0.582085
5463	1035	0.561925
5463	1294	0.561225
5463	2067	0.554046
5463	1674	0.550333
5463	918	0.536352
5463	1152	0.533487
5463	1136	0.502631
5463	593	0.484730
5464	1270	1.007314
5464	1214	0.854515
5464	1200	0.840006
5464	1206	0.813235
5464	2529	0.784876
5464	1196	0.778170
5464	1240	0.751890
5464	2948	0.738855
5464	2571	0.709812
5464	1077	0.698992
5466	2740	0.854367
5466	2868	0.850263
5466	1214	0.752003
5466	1320	0.749825
5466	260	0.739602
5466	2902	0.720527
5466	2787	0.713281
5466	1240	0.711592
5466	724	0.677087
5466	2028	0.667495
5468	1798	0.928726
5468	2986	0.918567
5468	103	0.803575
5468	173	0.779593
5468	1882	0.749158
5468	291	0.739107
5468	1037	0.736327
5468	1427	0.719030
5468	694	0.713331
5468	2471	0.680406
5469	1250	1.046057
5469	1262	0.951101
5469	3196	0.934574
5469	1479	0.825943
5469	1272	0.821873
5469	260	0.810462
5469	736	0.806464
5469	1792	0.762933
5469	1204	0.754504
5469	1552	0.727943
5470	3623	1.334798
5470	3717	1.050957
5470	3744	1.025776
5470	3753	1.000006
5470	3624	0.978017
5470	3481	0.974278
5470	3745	0.861748
5470	3793	0.852579
5470	3948	0.844994
5470	3911	0.798583
5472	2565	1.092147
5472	1029	1.086058
5472	2096	1.065150
5472	962	0.982106
5472	2100	0.974028
5472	594	0.901544
5472	1947	0.898188
5472	1035	0.849337
5472	1282	0.798581
5472	899	0.780492
5473	329	1.654396
5473	1320	1.434660
5473	2393	1.410826
5473	1917	1.407847
5473	1356	1.372785
5473	1375	1.370553
5473	1676	1.338160
5473	1527	1.284536
5473	3697	1.125734
5473	1909	1.086417
5474	2916	2.280138
5474	1240	1.956602
5474	3527	1.841805
5474	1374	1.810036
5474	1584	1.759873
5474	1653	1.603711
5474	1196	1.485055
5474	1214	1.455008
5474	3703	1.442385
5474	1356	1.438294
5475	2305	0.447484
5475	599	0.417977
5475	2922	0.392201
5475	172	0.382789
5475	3681	0.381441
5475	463	0.372104
5475	300	0.368280
5475	2276	0.362616
5475	3555	0.359396
5475	2808	0.359333
5476	2991	0.897526
5476	3622	0.648263
5476	2908	0.591478
5476	2599	0.490599
5476	2993	0.485724
5476	2858	0.479850
5476	2770	0.474900
5476	3763	0.470112
5476	2959	0.465584
5476	2716	0.426866
5478	2028	1.103786
5478	2571	1.011661
5478	318	0.988486
5478	480	0.964662
5478	260	0.929039
5478	593	0.872619
5478	2916	0.846749
5478	34	0.830536
5478	3256	0.824924
5478	2997	0.820222
5479	1777	1.711535
5479	357	1.571839
5479	2424	1.466241
5479	1569	1.392089
5479	587	1.231195
5479	852	1.188144
5479	39	1.075194
5479	7	1.035823
5479	356	1.021936
5479	471	0.990608
5480	2096	2.611190
5480	588	2.250348
5480	1028	1.998300
5480	2018	1.845048
5480	596	1.808112
5480	1032	1.776699
5480	2565	1.743554
5480	1947	1.607239
5480	2080	1.485403
5480	1907	1.458041
5481	316	0.730200
5481	2134	0.556137
5481	1676	0.507264
5481	329	0.501500
5481	2393	0.492043
5481	2699	0.477062
5481	2694	0.458303
5481	1375	0.447728
5481	253	0.442264
5481	2997	0.429046
5482	1682	0.600021
5482	377	0.574233
5482	293	0.521249
5482	529	0.515356
5482	356	0.513816
5482	1784	0.493842
5482	2353	0.489602
5482	1094	0.488630
5482	161	0.468246
5482	597	0.461774
5483	454	1.197578
5483	1650	0.979370
5483	369	0.823141
5483	1271	0.777477
5483	57	0.696627
5483	1619	0.692688
5483	280	0.677135
5483	1678	0.666586
5483	1810	0.655829
5483	475	0.619447
5484	1240	1.507813
5484	1200	1.451999
5484	3471	1.350779
5484	2571	1.292416
5484	589	1.213284
5484	1196	1.175089
5484	32	1.118435
5484	3527	1.009063
5484	3702	0.986717
5484	3703	0.981146
5485	1079	1.346254
5485	1136	1.124337
5485	3361	1.065235
5485	1265	1.031610
5485	1270	1.019080
5485	2791	0.965394
5485	1278	0.954773
5485	1197	0.910778
5485	1294	0.907607
5485	1288	0.905067
5486	1466	1.167412
5486	1213	1.152910
5486	296	1.050396
5486	608	1.041267
5486	6	0.986324
5486	1912	0.930003
5486	1248	0.929429
5486	1953	0.916930
5486	47	0.862660
5486	1729	0.789831
5487	2997	1.079265
5487	2355	0.741566
5487	2054	0.696677
5487	2770	0.687742
5487	223	0.680973
5487	2683	0.661943
5487	316	0.652790
5487	1376	0.644544
5487	2599	0.632485
5487	2688	0.630823
5488	1375	0.718208
5488	296	0.717601
5488	3699	0.708112
5488	318	0.686492
5488	2407	0.685266
5488	1374	0.658435
5488	608	0.638593
5488	1356	0.638033
5488	1373	0.637933
5488	2706	0.571011
5489	349	1.284186
5489	1370	1.168884
5489	733	1.087490
5489	10	1.003791
5489	2058	0.861669
5489	2763	0.855901
5489	1343	0.823744
5489	2989	0.812852
5489	377	0.778102
5489	695	0.736565
5490	2687	1.871802
5490	2096	1.644573
5490	2089	1.631062
5490	1688	1.626051
5490	1022	1.459988
5490	3508	1.287485
5490	594	1.276156
5490	2081	1.274501
5490	2018	1.268624
5490	2922	1.256204
5491	2841	0.500270
5491	2840	0.489129
5491	6	0.487397
5491	2762	0.479281
5491	2987	0.477824
5491	1912	0.459712
5491	2278	0.431467
5491	349	0.426842
5491	539	0.424262
5491	47	0.414585
5492	2571	0.770956
5492	2906	0.717911
5492	1513	0.703584
5492	2581	0.600534
5492	2394	0.579056
5492	1200	0.566166
5492	539	0.559532
5492	2806	0.555052
5492	2840	0.550000
5492	457	0.541757
5493	2469	0.508749
5493	443	0.501616
5493	549	0.492830
5493	556	0.470626
5493	246	0.466077
5493	2157	0.457496
5493	279	0.438646
5493	2778	0.431331
5493	363	0.425007
5493	1135	0.423935
5494	1610	0.964433
5494	457	0.907859
5494	2947	0.890051
5494	733	0.870964
5494	1036	0.763360
5494	1370	0.761520
5494	10	0.720008
5494	1291	0.713551
5494	1240	0.702857
5494	1222	0.697303
5495	2694	1.745558
5495	2770	1.721995
5495	2599	1.467808
5495	3005	1.374843
5495	2433	1.288312
5495	2707	1.239416
5495	1093	1.214627
5495	2336	1.205331
5495	2976	1.137059
5495	2188	1.128115
5496	2707	2.434886
5496	1911	2.376417
5496	2541	2.132117
5496	3203	2.028556
5496	2771	1.828262
5496	2881	1.769056
5496	2975	1.599705
5496	2605	1.486294
5496	2997	1.456891
5496	2858	1.445647
5497	733	2.021400
5497	2916	1.876018
5497	2353	1.738090
5497	1370	1.667072
5497	1356	1.520769
5497	10	1.481590
5497	1527	1.428030
5497	380	1.295027
5497	780	1.245270
5497	1722	1.199948
5498	1573	0.786649
5498	1552	0.690610
5498	1370	0.659300
5498	165	0.641118
5498	3256	0.633203
5498	1597	0.631602
5498	443	0.620877
5498	1883	0.620226
5498	733	0.599738
5498	2324	0.594338
5499	2916	1.081707
5499	1573	0.898112
5499	1527	0.858566
5499	3256	0.831493
5499	480	0.813594
5499	380	0.809688
5499	3255	0.803566
5499	733	0.801662
5499	1356	0.758288
5499	2058	0.722321
5500	1704	0.686471
5500	1094	0.607206
5500	58	0.556978
5500	25	0.556378
5500	1446	0.543217
5500	2501	0.538532
5500	1213	0.515923
5500	318	0.514702
5500	3612	0.470588
5500	994	0.469945
5501	429	1.039302
5501	3394	0.990584
5501	603	0.917950
5501	1474	0.915656
5501	3031	0.901902
5501	3590	0.809853
5501	1581	0.781566
5501	3690	0.754783
5501	2027	0.747829
5501	2471	0.746559
5502	2858	0.996529
5502	1477	0.744779
5502	3055	0.726662
5502	3174	0.700186
5502	223	0.691604
5502	2599	0.672382
5502	1894	0.626519
5502	2885	0.618717
5502	3147	0.583757
5502	2497	0.574170
5503	593	1.294294
5503	2762	1.267951
5503	1213	1.028702
5503	527	0.964204
5503	1513	0.937110
5503	2858	0.854899
5503	357	0.847497
5503	265	0.842873
5503	50	0.829538
5503	34	0.824129
5504	3235	1.032068
5504	3385	1.031824
5504	1091	1.024680
5504	2072	0.916658
5504	234	0.916473
5504	2468	0.903420
5504	3688	0.888614
5504	3042	0.881507
5504	3144	0.828071
5504	3041	0.811152
5505	2916	1.390912
5505	1573	1.244338
5505	1356	1.219099
5505	733	1.030265
5505	1374	0.953595
5505	2985	0.927815
5505	1909	0.906904
5505	1676	0.873579
5505	1370	0.871894
5505	1610	0.870601
5506	3438	1.783327
5506	2143	1.599252
5506	367	1.496856
5506	2086	1.409986
5506	2193	1.240291
5506	1583	1.234284
5506	2161	1.184194
5506	1967	1.113457
5506	2105	0.950406
5506	1009	0.893837
5507	223	2.647148
5507	2541	2.292314
5507	3203	2.103885
5507	1911	1.942297
5507	2881	1.766029
5507	1093	1.660652
5507	2369	1.599653
5507	2858	1.572672
5507	2826	1.448790
5507	2605	1.386178
5508	2841	2.092937
5508	2840	2.042720
5508	2906	1.767297
5508	1959	1.699206
5508	2700	1.688734
5508	3081	1.655486
5508	2581	1.652374
5508	3176	1.647338
5508	24	1.560434
5508	2490	1.538327
5509	472	0.842098
5509	755	0.624695
5509	1678	0.553950
5509	3333	0.517580
5509	1859	0.512154
5509	1412	0.501809
5509	1755	0.478185
5509	2417	0.437688
5509	3645	0.437374
5509	475	0.405865
5510	1573	1.708867
5510	1372	1.588243
5510	480	1.438523
5510	2628	1.397204
5510	733	1.375240
5510	1370	1.297202
5510	380	1.290999
5510	329	1.286200
5510	1676	1.214690
5510	10	1.077980
5511	912	1.156796
5511	1207	1.142315
5511	593	0.909467
5511	1193	0.884075
5511	1252	0.815661
5511	1219	0.712507
5511	908	0.702683
5511	608	0.699961
5511	858	0.699689
5511	1247	0.661664
5512	2096	2.371994
5512	588	2.291855
5512	596	1.992093
5512	594	1.969739
5512	783	1.950309
5512	2087	1.894998
5512	1029	1.823838
5512	1032	1.608929
5512	1566	1.527742
5512	2078	1.452951
5513	1674	0.858988
5513	1185	0.717290
5513	1957	0.650895
5513	2919	0.615566
5513	2243	0.546438
5513	1228	0.537063
5513	1225	0.533259
5513	1247	0.523688
5513	1962	0.504359
5513	1956	0.486979
5514	2959	0.912608
5514	2858	0.762259
5514	2710	0.702773
5514	223	0.695678
5514	3623	0.654732
5514	2770	0.621618
5514	2712	0.611216
5514	2598	0.589882
5514	2688	0.582050
5514	2433	0.557319
5515	2005	2.202218
5515	2143	2.179322
5515	2105	1.826402
5515	1073	1.601626
5515	3479	1.444295
5515	367	1.338872
5515	2968	1.319018
5515	2872	1.289653
5515	3438	1.208020
5515	317	1.080948
5516	1686	0.542794
5516	209	0.512177
5516	263	0.499900
5516	2620	0.470511
5516	114	0.442542
5516	2778	0.431331
5516	1043	0.422584
5516	1619	0.412951
5516	357	0.402115
5516	3500	0.393916
5517	1276	0.899492
5517	1080	0.841102
5517	1278	0.762878
5517	3421	0.670232
5517	3037	0.661039
5517	1394	0.600388
5517	3468	0.597313
5517	1265	0.564764
5517	1207	0.529620
5517	1244	0.523125
5518	2005	1.885640
5518	2143	1.550528
5518	2968	1.297665
5518	2640	1.237233
5518	2140	1.218774
5518	2021	1.152316
5518	1073	1.129911
5518	1356	1.127262
5518	1275	1.092487
5518	1097	1.018862
5519	1971	1.706075
5519	1995	1.653740
5519	2121	1.556596
5519	2868	1.517003
5519	2517	1.415277
5519	1975	1.409385
5519	2740	1.290189
5519	1969	1.269573
5519	1977	1.255886
5519	1985	1.249609
5520	3578	0.856832
5520	3751	0.832710
5520	3897	0.823517
5520	3624	0.800671
5520	3753	0.752251
5520	3510	0.694322
5520	3948	0.691366
5520	3793	0.682846
5520	3317	0.646136
5520	3911	0.637917
5521	1393	0.941379
5521	2028	0.877322
5521	150	0.835617
5521	1610	0.742291
5521	110	0.719994
5521	589	0.685395
5521	34	0.668442
5521	588	0.641995
5521	3100	0.565700
5521	1639	0.564579
5522	1977	1.954255
5522	1973	1.690515
5522	1975	1.607186
5522	2121	1.589845
5522	3941	1.553178
5522	3939	1.523446
5522	1986	1.426802
5522	1983	1.412877
5522	3918	1.353196
5522	2451	1.281667
5523	2565	1.290371
5523	914	1.061018
5523	3549	1.061010
5523	900	0.996050
5523	918	0.906435
5523	938	0.893665
5523	3061	0.893181
5523	597	0.879226
5523	1951	0.847318
5523	539	0.765081
5524	597	1.070406
5524	1677	0.694214
5524	586	0.685437
5524	2049	0.680392
5524	339	0.658544
5524	1569	0.624382
5524	1485	0.620112
5524	1777	0.616027
5524	440	0.615626
5524	3524	0.609400
5526	3198	0.615114
5526	993	0.542714
5526	1954	0.521797
5526	2218	0.516438
5526	3093	0.515738
5526	1240	0.505005
5526	1584	0.502496
5526	2571	0.488219
5526	3135	0.486704
5526	2243	0.477808
5528	1252	1.188631
5528	912	0.986464
5528	1219	0.929572
5528	923	0.918622
5528	1952	0.870885
5528	924	0.843360
5528	1206	0.809222
5528	260	0.805634
5528	1276	0.790831
5528	908	0.755488
5530	1644	1.657714
5530	3499	1.304576
5530	1347	1.184312
5530	2120	1.161723
5530	253	1.139192
5530	2279	1.051127
5530	724	1.041147
5530	742	0.911750
5530	2107	0.902408
5530	366	0.898931
5531	736	1.236562
5531	1792	1.040723
5531	1377	1.039383
5531	292	1.038581
5531	786	0.999862
5531	1917	0.982436
5531	376	0.835626
5531	494	0.772275
5531	165	0.761703
5531	1833	0.743220
5532	440	1.261437
5532	597	1.226826
5532	2424	1.190291
5532	11	1.026943
5532	2671	1.025290
5532	1777	0.904411
5532	708	0.774413
5532	356	0.764281
5532	357	0.760368
5532	1409	0.723778
5534	1376	1.620525
5534	2640	1.602650
5534	1527	1.206678
5534	1291	1.189196
5534	733	1.162850
5534	1275	1.162606
5534	329	1.084998
5534	780	1.031156
5534	3699	0.998047
5534	2985	0.992735
5535	2096	2.006687
5535	588	1.658243
5535	596	1.645406
5535	1029	1.527764
5535	1282	1.483548
5535	1907	1.421004
5535	2087	1.387655
5535	1032	1.377281
5535	595	1.325609
5535	3034	1.200368
5536	3863	0.996472
5536	3744	0.949107
5536	3623	0.921340
5536	3617	0.909534
5536	3800	0.883528
5536	3821	0.744906
5536	3793	0.740203
5536	1651	0.726607
5536	3005	0.723494
5536	3798	0.723206
5537	1247	1.153163
5537	912	1.028415
5537	318	0.987647
5537	1193	0.973821
5537	593	0.913435
5537	923	0.886053
5537	608	0.837015
5537	919	0.814941
5537	1617	0.809648
5537	910	0.760420
5538	3559	0.806539
5538	903	0.731315
5538	3870	0.699072
5538	904	0.687944
5538	1085	0.668495
5538	1104	0.655166
5538	899	0.643023
5538	955	0.619576
5538	3585	0.604605
5538	949	0.595335
5539	2013	0.715548
5539	3219	0.683859
5539	2734	0.673846
5539	1513	0.609341
5539	2906	0.594833
5539	2688	0.575901
5539	2724	0.509296
5539	2490	0.496751
5539	2581	0.482902
5539	2396	0.473231
5540	899	1.335000
5540	1947	1.331002
5540	919	1.192457
5540	595	1.010845
5540	594	0.950076
5540	1206	0.940600
5540	260	0.888816
5540	3604	0.885539
5540	1199	0.874069
5540	1022	0.866734
5542	1252	1.375105
5542	3435	1.326951
5542	923	1.094321
5542	922	1.067345
5542	1260	0.966624
5542	1262	0.953461
5542	1284	0.931798
5542	527	0.931673
5542	1069	0.928543
5542	3095	0.921816
5543	2005	1.431318
5543	3479	1.136981
5543	2797	1.112208
5543	2968	1.107798
5543	2143	1.046542
5543	2872	0.978232
5543	2140	0.946651
5543	2105	0.945594
5543	367	0.911164
5543	1097	0.844038
5544	2598	2.012223
5544	2840	1.839919
5544	1513	1.814867
5544	24	1.764277
5544	3219	1.588001
5544	2723	1.545987
5544	2734	1.541064
5544	2581	1.523284
5544	785	1.478722
5544	2395	1.427897
5545	2174	0.720341
5545	1079	0.546491
5545	1270	0.532879
5545	3039	0.523995
5545	3361	0.520132
5545	589	0.500683
5545	1584	0.498845
5545	2424	0.488760
5545	3210	0.488105
5545	2918	0.474946
5546	1258	1.335651
5546	3018	1.263661
5546	1350	1.156238
5546	1219	1.153360
5546	1387	1.125035
5546	3727	1.070394
5546	1345	1.059860
5546	1130	0.990052
5546	2644	0.879885
5546	841	0.872052
5547	3253	0.812840
5547	1517	0.703091
5547	356	0.654834
5547	3052	0.647840
5547	2407	0.628987
5547	2406	0.626735
5547	1042	0.616627
5547	3087	0.607150
5547	2124	0.601599
5547	2355	0.601143
5548	2694	0.745696
5548	2770	0.576296
5548	1093	0.543112
5548	2881	0.531028
5548	2688	0.523216
5548	2605	0.521877
5548	2541	0.509833
5548	3620	0.508919
5548	2581	0.508365
5548	2445	0.504101
5549	2908	0.700778
5549	2396	0.683154
5549	3147	0.609084
5549	3052	0.606308
5549	3082	0.558997
5549	1136	0.531842
5549	2959	0.527758
5549	1394	0.522237
5549	3622	0.515631
5549	318	0.490761
5550	1616	0.754370
5550	1552	0.753065
5550	438	0.702546
5550	227	0.681027
5550	1792	0.678219
5550	2126	0.645171
5550	1432	0.643825
5550	494	0.637269
5550	786	0.628133
5550	2989	0.615575
5551	1350	1.568047
5551	1345	1.563858
5551	1321	1.353714
5551	1347	1.313168
5551	2459	1.136341
5551	2644	1.102225
5551	2867	1.089880
5551	3344	1.075080
5551	2160	1.047299
5551	1342	0.997126
5552	3602	0.878700
5552	3491	0.744890
5552	3586	0.732043
5552	3610	0.652715
5552	3605	0.630759
5552	155	0.618741
5552	3643	0.604081
5552	3235	0.561027
5552	1135	0.552195
5552	3143	0.459709
5553	3087	1.095627
5553	3448	1.089070
5553	2469	0.964782
5553	2134	0.958389
5553	2011	0.864821
5553	2470	0.863195
5553	1663	0.832783
5553	2245	0.827801
5553	2423	0.783574
5553	3699	0.782379
5554	1345	1.381229
5554	3018	1.344469
5554	1350	1.254216
5554	2644	1.007822
5554	1333	0.981739
5554	1255	0.958132
5554	1407	0.957552
5554	3499	0.916335
5554	2648	0.869867
5554	1347	0.845337
5555	1978	1.566933
5555	1981	1.378213
5555	891	1.343220
5555	1980	1.318339
5555	1970	1.257298
5555	2121	1.253448
5555	1979	1.251272
5555	1986	1.241467
5555	606	1.228352
5555	1342	1.159447
5556	236	1.167694
5556	2316	1.063133
5556	2497	0.969879
5556	1409	0.956954
5556	7	0.912383
5556	1894	0.902388
5556	74	0.878538
5556	2257	0.876119
5556	339	0.841765
5556	105	0.841011
5557	858	0.951027
5557	527	0.838691
5557	1207	0.685376
5557	608	0.667078
5557	318	0.650941
5557	923	0.607853
5557	296	0.589229
5557	2858	0.573674
5557	593	0.559729
5557	3481	0.553097
5558	1826	1.043074
5558	1822	0.866151
5558	1597	0.828838
5558	1552	0.826832
5558	3400	0.822032
5558	2974	0.733578
5558	1474	0.716392
5558	864	0.690066
5558	292	0.681509
5558	2006	0.660838
5559	1213	1.974994
5559	1704	1.927842
5559	2028	1.296880
5559	1089	1.148392
5559	50	1.143540
5559	1617	1.078793
5559	293	0.943916
5559	2501	0.930543
5559	265	0.920147
5559	34	0.908854
5560	1079	1.377271
5560	3361	0.925994
5560	1394	0.885665
5560	3114	0.883970
5560	2174	0.883100
5560	2248	0.831578
5560	3421	0.815215
5560	2797	0.799396
5560	3552	0.758018
5560	1968	0.746052
5561	339	0.759817
5561	597	0.682138
5561	1580	0.614548
5561	1370	0.588405
5561	1573	0.578106
5561	2841	0.545838
5561	2424	0.530515
5561	539	0.524357
5561	252	0.499634
5561	733	0.470747
5562	1307	1.603804
5562	2174	1.340953
5562	2915	1.124928
5562	3039	1.059877
5562	3361	1.049110
5562	1663	0.997338
5562	11	0.949852
5562	3552	0.918341
5562	539	0.900616
5562	2791	0.896124
5563	1923	1.167909
5563	39	1.103574
5563	1094	1.048391
5563	1641	0.986724
5563	2321	0.940931
5563	357	0.921134
5563	3114	0.919263
5563	2289	0.894345
5563	1704	0.877992
5563	150	0.816328
5564	3635	0.634005
5564	2991	0.605598
5564	3349	0.590064
5564	2355	0.572786
5564	2694	0.544706
5564	3379	0.541586
5564	3446	0.539833
5564	2081	0.515037
5564	2683	0.489650
5564	2997	0.482357
5565	539	1.114215
5565	1777	1.041203
5565	339	1.018683
5565	231	0.976085
5565	2706	0.911743
5565	708	0.890226
5565	500	0.862446
5565	852	0.839678
5565	141	0.833504
5565	11	0.774728
5566	2640	1.683403
5566	1240	1.530046
5566	2985	1.513373
5566	1356	1.500710
5566	541	1.487108
5566	3699	1.424397
5566	1584	1.423669
5566	1200	1.263360
5566	32	1.250193
5566	2571	1.243618
5567	2922	2.005913
5567	2951	1.737944
5567	2921	1.735961
5567	3681	1.614996
5567	2749	1.536279
5567	3074	1.504991
5567	553	1.264569
5567	383	1.193244
5567	1209	1.189936
5567	3365	0.988125
5568	593	1.550872
5568	608	1.398198
5568	3665	1.237833
5568	2028	1.200807
5568	3833	1.193910
5568	2462	1.037205
5568	50	0.984159
5568	3021	0.912784
5568	2858	0.904774
5568	1089	0.903967
5569	310	0.715841
5569	3255	0.565838
5569	52	0.556215
5569	613	0.523678
5569	21	0.438338
5569	458	0.435020
5569	1784	0.425323
5569	3321	0.416025
5569	453	0.415905
5569	1485	0.411563
5570	1230	0.875021
5570	1125	0.845236
5570	923	0.788306
5570	527	0.755971
5570	1207	0.735210
5570	318	0.722303
5570	899	0.671973
5570	2923	0.663906
5570	1193	0.654928
5570	1244	0.617498
5571	364	1.110097
5571	1196	0.922964
5571	2650	0.857138
5571	2646	0.837382
5571	3114	0.837364
5571	588	0.810542
5571	594	0.721462
5571	2687	0.708103
5571	595	0.691618
5571	1907	0.685859
5572	1294	1.113315
5572	3421	1.011167
5572	1278	0.990589
5572	1259	0.974865
5572	1	0.942449
5572	1304	0.931444
5572	1079	0.915960
5572	34	0.908250
5572	1291	0.905155
5572	1265	0.867893
5573	1036	1.451003
5573	589	1.048947
5573	2571	1.019378
5573	1196	1.011198
5573	1291	0.947516
5573	2288	0.930901
5573	3505	0.926361
5573	2028	0.917282
5573	3102	0.898655
5573	1997	0.895076
5574	2018	1.430491
5574	364	1.219935
5574	2687	1.134221
5574	1029	1.102106
5574	2089	1.091816
5574	3034	1.058223
5574	2137	1.010098
5574	2096	0.939145
5574	783	0.928909
5574	594	0.887683
5575	1911	2.217537
5575	2428	1.921077
5575	2716	1.762463
5575	1093	1.674721
5575	2770	1.658650
5575	2683	1.655105
5575	3113	1.639302
5575	3203	1.557793
5575	785	1.551116
5575	3005	1.484372
5576	1393	0.636257
5576	867	0.606303
5576	590	0.529529
5576	374	0.517132
5576	2597	0.506052
5576	2424	0.502189
5576	3578	0.491747
5576	440	0.489478
5576	597	0.478370
5576	840	0.477210
5578	3219	2.063648
5578	2580	2.005513
5578	1513	1.955442
5578	2723	1.745152
5578	2013	1.676079
5578	2840	1.637953
5578	2688	1.591697
5578	2490	1.576044
5578	2716	1.573675
5578	2395	1.529628
5580	59	0.657998
5580	657	0.657998
5580	2207	0.657998
5580	3323	0.657998
5580	3382	0.657998
5580	3850	0.588348
5580	3481	0.575617
5580	178	0.546518
5580	3520	0.535915
5580	1114	0.531534
5581	1200	1.965224
5581	1291	1.755509
5581	1198	1.589219
5581	1210	1.522705
5581	1214	1.487703
5581	2028	1.478084
5581	260	1.462182
5581	589	1.394677
5581	2947	1.303851
5581	1610	1.222120
5582	898	0.769559
5582	1200	0.624159
5582	914	0.603130
5582	1214	0.600510
5582	793	0.599372
5582	260	0.562006
5582	3870	0.549602
5582	1936	0.549274
5582	2664	0.533065
5582	902	0.525064
5583	2605	2.134169
5583	2881	1.984943
5583	1093	1.955181
5583	223	1.879389
5583	2706	1.859090
5583	2355	1.855364
5583	1911	1.793280
5583	2598	1.725092
5583	2707	1.685356
5583	3219	1.682406
5584	1350	1.866165
5584	1982	1.730604
5584	1340	1.644945
5584	1345	1.531204
5584	1130	1.462987
5584	2653	1.419412
5584	1333	1.345757
5584	2646	1.334481
5584	2118	1.312739
5584	3727	1.266963
5585	2467	0.887940
5585	1617	0.847660
5585	1130	0.811217
5585	2003	0.757145
5585	1345	0.706084
5585	1086	0.683893
5585	1128	0.649619
5585	3016	0.600068
5585	950	0.568941
5585	1407	0.562306
5587	593	1.171695
5587	2571	1.048640
5587	457	1.006749
5587	318	0.992825
5587	2762	0.968357
5587	608	0.954847
5587	296	0.903703
5587	34	0.848127
5587	1265	0.837134
5587	1610	0.828693
5588	318	1.388462
5588	1952	1.255039
5588	593	1.249981
5588	527	1.204905
5588	912	1.161218
5588	908	1.035472
5588	1213	0.950504
5588	1225	0.940788
5588	1193	0.940504
5588	858	0.939311
5589	903	1.229040
5589	1267	0.822051
5589	1212	0.763269
5589	1284	0.744936
5589	942	0.712060
5589	2467	0.700044
5589	1086	0.684336
5589	1248	0.637129
5589	593	0.633205
5589	922	0.603331
5590	108	1.607016
5590	3609	1.607016
5590	2129	1.399979
5590	1649	1.360530
5590	556	1.300922
5590	363	1.262604
5590	1169	1.243415
5590	1192	1.235546
5590	3304	1.139644
5590	549	1.059210
5591	318	0.984274
5591	608	0.957626
5591	2858	0.919010
5591	593	0.869396
5591	1798	0.702863
5591	541	0.672602
5591	1617	0.661871
5591	50	0.628701
5591	527	0.607859
5591	1247	0.598034
5592	904	1.059968
5592	858	1.052972
5592	750	1.022969
5592	527	1.000058
5592	1221	0.985943
5592	1240	0.954092
5592	969	0.948249
5592	1204	0.941669
5592	1200	0.939947
5592	1207	0.923599
5593	349	1.353818
5593	457	1.134263
5593	2353	1.125552
5593	1573	1.014395
5593	2006	0.991525
5593	1610	0.984086
5593	1722	0.968093
5593	2763	0.888873
5593	2058	0.888858
5593	3107	0.854716
5594	807	0.777965
5594	987	0.749182
5594	1116	0.626419
5594	904	0.591371
5594	608	0.583057
5594	3183	0.531574
5594	1247	0.491423
5594	3315	0.468165
5594	593	0.451647
5594	1104	0.447731
5595	3219	1.486674
5595	1513	1.402896
5595	2688	1.320549
5595	2723	1.311637
5595	785	1.259320
5595	2598	1.177559
5595	2840	1.149038
5595	2716	1.144490
5595	1959	1.077322
5595	2770	1.058351
5596	1356	1.663571
5596	480	1.649212
5596	1527	1.491376
5596	1374	1.306906
5596	2640	1.306836
5596	1396	1.241954
5596	1653	1.220985
5596	1376	1.201536
5596	3699	1.073317
5596	2571	1.065959
5597	318	1.548059
5597	593	1.510062
5597	296	1.506656
5597	527	1.099025
5597	858	1.094899
5597	1193	0.977968
5597	246	0.943678
5597	1221	0.926862
5597	1247	0.903367
5597	1225	0.838075
5598	3755	1.021465
5598	3717	1.017453
5598	3863	0.892335
5598	3555	0.878226
5598	3751	0.869605
5598	3785	0.836042
5598	3744	0.826143
5598	3624	0.787879
5598	3745	0.787795
5598	3481	0.783146
5599	1552	1.556252
5599	786	1.375908
5599	1918	1.320630
5599	153	1.109153
5599	736	1.106579
5599	998	1.095791
5599	1597	1.093598
5599	3020	0.996763
5599	95	0.954177
5599	1370	0.853877
5600	3656	0.813748
5600	3716	0.635556
5600	3732	0.556603
5600	3711	0.518849
5600	3713	0.515337
5600	3678	0.514148
5600	152	0.500748
5600	2418	0.469408
5600	3714	0.468459
5600	3734	0.456613
5601	1610	2.128835
5601	457	1.991494
5601	733	1.914736
5601	1370	1.683027
5601	349	1.676259
5601	2278	1.214663
5601	589	1.214386
5601	2571	1.191777
5601	10	1.127001
5601	2028	1.062516
5602	2089	1.438520
5602	783	1.401963
5602	2687	1.259796
5602	1566	1.178186
5602	2096	1.120162
5602	595	1.103467
5602	2081	1.086599
5602	2087	0.963583
5602	1688	0.903157
5602	1405	0.895754
5603	1246	0.956655
5603	1302	0.752846
5603	2114	0.731194
5603	3211	0.684653
5603	318	0.661025
5603	1124	0.638547
5603	3071	0.636586
5603	3360	0.626375
5603	2020	0.620213
5603	2852	0.618732
5604	904	0.399780
5604	2991	0.372379
5604	2115	0.367972
5604	2847	0.362088
5604	1606	0.345577
5604	2108	0.337874
5604	2183	0.326370
5604	3423	0.325986
5604	150	0.321065
5604	1079	0.318546
5605	2305	0.543413
5605	785	0.465103
5605	2291	0.434373
5605	632	0.396059
5605	2388	0.359008
5605	888	0.358249
5605	3929	0.351807
5605	2580	0.351593
5605	43	0.343318
5605	3161	0.337287
5607	1777	0.924070
5607	2424	0.915710
5607	500	0.915519
5607	2502	0.764407
5607	252	0.759865
5607	597	0.753113
5607	539	0.729120
5607	3450	0.727835
5607	2598	0.679915
5607	2567	0.679833
5609	1952	1.216883
5609	3089	1.143769
5609	912	1.139882
5609	858	1.090664
5609	923	1.039273
5609	1104	0.990533
5609	669	0.973603
5609	3468	0.895057
5609	1193	0.876835
5609	2925	0.871914
5610	593	2.231591
5610	1704	2.067003
5610	527	1.364919
5610	1617	1.352145
5610	50	1.334937
5610	34	1.248697
5610	1089	1.236672
5610	2858	1.106039
5610	3147	0.987374
5610	110	0.968831
5611	1200	1.066992
5611	2571	1.032072
5611	457	1.015020
5611	1240	0.962772
5611	589	0.936563
5611	2916	0.930004
5611	3256	0.846255
5611	1214	0.830874
5611	474	0.776426
5611	110	0.759269
5612	2805	1.970965
5612	1911	1.905920
5612	785	1.849476
5612	2770	1.822712
5612	2734	1.777343
5612	2605	1.759737
5612	3219	1.720323
5612	2013	1.720243
5612	2490	1.682473
5612	2881	1.628503
5613	2100	1.260880
5613	3552	0.834445
5613	3253	0.780766
5613	2797	0.772574
5613	2423	0.757666
5613	1517	0.724827
5613	2915	0.721681
5613	471	0.708895
5613	3255	0.675122
5613	2470	0.663133
5614	2393	1.115039
5614	2105	1.092346
5614	552	1.068770
5614	2054	0.990578
5614	1372	0.990217
5614	780	0.973186
5614	1377	0.959712
5614	2	0.869075
5614	3166	0.863495
5614	1375	0.837448
5615	1214	0.884796
5615	3505	0.862711
5615	1196	0.845654
5615	3702	0.799634
5615	2571	0.759973
5615	2471	0.734867
5615	1291	0.714603
5615	1270	0.704453
5615	3703	0.663365
5615	1210	0.650408
5616	1079	1.659509
5616	3039	1.636092
5616	1663	1.572750
5616	3361	1.533654
5616	2174	1.341988
5616	1270	1.110733
5616	2144	1.055356
5616	1257	0.977472
5616	1220	0.968545
5616	2795	0.949562
5617	1909	1.974883
5617	2916	1.815427
5617	1372	1.777800
5617	1527	1.745162
5617	316	1.669249
5617	1376	1.631770
5617	1374	1.598348
5617	1653	1.580229
5617	480	1.578229
5617	1396	1.495426
5618	1370	1.894844
5618	1527	1.553627
5618	780	1.464434
5618	733	1.460159
5618	349	1.376099
5618	316	1.231400
5618	380	1.231102
5618	2628	1.219892
5618	3256	1.148568
5618	377	1.144011
5619	1967	1.272273
5619	2872	1.117871
5619	2193	1.046986
5619	2005	1.031079
5619	2100	0.978258
5619	2968	0.926232
5619	2140	0.867701
5619	2054	0.762216
5619	260	0.687657
5619	2105	0.683223
5620	1917	1.103822
5620	780	1.002413
5620	1573	0.945620
5620	3623	0.885433
5620	3510	0.842565
5620	3481	0.824674
5620	1552	0.821359
5620	349	0.819491
5620	3753	0.809366
5620	3256	0.786572
5621	3845	0.663743
5621	3623	0.589863
5621	889	0.560483
5621	2486	0.560483
5621	3510	0.545147
5621	2683	0.541257
5621	110	0.480669
5621	1221	0.474504
5621	2959	0.473316
5621	3555	0.457103
5622	3361	1.101916
5622	1079	1.006440
5622	2797	0.898852
5622	3552	0.863951
5622	1968	0.808719
5622	2918	0.797969
5622	1663	0.783155
5622	2915	0.774871
5622	2791	0.771085
5622	3210	0.767582
5623	2916	0.926212
5623	1610	0.795551
5623	589	0.742521
5623	1580	0.674293
5623	2571	0.623829
5623	150	0.596572
5623	1909	0.560687
5623	733	0.533382
5623	3418	0.525995
5623	1396	0.524383
5624	1967	1.303527
5624	3479	1.281553
5624	2100	1.230069
5624	2005	1.101062
5624	2193	1.061386
5624	2161	1.047845
5624	2054	0.869108
5624	2143	0.820695
5624	2138	0.799456
5624	2	0.785108
5625	3552	1.244896
5625	1079	1.234043
5625	2174	1.232422
5625	1663	1.228928
5625	3210	1.189181
5625	3039	1.031189
5625	2100	1.016106
5625	2918	0.929226
5625	1968	0.926658
5625	2750	0.907214
5626	3643	1.437396
5626	3628	1.383880
5626	3372	1.172578
5626	1272	1.150424
5626	2944	0.991758
5626	3367	0.935368
5626	2670	0.788561
5626	1090	0.773514
5626	151	0.769882
5626	1960	0.759701
5627	3074	2.536762
5627	3681	2.409465
5627	2951	2.337728
5627	383	1.979698
5627	553	1.943448
5627	416	1.629225
5627	1201	1.442149
5627	1379	1.411312
5627	1378	1.409518
5627	3365	1.316203
5629	924	0.879385
5629	1214	0.811180
5629	1240	0.789761
5629	260	0.778300
5629	589	0.737040
5629	1097	0.722968
5629	1206	0.706567
5629	1207	0.703994
5629	1584	0.702894
5629	750	0.679547
5630	1196	0.844302
5630	1136	0.835513
5630	1278	0.834887
5630	1214	0.773075
5630	1394	0.758885
5630	1244	0.714226
5630	1294	0.708187
5630	1304	0.688390
5630	1240	0.686896
5630	541	0.666815
5631	1206	0.612029
5631	1997	0.595059
5631	1208	0.573077
5631	2288	0.568494
5631	260	0.548867
5631	1196	0.534168
5631	1240	0.507979
5631	2664	0.503464
5631	1387	0.494027
5631	1270	0.486558
5632	1370	1.628680
5632	10	1.527848
5632	380	1.346184
5632	1573	1.334256
5632	2006	1.302960
5632	733	1.262219
5632	329	1.231154
5632	1608	1.229126
5632	2916	1.139630
5632	3107	1.109843
5633	2916	1.703308
5633	1206	1.576832
5633	1356	1.543790
5633	1240	1.523417
5633	1097	1.418336
5633	480	1.390104
5633	3699	1.378392
5633	1376	1.356055
5633	1196	1.337037
5633	1210	1.323628
5634	260	1.052559
5634	2571	0.951502
5634	1240	0.918763
5634	1200	0.912473
5634	1376	0.903858
5634	593	0.862068
5634	1214	0.847878
5634	2683	0.841503
5634	1097	0.803194
5634	2640	0.776467
5636	2375	0.548054
5636	3481	0.481143
5636	3897	0.473658
5636	148	0.435194
5636	3556	0.415478
5636	1673	0.407232
5636	2149	0.383483
5636	2717	0.381663
5636	3624	0.379599
5636	2259	0.378842
5637	480	0.715493
5637	3578	0.613052
5637	2396	0.608728
5637	3081	0.605695
5637	2762	0.554213
5637	1580	0.547108
5637	1513	0.527051
5637	619	0.524442
5637	3753	0.515872
5637	3752	0.512193
5638	27	0.693389
5638	510	0.569069
5638	889	0.534522
5638	2486	0.534522
5638	2875	0.514440
5638	209	0.512889
5638	418	0.492539
5638	1726	0.492391
5638	725	0.480000
5638	1727	0.475956
5639	2841	0.914599
5639	2598	0.832374
5639	2491	0.730112
5639	1213	0.715372
5639	318	0.711089
5639	2997	0.692557
5639	2396	0.686724
5639	50	0.666939
5639	2858	0.661642
5639	2700	0.646974
5640	2908	0.948123
5640	3174	0.945908
5640	223	0.942268
5640	2599	0.930033
5640	2770	0.757221
5640	2396	0.683154
5640	2103	0.654014
5640	2683	0.646185
5640	2336	0.631790
5640	2716	0.623045
5641	1020	0.999147
5641	339	0.963117
5641	2694	0.952662
5641	500	0.947146
5641	2124	0.928481
5641	597	0.782546
5641	344	0.765296
5641	2572	0.748569
5641	585	0.741291
5641	3005	0.720764
5642	1022	2.640485
5642	2018	2.535419
5642	364	2.398474
5642	2087	2.228877
5642	1907	2.085629
5642	2089	1.887718
5642	2090	1.820546
5642	595	1.798530
5642	3034	1.786711
5642	1282	1.770590
5643	3617	0.609840
5643	3745	0.539518
5643	2648	0.478491
5643	2847	0.475052
5643	2644	0.445575
5643	3717	0.429320
5643	3646	0.421109
5643	2005	0.392643
5643	1967	0.390902
5643	3452	0.390443
5644	1527	1.582758
5644	329	1.441113
5644	316	1.437554
5644	1676	1.394466
5644	2916	1.232170
5644	1372	1.171084
5644	2628	1.152315
5644	1037	1.127698
5644	1876	1.125725
5644	2393	1.082439
5645	1923	0.741493
5645	1580	0.600166
5645	3255	0.584064
5645	1717	0.563944
5645	1393	0.559456
5645	1573	0.559029
5645	377	0.553989
5645	733	0.514364
5645	440	0.494355
5645	597	0.491114
5646	1214	1.604853
5646	1196	1.432074
5646	1193	1.176081
5646	1240	1.072739
5646	1200	1.050847
5646	1262	1.030551
5646	912	1.017479
5646	1198	0.970123
5646	541	0.925642
5646	1199	0.760973
5647	3014	0.825464
5647	2533	0.756007
5647	47	0.631921
5647	3345	0.615492
5647	1061	0.584295
5647	2185	0.549996
5647	1805	0.547171
5647	1779	0.544475
5647	1466	0.518595
5647	435	0.500480
5648	2598	0.600861
5648	2734	0.576737
5648	733	0.542364
5648	2333	0.538690
5648	2390	0.525429
5648	2502	0.521840
5648	2013	0.481398
5648	3041	0.479234
5648	3053	0.470657
5648	2692	0.447878
5649	780	1.116597
5649	2393	0.854701
5649	1485	0.820261
5649	292	0.784792
5649	1552	0.744663
5649	329	0.730096
5649	586	0.721360
5649	1372	0.712997
5649	2094	0.708400
5649	1676	0.699317
5650	1970	1.517181
5650	1977	1.455873
5650	1969	1.377836
5650	1975	1.344996
5650	2121	1.229135
5650	1973	1.038463
5650	1976	1.001487
5650	1986	0.821738
5650	1644	0.802549
5650	3939	0.801910
5651	2096	1.767375
5651	594	1.729076
5651	595	1.679692
5651	2018	1.623850
5651	1022	1.588989
5651	2355	1.487989
5651	1907	1.454303
5651	1029	1.414307
5651	2087	1.406053
5651	2605	1.244350
5652	228	0.742781
5652	1890	0.710193
5652	2864	0.642394
5652	140	0.607609
5652	2605	0.596814
5652	2688	0.576806
5652	1911	0.572497
5652	3797	0.569421
5652	418	0.543854
5652	613	0.538685
5653	3793	1.141567
5653	3753	1.036243
5653	3717	0.995392
5653	3744	0.897617
5653	3317	0.896691
5653	3578	0.881018
5653	3948	0.879573
5653	3916	0.869843
5653	3863	0.857116
5653	3618	0.845149
5654	339	0.549077
5654	608	0.480954
5654	500	0.473388
5654	1358	0.466355
5654	2237	0.451130
5654	3809	0.449841
5654	3450	0.448730
5654	36	0.441601
5654	2302	0.435032
5654	150	0.431773
5655	329	0.910955
5655	316	0.792035
5655	1597	0.667286
5655	780	0.660014
5655	1918	0.658086
5655	1356	0.584865
5655	1586	0.549470
5655	9	0.547360
5655	1917	0.541100
5655	1375	0.540961
5657	2424	1.139994
5657	597	1.048759
5657	539	0.948398
5657	1485	0.936686
5657	1456	0.862161
5657	1895	0.813596
5657	708	0.744254
5657	587	0.739262
5657	3450	0.697012
5657	231	0.682198
5658	1213	0.994154
5658	1227	0.838960
5658	50	0.727202
5658	1089	0.690867
5658	3735	0.664017
5658	3019	0.663741
5658	858	0.660704
5658	3763	0.566786
5658	1248	0.558686
5658	2180	0.550447
5659	1645	0.808545
5659	1892	0.701711
5659	786	0.649009
5659	494	0.640326
5659	329	0.636907
5659	2734	0.583654
5659	2688	0.579842
5659	2013	0.573541
5659	165	0.570592
5659	1422	0.564169
5660	260	1.543894
5660	2571	1.377657
5660	1214	1.141604
5660	32	1.121109
5660	589	1.060246
5660	1584	0.931752
5660	1270	0.882670
5660	1206	0.870180
5660	3471	0.868387
5660	1097	0.865333
5661	2096	1.030595
5661	1022	0.995972
5661	1223	0.992908
5661	1282	0.948209
5661	1029	0.930102
5661	596	0.887345
5661	364	0.876800
5661	588	0.830009
5661	2018	0.821545
5661	3114	0.776680
5662	2997	0.926111
5662	745	0.851481
5662	1644	0.839982
5662	1784	0.685539
5662	2396	0.682872
5662	1223	0.664278
5662	34	0.648669
5662	3255	0.610482
5662	1883	0.570547
5662	2108	0.570188
5663	2918	1.159453
5663	1231	1.115651
5663	1307	1.047212
5663	1270	0.983089
5663	1079	0.972301
5663	2797	0.956225
5663	1090	0.943017
5663	1293	0.931167
5663	1962	0.918723
5663	2174	0.915970
5664	2396	1.151592
5664	2598	1.078229
5664	2581	1.020318
5664	2724	1.002139
5664	2841	0.852351
5664	2700	0.849164
5664	2959	0.813091
5664	2395	0.796504
5664	2806	0.782076
5664	2840	0.770141
5665	593	1.543121
5665	608	1.333589
5665	750	1.270561
5665	1193	1.268407
5665	260	1.242938
5665	912	1.213017
5665	1196	1.028743
5665	296	1.019501
5665	858	0.988675
5665	1214	0.972170
5666	318	1.763394
5666	1213	1.619255
5666	2762	1.528773
5666	527	1.325660
5666	1089	1.195902
5666	858	1.129330
5666	260	1.068077
5666	589	1.023329
5666	110	1.013050
5666	457	0.975170
5667	3498	0.761723
5667	1955	0.701394
5667	474	0.674647
5667	1231	0.666567
5667	2571	0.602629
5667	1954	0.596034
5667	3167	0.586165
5667	1185	0.581247
5667	3256	0.564022
5667	589	0.558145
5668	2096	2.206194
5668	595	2.185070
5668	594	2.139023
5668	1282	2.006453
5668	1028	1.866563
5668	2087	1.865517
5668	918	1.789583
5668	588	1.778853
5668	2018	1.772085
5668	2078	1.710284
5669	471	0.701741
5669	11	0.694582
5669	348	0.694478
5669	2359	0.666357
5669	2791	0.655824
5669	2108	0.644189
5669	1394	0.621478
5669	3358	0.594533
5669	3108	0.588702
5669	3060	0.580230
5670	1981	2.919218
5670	1984	2.618750
5670	1986	2.391291
5670	1976	2.356214
5670	2107	1.827814
5670	891	1.553409
5670	1644	1.539589
5670	1756	1.522534
5670	1326	1.349294
5670	2548	1.323064
5671	1777	0.664481
5671	2918	0.553177
5671	2671	0.552034
5671	3098	0.551467
5671	3253	0.539924
5671	339	0.523653
5671	1079	0.523461
5671	3361	0.502749
5671	1293	0.476830
5671	440	0.473901
5673	914	1.131819
5673	357	1.018118
5673	3097	0.970279
5673	1944	0.920887
5673	928	0.891791
5673	2067	0.859091
5673	1094	0.845388
5673	902	0.783480
5673	945	0.769816
5673	2243	0.746028
5674	1265	1.109662
5674	318	0.918794
5674	1704	0.826714
5674	608	0.806865
5674	2028	0.762552
5674	1610	0.737831
5674	110	0.728456
5674	589	0.715263
5674	733	0.694568
5674	265	0.691828
5675	2591	0.670820
5675	437	0.651921
5675	2630	0.500000
5675	181	0.407010
5675	325	0.393437
5675	3902	0.374634
5675	1626	0.372762
5675	1393	0.368792
5675	3691	0.366174
5675	2114	0.364043
5676	1550	0.710368
5676	2567	0.690139
5676	2002	0.630295
5676	236	0.595618
5676	587	0.590880
5676	830	0.569919
5676	539	0.559347
5676	1614	0.551492
5676	3614	0.549520
5676	3247	0.530844
5677	2706	0.775040
5677	2770	0.695063
5677	2881	0.644471
5677	2694	0.643174
5677	1911	0.632758
5677	2605	0.628999
5677	3005	0.613765
5677	2186	0.590894
5677	1093	0.573075
5677	2710	0.540756
5678	3114	0.887709
5678	596	0.807271
5678	919	0.781939
5678	594	0.737994
5678	364	0.669422
5678	1254	0.639379
5678	2819	0.631205
5678	903	0.621831
5678	1198	0.618314
5678	2018	0.617742
5679	1552	1.242888
5679	376	1.195801
5679	10	1.050436
5679	1377	1.031818
5679	494	0.962400
5679	292	0.943246
5679	3082	0.911233
5679	1370	0.843452
5679	648	0.836837
5679	1586	0.810914
5680	1092	1.364717
5680	1625	1.361496
5680	1459	1.180308
5680	113	1.156760
5680	695	1.081080
5680	1711	0.987006
5680	1805	0.930951
5680	800	0.930274
5680	2583	0.884699
5680	2206	0.773937
5681	50	1.368649
5681	1	1.251523
5681	593	1.131644
5681	296	1.116385
5681	318	1.037097
5681	1213	1.018614
5681	745	1.014611
5681	527	0.936283
5681	2396	0.815390
5681	34	0.801172
5682	2794	0.497302
5682	3893	0.495177
5682	240	0.476429
5682	383	0.462195
5682	3881	0.444652
5682	3321	0.442326
5682	3562	0.429119
5682	103	0.426153
5682	3911	0.424106
5682	3621	0.408248
5683	733	0.895380
5683	1580	0.878013
5683	1527	0.790683
5683	2916	0.754841
5683	1608	0.679034
5683	434	0.669792
5683	380	0.646514
5683	2058	0.642097
5683	1370	0.622672
5683	208	0.613813
5684	2463	0.496541
5684	2302	0.486652
5684	348	0.486028
5684	2759	0.481470
5684	2150	0.469740
5684	440	0.467945
5684	1546	0.460417
5684	2469	0.457192
5684	2321	0.456700
5684	1923	0.449492
5685	2336	1.972724
5685	2683	1.926484
5685	2770	1.912987
5685	2433	1.700662
5685	2694	1.580087
5685	2959	1.542012
5685	2541	1.534612
5685	2688	1.509959
5685	3005	1.498141
5685	2881	1.472971
5686	2646	2.633315
5686	2784	2.240870
5686	1340	1.966882
5686	2649	1.966304
5686	2634	1.781077
5686	2647	1.677628
5686	2814	1.565151
5686	1350	1.499596
5686	1337	1.468462
5686	2648	1.400466
5687	1375	1.556675
5687	316	1.538823
5687	2393	1.454259
5687	2641	1.302005
5687	2021	1.261756
5687	2143	1.133562
5687	1967	1.131386
5687	2628	1.101950
5687	2046	1.090064
5687	2311	1.051084
5688	1022	0.775505
5688	2161	0.754143
5688	2005	0.665229
5688	2193	0.658945
5688	1073	0.652467
5688	596	0.594741
5688	2018	0.590047
5688	2081	0.581469
5688	594	0.577177
5688	3479	0.566074
5689	3897	0.829459
5689	3481	0.710563
5689	3893	0.699026
5689	2632	0.671103
5689	3910	0.614258
5689	3913	0.536720
5689	3281	0.532780
5689	3952	0.523286
5689	3751	0.520268
5689	3555	0.477129
5691	539	1.336322
5691	2424	1.004843
5691	2671	0.991476
5691	2797	0.979956
5691	2150	0.947840
5691	3552	0.913483
5691	587	0.874154
5691	2174	0.873229
5691	1569	0.779096
5691	708	0.753068
5692	2683	2.524195
5692	2770	2.466349
5692	2541	2.311836
5692	2433	2.181719
5692	2710	2.005987
5692	1093	1.999291
5692	2688	1.837716
5692	3203	1.714563
5692	2355	1.643122
5692	2772	1.576695
5693	1280	0.818198
5693	793	0.778768
5693	3224	0.628902
5693	318	0.615282
5693	2562	0.595438
5693	2925	0.591912
5693	593	0.587570
5693	3307	0.571823
5693	3010	0.566793
5693	1406	0.542187
5695	1200	2.026212
5695	1206	1.867613
5695	260	1.858692
5695	2571	1.749906
5695	1210	1.697522
5695	3703	1.385570
5695	1199	1.358855
5695	1584	1.213221
5695	589	1.211698
5695	32	1.186319
5698	2878	1.511975
5698	2740	1.478703
5698	3459	1.403100
5698	1326	1.306589
5698	2789	1.243513
5698	2655	1.212172
5698	1984	1.189056
5698	2515	1.145693
5698	3573	1.129041
5698	1329	1.102576
5699	1343	1.370465
5699	1610	1.220123
5699	474	0.892321
5699	2353	0.885003
5699	373	0.811698
5699	6	0.810557
5699	1089	0.738065
5699	733	0.626140
5699	1625	0.621107
5699	2819	0.604522
5700	1265	1.195441
5700	593	1.141052
5700	608	1.079681
5700	3114	1.025594
5700	1704	0.952243
5700	296	0.783076
5700	364	0.779083
5700	2028	0.765174
5700	1923	0.763662
5700	2700	0.761358
5701	2688	1.700722
5701	2683	1.578240
5701	2770	1.535260
5701	1093	1.447561
5701	2605	1.365964
5701	1911	1.312495
5701	2694	1.283596
5701	2541	1.270800
5701	2959	1.222924
5701	2805	1.217289
5702	1369	0.894427
5702	541	0.688142
5702	2571	0.676248
5702	32	0.667168
5702	3176	0.557926
5702	1921	0.550256
5702	1199	0.542805
5702	2862	0.527504
5702	260	0.526670
5702	1584	0.479019
5703	2644	1.592251
5703	1350	1.560631
5703	3435	1.398552
5703	1982	1.313952
5703	1345	1.262305
5703	3018	1.255496
5703	1214	1.187063
5703	1252	1.133142
5703	1248	1.120061
5703	2066	1.094931
5704	1932	0.845460
5704	357	0.753539
5704	945	0.659176
5704	440	0.632223
5704	1393	0.623086
5704	497	0.621989
5704	905	0.619790
5704	947	0.617548
5704	838	0.613861
5704	951	0.605741
5705	2096	1.752912
5705	2687	1.737194
5705	2089	1.675047
5705	1688	1.655616
5705	588	1.599320
5705	1566	1.594708
5705	364	1.591183
5705	2085	1.577035
5705	2090	1.520187
5705	596	1.519732
5706	1779	1.529131
5706	435	1.224789
5706	1917	1.117414
5706	1831	0.978970
5706	1517	0.952271
5706	173	0.930162
5706	3697	0.869873
5706	1320	0.860495
5706	1690	0.781768
5706	1591	0.778720
5707	1610	0.640325
5707	588	0.542260
5707	6	0.538794
5707	1810	0.493795
5707	3256	0.486774
5707	62	0.485264
5707	457	0.483368
5707	21	0.478692
5707	32	0.473121
5707	3046	0.471411
5708	1375	1.899423
5708	1917	1.825852
5708	316	1.798447
5708	1690	1.710528
5708	1356	1.525368
5708	1676	1.426764
5708	1544	1.355957
5708	2105	1.315934
5708	3697	1.259371
5708	1779	1.239956
5709	1214	1.415859
5709	2571	1.256007
5709	260	1.168405
5709	1240	1.148400
5709	1200	1.047705
5709	1270	1.041799
5709	1584	0.950984
5709	3471	0.940953
5709	924	0.920903
5709	750	0.901488
5710	733	1.523531
5710	316	1.408827
5710	2628	1.406669
5710	1653	1.403886
5710	1372	1.372303
5710	349	1.331714
5710	1909	1.321172
5710	1370	1.279201
5710	1584	1.246646
5710	589	1.197947
5711	1092	1.078696
5711	3256	1.022022
5711	1608	0.957755
5711	832	0.904785
5711	350	0.896835
5711	1343	0.868995
5711	1573	0.867409
5711	733	0.840784
5711	1518	0.810327
5711	1722	0.773715
5712	2916	1.417371
5712	1356	1.407875
5712	1376	1.363918
5712	3527	1.262564
5712	1129	1.165067
5712	3699	1.095644
5712	2115	1.023446
5712	1527	1.020429
5712	1573	0.986867
5712	1275	0.952892
5713	1	1.281038
5713	2997	0.862521
5713	1148	0.834537
5713	2321	0.827465
5713	2359	0.819217
5713	1923	0.792535
5713	2762	0.772599
5713	2289	0.749896
5713	2324	0.719185
5713	39	0.678289
5714	3005	0.534275
5714	3586	0.497452
5714	3053	0.494548
5714	2841	0.486349
5714	3491	0.480095
5714	2861	0.479440
5714	3600	0.464513
5714	2245	0.446460
5714	3602	0.439859
5714	1911	0.432290
5715	2189	0.830402
5715	1267	0.813552
5715	3435	0.779280
5715	1580	0.775372
5715	2140	0.746051
5715	2066	0.727373
5715	3527	0.716080
5715	1584	0.705768
5715	2916	0.692571
5715	1396	0.686907
5716	316	0.819960
5716	2393	0.797223
5716	1676	0.791992
5716	329	0.778407
5716	1917	0.735645
5716	3697	0.706417
5716	1603	0.666987
5716	196	0.627522
5716	1089	0.615374
5716	748	0.601579
5717	3087	1.154822
5717	2371	0.999227
5717	2406	0.867647
5717	1135	0.829767
5717	3591	0.808163
5717	2378	0.718842
5717	2469	0.714118
5717	2247	0.705588
5717	2423	0.700783
5717	3448	0.665308
5718	588	0.856699
5718	2687	0.738578
5718	595	0.689647
5718	2294	0.670434
5718	3114	0.642569
5718	3081	0.636410
5718	2394	0.606328
5718	2089	0.593668
5718	596	0.557024
5718	2762	0.530860
5720	539	1.297826
5720	597	1.258882
5720	587	1.141033
5720	1777	1.128511
5720	11	1.003973
5720	141	0.846656
5720	708	0.800392
5720	1485	0.766904
5720	357	0.766327
5720	2671	0.758878
5721	912	1.330181
5721	527	1.303293
5721	593	1.263158
5721	1207	1.117146
5721	1252	1.115307
5721	1267	1.056082
5721	922	1.048843
5721	923	1.024047
5721	1219	0.997587
5721	296	0.991912
5722	1213	1.252926
5722	593	1.147019
5722	608	1.079058
5722	50	0.937330
5722	34	0.713563
5722	527	0.705616
5722	1617	0.698607
5722	2762	0.672279
5722	36	0.604805
5722	150	0.573194
5723	2916	0.856507
5723	364	0.835238
5723	1527	0.762546
5723	480	0.740598
5723	1907	0.664669
5723	316	0.660983
5723	1356	0.634522
5723	2081	0.622140
5723	1396	0.592991
5723	2161	0.586830
5724	1210	0.647505
5724	1240	0.613371
5724	2529	0.595525
5724	1200	0.583108
5724	2571	0.581168
5724	3361	0.565266
5724	480	0.556767
5724	1090	0.545991
5724	1079	0.524182
5724	1250	0.507722
5726	2918	1.256528
5726	1307	1.223324
5726	2174	1.185516
5726	318	1.184304
5726	1394	1.111423
5726	3210	1.074191
5726	50	1.033730
5726	1663	1.025884
5726	1270	1.024348
5726	296	0.953645
5727	2694	2.694999
5727	1093	2.398533
5727	2716	2.316265
5727	2433	2.190239
5727	2428	2.177710
5727	785	2.047216
5727	3203	1.972675
5727	2541	1.927826
5727	223	1.830633
5727	2772	1.782745
5728	2953	1.169171
5728	3690	1.031858
5728	2383	0.958157
5728	3041	0.949517
5728	1474	0.942560
5728	3689	0.930321
5728	2380	0.903361
5728	2382	0.891747
5728	3243	0.858431
5728	1837	0.846945
5729	1970	1.631085
5729	1971	1.476628
5729	2328	1.253036
5729	2606	1.183242
5729	2121	1.153545
5729	1985	1.078454
5729	3939	1.027616
5729	1977	1.003192
5729	1993	0.982325
5729	2279	0.981821
5730	2571	1.872302
5730	1221	1.860305
5730	1240	1.692464
5730	1291	1.564718
5730	527	1.553581
5730	1200	1.550475
5730	1213	1.483147
5730	50	1.437351
5730	1387	1.437258
5730	457	1.428429
5731	733	1.898514
5731	457	1.618247
5731	2353	1.596145
5731	1370	1.383759
5731	1240	1.197989
5731	1374	1.192345
5731	480	1.182066
5731	2949	1.146229
5731	377	1.120474
5731	1036	1.115239
5732	1356	1.581730
5732	1580	1.478628
5732	1376	1.466483
5732	2406	1.120797
5732	1275	1.116611
5732	3699	1.040253
5732	1372	1.038108
5732	1210	1.003342
5732	3527	0.922678
5732	3256	0.895242
5733	2571	1.062045
5733	2916	1.026490
5733	463	0.924386
5733	1240	0.771677
5733	32	0.766297
5733	1201	0.742602
5733	480	0.737864
5733	1580	0.727488
5733	1396	0.672094
5733	1748	0.660640
5734	1079	0.831382
5734	2000	0.801477
5734	2959	0.756576
5734	2770	0.722510
5734	223	0.703348
5734	1307	0.677753
5734	3543	0.665148
5734	2174	0.649256
5734	1394	0.645939
5734	2688	0.643663
5736	1302	0.624968
5736	1036	0.591602
5736	2114	0.580599
5736	2028	0.553741
5736	1222	0.534531
5736	2918	0.529200
5736	3304	0.518914
5736	1674	0.484481
5736	1097	0.473067
5736	1394	0.465248
5737	1136	0.652956
5737	1244	0.593713
5737	2858	0.541516
5737	608	0.508977
5737	2599	0.477647
5737	3819	0.476742
5737	898	0.436384
5737	148	0.435194
5737	2959	0.432530
5737	1537	0.429223
5738	2694	2.201828
5738	2770	2.036345
5738	2710	1.722675
5738	1911	1.521880
5738	2541	1.491735
5738	2881	1.485011
5738	2699	1.429052
5738	2605	1.286051
5738	2188	1.266982
5738	2771	1.197928
5739	1089	1.776986
5739	593	1.589988
5739	318	1.396822
5739	2028	1.111126
5739	1358	1.088527
5739	527	1.059253
5739	858	0.912781
5739	2997	0.900306
5739	457	0.832662
5739	1221	0.722815
5740	2393	2.052854
5740	316	1.946957
5740	1917	1.924322
5740	1372	1.855976
5740	1690	1.621147
5740	1356	1.614449
5740	3697	1.485323
5740	1527	1.466187
5740	1391	1.366823
5740	1037	1.243354
5741	1196	1.170047
5741	1240	1.110238
5741	541	1.087585
5741	924	1.067529
5741	2117	1.006902
5741	1200	1.006192
5741	3702	0.993871
5741	2009	0.986259
5741	2571	0.941496
5741	1301	0.863829
5742	912	1.483156
5742	1207	1.277351
5742	1952	1.255574
5742	1193	1.174412
5742	908	1.119924
5742	318	1.094943
5742	527	1.062418
5742	1104	0.996916
5742	1947	0.979884
5742	903	0.946316
5743	318	1.461407
5743	923	1.113987
5743	1617	1.111278
5743	912	1.105898
5743	1267	1.064111
5743	1207	1.052626
5743	1221	1.025584
5743	908	0.985229
5743	296	0.892227
5743	858	0.882978
5744	1294	1.044199
5744	1263	0.944328
5744	3421	0.901206
5744	1082	0.875569
5744	3671	0.846113
5744	1913	0.809235
5744	1278	0.806969
5744	1292	0.790231
5744	3093	0.757288
5744	1234	0.737805
5745	593	1.287362
5745	110	1.225823
5745	1221	1.168586
5745	527	1.132627
5745	1291	1.108823
5745	912	1.102616
5745	1193	1.085115
5745	457	1.038904
5745	2916	1.024326
5745	608	1.006612
5746	2699	1.653640
5746	2770	1.627283
5746	1911	1.481778
5746	2433	1.457102
5746	2707	1.448510
5746	223	1.388432
5746	608	1.306810
5746	2541	1.285989
5746	2997	1.282577
5746	2572	1.273863
5747	867	1.361585
5747	374	1.264504
5747	1474	1.031019
5747	747	0.973977
5747	881	0.941631
5747	1731	0.892902
5747	575	0.757968
5747	1453	0.750759
5747	2042	0.708368
5747	1592	0.625151
5748	608	0.945470
5748	50	0.940668
5748	1358	0.925623
5748	1704	0.892080
5748	593	0.880928
5748	2028	0.826930
5748	457	0.801962
5748	110	0.742418
5748	47	0.723078
5748	1617	0.721063
5749	6	1.038439
5749	1580	0.950612
5749	1573	0.893157
5749	2916	0.886354
5749	1370	0.849289
5749	349	0.823692
5749	377	0.782091
5749	733	0.780872
5749	780	0.776330
5749	3267	0.767678
5750	1079	0.712444
5750	2918	0.613715
5750	1136	0.604291
5750	1228	0.566755
5750	318	0.553087
5750	1307	0.546829
5750	3314	0.539734
5750	308	0.537196
5750	1278	0.536642
5750	1394	0.526284
5751	1907	1.280270
5751	595	1.196095
5751	1566	1.107233
5751	2089	0.992565
5751	783	0.884540
5751	661	0.868510
5751	2018	0.856152
5751	239	0.845510
5751	3114	0.814447
5751	1688	0.811592
5752	2424	0.707663
5752	597	0.619623
5752	1593	0.572750
5752	587	0.567166
5752	2865	0.562429
5752	339	0.557158
5752	3162	0.549582
5752	1575	0.508775
5752	2913	0.471143
5752	369	0.470583
5753	1345	2.279579
5753	3696	1.802945
5753	3499	1.699092
5753	3727	1.534197
5753	2644	1.516906
5753	2118	1.495981
5753	1333	1.471366
5753	2455	1.300070
5753	1130	1.294113
5753	3344	1.240132
5754	2106	0.719046
5754	1645	0.669470
5754	1732	0.555595
5754	369	0.495119
5754	1501	0.467113
5754	596	0.429903
5754	1061	0.421453
5754	389	0.411275
5754	1464	0.406552
5754	1092	0.392421
5755	1967	0.498957
5755	3881	0.468841
5755	2837	0.452163
5755	3264	0.443953
5755	188	0.391344
5755	276	0.387722
5755	1586	0.378991
5755	366	0.373668
5755	1754	0.372462
5755	553	0.369905
5756	1221	0.833761
5756	318	0.822889
5756	2997	0.701802
5756	1247	0.696870
5756	608	0.674778
5756	527	0.674733
5756	593	0.674567
5756	1193	0.630597
5756	920	0.627253
5756	296	0.602407
5757	1079	0.926112
5757	1278	0.885839
5757	1394	0.827073
5757	3671	0.692607
5757	1136	0.683461
5757	3421	0.678782
5757	1291	0.672872
5757	904	0.649159
5757	608	0.603602
5757	3114	0.599128
5758	906	1.070153
5758	950	0.970492
5758	1964	0.773611
5758	1252	0.741272
5758	942	0.715828
5758	1409	0.685763
5758	924	0.679199
5758	931	0.655516
5758	3386	0.651049
5758	236	0.635895
5759	1883	1.040008
5759	2359	0.826305
5759	441	0.815646
5759	471	0.734931
5759	104	0.716091
5759	3108	0.712613
5759	1042	0.710675
5759	2700	0.676623
5759	342	0.669047
5759	3282	0.661347
5760	2355	0.931308
5760	1923	0.865920
5760	2396	0.844559
5760	223	0.772624
5760	104	0.764826
5760	2321	0.743743
5760	2683	0.729223
5760	1148	0.725989
5760	34	0.714464
5760	2381	0.695883
5761	325	1.622744
5761	2382	1.454646
5761	2379	1.441283
5761	3041	1.392409
5761	2383	1.292304
5761	419	1.263398
5761	267	1.138170
5761	2953	1.131940
5761	1005	1.131357
5761	1474	1.107735
5762	1968	0.748246
5762	3591	0.744339
5762	3039	0.742791
5762	1297	0.696555
5762	3210	0.675410
5762	1135	0.634305
5762	2371	0.624098
5762	374	0.598944
5762	2915	0.587866
5762	3087	0.576374
5763	1982	2.831748
5763	3018	1.940730
5763	1321	1.731524
5763	3727	1.552840
5763	2654	1.525809
5763	2784	1.518451
5763	2519	1.389602
5763	1347	1.370928
5763	1255	1.360179
5763	3476	1.318354
5764	898	1.309051
5764	920	1.211018
5764	914	1.123103
5764	945	1.101882
5764	902	1.095132
5764	928	0.908116
5764	1296	0.857453
5764	1188	0.824761
5764	915	0.824722
5764	2243	0.820996
5765	2918	0.978280
5765	3671	0.901564
5765	1278	0.870857
5765	1136	0.809879
5765	3421	0.806057
5765	3210	0.743227
5765	1394	0.724368
5765	3552	0.681714
5765	1307	0.664721
5765	1288	0.629365
5766	597	0.768729
5766	2424	0.766897
5766	539	0.749400
5766	3253	0.740610
5766	339	0.676803
5766	380	0.610485
5766	2671	0.607609
5766	3256	0.588465
5766	1569	0.575577
5766	11	0.562212
5767	71	0.857619
5767	1370	0.851116
5767	3710	0.797999
5767	494	0.755391
5767	2598	0.679306
5767	1552	0.677450
5767	485	0.677159
5767	2701	0.657453
5767	1564	0.655536
5767	517	0.618489
5768	1674	1.017505
5768	446	0.900243
5768	17	0.837339
5768	3668	0.804453
5768	900	0.766769
5768	2067	0.731159
5768	215	0.699207
5768	3612	0.691955
5768	937	0.661023
5768	3046	0.644133
5769	3624	1.039026
5769	3785	1.019926
5769	3578	1.003006
5769	3615	0.919879
5769	3755	0.823199
5769	3863	0.822924
5769	3861	0.784437
5769	3793	0.782000
5769	3623	0.766117
5769	3752	0.691038
5770	1678	0.700145
5770	1186	0.685756
5770	3360	0.567428
5770	1466	0.564683
5770	2268	0.531472
5770	1393	0.497978
5770	1246	0.497544
5770	1399	0.483721
5770	6	0.464102
5770	150	0.463937
5771	594	2.144470
5771	364	1.588859
5771	1032	1.560811
5771	588	1.512603
5771	595	1.451855
5771	2078	1.388469
5771	2081	1.386390
5771	1907	1.227523
5771	2085	1.115880
5771	2099	1.010221
5773	318	1.142825
5773	3578	1.105833
5773	2688	1.085507
5773	2997	1.024093
5773	50	1.018240
5773	260	0.992989
5773	608	0.907892
5773	3510	0.887165
5773	1221	0.868850
5773	3623	0.855557
5774	318	2.244313
5774	608	1.549063
5774	1213	1.478633
5774	150	1.114983
5774	1617	1.099251
5774	2762	1.089352
5774	1193	1.066266
5774	50	1.063832
5774	1247	1.062264
5774	1225	1.036781
5775	530	0.803655
5775	3518	0.586907
5775	2683	0.569938
5775	1911	0.567030
5775	2770	0.567021
5775	2772	0.488892
5775	1093	0.481558
5775	2424	0.476053
5775	2490	0.466259
5775	2716	0.466254
5776	318	1.441802
5776	593	1.322586
5776	2858	1.292338
5776	296	1.222545
5776	50	1.038591
5776	2762	0.909922
5776	2997	0.892812
5776	1617	0.888221
5776	1193	0.844071
5776	223	0.815120
5777	1242	1.381059
5777	1240	0.953787
5777	1272	0.900084
5777	260	0.796075
5777	1214	0.792903
5777	110	0.787276
5777	1408	0.773056
5777	2944	0.716630
5777	1198	0.704686
5777	3471	0.683630
5778	1356	1.800188
5778	3699	1.744409
5778	2640	1.697528
5778	1376	1.668041
5778	2916	1.634009
5778	1584	1.558550
5778	480	1.522469
5778	1653	1.484683
5778	1527	1.461383
5778	2009	1.372007
5779	539	1.142388
5779	11	1.007155
5779	339	1.002454
5779	2424	0.916953
5779	1777	0.914504
5779	838	0.813736
5779	1569	0.789122
5779	357	0.788403
5779	2108	0.753556
5779	1068	0.729325
5780	292	0.957684
5780	288	0.913986
5780	1644	0.896114
5780	463	0.843513
5780	786	0.765545
5780	1552	0.754728
5780	1573	0.735386
5780	3063	0.717513
5780	1718	0.700271
5780	1792	0.684175
5782	2794	0.708624
5782	2473	0.699381
5782	374	0.663751
5782	2694	0.656139
5782	2372	0.637195
5782	3385	0.612810
5782	1005	0.607516
5782	2471	0.606469
5782	575	0.590457
5782	2134	0.589726
5783	1569	1.929327
5783	2671	1.611311
5783	440	1.459120
5783	1409	1.404186
5783	587	1.199385
5783	708	1.160072
5783	1457	1.144704
5783	351	1.129407
5783	3614	1.101738
5783	356	1.092716
5785	1214	1.007845
5785	858	0.991104
5785	1240	0.981520
5785	1197	0.960082
5785	1200	0.944146
5785	2571	0.902328
5785	1210	0.884649
5785	1036	0.816213
5785	1270	0.764785
5785	2028	0.733476
5786	1837	1.141437
5786	1703	1.112196
5786	88	1.105159
5786	3248	1.060200
5786	2350	1.017332
5786	460	0.961826
5786	3130	0.948692
5786	355	0.947744
5786	743	0.883257
5786	1665	0.867823
5787	52	0.782678
5787	2918	0.683872
5787	1641	0.624786
5787	1968	0.621257
5787	2716	0.619971
5787	2359	0.545438
5787	1307	0.528041
5787	3361	0.510353
5787	3210	0.508031
5787	3108	0.504653
5788	3847	1.377500
5788	3757	1.113345
5788	3833	0.934510
5788	3641	0.770000
5788	3663	0.756286
5788	3804	0.634465
5788	3762	0.620307
5788	3834	0.605091
5788	2460	0.604167
5788	3664	0.589476
5789	3310	0.796084
5789	2571	0.770956
5789	2858	0.622828
5789	2959	0.601043
5789	1214	0.572983
5789	2599	0.566430
5789	1200	0.566166
5789	457	0.541757
5789	3175	0.516303
5789	944	0.503671
5790	1394	0.871884
5790	2571	0.735687
5790	1270	0.730459
5790	1259	0.721551
5790	1196	0.710724
5790	1036	0.701018
5790	1307	0.684189
5790	1968	0.670742
5790	1240	0.658669
5790	1210	0.631841
5791	1207	1.416360
5791	608	1.373005
5791	1213	1.314620
5791	1221	1.305765
5791	296	1.246409
5791	919	1.090205
5791	858	1.082597
5791	1952	1.056079
5791	1104	1.048581
5791	1250	0.970362
5792	2770	1.442150
5792	2336	1.417747
5792	2716	1.173527
5792	2605	1.117304
5792	2959	1.097536
5792	2710	1.084738
5792	2355	1.060805
5792	785	1.055216
5792	2881	1.034630
5792	2333	1.010234
5793	2949	1.078460
5793	1222	0.959242
5793	1240	0.899422
5793	3143	0.778955
5793	2194	0.767944
5793	2922	0.749187
5793	1242	0.737843
5793	1954	0.735862
5793	3726	0.735369
5793	1036	0.733232
5794	1011	0.928908
5794	1857	0.908555
5794	520	0.845151
5794	374	0.834297
5794	1855	0.832640
5794	1460	0.814254
5794	1005	0.798915
5794	2375	0.788390
5794	1390	0.786819
5794	2335	0.781248
5795	3508	1.439674
5795	2922	1.362877
5795	2921	1.311594
5795	599	1.208768
5795	3074	1.141976
5795	3681	1.121632
5795	2951	1.099499
5795	1379	1.044763
5795	3494	0.968029
5795	1378	0.919576
5797	2688	1.821055
5797	2734	1.760640
5797	2716	1.665925
5797	785	1.592146
5797	2959	1.578127
5797	2390	1.511031
5797	2690	1.468379
5797	2580	1.423914
5797	2598	1.374241
5797	2723	1.341556
5798	1079	1.403984
5798	1278	1.245780
5798	1234	1.208671
5798	1968	1.200758
5798	1270	1.143193
5798	3363	1.111618
5798	1136	1.092512
5798	1307	1.088058
5798	1080	0.954360
5798	2791	0.946597
5799	3435	1.080435
5799	1248	0.968754
5799	903	0.953566
5799	2066	0.902143
5799	260	0.896178
5799	750	0.872306
5799	924	0.859774
5799	593	0.854013
5799	2186	0.846761
5799	2571	0.838850
5801	780	2.313243
5801	1676	2.262230
5801	1371	2.008179
5801	1876	1.765139
5801	3697	1.676932
5801	1917	1.673877
5801	2046	1.634509
5801	2094	1.600698
5801	1603	1.523996
5801	76	1.434988
5802	904	1.304698
5802	1252	1.034838
5802	1248	0.954680
5802	922	0.922756
5802	3089	0.820904
5802	926	0.803336
5802	3134	0.792262
5802	1406	0.725982
5802	1267	0.720285
5802	905	0.690439
5803	2683	0.855826
5803	223	0.788788
5803	2124	0.781525
5803	2716	0.752483
5803	3253	0.725087
5803	52	0.692856
5803	2688	0.687698
5803	1485	0.670952
5803	104	0.643364
5803	2881	0.631623
5805	1947	1.164938
5805	2096	1.127453
5805	1028	1.115962
5805	1022	1.066600
5805	2565	1.038170
5805	1029	1.031773
5805	1380	1.023103
5805	588	0.987351
5805	1932	0.965193
5805	594	0.900219
5806	1357	0.676000
5806	3222	0.618919
5806	1674	0.469258
5806	497	0.458922
5806	1094	0.435215
5806	25	0.433636
5806	1692	0.424264
5806	2734	0.422842
5806	389	0.403453
5806	2439	0.398695
5807	608	1.503428
5807	593	1.365031
5807	50	1.358586
5807	318	1.307374
5807	1358	1.039243
5807	1704	0.871914
5807	293	0.853786
5807	2858	0.834337
5807	36	0.714799
5807	1912	0.707421
5808	457	1.926150
5808	1036	1.861187
5808	589	1.834675
5808	1240	1.703019
5808	2194	1.639815
5808	1222	1.506517
5808	2571	1.355111
5808	480	1.293889
5808	1287	1.265419
5808	2028	1.246718
5809	1037	1.192736
5809	1923	0.975129
5809	3253	0.913751
5809	1641	0.878599
5809	1690	0.855756
5809	196	0.785258
5809	1779	0.738988
5809	1391	0.714765
5809	2498	0.698813
5809	1603	0.673391
5811	2169	0.597694
5811	1250	0.532658
5811	527	0.514522
5811	1225	0.507107
5811	1207	0.470338
5811	1231	0.459980
5811	1952	0.458868
5811	3321	0.442326
5811	2497	0.436582
5811	3562	0.429119
5812	1977	1.987944
5812	1978	1.734365
5812	1980	1.511851
5812	2383	1.491761
5812	2380	1.439687
5812	1979	1.438213
5812	470	1.336489
5812	2382	1.300463
5812	2381	1.280255
5812	2149	1.269006
5813	1580	1.824195
5813	2916	1.761600
5813	1573	1.727843
5813	349	1.655774
5813	3256	1.568354
5813	1356	1.368011
5813	1610	1.204807
5813	6	1.103595
5813	2278	1.061387
5813	780	1.050867
5815	1584	2.346729
5815	1200	2.142426
5815	541	1.837554
5815	1196	1.810070
5815	2529	1.784808
5815	480	1.762692
5815	3699	1.672515
5815	260	1.625882
5815	3471	1.547059
5815	3702	1.457238
5816	2688	1.359692
5816	2959	1.082669
5816	3005	1.009415
5816	2336	0.945657
5816	2770	0.941866
5816	2716	0.937448
5816	2605	0.925964
5816	2599	0.894597
5816	2598	0.823391
5816	223	0.818890
5818	2770	2.408756
5818	1911	2.065627
5818	223	2.057003
5818	3005	1.852927
5818	2881	1.800528
5818	2706	1.761756
5818	2433	1.749616
5818	2688	1.653936
5818	2599	1.634173
5818	2541	1.575854
5819	2571	1.034745
5819	1610	0.931439
5819	1240	0.837292
5819	1200	0.739135
5819	1036	0.686529
5819	1291	0.662636
5819	1196	0.640936
5819	480	0.603587
5819	1580	0.602884
5819	2916	0.580527
5820	858	1.840463
5820	527	1.777127
5820	260	1.677767
5820	296	1.460095
5820	912	1.443619
5820	1276	1.359022
5820	1230	1.228823
5820	1213	1.199103
5820	1225	1.193662
5820	1278	1.172155
5821	2571	1.999032
5821	1196	1.988349
5821	1200	1.637798
5821	32	1.231647
5821	1206	1.126062
5821	162	1.119512
5821	1291	1.107909
5821	1270	1.067544
5821	2028	1.065106
5821	858	0.980303
5822	1347	1.387357
5822	1991	1.112172
5822	188	1.102056
5822	2120	1.092165
5822	1345	1.042058
5822	2793	0.958606
5822	724	0.955916
5822	2327	0.942581
5822	2003	0.939759
5822	1974	0.889232
5823	32	1.712707
5823	1200	1.497354
5823	1196	1.354530
5823	1214	1.347526
5823	2916	1.329792
5823	1580	1.203915
5823	2529	1.192752
5823	1653	1.187111
5823	3471	1.179003
5823	260	1.097401
5824	2027	1.152917
5824	1562	0.988761
5824	2799	0.931293
5824	575	0.882041
5824	466	0.873348
5824	355	0.817484
5824	743	0.791860
5824	2306	0.774445
5824	1474	0.753813
5824	694	0.709072
5825	3555	1.090512
5825	3481	1.074352
5825	3751	1.063975
5825	3948	1.055869
5825	3717	1.050912
5825	3624	0.972029
5825	3317	0.970944
5825	3510	0.935916
5825	3893	0.921098
5825	3623	0.908949
5826	380	0.827491
5826	733	0.778362
5826	377	0.703043
5826	2916	0.672841
5826	1580	0.600464
5826	2353	0.599678
5826	539	0.595010
5826	3256	0.577354
5826	708	0.543507
5826	356	0.537594
5827	1867	0.965537
5827	1606	0.939071
5827	694	0.935297
5827	484	0.903045
5827	3439	0.889701
5827	44	0.846495
5827	1882	0.772615
5827	1822	0.768672
5827	2876	0.722296
5827	544	0.721804
5829	1198	1.802106
5829	1214	1.277835
5829	1200	1.186148
5829	1240	1.179265
5829	2028	1.171665
5829	1036	1.139690
5829	2174	0.986603
5829	1210	0.979357
5829	2918	0.911025
5829	1270	0.851924
5830	1	0.781258
5830	3484	0.637971
5830	1394	0.637682
5830	1294	0.611555
5830	1265	0.533806
5830	1080	0.519427
5830	2396	0.506550
5830	2858	0.506205
5830	3744	0.504603
5830	745	0.487083
5831	1985	0.662843
5831	1983	0.658686
5831	1975	0.627905
5831	1970	0.619958
5831	2411	0.598623
5831	177	0.563507
5831	2504	0.560777
5831	1995	0.559921
5831	2122	0.535832
5831	2517	0.503089
5832	1394	1.501935
5832	1294	1.185385
5832	1136	1.104213
5832	1197	1.027895
5832	1	0.992825
5832	1079	0.989620
5832	3421	0.983121
5832	1276	0.975871
5832	1278	0.874651
5832	1307	0.868185
5833	2598	2.140453
5833	2013	1.759712
5833	2881	1.754657
5833	2336	1.717758
5833	2605	1.689744
5833	2716	1.686631
5833	1513	1.517753
5833	2392	1.471401
5833	785	1.422743
5833	2333	1.415946
5834	2598	1.288028
5834	1093	1.052975
5834	2770	1.036021
5834	2355	1.007263
5834	2694	1.005191
5834	2706	0.995469
5834	2734	0.983705
5834	2013	0.973745
5834	2433	0.967898
5834	2599	0.920272
5835	527	1.226532
5835	318	1.218401
5835	296	1.162101
5835	593	1.074037
5835	858	0.837844
5835	50	0.819680
5835	1221	0.768029
5835	1214	0.750243
5835	1193	0.739446
5835	1198	0.715563
5836	1200	1.624447
5836	2571	1.417939
5836	1036	1.210358
5836	1210	1.209046
5836	541	1.192933
5836	589	1.160187
5836	1291	1.153271
5836	1387	1.149835
5836	1197	1.045854
5836	3471	0.958430
5837	502	0.992304
5837	2974	0.905685
5837	2153	0.758702
5837	1632	0.756195
5837	66	0.736468
5837	181	0.735972
5837	325	0.732014
5837	1004	0.731650
5837	2152	0.690391
5837	1602	0.673826
5838	539	1.192283
5838	2424	0.897978
5838	1888	0.846948
5838	1262	0.751989
5838	708	0.740867
5838	3414	0.721500
5838	339	0.711881
5838	1254	0.703933
5838	2316	0.700549
5838	1393	0.670925
5839	593	1.733878
5839	858	1.502148
5839	296	1.387275
5839	1213	1.321695
5839	1193	1.216568
5839	1196	1.089449
5839	50	1.067338
5839	912	1.016904
5839	2858	0.966355
5839	1233	0.838467
5840	938	1.627324
5840	914	1.577953
5840	1035	1.552798
5840	900	1.456725
5840	935	1.439839
5840	3545	1.308200
5840	1951	1.215642
5840	1029	1.203469
5840	945	1.181046
5840	1028	1.166897
5841	3555	0.570710
5841	3409	0.555458
5841	2683	0.534934
5841	3408	0.526694
5841	3578	0.519833
5841	3753	0.502141
5841	3160	0.487547
5841	3948	0.479738
5841	3624	0.470420
5841	889	0.468226
5842	1036	1.778305
5842	1240	1.699277
5842	1287	1.681546
5842	1200	1.633613
5842	2949	1.464210
5842	1198	1.455868
5842	589	1.430977
5842	1242	1.425339
5842	1387	1.389124
5842	1210	1.352326
5843	1656	0.547887
5843	296	0.541576
5843	608	0.534698
5843	50	0.484463
5843	1291	0.453540
5843	17	0.450552
5843	1246	0.442817
5843	2194	0.441307
5843	385	0.419591
5843	1220	0.417056
5844	3578	1.247061
5844	3744	1.098239
5844	3617	1.079643
5844	3751	1.074684
5844	3717	1.016865
5844	3752	1.001367
5844	3753	0.974486
5844	3793	0.969780
5844	3510	0.902960
5844	3408	0.846763
5845	318	1.069377
5845	745	0.975888
5845	527	0.934159
5845	919	0.902336
5845	908	0.859706
5845	1219	0.853377
5845	1104	0.840456
5845	1617	0.780049
5845	296	0.778755
5845	2028	0.777057
5846	318	1.624588
5846	912	1.601514
5846	527	1.529707
5846	608	1.321584
5846	296	1.240727
5846	858	1.158833
5846	1213	1.155157
5846	1198	1.086960
5846	1225	1.062899
5846	908	1.056646
5847	1580	0.696031
5847	1909	0.691330
5847	2916	0.678069
5847	236	0.663314
5847	1653	0.640240
5847	1573	0.631561
5847	1372	0.630671
5847	1356	0.619968
5847	541	0.614300
5847	1206	0.602369
5848	1231	0.980199
5848	1947	0.907687
5848	1247	0.817880
5848	1293	0.797450
5848	902	0.765536
5848	3685	0.756391
5848	3475	0.744152
5848	1225	0.730411
5848	915	0.668062
5848	2067	0.657642
5849	1196	1.719315
5849	1240	1.492702
5849	1214	1.448544
5849	1242	1.286819
5849	1036	1.023677
5849	2571	0.998739
5849	1387	0.968666
5849	1291	0.955368
5849	1210	0.947456
5849	589	0.892464
5850	260	0.966347
5850	1931	0.909651
5850	941	0.839108
5850	2944	0.811364
5850	940	0.804920
5850	1210	0.781670
5850	2947	0.773950
5850	1196	0.750426
5850	1036	0.737591
5850	1262	0.731616
5851	2089	2.539163
5851	364	2.350572
5851	588	2.068538
5851	2137	2.049201
5851	1029	1.997963
5851	2087	1.977232
5851	1032	1.960993
5851	2294	1.888481
5851	596	1.837773
5851	595	1.825065
5852	1959	0.500867
5852	394	0.476301
5852	3069	0.460314
5852	1804	0.460010
5852	2333	0.453563
5852	2906	0.426491
5852	350	0.417438
5852	1805	0.409595
5852	2598	0.405375
5852	182	0.398816
5853	1676	1.773605
5853	1372	1.712861
5853	1909	1.670746
5853	1356	1.523112
5853	2985	1.511702
5853	329	1.451501
5853	1375	1.280028
5853	1573	1.263437
5853	1748	1.248999
5853	2916	1.212746
5854	1995	2.445563
5854	1983	2.410960
5854	1972	2.406902
5854	1975	2.185616
5854	1977	2.124753
5854	3459	1.970639
5854	2614	1.767016
5854	1976	1.723394
5854	1991	1.625268
5854	879	1.591277
5855	2333	1.540108
5855	785	1.417867
5855	2770	1.411232
5855	2734	1.392341
5855	2712	1.383691
5855	2959	1.322205
5855	2580	1.275789
5855	1093	1.216171
5855	2605	1.142391
5855	2997	1.107477
5856	1196	1.151417
5856	1200	1.106444
5856	260	1.044380
5856	1387	1.013390
5856	2571	1.008068
5856	457	0.995685
5856	1210	0.955156
5856	1197	0.942841
5856	110	0.909023
5856	2918	0.882120
5857	2193	0.533721
5857	2005	0.523320
5857	2054	0.480351
5857	1967	0.474148
5857	2115	0.432662
5857	616	0.424106
5857	2105	0.410233
5857	2783	0.382057
5857	3013	0.380369
5857	3232	0.379049
5858	1393	0.556106
5858	356	0.536016
5858	652	0.535037
5858	1345	0.517925
5858	11	0.516109
5858	3108	0.497192
5858	2321	0.487091
5858	1517	0.470728
5858	1678	0.440782
5858	39	0.440575
5859	318	1.887806
5859	608	1.628808
5859	527	1.570580
5859	296	1.465437
5859	1207	1.384325
5859	1952	1.277197
5859	912	1.114133
5859	2858	0.979635
5859	908	0.978095
5859	923	0.960218
5860	440	1.137288
5860	2469	1.070227
5860	1777	1.017913
5860	141	0.844518
5860	11	0.833481
5860	2424	0.827419
5860	500	0.800646
5860	1042	0.743541
5860	1747	0.731523
5860	2671	0.718769
5861	1394	1.870365
5861	2918	1.457356
5861	2915	1.297882
5861	1278	1.181340
5861	3424	1.036249
5861	3671	1.013501
5861	3685	0.998919
5861	2174	0.972807
5861	1136	0.971121
5861	3210	0.970973
5862	1307	1.217293
5862	1394	1.153603
5862	2797	1.142087
5862	1270	1.035876
5862	3552	0.998060
5862	2791	0.979629
5862	1968	0.932517
5862	364	0.925100
5862	3210	0.911979
5862	1663	0.885146
5864	527	1.402046
5864	2028	1.030241
5864	1193	1.026344
5864	608	0.957831
5864	858	0.925240
5864	1200	0.916271
5864	1196	0.908691
5864	1198	0.897873
5864	1207	0.844027
5864	1213	0.835635
5865	880	1.559712
5865	196	1.388709
5865	1037	1.333262
5865	1831	1.325244
5865	2986	1.310268
5865	737	1.296504
5865	593	1.254463
5865	1882	1.235789
5865	1213	1.189982
5865	2450	1.157366
5866	527	1.471082
5866	608	1.427851
5866	1193	1.234241
5866	1207	1.230025
5866	1213	1.123223
5866	50	1.095803
5866	1617	1.028101
5866	1225	1.018110
5866	1221	1.001813
5866	858	1.000665
5867	2694	2.832688
5867	2683	2.739913
5867	2706	2.327364
5867	1093	2.242540
5867	1911	2.035654
5867	2605	1.998036
5867	2541	1.942628
5867	2688	1.907952
5867	2771	1.891636
5867	2188	1.755587
5868	1	0.894830
5868	1244	0.871635
5868	1265	0.865242
5868	318	0.786693
5868	1213	0.780206
5868	34	0.767679
5868	593	0.732640
5868	608	0.728948
5868	2997	0.698102
5868	1136	0.675981
5869	1573	1.271171
5869	2916	1.237557
5869	1370	1.195858
5869	733	0.981236
5869	110	0.894954
5869	1356	0.867506
5869	780	0.865748
5869	1676	0.837232
5869	198	0.836689
5869	349	0.832825
5870	593	1.263508
5870	2762	1.123887
5870	1213	1.039821
5870	527	0.976632
5870	50	0.898945
5870	2997	0.878634
5870	1617	0.871018
5870	2028	0.836289
5870	2396	0.808494
5870	1089	0.786167
5871	1214	1.089100
5871	1270	0.845825
5871	2571	0.842838
5871	1387	0.832402
5871	1219	0.803066
5871	1200	0.787903
5871	1196	0.781545
5871	2664	0.768768
5871	1340	0.738677
5871	2644	0.738319
5872	2410	0.736168
5872	2404	0.550767
5872	356	0.522122
5872	2411	0.504170
5872	1307	0.485743
5872	357	0.479133
5872	2918	0.452188
5872	39	0.435483
5872	2750	0.435005
5872	2781	0.430090
5873	1036	2.160142
5873	589	2.052235
5873	1196	2.030845
5873	1200	1.873683
5873	1291	1.840457
5873	1214	1.640978
5873	1222	1.263949
5873	1954	1.260505
5873	1197	1.245148
5873	858	1.230372
5874	1200	0.708212
5874	1240	0.684779
5874	3623	0.677206
5874	3578	0.659296
5874	2947	0.622851
5874	2948	0.601932
5874	3510	0.599107
5874	2944	0.594432
5874	3555	0.544833
5874	1534	0.529813
5875	3623	1.319056
5875	3753	1.101636
5875	3755	1.093647
5875	3510	1.034022
5875	3408	0.825827
5875	3793	0.820805
5875	2762	0.806333
5875	2858	0.803799
5875	3354	0.737785
5875	3114	0.732275
5878	1967	1.076899
5878	2005	0.863071
5878	2143	0.646543
5878	2420	0.645312
5878	2114	0.625106
5878	2174	0.605228
5878	2105	0.572722
5878	3791	0.568423
5878	1728	0.558598
5878	2872	0.551256
5879	733	1.692194
5879	1573	1.605282
5879	480	1.478353
5879	349	1.466529
5879	457	1.301998
5879	2353	1.267336
5879	377	1.224814
5879	1370	1.217832
5879	2278	1.197206
5879	1356	1.166255
5880	1377	0.719549
5880	1562	0.619830
5880	1591	0.569663
5880	1722	0.553963
5880	95	0.540745
5880	2616	0.533068
5880	3881	0.524096
5880	1792	0.513108
5880	3208	0.500447
5880	485	0.490932
5881	608	0.774114
5881	36	0.768376
5881	527	0.759873
5881	296	0.755539
5881	3105	0.685350
5881	463	0.650791
5881	1358	0.620780
5881	640	0.619401
5881	2028	0.606026
5881	1213	0.601961
5882	32	2.127245
5882	1214	2.012367
5882	1196	1.921291
5882	1210	1.883750
5882	1580	1.824627
5882	2529	1.771564
5882	3527	1.759403
5882	3471	1.715783
5882	260	1.620696
5882	1356	1.572583
5884	1252	1.760437
5884	1206	1.738321
5884	922	1.519475
5884	2066	1.489269
5884	32	1.389307
5884	2186	1.371666
5884	1214	1.166383
5884	913	1.139671
5884	1069	1.079550
5884	2571	1.068032
5885	3408	1.202050
5885	3534	1.140583
5885	2688	1.092239
5885	3510	1.031045
5885	3535	1.003141
5885	2605	0.985469
5885	3555	0.974900
5885	2694	0.969917
5885	3753	0.926203
5885	2827	0.853311
5886	3441	0.695997
5886	3519	0.646958
5886	3154	0.641831
5886	3367	0.640577
5886	760	0.598950
5886	3137	0.584478
5886	3062	0.538382
5886	1391	0.524000
5886	316	0.522145
5886	2944	0.509837
5887	2565	2.083915
5887	914	1.994755
5887	1029	1.953386
5887	1028	1.858839
5887	595	1.817508
5887	2081	1.666533
5887	918	1.622592
5887	364	1.549531
5887	1032	1.535221
5887	2080	1.517727
5888	2953	2.183537
5888	3774	1.494437
5888	1474	1.454880
5888	867	1.416973
5888	93	1.395318
5888	810	1.365779
5888	2152	1.224221
5888	881	1.174495
5888	1490	1.134526
5888	1731	1.110649
5889	1136	0.891695
5889	3363	0.829828
5889	3671	0.812219
5889	3361	0.771264
5889	1079	0.747068
5889	1394	0.712949
5889	1278	0.706552
5889	1080	0.670334
5889	1234	0.638443
5889	2770	0.611205
5890	1892	1.004718
5890	1625	0.894533
5890	350	0.831397
5890	1422	0.742911
5890	695	0.726713
5890	1589	0.726586
5890	113	0.721852
5890	1732	0.706668
5890	1092	0.666048
5890	2749	0.635160
5891	2694	2.234722
5891	3005	1.914925
5891	2770	1.914683
5891	2541	1.682936
5891	2706	1.599418
5891	2683	1.586869
5891	2433	1.510222
5891	2599	1.505999
5891	2355	1.460065
5891	2688	1.335091
5892	480	0.855673
5892	2916	0.700738
5892	1653	0.691521
5892	264	0.691061
5892	1356	0.674032
5892	1527	0.664509
5892	32	0.559054
5892	1748	0.547691
5892	823	0.539628
5892	1965	0.488282
5893	2469	0.929543
5893	3591	0.737919
5893	2247	0.715797
5893	2134	0.697493
5893	3087	0.659750
5893	2100	0.600492
5893	2470	0.560674
5893	1135	0.551426
5893	3448	0.538015
5893	3524	0.501885
5894	3508	2.280437
5894	2401	2.231623
5894	1928	2.011158
5894	1378	1.902269
5894	1266	1.877199
5894	3074	1.796979
5894	967	1.793716
5894	2951	1.681779
5894	2921	1.503183
5894	3025	1.476673
5895	1089	1.344978
5895	1466	1.273784
5895	1227	1.079836
5895	47	1.025086
5895	6	0.959171
5895	296	0.926098
5895	608	0.789230
5895	431	0.780283
5895	1447	0.744307
5895	283	0.735315
5896	178	0.906474
5896	637	0.904548
5896	460	0.805594
5896	65	0.801219
5896	370	0.790084
5896	2799	0.769236
5896	2036	0.755699
5896	429	0.735000
5896	1857	0.725179
5896	135	0.689322
5897	1083	0.546209
5897	3606	0.542845
5897	3310	0.467087
5897	3210	0.453705
5897	1017	0.427758
5897	3497	0.420533
5897	1947	0.410703
5897	2181	0.407704
5897	2419	0.401684
5897	982	0.387991
5900	3308	0.624283
5900	2114	0.600636
5900	2145	0.588184
5900	1062	0.583460
5900	3109	0.580682
5900	3791	0.494051
5900	3480	0.475131
5900	1124	0.473245
5900	193	0.462431
5900	2146	0.461764
5901	318	1.430807
5901	527	1.285822
5901	260	1.278802
5901	1193	1.151969
5901	858	1.104722
5901	608	1.062423
5901	1207	1.050182
5901	1198	0.987158
5901	923	0.934505
5901	2028	0.858454
5902	1947	2.503139
5902	2565	1.880820
5902	1028	1.768719
5902	3549	1.654564
5902	2081	1.369433
5902	1932	1.359121
5902	899	1.354002
5902	1022	1.351665
5902	1029	1.339042
5902	595	1.289924
5903	1527	2.060643
5903	1356	1.959641
5903	316	1.840936
5903	1580	1.646498
5903	1909	1.558535
5903	1676	1.421481
5903	364	1.184979
5903	1876	1.167585
5903	1375	1.099096
5903	2985	1.070520
5905	1372	1.753523
5905	1527	1.658033
5905	2527	1.637979
5905	3699	1.565147
5905	329	1.541634
5905	1580	1.533215
5905	1375	1.516598
5905	2528	1.503776
5905	3527	1.482429
5905	780	1.455629
5906	2749	1.160441
5906	1589	1.158434
5906	695	1.107424
5906	1625	1.002417
5906	113	0.944695
5906	1459	0.844746
5906	1092	0.824616
5906	1422	0.813010
5906	2467	0.798016
5906	1645	0.796626
5907	947	1.135032
5907	3097	1.016672
5907	910	0.891440
5907	1256	0.780998
5907	951	0.762455
5907	1247	0.762395
5907	2973	0.758805
5907	1238	0.752723
5907	928	0.737678
5907	907	0.700611
5908	733	0.872442
5908	2918	0.831921
5908	2115	0.821773
5908	349	0.801613
5908	1079	0.791264
5908	2922	0.762098
5908	2916	0.729099
5908	3421	0.726507
5908	1394	0.714650
5908	2401	0.695120
5910	475	0.833264
5910	261	0.767988
5910	150	0.718263
5910	2943	0.677994
5910	1721	0.670116
5910	452	0.666730
5910	1094	0.653057
5910	1639	0.616780
5910	3105	0.605527
5910	515	0.589908
5911	3249	1.075862
5911	3686	1.001132
5911	1552	0.877455
5911	733	0.864040
5911	1722	0.853540
5911	165	0.841846
5911	494	0.837603
5911	600	0.797762
5911	1645	0.778107
5911	350	0.777130
5912	2671	0.657374
5912	3261	0.643191
5912	440	0.609735
5912	39	0.577399
5912	1777	0.574963
5912	2174	0.558112
5912	2797	0.556998
5912	852	0.545866
5912	1517	0.516797
5912	3210	0.512254
5913	356	0.777171
5913	2671	0.681894
5913	357	0.622641
5913	539	0.609262
5913	1784	0.549749
5913	2778	0.535174
5913	1060	0.528255
5913	39	0.508867
5913	11	0.471220
5913	1584	0.469926
5914	1617	1.817474
5914	296	1.759938
5914	593	1.349651
5914	318	1.174418
5914	1221	1.064770
5914	1227	1.032023
5914	1248	0.983912
5914	2391	0.960023
5914	3741	0.884050
5914	3435	0.866856
5915	1882	1.248946
5915	1562	1.121133
5915	1779	0.999611
5915	173	0.890195
5915	3440	0.842966
5915	880	0.828326
5915	355	0.828051
5915	839	0.823489
5915	172	0.813826
5915	1855	0.796525
5916	422	0.886347
5916	22	0.864477
5916	1892	0.838708
5916	2803	0.832759
5916	280	0.793241
5916	454	0.738337
5916	1422	0.723239
5916	1459	0.634168
5916	1625	0.628886
5916	1645	0.618056
5917	1394	1.407975
5917	3671	1.273195
5917	1136	1.263165
5917	1	1.189789
5917	1080	1.160302
5917	1079	1.139628
5917	3421	1.109844
5917	2918	1.082824
5917	34	0.924511
5917	3306	0.908753
5919	2770	2.556245
5919	3005	2.273436
5919	2605	2.242084
5919	2688	2.117433
5919	2881	2.030270
5919	2355	1.857854
5919	2336	1.836559
5919	2433	1.805161
5919	2188	1.784531
5919	3203	1.658075
5920	357	0.770744
5920	539	0.751348
5920	2858	0.645319
5920	608	0.640951
5920	1393	0.636608
5920	1213	0.627137
5920	3623	0.612201
5920	593	0.600702
5920	339	0.590436
5920	3555	0.582497
5921	608	1.764183
5921	318	1.631849
5921	593	1.504905
5921	2858	1.391551
5921	260	1.371425
5921	527	1.336483
5921	1198	1.329005
5921	2571	1.159018
5921	1196	1.124905
5921	1036	1.115170
5922	2467	1.272716
5922	2749	1.169119
5922	1086	1.026583
5922	1892	0.938272
5922	1589	0.838251
5922	2206	0.751750
5922	2184	0.700267
5922	113	0.686050
5922	903	0.654762
5922	931	0.600587
5923	296	1.314545
5923	50	1.285960
5923	527	1.226456
5923	2858	1.184032
5923	457	1.140700
5923	1617	1.112407
5923	1213	1.101684
5923	110	1.077755
5923	1704	1.036661
5923	1089	0.942095
5924	2986	1.291209
5924	1831	1.102949
5924	849	0.986255
5924	1779	0.926494
5924	1562	0.907934
5924	533	0.873201
5924	1591	0.838001
5924	2487	0.824490
5924	71	0.822098
5924	2410	0.821039
5925	2096	1.284590
5925	1907	1.255258
5925	596	1.209554
5925	1022	1.167056
5925	594	1.049953
5925	364	1.044905
5925	1029	1.020530
5925	2294	0.987707
5925	1032	0.982775
5925	2089	0.979620
5926	2115	1.392710
5926	349	1.366254
5926	1610	1.182894
5926	10	1.166134
5926	2916	1.144790
5926	1580	1.127642
5926	648	1.087663
5926	1372	1.086437
5926	1370	1.052716
5926	380	1.023461
5927	3787	0.735369
5927	3317	0.658779
5927	3897	0.639212
5927	3626	0.598991
5927	3241	0.594393
5927	3749	0.584843
5927	3793	0.535414
5927	3578	0.529750
5927	3893	0.512377
5927	3794	0.501685
5928	3330	0.761327
5928	1076	0.733555
5928	3133	0.710921
5928	864	0.676570
5928	1252	0.665789
5928	942	0.635870
5928	3435	0.618887
5928	930	0.583968
5928	2848	0.583597
5928	1260	0.580276
5929	2121	1.822600
5929	1975	1.684204
5929	1970	1.635385
5929	2517	1.621224
5929	2451	1.563942
5929	1969	1.407703
5929	1977	1.246520
5929	177	1.226069
5929	1983	1.205040
5929	891	1.185689
5930	1617	0.987358
5930	903	0.971322
5930	1086	0.949554
5930	457	0.828775
5930	589	0.755517
5930	950	0.742404
5930	318	0.718431
5930	1267	0.716413
5930	50	0.709112
5930	942	0.669531
5931	1200	1.817404
5931	457	1.792920
5931	1291	1.752201
5931	1198	1.729822
5931	260	1.602224
5931	2947	1.525415
5931	858	1.433879
5931	1196	1.378831
5931	2571	1.360475
5931	1210	1.226138
5933	2881	2.520311
5933	2683	2.492241
5933	2959	2.396842
5933	2336	2.229766
5933	2772	2.031577
5933	2581	1.976517
5933	3203	1.939281
5933	2355	1.852933
5933	2433	1.844007
5933	3174	1.815529
5934	318	1.695541
5934	1207	1.484783
5934	593	1.321279
5934	750	1.279548
5934	608	1.183135
5934	1952	1.176087
5934	1225	1.145057
5934	919	1.111572
5934	1204	1.057539
5934	111	1.023437
5935	3114	1.224721
5935	34	0.995341
5935	1079	0.920004
5935	2321	0.888045
5935	2997	0.848677
5935	1923	0.795607
5935	1394	0.764066
5935	1093	0.733839
5935	223	0.732886
5935	2716	0.721429
5936	593	2.007175
5936	2571	1.893223
5936	1213	1.645031
5936	589	1.580386
5936	1036	1.558091
5936	1617	1.540567
5936	1291	1.381917
5936	1193	1.365928
5936	110	1.323974
5936	2858	1.309222
5937	1097	0.995043
5937	1580	0.936971
5937	2193	0.928054
5937	2797	0.895146
5937	2174	0.843909
5937	2161	0.829917
5937	2105	0.815568
5937	2100	0.798811
5937	2407	0.797696
5937	2916	0.791320
5938	904	0.750963
5938	2571	0.666107
5938	2143	0.664870
5938	1617	0.623771
5938	608	0.621421
5938	2193	0.601834
5938	2054	0.597258
5938	1610	0.569255
5938	1252	0.545671
5938	589	0.541273
5939	1200	0.644184
5939	858	0.621827
5939	1240	0.597887
5939	1196	0.564284
5939	1222	0.551911
5939	2028	0.523727
5939	3071	0.519908
5939	2396	0.517477
5939	1784	0.508619
5939	1302	0.470752
5940	1513	2.179612
5940	2581	2.082983
5940	24	1.846408
5940	2805	1.837975
5940	785	1.785618
5940	1911	1.733624
5940	3219	1.673568
5940	2881	1.582100
5940	2723	1.575684
5940	2502	1.534768
5941	1089	1.308525
5941	1617	1.251733
5941	1252	1.076092
5941	2571	1.050636
5941	1358	1.041189
5941	318	1.030995
5941	296	1.007541
5941	2028	0.921752
5941	903	0.888354
5941	2391	0.879350
5942	2206	1.499960
5942	1284	1.399890
5942	1267	1.394862
5942	906	1.344448
5942	942	1.193559
5942	1617	1.133183
5942	1248	1.073516
5942	1964	1.059878
5942	922	1.053660
5942	2467	0.985967
5943	1193	1.112455
5943	1196	1.081246
5943	608	1.077885
5943	912	1.024999
5943	296	0.957513
5943	1265	0.956578
5943	1136	0.915162
5943	2028	0.893251
5943	2762	0.836348
5943	2858	0.809947
5944	3696	0.601657
5944	2571	0.571645
5944	589	0.524543
5944	735	0.509885
5944	1241	0.501652
5944	1584	0.499458
5944	2916	0.494680
5944	1911	0.439284
5944	3018	0.432977
5944	29	0.398570
5945	912	0.869983
5945	923	0.754580
5945	593	0.738722
5945	260	0.736348
5945	1952	0.730005
5945	1213	0.714182
5945	318	0.711682
5945	296	0.689571
5945	2866	0.651809
5945	1955	0.643458
5946	2424	1.496708
5946	339	1.154995
5946	597	1.118740
5946	2497	1.029447
5946	1888	0.982253
5946	222	0.927389
5946	236	0.902429
5946	7	0.889489
5946	2875	0.845304
5946	74	0.828385
5947	2650	2.351344
5947	1350	2.201915
5947	2651	1.933376
5947	1345	1.837502
5947	2647	1.591119
5947	3018	1.586580
5947	2550	1.450090
5947	2648	1.298041
5947	2782	1.251540
5947	2519	1.181366
5948	34	0.624393
5948	2690	0.572207
5948	1	0.567991
5948	1265	0.513085
5948	1394	0.453191
5948	2336	0.448350
5948	731	0.446862
5948	1080	0.422379
5948	1537	0.410681
5948	3361	0.389671
5949	1923	0.607602
5949	357	0.595034
5949	1721	0.584355
5949	150	0.566978
5949	1784	0.561088
5949	1517	0.546341
5949	1357	0.534770
5949	597	0.513795
5949	1921	0.503685
5949	2353	0.486929
5950	608	0.835380
5950	318	0.768227
5950	593	0.738625
5950	1214	0.736543
5950	1213	0.727955
5950	260	0.707159
5950	541	0.676017
5950	1225	0.670796
5950	50	0.668846
5950	1259	0.654086
5951	1240	1.231855
5951	1036	1.172423
5951	1196	1.076555
5951	1210	1.065303
5951	1214	0.999663
5951	1198	0.874061
5951	2028	0.847810
5951	1197	0.846232
5951	1270	0.833617
5951	110	0.813855
5952	2921	2.794145
5952	383	2.512064
5952	3681	2.286934
5952	553	2.163969
5952	599	2.132213
5952	1266	1.985435
5952	1007	1.842579
5952	1379	1.691177
5952	3487	1.622013
5952	3682	1.424752
5953	316	1.906855
5953	2916	1.736585
5953	1909	1.673880
5953	1748	1.632478
5953	32	1.579533
5953	329	1.503043
5953	1676	1.473085
5953	2571	1.454612
5953	1374	1.349644
5953	1376	1.325895
5954	914	0.850451
5954	2565	0.847880
5954	1035	0.773742
5954	1086	0.753228
5954	1932	0.700889
5954	899	0.682664
5954	1380	0.664809
5954	2749	0.664483
5954	906	0.659138
5954	931	0.658709
5955	527	1.380922
5955	2858	1.354204
5955	2762	1.293795
5955	1704	1.170027
5955	2028	1.088955
5955	1358	1.067281
5955	246	1.027801
5955	858	0.856144
5955	36	0.816405
5955	1221	0.806466
5956	3050	0.736056
5956	501	0.624736
5956	2694	0.607489
5956	2683	0.587084
5956	2770	0.569652
5956	3049	0.567248
5956	2908	0.532540
5956	2541	0.523589
5956	1093	0.517399
5956	3112	0.505966
5957	2350	0.842855
5957	2717	0.813430
5957	1777	0.795614
5957	1485	0.738119
5957	597	0.737905
5957	410	0.692613
5957	2372	0.668087
5957	542	0.665888
5957	3388	0.658420
5957	708	0.625346
5958	1201	1.430729
5958	1291	1.203117
5958	457	1.161863
5958	3681	1.159890
5958	2921	1.116892
5958	1198	1.107320
5958	589	1.084758
5958	3508	1.074274
5958	2401	1.014718
5958	1196	1.007229
5959	1485	0.884832
5959	500	0.874838
5959	141	0.821007
5959	3253	0.755413
5959	1777	0.684329
5959	52	0.674765
5959	585	0.661003
5959	1517	0.644297
5959	216	0.622980
5959	471	0.613174
5960	2581	2.284165
5960	2598	2.020211
5960	1911	1.964188
5960	785	1.850651
5960	2881	1.808124
5960	2805	1.650879
5960	2490	1.618785
5960	1959	1.614264
5960	2723	1.584458
5960	2013	1.567817
5961	103	1.086111
5961	1798	1.062371
5961	291	0.916815
5961	3249	0.911317
5961	1427	0.772981
5961	23	0.728416
5961	662	0.723363
5961	2263	0.708602
5961	132	0.658024
5961	2741	0.640774
5963	1320	0.864763
5963	589	0.803897
5963	1917	0.742038
5963	1198	0.740848
5963	2393	0.734776
5963	1610	0.691107
5963	2571	0.687069
5963	329	0.653086
5963	1240	0.639001
5963	1370	0.634137
5964	1779	0.709908
5964	1037	0.632005
5964	1501	0.609167
5964	1717	0.600188
5964	1831	0.581581
5964	253	0.567821
5964	153	0.558143
5964	1590	0.554204
5964	67	0.551121
5964	2279	0.522849
5965	2541	2.368901
5965	2771	2.197448
5965	2827	2.179277
5965	1911	2.104884
5965	1093	1.962290
5965	2881	1.862004
5965	3203	1.834447
5965	1127	1.612086
5965	2772	1.428633
5965	2369	1.379188
5966	296	1.100805
5966	318	1.082623
5966	608	1.053661
5966	1089	0.959109
5966	1617	0.802328
5966	1704	0.792926
5966	527	0.758478
5966	62	0.661560
5966	1923	0.621146
5966	36	0.617255
5968	1198	2.120748
5968	1200	2.098662
5968	2571	1.550402
5968	1387	1.550127
5968	1221	1.508429
5968	1036	1.486223
5968	2947	1.455116
5968	1210	1.446421
5968	1291	1.381743
5968	1233	1.244382
5969	1663	1.131154
5969	3210	0.948279
5969	2144	0.943839
5969	2918	0.855994
5969	2797	0.854115
5969	2150	0.836323
5969	2352	0.835961
5969	2795	0.829411
5969	3448	0.825048
5969	1079	0.813917
5970	1356	1.918983
5970	1376	1.804775
5970	316	1.561213
5970	2393	1.556405
5970	3699	1.552131
5970	1240	1.487751
5970	2916	1.452676
5970	1580	1.281255
5970	1584	1.271919
5970	1527	1.259793
5971	1291	1.878851
5971	1196	1.406471
5971	2571	1.347080
5971	1240	1.304633
5971	2194	1.195371
5971	2916	1.126905
5971	110	1.101507
5971	2028	1.089946
5971	2947	1.068193
5971	1200	1.060159
5972	3481	1.171597
5972	3751	1.111445
5972	3911	0.951319
5972	3863	0.868576
5972	3952	0.828418
5972	3578	0.773530
5972	3556	0.744467
5972	3949	0.711704
5972	3536	0.708431
5972	3793	0.667895
5973	1240	2.223082
5973	260	1.974679
5973	1206	1.800750
5973	541	1.734218
5973	1270	1.474802
5973	2529	1.435685
5973	3703	1.413403
5973	1584	1.306056
5973	1199	1.228892
5973	2916	1.225952
5974	751	1.199554
5974	1364	1.199554
5974	3221	1.199554
5974	2964	0.848213
5974	3532	0.685459
5974	1063	0.683938
5974	2129	0.635539
5974	1670	0.566103
5974	214	0.523528
5974	3518	0.503760
5975	593	1.401052
5975	1	1.333956
5975	595	1.285084
5975	594	1.255964
5975	296	1.094826
5975	260	1.075009
5975	2096	1.029230
5975	912	0.984156
5975	2081	0.969083
5975	1213	0.951387
5976	1036	1.092037
5976	1270	0.932247
5976	2918	0.920342
5976	1079	0.906352
5976	1663	0.883245
5976	1246	0.825319
5976	3039	0.817313
5976	3552	0.815315
5976	589	0.806755
5976	1259	0.802557
5977	1208	1.478755
5977	3671	1.324731
5977	1136	1.242216
5977	2866	1.241112
5977	1234	1.130778
5977	3504	1.119536
5977	1230	1.066140
5977	3037	0.884735
5977	1082	0.848950
5977	3498	0.846780
5978	1497	0.809350
5978	2358	0.580612
5978	3184	0.580612
5978	1004	0.541814
5978	2243	0.535913
5978	23	0.527798
5978	737	0.506414
5978	1632	0.504623
5978	2835	0.482438
5978	373	0.481659
5979	3416	0.937238
5979	3415	0.761479
5979	1076	0.733555
5979	3133	0.710921
5979	1252	0.665789
5979	3435	0.618887
5979	930	0.583968
5979	2066	0.553649
5979	942	0.537171
5979	3629	0.532602
5980	596	0.700919
5980	755	0.622531
5980	1029	0.588263
5980	2096	0.578961
5980	1282	0.564257
5980	1022	0.542159
5980	1301	0.531192
5980	1230	0.459041
5980	588	0.447333
5980	595	0.442353
5981	2989	0.676246
5981	3635	0.583727
5981	2353	0.583502
5981	2115	0.558252
5981	1129	0.471824
5981	1571	0.456715
5981	231	0.456007
5981	3639	0.451696
5981	3256	0.446792
5981	2640	0.444662
5982	593	1.008959
5982	1214	0.985060
5982	1196	0.932057
5982	1200	0.913587
5982	541	0.903416
5982	318	0.864715
5982	1	0.858381
5982	527	0.836850
5982	260	0.836255
5982	1291	0.738112
5984	924	2.109518
5984	589	1.961335
5984	1584	1.754706
5984	3703	1.707235
5984	2529	1.626694
5984	1198	1.469974
5984	1253	1.371335
5984	3702	1.321121
5984	29	1.278063
5984	1036	1.244298
5985	924	0.437264
5985	205	0.435275
5985	722	0.421999
5985	2396	0.402952
5985	3232	0.392037
5985	1988	0.374574
5985	3823	0.371991
5985	2598	0.365655
5985	2599	0.364316
5985	1240	0.361453
5986	17	1.117556
5986	1247	1.116983
5986	899	1.008749
5986	1094	0.949610
5986	3097	0.946877
5986	1674	0.913713
5986	2067	0.908994
5986	1235	0.812243
5986	936	0.790887
5986	1944	0.779355
5987	440	1.006111
5987	11	0.940057
5987	2108	0.884937
5987	2671	0.870518
5987	1641	0.859893
5987	2424	0.843455
5987	3253	0.816320
5987	1777	0.768341
5987	2321	0.745329
5987	52	0.742141
5988	11	1.248971
5988	1777	1.217684
5988	1042	1.172705
5988	357	1.166126
5988	2302	1.150314
5988	1923	1.097137
5988	1883	1.063762
5988	1517	1.053135
5988	39	0.989325
5988	52	0.986399
5989	653	1.291000
5989	2005	1.156619
5989	2086	1.152814
5989	1702	1.146835
5989	2021	0.983284
5989	2143	0.959094
5989	2054	0.957437
5989	1009	0.840890
5989	673	0.758638
5989	2193	0.727438
5990	3005	1.564213
5990	223	1.440362
5990	2770	1.434499
5990	2572	1.315535
5990	2541	1.155882
5990	2433	1.125940
5990	2699	1.086643
5990	2858	1.033018
5990	2827	1.017076
5990	2771	0.910492
5991	2797	0.818936
5991	1079	0.797512
5991	2	0.794866
5991	367	0.786130
5991	2005	0.748606
5991	783	0.733211
5991	898	0.729549
5991	1394	0.717504
5991	3489	0.700558
5991	616	0.646702
5992	3578	0.772090
5992	2706	0.746293
5992	3510	0.741978
5992	1911	0.679818
5992	3005	0.672104
5992	3753	0.658045
5992	2762	0.651085
5992	2683	0.630055
5992	2770	0.612889
5992	3484	0.612230
5993	1252	1.329592
5993	1267	1.124251
5993	922	1.057087
5993	1284	0.997928
5993	3435	0.890574
5993	1617	0.888826
5993	913	0.883081
5993	924	0.837914
5993	910	0.815842
5993	750	0.796345
5994	2115	1.482074
5994	480	1.170597
5994	1356	1.087804
5994	1580	1.052185
5994	3256	1.024296
5994	2640	1.017273
5994	380	0.999893
5994	1374	0.984757
5994	10	0.958892
5994	1370	0.947102
5995	2683	1.099070
5995	3408	1.094101
5995	3623	0.990298
5995	3755	0.919354
5995	3753	0.910444
5995	2997	0.864071
5995	3752	0.859799
5995	3624	0.846715
5995	3555	0.829619
5995	3005	0.826789
5996	3881	0.784627
5996	460	0.723410
5996	2286	0.698986
5996	516	0.675138
5996	2478	0.651539
5996	3387	0.635563
5996	3688	0.583810
5996	2473	0.580603
5996	429	0.571602
5996	710	0.569175
5997	2916	2.220972
5997	1376	1.799237
5997	1584	1.701137
5997	2640	1.581245
5997	3699	1.580215
5997	1748	1.433361
5997	1396	1.424596
5997	1372	1.375947
5997	2968	1.357911
5997	1127	1.332249
5998	1650	0.881031
5998	1271	0.789519
5998	1672	0.620330
5998	454	0.569315
5998	1682	0.566211
5998	1660	0.520459
5998	1680	0.508956
5998	1268	0.508699
5998	1343	0.506379
5998	1810	0.485359
6000	1864	1.477429
6000	3268	1.265442
6000	88	1.239485
6000	1474	1.232957
6000	2036	1.082238
6000	2835	1.081391
6000	473	1.061494
6000	2152	1.048787
6000	54	1.037909
6000	460	0.980463
6001	2571	0.809369
6001	1610	0.758684
6001	1343	0.717728
6001	2028	0.714603
6001	3256	0.702595
6001	1240	0.691346
6001	110	0.661719
6001	593	0.626649
6001	2916	0.614496
6001	2762	0.568415
6002	3135	1.453405
6002	3194	1.077634
6002	1082	1.059750
6002	3200	0.825800
6002	1964	0.819108
6002	1954	0.788979
6002	2522	0.615612
6002	2520	0.608913
6002	3506	0.602172
6002	3420	0.591210
6003	2407	0.839442
6003	2145	0.832197
6003	3087	0.734701
6003	1663	0.701398
6003	2247	0.689771
6003	3552	0.683262
6003	1135	0.663329
6003	2108	0.639590
6003	2081	0.630340
6003	52	0.587192
6004	3479	1.929003
6004	1073	1.862421
6004	2797	1.477623
6004	2453	1.455132
6004	2872	1.448432
6004	2100	1.343572
6004	2138	1.234782
6004	367	1.082046
6004	2	1.064908
6004	653	1.047621
6005	1977	1.855701
6005	606	1.821374
6005	1971	1.727142
6005	1995	1.660390
6005	2004	1.633317
6005	2513	1.544218
6005	2451	1.482018
6005	1985	1.449973
6005	2389	1.420799
6005	1978	1.416551
6006	783	2.418616
6006	2294	1.831888
6006	2089	1.730420
6006	2018	1.700985
6006	2081	1.686161
6006	1029	1.619755
6006	616	1.600342
6006	661	1.586451
6006	2087	1.576489
6006	594	1.523137
6007	1552	1.302768
6007	849	1.164401
6007	1833	1.151040
6007	533	1.091743
6007	153	1.071131
6007	208	1.010089
6007	1499	0.995805
6007	1432	0.993470
6007	2616	0.991959
6007	736	0.986569
6008	1198	2.476653
6008	457	2.158619
6008	589	2.061261
6008	1210	2.014871
6008	1214	1.914190
6008	1387	1.800472
6008	2947	1.576463
6008	1954	1.289217
6008	1242	1.271523
6008	2194	1.230416
6009	3256	1.212658
6009	1573	1.100680
6009	2353	1.063600
6009	832	0.960340
6009	589	0.840023
6009	733	0.805612
6009	110	0.760765
6009	2916	0.759949
6009	474	0.733790
6009	1343	0.687720
6010	3681	2.684265
6010	1378	2.039230
6010	1379	2.004657
6010	416	1.969534
6010	1201	1.807028
6010	458	1.693982
6010	3487	1.649105
6010	3682	1.568118
6010	3365	1.565852
6010	1209	1.556924
6011	3552	0.788662
6011	2797	0.673971
6011	1663	0.661359
6011	2174	0.586167
6011	2918	0.585899
6011	3210	0.573205
6011	2145	0.568957
6011	2100	0.557143
6011	1968	0.521768
6011	3363	0.502259
6013	1035	2.283364
6013	2081	1.765069
6013	594	1.757510
6013	1951	1.648682
6013	918	1.606410
6013	1029	1.565829
6013	2096	1.470162
6013	3549	1.466357
6013	588	1.466208
6013	1282	1.444967
6014	2565	3.075136
6014	1022	2.718740
6014	595	2.249958
6014	2096	2.159251
6014	1028	2.142148
6014	3675	1.754450
6014	2081	1.740601
6014	1951	1.714708
6014	364	1.540112
6014	2078	1.536896
6015	2918	1.120026
6015	1394	1.105738
6015	1079	0.975856
6015	1	0.898416
6015	1188	0.820591
6015	3671	0.798287
6015	1968	0.786823
6015	3039	0.776034
6015	3210	0.768388
6015	1288	0.757038
6016	539	1.240864
6016	1409	1.064583
6016	1569	1.052777
6016	236	1.019522
6016	2424	1.014990
6016	7	1.004249
6016	597	0.929276
6016	1477	0.851108
6016	708	0.809943
6016	105	0.790969
6017	3310	0.850864
6017	3416	0.538820
6017	1076	0.517386
6017	1867	0.498273
6017	2571	0.488557
6017	457	0.458620
6017	2688	0.446029
6017	3334	0.436015
6017	3307	0.433798
6017	1382	0.420726
6018	2571	1.407604
6018	1214	1.394231
6018	1240	1.369045
6018	1270	1.289356
6018	1374	1.235616
6018	1196	1.199428
6018	260	1.167671
6018	1748	1.113341
6018	2529	1.080777
6018	2140	1.047933
6019	329	1.475255
6019	3697	1.269683
6019	1876	1.235892
6019	2094	1.223571
6019	780	1.181772
6019	208	1.155264
6019	2393	1.021877
6019	786	1.008681
6019	1676	0.927321
6019	95	0.874380
6020	1240	1.545600
6020	1198	1.466205
6020	1200	1.422659
6020	1291	1.226297
6020	1036	1.194192
6020	589	1.189197
6020	2949	1.123107
6020	260	1.104387
6020	1201	1.017278
6020	1242	0.997619
6021	2918	1.924885
6021	3039	1.820733
6021	2915	1.802975
6021	3552	1.493917
6021	1307	1.438811
6021	1270	1.430340
6021	1394	1.250265
6021	2100	1.089891
6021	3072	1.057910
6021	2144	1.040834
6022	2918	1.695392
6022	1270	1.647790
6022	1197	1.347003
6022	1307	1.326022
6022	1968	1.177830
6022	1198	1.168997
6022	2174	1.047754
6022	2791	1.039637
6022	1196	1.030841
6022	2000	0.979482
6023	1867	1.296045
6023	1556	1.184224
6023	71	1.167041
6023	1729	0.984071
6023	1466	0.974895
6023	2835	0.954649
6023	2391	0.942690
6023	2412	0.936896
6023	1606	0.935018
6023	608	0.928156
6024	1573	1.725816
6024	1527	1.671660
6024	349	1.543553
6024	2916	1.450319
6024	1372	1.445477
6024	1580	1.406290
6024	329	1.210923
6024	3256	1.160817
6024	1876	1.128348
6024	1676	1.107847
6025	1777	0.683160
6025	339	0.665175
6025	231	0.660265
6025	1517	0.657402
6025	500	0.636949
6025	372	0.596176
6025	3253	0.595553
6025	1485	0.591861
6025	2706	0.558827
6025	3247	0.498220
6026	1320	1.402925
6026	196	1.252317
6026	1831	1.083754
6026	2393	1.037427
6026	1690	0.971231
6026	329	0.970624
6026	608	0.962786
6026	1371	0.956926
6026	1373	0.944851
6026	2105	0.940838
6027	589	1.828311
6027	3256	1.639580
6027	733	1.613742
6027	1527	1.581234
6027	480	1.509703
6027	780	1.355148
6027	2058	1.316364
6027	474	1.264229
6027	316	1.160803
6027	349	1.158882
6028	2947	2.177153
6028	457	2.002209
6028	589	1.830564
6028	2194	1.752862
6028	1387	1.617471
6028	1210	1.582718
6028	1196	1.529043
6028	1198	1.518228
6028	1222	1.459835
6028	2028	1.354144
6029	3039	0.567648
6029	1947	0.552527
6029	2565	0.544315
6029	3061	0.540092
6029	2000	0.535865
6029	3604	0.533816
6029	918	0.531619
6029	2518	0.527764
6029	2245	0.527166
6029	3235	0.516360
6030	1967	1.689087
6030	2161	1.518719
6030	2005	1.398166
6030	2143	1.387179
6030	160	1.316081
6030	173	1.274241
6030	2100	1.166703
6030	367	1.102540
6030	2549	1.099515
6030	435	1.076831
6031	2918	1.015143
6031	1197	0.853004
6031	1196	0.829284
6031	1240	0.769928
6031	1198	0.704924
6031	260	0.685427
6031	2797	0.682357
6031	1259	0.617346
6031	3361	0.568624
6031	1200	0.564681
6032	1997	1.710666
6032	2644	1.451502
6032	1258	1.414104
6032	3018	1.198844
6032	1340	1.197806
6032	3727	1.035381
6032	2784	1.010493
6032	1278	0.895046
6032	260	0.870523
6032	1198	0.852575
6033	1610	1.742788
6033	1291	1.729206
6033	1036	1.617972
6033	1954	1.444683
6033	1240	1.439115
6033	1201	1.387672
6033	2948	1.341624
6033	1287	1.311547
6033	1242	1.181548
6033	474	1.172911
6035	1474	2.259289
6035	867	1.665799
6035	2027	1.574796
6035	1445	1.570521
6035	1707	1.479709
6035	2798	1.437465
6035	325	1.392249
6035	575	1.315035
6035	2799	1.280994
6035	881	1.131876
6036	1373	1.885137
6036	435	1.810556
6036	1779	1.616242
6036	1591	1.610279
6036	2549	1.517688
6036	2808	1.507188
6036	1037	1.482880
6036	519	1.482304
6036	1831	1.462361
6036	196	1.417305
6037	1214	1.867076
6037	1196	1.757565
6037	1206	1.726478
6037	1240	1.640653
6037	924	1.429826
6037	1270	1.381753
6037	2571	1.376319
6037	2664	1.283428
6037	1199	1.273596
6037	3703	1.183020
6039	1252	1.635772
6039	931	1.347248
6039	1269	1.102636
6039	2467	1.089024
6039	3738	0.983109
6039	2186	0.969882
6039	800	0.861840
6039	3435	0.811326
6039	1267	0.810788
6039	2749	0.804325
6040	1240	0.689039
6040	1214	0.673847
6040	1219	0.548570
6040	914	0.544202
6040	1206	0.497056
6040	32	0.496546
6040	1278	0.492982
6040	1036	0.477293
6040	1387	0.465912
6040	1097	0.460462
