1	34	6.826454
1	588	5.684531
1	1	5.537350
1	1094	5.495261
1	1265	5.327083
1	2396	5.321472
1	2018	5.226418
1	1022	5.156253
1	2078	5.142850
1	1282	5.108889
2	1527	7.954133
2	1573	7.823789
2	1876	7.470320
2	2393	6.964650
2	1356	6.854092
2	2916	6.790852
2	1917	6.790333
2	2985	6.664738
2	1909	6.525122
2	3256	6.511461
3	2628	4.472374
3	1073	4.376468
3	260	4.294775
3	2987	4.151789
3	2762	4.051714
3	590	3.975790
3	364	3.965241
3	2028	3.964833
3	2916	3.937683
3	527	3.816408
5	1584	7.419978
5	1653	6.881877
5	1271	6.576416
5	32	6.559982
5	161	6.436200
5	39	6.408748
5	1393	6.274687
5	2706	6.245439
5	151	6.230581
5	45	6.192597
6	1088	7.076119
6	899	6.711791
6	1294	6.177169
6	916	5.994184
6	920	5.979251
6	2746	5.913978
6	945	5.880941
6	1230	5.866215
6	1081	5.862218
6	2067	5.851320
7	1580	5.426061
7	1573	5.411558
7	1527	5.280825
7	1370	5.253936
7	2628	5.048415
7	3256	5.002873
7	1356	4.927633
7	1921	4.861127
7	1240	4.849317
7	1584	4.779829
8	1608	6.530520
8	380	6.260528
8	3155	5.788009
8	1722	5.729290
8	802	5.636749
8	1597	5.622119
8	353	5.550625
8	733	5.504270
8	2316	5.409160
8	364	5.398361
9	1883	6.590106
9	1393	6.417650
9	1784	5.914804
9	3148	5.886231
9	2321	5.820079
9	3176	5.771490
9	1271	5.724512
9	588	5.701778
9	1732	5.680118
9	1580	5.666532
10	260	5.333034
10	1197	5.137697
10	1307	4.933237
10	912	4.925866
10	919	4.909668
10	1394	4.881638
10	1097	4.820482
10	2804	4.759445
10	1259	4.741332
10	1231	4.674406
11	500	6.229666
11	1513	6.060876
11	2369	6.000537
11	2424	5.945304
11	1569	5.785086
11	852	5.721273
11	367	5.705515
11	2395	5.569433
11	2335	5.369697
11	1126	5.359078
13	2628	6.146140
13	480	5.199341
13	349	5.171073
13	2193	5.112735
13	1073	5.063572
13	2916	5.053663
13	3173	5.047574
13	1101	4.961907
13	3489	4.909539
13	653	4.900629
15	2699	6.018665
15	1917	6.011230
15	1580	5.977703
15	3354	5.884245
15	3257	5.883217
15	2490	5.840234
15	1722	5.832009
15	2541	5.744110
15	736	5.723930
15	1573	5.709034
16	2716	6.784736
16	2581	6.753787
16	2336	6.329877
16	2598	6.244938
16	2433	6.200625
16	2881	6.190989
16	2688	6.177916
16	2490	6.143746
16	2723	6.124881
16	2580	5.958574
17	2167	6.312750
17	3704	5.925010
17	1717	5.876359
17	2617	5.676087
17	2528	5.647829
17	2916	5.624128
17	1407	5.620021
17	253	5.584267
17	329	5.520105
17	1876	5.341062
18	588	7.607222
18	357	6.905349
18	2321	6.799991
18	1265	6.581543
18	1641	6.546949
18	3253	6.355718
18	1883	6.294203
18	34	6.291279
18	3060	6.243115
18	39	6.119485
19	968	6.053223
19	2716	5.932887
19	2288	5.499968
19	2710	5.362074
19	2532	5.313550
19	1387	5.236830
19	3635	5.185080
19	1388	5.168775
19	3671	5.159292
19	2901	4.923404
22	2470	6.332401
22	2406	5.766755
22	3623	5.763875
22	2115	5.599576
22	3753	5.524361
22	2105	5.517657
22	2628	5.376680
22	1101	5.368308
22	3510	5.258776
22	2194	5.185729
23	2872	5.487211
23	2406	5.477848
23	2628	5.111829
23	2193	5.107550
23	1220	5.016267
23	2105	4.972346
23	2194	4.865629
23	2858	4.812775
23	1036	4.811800
23	1198	4.724144
24	912	4.246662
24	1214	4.219806
24	2858	4.216893
24	1097	4.204106
24	3471	4.202303
24	969	4.072090
24	34	4.030578
24	1225	4.000015
24	1210	3.967118
24	2762	3.950732
25	2628	6.354310
25	480	6.066807
25	2105	5.720420
25	316	5.700277
25	2021	5.687403
25	1371	5.529233
25	2193	5.486866
25	1037	5.460119
25	434	5.459244
25	1580	5.457672
26	3418	6.097153
26	377	5.617402
26	457	5.448557
26	588	5.443566
26	2916	5.418365
26	32	5.411556
26	62	5.241132
26	21	5.228791
26	364	5.226659
26	1584	5.217896
27	2797	5.475826
27	1207	5.437553
27	1307	5.093565
27	1225	5.084710
27	1084	5.055561
27	1299	5.001437
27	1220	4.882046
27	2406	4.746299
27	1262	4.684126
27	1380	4.644576
28	2571	5.400381
28	1240	5.162367
28	34	5.138876
28	1617	5.134961
28	32	5.121601
28	3418	5.095886
28	608	5.070056
28	457	4.902808
28	1374	4.876750
28	589	4.819443
29	2916	6.642778
29	2617	6.524288
29	589	6.523917
29	1527	6.479203
29	1407	6.320204
29	2640	6.136051
29	2628	6.098401
29	2985	5.983094
29	1385	5.858659
29	1610	5.852451
30	551	5.249765
30	1265	5.224828
30	2291	4.989940
30	2791	4.968612
30	1259	4.935395
30	1673	4.839618
30	2000	4.794595
30	3418	4.704175
30	110	4.648527
30	3526	4.622445
31	2146	6.093985
31	2746	5.515165
31	1380	5.453089
31	3751	5.450579
31	162	5.422111
31	3524	5.422029
31	1088	5.374954
31	3897	5.327275
31	3424	5.226057
31	3949	5.158645
32	1265	5.449394
32	34	4.970118
32	1	4.672862
32	1784	4.473223
32	2997	4.191137
32	356	4.122609
32	1682	4.091434
32	1393	4.080717
32	2858	4.076602
32	588	4.074915
33	1912	6.241857
33	2819	5.801664
33	457	5.733529
33	1269	5.725694
33	3386	5.448172
33	377	5.415877
33	3418	5.385146
33	3006	5.340233
33	1719	5.287984
33	266	5.228613
34	539	7.025584
34	1777	6.953776
34	597	6.547335
34	587	6.450052
34	440	5.771388
34	852	5.713197
34	11	5.551361
34	1711	5.527599
34	2369	5.491353
34	736	5.406146
35	1307	5.241304
35	1265	4.775513
35	17	4.616937
35	2396	4.616331
35	1947	4.409793
35	1380	4.352049
35	2716	4.337860
35	356	4.326928
35	597	4.227918
35	539	4.203061
36	2396	5.156125
36	1	5.028402
36	3114	4.977323
36	2987	4.950809
36	1136	4.575946
36	3471	4.547804
36	34	4.531453
36	32	4.497306
36	2762	4.450137
36	527	4.394072
37	2424	5.721048
37	539	5.405054
37	339	5.194041
37	1777	5.192690
37	587	5.015043
37	17	4.925295
37	597	4.846522
37	367	4.756861
37	2396	4.705934
37	380	4.655701
38	454	4.773608
38	595	4.258389
38	1092	4.144958
38	3751	4.122901
38	587	4.105328
38	594	4.061152
38	3114	3.946962
38	2080	3.929106
38	3512	3.918900
38	3745	3.836134
39	2490	5.879432
39	1513	5.748124
39	2683	5.737584
39	2881	5.474354
39	2688	5.464584
39	2598	5.263995
39	3219	5.228427
39	3053	5.062417
39	2716	5.046588
39	2605	5.032317
40	920	8.126658
40	912	6.500918
40	2406	6.426182
40	1947	6.267440
40	1944	6.172076
40	1204	6.018667
40	2067	5.953394
40	1201	5.946497
40	246	5.857072
40	913	5.853195
42	2918	5.522512
42	3552	5.496503
42	2797	5.396579
42	3072	5.183710
42	3210	5.003724
42	1674	4.986633
42	2243	4.952107
42	1270	4.902806
42	3543	4.760716
42	3039	4.760558
44	1101	7.624902
44	353	6.199534
44	1088	6.094665
44	1608	5.912000
44	3107	5.836596
44	292	5.811649
44	1081	5.651611
44	10	5.450846
44	3155	5.394575
44	2167	5.071593
45	2717	7.281882
45	1441	7.140586
45	2369	6.738903
45	3146	6.605295
45	3752	6.579776
45	3264	6.520599
45	1021	6.511488
45	2134	6.378253
45	2469	6.311050
45	2335	6.169696
46	1321	6.551627
46	2366	6.491831
46	2513	6.462625
46	1345	6.429250
46	1983	6.355438
46	1225	6.315265
46	2288	6.030398
46	968	6.002497
46	2455	5.890015
46	1991	5.860312
48	2716	6.137084
48	1307	6.066742
48	1513	5.988920
48	2100	5.693205
48	3174	5.448865
48	3552	5.318359
48	1961	5.290192
48	3157	5.286288
48	785	5.267745
48	2598	5.262206
49	1608	6.512040
49	1573	6.508721
49	2628	6.242744
49	292	6.047094
49	648	5.949599
49	1917	5.943982
49	1527	5.794045
49	1552	5.660694
49	1356	5.565153
49	1876	5.486724
50	3745	5.719223
50	3744	5.711397
50	2105	5.708183
50	2011	5.703028
50	3793	5.700474
50	1275	5.456564
50	3555	5.425148
50	3753	5.361911
50	3863	5.314621
50	2628	5.304628
51	3526	5.419831
51	1663	5.321801
51	3751	5.308563
51	1028	5.205042
51	3552	5.071160
51	3949	5.001271
51	3861	4.946621
51	2243	4.849773
51	608	4.804455
51	1307	4.797530
52	1917	7.602056
52	1573	7.261310
52	1544	7.120280
52	1391	7.115714
52	1527	7.089414
52	316	7.048168
52	1372	6.551542
52	95	6.480982
52	648	6.400811
52	786	6.272120
53	3617	6.636851
53	653	6.357908
53	2628	6.173975
53	3249	5.995183
53	3623	5.849053
53	3753	5.767410
53	2406	5.674437
53	2763	5.608072
53	3173	5.571881
53	3354	5.527429
54	750	5.973506
54	3671	5.886701
54	1212	5.728218
54	1136	5.715521
54	1307	5.564830
54	1294	5.475656
54	745	5.470336
54	1077	5.431392
54	1080	5.384245
54	1199	5.381733
56	2321	5.733042
56	588	5.608467
56	1	5.269025
56	1393	5.248612
56	1265	5.168674
56	1784	5.022733
56	32	4.986246
56	1580	4.956969
56	1584	4.948098
56	1883	4.860855
57	2105	6.727782
57	2421	6.719422
57	2193	6.392648
57	2021	6.270474
57	2054	6.098962
57	2628	5.946297
57	3861	5.903408
57	1291	5.802030
57	2450	5.641578
57	153	5.588839
58	196	7.304634
58	1391	6.982066
58	1373	6.917428
58	185	6.882211
58	3697	6.811414
58	1544	6.624225
58	1590	6.425907
58	3638	6.420777
58	2826	6.164398
58	1690	6.036877
59	912	7.121211
59	1263	6.722020
59	913	6.562119
59	260	6.554029
59	1221	6.415097
59	3471	6.294588
59	1299	6.236179
59	527	6.229326
59	1252	6.226565
59	1207	6.208811
60	337	6.566803
60	3255	6.460778
60	357	6.413372
60	3253	6.302012
60	597	6.270081
60	1777	6.264199
60	2108	6.204274
60	1923	6.176675
60	1883	6.136822
60	539	6.005206
61	3893	5.648707
61	3911	5.625856
61	3863	5.553701
61	3745	5.553176
61	3793	5.431628
61	3510	5.243627
61	3618	5.179061
61	2001	4.886639
61	3535	4.856116
61	1101	4.826983
62	1230	6.604000
62	1276	6.389819
62	912	6.218303
62	1225	6.209232
62	903	6.171886
62	919	6.147843
62	920	6.117701
62	1207	6.056025
62	2366	6.042810
62	1267	6.033905
63	32	5.905582
63	3176	5.711341
63	1625	5.605454
63	3354	5.578322
63	1584	5.438245
63	1206	5.375847
63	1653	5.279607
63	2571	5.219545
63	1580	5.214690
63	1732	5.180120
65	2797	6.408435
65	1097	5.577624
65	3489	5.537087
65	1663	5.513065
65	3479	5.277667
65	2174	5.203894
65	2100	5.103709
65	1073	5.077482
65	1967	5.067696
65	19	5.021228
67	913	6.466738
67	1269	6.100761
67	3471	5.788719
67	1214	5.694752
67	1947	5.553603
67	1201	5.491136
67	953	5.300898
67	1954	5.221205
67	1207	5.204552
67	903	5.152675
68	34	5.636436
68	2716	4.802945
68	2997	4.748067
68	1784	4.652133
68	1	4.614775
68	2384	4.577300
68	1060	4.491161
68	3114	4.435104
68	2395	4.362484
68	3253	4.330715
69	1580	7.496387
69	21	7.132733
69	1573	7.067693
69	1921	6.954355
69	1527	6.874970
69	1608	6.592818
69	3252	6.592481
69	3386	6.467447
69	2291	6.464872
69	377	6.411627
70	2683	5.413466
70	2723	5.331114
70	2013	5.269713
70	2805	5.159344
70	2598	5.136991
70	2881	5.115146
70	2581	5.092132
70	2336	4.981500
70	2710	4.933574
70	3219	4.919658
72	1265	6.202126
72	1500	5.537917
72	293	5.157522
72	104	5.118259
72	3253	5.095968
72	1517	5.022040
72	1883	4.931268
72	1732	4.899530
72	1777	4.790915
72	2599	4.769741
73	1663	6.445532
73	19	5.894604
73	1307	5.751153
73	2746	5.583449
73	3210	5.309063
73	2375	5.298600
73	1961	5.232418
73	2797	5.187284
73	2100	5.170142
73	2478	5.141549
74	32	5.718482
74	1584	5.284816
74	1374	5.148905
74	3160	5.112993
74	110	5.072405
74	2571	5.037132
74	480	4.965909
74	2396	4.928975
74	3418	4.878894
74	150	4.860917
75	2355	4.967313
75	2716	4.658230
75	2699	4.517502
75	2710	4.511927
75	2997	4.407397
75	3408	4.325946
75	1	4.262761
75	34	4.257985
75	3114	4.225210
75	3160	4.180314
76	380	5.401191
76	1580	5.285839
76	1370	5.237464
76	736	5.194226
76	1645	5.183711
76	1805	5.074727
76	2706	4.907803
76	3176	4.891904
76	587	4.860981
76	3408	4.857029
77	2580	5.670094
77	2490	5.415902
77	2706	5.335565
77	3113	5.332877
77	2683	5.325963
77	2699	5.234441
77	223	5.203148
77	3219	5.151451
77	2722	5.140768
77	2716	5.116315
78	3255	7.014106
78	39	6.826580
78	1747	6.765852
78	1265	6.721320
78	223	6.705532
78	3174	6.580597
78	1777	6.537901
78	1883	6.494397
78	3108	6.451687
78	1784	6.411786
79	1249	5.636219
79	608	5.298008
79	1089	5.274568
79	3745	5.230610
79	2571	5.227193
79	1213	5.223498
79	3751	5.176367
79	3481	5.167080
79	3863	5.087896
79	1240	5.083010
80	588	5.413635
80	357	5.226340
80	17	5.080772
80	1784	5.028862
80	3253	4.992272
80	2396	4.933502
80	3252	4.888183
80	1393	4.822400
80	34	4.812574
80	1357	4.755567
81	1304	5.598424
81	904	5.590910
81	903	5.516523
81	919	5.434071
81	1276	5.401384
81	3435	5.397456
81	260	5.379404
81	1230	5.326317
81	1953	5.324784
81	1207	5.280602
82	1608	6.252484
82	1573	6.073563
82	1805	5.625347
82	454	5.610517
82	380	5.551207
82	3623	5.531825
82	648	5.506325
82	1597	5.377396
82	2763	5.313213
82	1356	5.253665
83	2406	6.127846
83	3489	5.841465
83	1220	5.820436
83	2470	5.777243
83	1291	5.519342
83	2115	5.317672
83	2174	5.009461
83	1198	4.932426
83	2028	4.901872
83	260	4.845302
84	589	5.163410
84	2916	4.629452
84	1580	4.615599
84	2858	4.596916
84	1374	4.415734
84	3160	4.345994
84	1036	4.321535
84	32	4.319797
84	3702	4.265707
84	2640	4.246432
85	1198	5.034244
85	1291	5.018390
85	3861	4.929799
85	3745	4.861865
85	260	4.681493
85	3481	4.608143
85	318	4.544694
85	2054	4.513506
85	1249	4.485334
85	3753	4.459011
86	1073	5.945840
86	2702	5.542718
86	2968	5.387336
86	2987	5.305753
86	1947	5.216307
86	317	5.119478
86	3479	5.069444
86	527	5.024709
86	2005	5.018693
86	260	4.946478
87	589	7.211543
87	3702	7.026871
87	480	6.789240
87	2194	6.763464
87	474	6.725037
87	1580	6.700268
87	1610	6.676741
87	2571	6.659853
87	2916	6.561826
87	457	6.530208
88	1276	5.573184
88	1387	5.532636
88	1197	5.526944
88	912	5.525372
88	750	5.436153
88	260	5.388171
88	1270	5.359852
88	1221	5.268868
88	1304	5.220538
88	1097	5.144839
90	3535	5.948737
90	2000	5.948301
90	2001	5.550556
90	2194	5.455815
90	2858	5.190731
90	1222	4.948868
90	3763	4.922585
90	2826	4.906131
90	1215	4.838662
90	2918	4.794516
91	1265	5.822321
91	2716	5.701514
91	1	5.591948
91	2355	5.556100
91	1270	5.270639
91	34	5.200679
91	1077	5.153020
91	3361	4.995052
91	1288	4.939114
91	2321	4.934030
92	1573	6.762496
92	2628	6.432959
92	1580	6.192214
92	1527	6.150833
92	648	6.137204
92	2916	6.113793
92	1552	5.941425
92	1370	5.938635
92	733	5.900094
92	480	5.840885
93	1562	7.272618
93	2722	7.237150
93	2428	6.994297
93	3113	6.975638
93	3005	6.631580
93	1037	6.631047
93	2881	6.512874
93	1831	6.503428
93	2713	6.484910
93	2490	6.451965
95	1673	5.756920
95	110	5.411803
95	1580	5.372899
95	2571	5.156338
95	480	5.129108
95	296	4.971671
95	150	4.935749
95	32	4.884476
95	2000	4.879931
95	457	4.847502
96	377	5.876247
96	1721	5.542845
96	3176	5.200862
96	1777	5.110528
96	2396	5.054619
96	3386	4.900215
96	539	4.890995
96	1183	4.785224
96	1682	4.757082
96	457	4.755139
97	912	7.914631
97	919	7.363035
97	1947	7.208402
97	1204	7.146451
97	750	7.138982
97	260	7.019505
97	920	6.977211
97	3471	6.902037
97	1272	6.847849
97	1230	6.845414
99	34	4.042153
99	296	3.955338
99	260	3.952596
99	3114	3.771412
99	593	3.733117
99	608	3.724843
99	1073	3.710109
99	1240	3.682653
99	1	3.670891
99	3751	3.657099
100	1391	7.611611
100	1917	7.451982
100	2094	7.301553
100	316	7.129862
100	3697	6.508974
100	434	6.506108
100	1690	6.474891
100	1676	6.395391
100	2699	6.373514
100	329	6.369138
101	1917	7.059055
101	2490	6.916330
101	2126	6.686139
101	3113	6.527606
101	3623	6.521645
101	1037	6.467892
101	2002	6.408183
101	3354	6.375380
101	2701	6.356296
101	1391	6.319707
102	1201	6.305480
102	903	5.932981
102	904	5.908667
102	1304	5.613100
102	1214	5.490775
102	1206	5.434228
102	1953	5.426754
102	919	5.388264
102	3471	5.374223
102	260	5.351132
103	1544	7.063558
103	1391	6.884743
103	1690	6.830153
103	2808	6.691189
103	316	6.583070
103	1377	6.557138
103	185	6.483408
103	1372	6.417544
103	2986	6.407009
103	160	6.390481
104	2683	5.561222
104	1513	5.434927
104	2805	5.323984
104	2598	5.081983
104	2581	5.049752
104	3081	5.000485
104	2706	4.952596
104	2490	4.940573
104	3623	4.938897
104	2694	4.901578
105	2571	6.091407
105	589	6.049710
105	3702	5.539078
105	1240	5.538926
105	32	5.392855
105	1222	5.381423
105	2194	5.369537
105	2858	5.332896
105	1617	5.275936
105	110	5.236587
106	1265	5.425333
106	1294	5.328053
106	3543	5.243016
106	588	5.052818
106	2355	5.027413
106	17	5.003408
106	2396	4.928953
106	1183	4.915853
106	2716	4.778740
106	356	4.609418
107	1214	5.662104
107	1206	5.512955
107	1997	5.479362
107	903	5.322976
107	1269	5.168455
107	1345	5.147082
107	3471	5.135638
107	2366	5.075099
107	1304	5.039009
107	904	5.032890
108	589	6.191017
108	2640	6.039732
108	1584	5.799083
108	1580	5.622629
108	110	5.573474
108	1965	5.542111
108	2628	5.501727
108	2455	5.479178
108	1035	5.433016
108	296	5.409205
109	2797	5.937810
109	2100	5.367258
109	1663	4.690606
109	1674	4.583211
109	2716	4.541218
109	260	4.472126
109	3489	4.454714
109	1220	4.414501
109	2174	4.410974
109	2243	4.316010
110	2628	5.812453
110	1580	5.812219
110	480	5.628626
110	2002	5.366461
110	1544	5.067030
110	2826	5.009451
110	788	4.964463
110	3623	4.942073
110	3450	4.932873
110	70	4.900847
111	1747	6.452056
111	2706	6.240624
111	3255	6.237650
111	1580	6.099121
111	1923	6.048133
111	3408	5.941054
111	21	5.870095
111	2353	5.822639
111	104	5.763565
111	1500	5.727377
112	594	7.325069
112	1022	6.675402
112	919	6.518638
112	2018	6.466183
112	1282	6.453493
112	920	6.107227
112	596	6.049057
112	1204	5.962521
112	899	5.929695
112	1029	5.796640
113	1544	6.762331
113	1391	6.064434
113	1917	6.009522
113	2628	5.974225
113	3697	5.815506
113	3257	5.530893
113	70	5.440723
113	172	5.439955
113	788	5.373019
113	1377	5.321372
114	34	6.430325
114	2087	6.082619
114	1947	5.860631
114	1073	5.834098
114	2384	5.832789
114	2987	5.632831
114	2396	5.629478
114	3114	5.476647
114	2395	5.472987
114	2394	5.383254
115	3624	5.920349
115	589	5.767985
115	3535	5.289855
115	2628	5.234837
115	1580	5.089331
115	1240	5.088857
115	608	5.076933
115	2571	5.076027
115	296	5.012112
115	3863	4.999649
116	593	4.328827
116	296	4.320994
116	318	4.277529
116	260	4.235228
116	1198	4.222102
116	608	4.184545
116	1249	4.124474
116	3481	4.114278
116	3751	4.104547
116	3948	4.060777
117	1225	6.108108
117	1088	5.913542
117	1073	5.881595
117	2746	5.726200
117	1307	5.705402
117	3363	5.691596
117	2797	5.644300
117	1947	5.601386
117	1962	5.507353
117	2174	5.450196
118	1265	6.095836
118	1500	5.843648
118	2355	5.654451
118	1307	5.486453
118	2918	5.464230
118	608	5.454628
118	1968	5.424841
118	2858	5.382685
118	356	5.361345
118	1210	5.297279
119	2294	6.832340
119	2394	6.449408
119	1947	6.408444
119	364	6.164784
119	588	6.059818
119	1688	5.995919
119	2687	5.879482
119	2018	5.803730
119	2384	5.725728
119	2081	5.688812
120	858	5.332007
120	260	5.154701
120	1252	5.131410
120	1387	5.073984
120	1221	5.066667
120	912	4.931709
120	2858	4.823302
120	1267	4.799953
120	1299	4.774677
120	924	4.741341
121	2916	5.133224
121	2571	5.029765
121	589	5.019353
121	1206	4.927538
121	1240	4.908952
121	2528	4.747110
121	1200	4.707324
121	260	4.659809
121	480	4.608227
121	3702	4.601175
122	1391	5.570679
122	2699	5.442330
122	780	5.421467
122	316	5.362813
122	185	5.251152
122	2808	5.236082
122	1603	5.207140
122	1372	5.076379
122	2094	5.076109
122	1320	5.075082
123	3623	5.795716
123	3793	5.315663
123	3745	5.103895
123	3512	5.049019
123	3744	4.958718
123	3617	4.911451
123	3256	4.901358
123	587	4.900632
123	3483	4.887987
123	2470	4.871439
125	589	6.464481
125	1610	6.002844
125	1240	5.945043
125	2028	5.937101
125	1036	5.862671
125	1198	5.737889
125	1210	5.711356
125	457	5.594543
125	1200	5.500797
125	1214	5.457760
126	2716	4.285591
126	2858	4.276472
126	3175	4.272794
126	968	4.202372
126	3471	4.197760
126	1214	4.171168
126	2288	4.124419
126	1073	3.985702
126	2640	3.942410
126	913	3.880964
127	2194	5.337551
127	1222	4.958354
127	1240	4.954946
127	296	4.853784
127	1036	4.741607
127	260	4.699038
127	913	4.683329
127	1214	4.674430
127	1213	4.659165
127	3753	4.650311
129	1198	6.292451
129	2160	6.097574
129	1221	6.084362
129	1240	5.995529
129	1196	5.949170
129	1225	5.708186
129	908	5.674246
129	1954	5.672435
129	2571	5.597904
129	1200	5.582453
130	2916	6.448927
130	1407	6.362915
130	589	6.158776
130	2617	6.017688
130	2455	5.898633
130	2023	5.718680
130	2628	5.655819
130	2194	5.591451
130	1385	5.549740
130	480	5.527849
131	3617	5.891234
131	3555	5.590839
131	593	5.503237
131	318	5.486346
131	1249	5.442088
131	3755	5.357158
131	608	5.283440
131	3948	5.154471
131	50	5.139345
131	2028	5.096191
132	1265	6.383168
132	1500	6.287998
132	1747	6.052284
132	3448	5.858500
132	1517	5.651297
132	3552	5.640768
132	2150	5.402376
132	356	5.381241
132	1307	5.290007
132	3255	5.260959
133	377	5.442215
133	2396	5.328899
133	1721	5.290930
133	1183	5.287404
133	380	5.253935
133	587	5.158508
133	356	5.143726
133	2336	5.123564
133	2686	5.113569
133	337	4.964724
134	1917	6.414953
134	1779	6.404087
134	3697	6.189370
134	1037	5.826769
134	2701	5.814875
134	1831	5.783762
134	1391	5.751910
134	3717	5.743894
134	185	5.743059
134	1544	5.683754
135	3157	5.596801
135	2490	5.438429
135	2702	5.375662
135	2683	5.353672
135	2841	5.250310
135	2013	5.218230
135	317	5.139521
135	2336	5.133757
135	2734	5.033700
135	2706	5.032064
136	2145	5.304222
136	3484	5.013215
136	3263	4.936974
136	2245	4.917377
136	2371	4.801792
136	3534	4.780799
136	500	4.738041
136	3173	4.726377
136	1101	4.722745
136	2469	4.638990
137	3257	6.290910
137	2875	6.035590
137	1608	5.937805
137	454	5.567779
137	587	5.554163
137	1917	5.466053
137	832	5.466044
137	2803	5.444420
137	266	5.441350
137	380	5.407040
138	1240	5.999402
138	1954	5.948163
138	1269	5.816445
138	1953	5.794544
138	858	5.698985
138	903	5.698745
138	1214	5.675389
138	1252	5.671912
138	1617	5.597193
138	908	5.518401
139	1321	6.714112
139	1088	6.675785
139	1962	6.106912
139	3264	5.935411
139	2455	5.686425
139	1333	5.601559
139	3398	5.403623
139	3524	5.286899
139	36	5.187842
139	2746	5.139745
140	904	6.235189
140	1206	6.204203
140	1269	5.976551
140	3471	5.965983
140	1304	5.939434
140	903	5.923830
140	1214	5.825891
140	1266	5.681301
140	3359	5.656951
140	2971	5.654496
142	21	5.535103
142	588	5.500905
142	1641	5.270529
142	34	5.239625
142	3386	5.122956
142	357	5.068763
142	3418	5.058747
142	2291	4.992264
142	2355	4.978525
142	1747	4.943409
143	2706	5.208599
143	1608	5.184045
143	21	5.162563
143	1747	5.105488
143	2353	5.062432
143	3408	5.048392
143	3176	4.885691
143	457	4.870760
143	2291	4.797659
143	16	4.777506
144	1608	4.869902
144	1722	4.828602
144	380	4.798231
144	2916	4.640065
144	2706	4.596690
144	1580	4.571297
144	1573	4.565301
144	733	4.485831
144	2881	4.474874
144	349	4.468334
145	2355	5.780142
145	3174	5.737153
145	2433	5.678478
145	3175	5.667347
145	2712	5.441502
145	2396	5.374742
145	2688	5.194408
145	2706	5.165464
145	2759	4.956188
145	2881	4.952052
146	2716	5.999844
146	3175	5.572825
146	3543	5.416820
146	920	5.170544
146	3516	5.151190
146	3671	4.981209
146	968	4.817606
146	750	4.809682
146	2761	4.741958
146	2858	4.699188
147	1580	4.549179
147	2706	4.365733
147	3623	4.285266
147	3578	4.201844
147	2012	4.031864
147	3176	4.013302
147	2628	3.995079
147	3753	3.953288
147	587	3.952922
147	2858	3.942190
148	2717	7.637881
148	153	7.333701
148	1307	7.191534
148	2253	6.965882
148	2042	6.351839
148	2716	6.350776
148	370	6.274675
148	2431	6.264818
148	19	6.243780
148	3072	6.119121
149	2746	4.691199
149	2003	4.362820
149	2716	4.356097
149	2406	4.228329
149	1101	4.133444
149	2858	4.096289
149	2100	4.076793
149	3534	3.970293
149	1377	3.885570
149	2012	3.835716
150	1269	5.995905
150	1304	5.550349
150	1136	5.502853
150	1276	5.415005
150	1214	5.289284
150	1080	5.281505
150	1230	5.252703
150	1292	5.233502
150	1953	5.137776
150	1212	5.091383
151	260	5.909519
151	1198	5.573144
151	2797	5.481201
151	1259	5.277421
151	1204	5.264510
151	919	5.190036
151	1220	5.004643
151	1291	4.994767
151	2028	4.977297
151	1262	4.962823
154	2396	5.601067
154	2761	5.476591
154	2580	5.421719
154	2688	5.320785
154	3005	5.097156
154	3174	5.064324
154	1127	5.010211
154	2881	4.905920
154	223	4.829012
154	2686	4.824111
155	2797	7.501600
155	3130	7.079758
155	2100	6.920562
155	3448	6.852608
155	2243	6.731938
155	1307	6.731579
155	2794	6.639032
155	1297	6.553103
155	1967	6.510419
155	2915	6.509937
156	1183	5.738146
156	377	5.530853
156	1408	5.101666
156	2396	5.065601
156	1721	5.040221
156	356	4.982714
156	590	4.913484
156	1608	4.665884
156	1	4.650737
156	2987	4.619984
157	913	6.270968
157	1201	6.235247
157	1207	5.866625
157	1307	5.561815
157	1387	5.467648
157	3508	5.461397
157	1276	5.451515
157	1296	5.443921
157	1952	5.306131
157	3037	5.204092
159	3174	5.525675
159	2580	5.338272
159	2706	5.295652
159	2502	5.205662
159	3253	5.193311
159	2395	5.164194
159	2959	5.074097
159	785	5.038254
159	2433	4.996396
159	3175	4.942286
161	1265	5.375503
161	2291	4.745270
161	1784	4.688511
161	21	4.663029
161	1584	4.589055
161	293	4.499749
161	1641	4.438869
161	1580	4.421628
161	1747	4.407384
161	357	4.297728
162	3510	4.717913
162	3948	4.675311
162	3617	4.639856
162	3555	4.610147
162	318	4.601535
162	1291	4.565254
162	3745	4.543024
162	2628	4.523768
162	593	4.521360
162	2105	4.513665
163	2683	6.830143
163	2395	6.381402
163	2694	6.233629
163	2502	6.233409
163	2706	6.044742
163	2805	6.012446
163	3623	5.877342
163	2369	5.820211
163	2770	5.702572
163	2581	5.695689
165	1387	6.718801
165	1304	6.617657
165	750	6.482252
165	1230	6.330187
165	1276	6.251041
165	1206	6.119882
165	1256	6.086394
165	1231	6.056374
165	1197	6.021712
165	1388	6.019909
166	2384	6.871328
166	1073	6.669984
166	1688	6.397039
166	2087	6.269296
166	783	6.254469
166	1013	6.197495
166	2005	6.075498
166	3398	6.039474
166	1962	5.951621
166	2174	5.943827
167	3173	6.108549
167	1101	6.035360
167	2628	5.993862
167	1608	5.348264
167	2406	5.312484
167	3070	5.059221
167	2115	5.033636
167	1967	4.943798
167	3489	4.911646
167	2005	4.830416
169	1225	5.830594
169	2193	5.389132
169	2054	5.315288
169	1019	5.183537
169	2161	5.080182
169	1287	4.928673
169	2174	4.863275
169	1088	4.861496
169	969	4.860073
169	673	4.834604
170	1198	5.401001
170	260	5.323683
170	1221	5.201505
170	1387	5.061983
170	858	4.829601
170	1036	4.828702
170	2872	4.817697
170	2858	4.750827
170	2194	4.742686
170	1954	4.731029
173	1035	6.414224
173	1214	5.761826
173	1269	5.492616
173	3418	5.423990
173	2455	5.253448
173	36	5.216696
173	969	5.211142
173	1097	5.191990
173	32	5.099776
173	1225	5.093916
174	1527	7.685548
174	2916	7.290040
174	1573	7.236038
174	589	6.856202
174	1580	6.566211
174	480	6.544047
174	2628	6.508503
174	349	6.486072
174	1552	6.456092
174	648	6.342325
175	21	5.935443
175	3105	5.770866
175	3100	5.638771
175	3160	5.600270
175	3175	5.539015
175	2353	5.521962
175	3418	5.343883
175	3250	5.247733
175	1407	5.177092
175	377	5.131398
176	2100	7.510123
176	19	7.230699
176	1091	7.058106
176	2478	7.012916
176	2134	6.722439
176	2746	6.651368
176	3263	6.614178
176	2003	6.537093
176	3552	6.150307
176	1307	6.111683
177	589	5.686458
177	2571	5.527767
177	1200	5.433576
177	1214	5.401583
177	1210	5.183895
177	260	5.142462
177	1097	5.130453
177	2028	5.046628
177	1196	5.026947
177	3471	4.984746
178	1947	7.192728
178	899	7.188686
178	920	7.084032
178	916	6.803610
178	1294	6.736430
178	2067	6.523973
178	914	6.429694
178	1230	6.286462
178	919	6.172887
178	3363	6.062206
179	1573	6.597176
179	1676	6.068840
179	1876	6.067109
179	780	5.879786
179	480	5.751542
179	589	5.693335
179	1909	5.690171
179	454	5.581928
179	648	5.524156
179	198	5.500299
180	1265	5.011519
180	2000	5.007912
180	608	4.648663
180	1500	4.563977
180	2291	4.544127
180	1747	4.369898
180	3317	4.349437
180	1580	4.311586
180	1393	4.287051
180	110	4.258972
181	1307	4.642222
181	1084	4.508289
181	260	4.460485
181	919	4.397216
181	1073	4.375035
181	912	4.286692
181	1304	4.160878
181	1225	4.113335
181	3362	4.083056
181	1207	4.069676
182	1500	6.291120
182	1517	6.015549
182	1265	5.961333
182	1923	5.494615
182	3255	5.328503
182	356	5.250453
182	231	5.191884
182	39	5.184478
182	3253	5.159438
182	1883	5.093658
183	2194	4.222204
183	2858	4.150855
183	2406	4.073487
183	1997	4.002186
183	1994	3.978950
183	1219	3.906989
183	3499	3.856073
183	1302	3.836971
183	296	3.773194
183	2746	3.746258
184	595	6.281102
184	1022	6.260701
184	919	6.038146
184	1282	5.896051
184	920	5.855294
184	1947	5.638777
184	899	5.485757
184	1094	5.473603
184	1294	5.472652
184	2987	5.456924
185	1573	7.284668
185	1527	7.134979
185	1876	7.042922
185	1917	7.011395
185	1597	6.542078
185	316	6.416444
185	648	6.406780
185	2881	6.331423
185	1370	6.259454
185	1608	6.249645
186	2490	6.450090
186	2723	6.169103
186	2710	6.045431
186	2683	5.968662
186	3175	5.875529
186	2598	5.864456
186	3053	5.853887
186	2720	5.812106
186	223	5.713876
186	3203	5.638752
187	1747	6.034496
187	587	5.951764
187	539	5.894739
187	11	5.760739
187	377	5.755612
187	1393	5.632939
187	1721	5.473145
187	3386	5.425043
187	356	5.415216
187	597	5.377349
188	2710	5.809868
188	2716	5.801657
188	2683	5.683387
188	2713	5.636520
188	968	5.610489
188	1513	5.541018
188	2719	5.375452
188	3175	5.245031
188	2369	5.238799
188	2581	5.219144
189	3623	4.243167
189	1073	4.148265
189	2797	4.122212
189	2716	4.095108
189	2628	3.981509
189	367	3.966717
189	2054	3.964500
189	1562	3.866918
189	3489	3.860787
189	260	3.840665
190	1259	6.939485
190	551	6.555189
190	608	6.381733
190	1249	6.200837
190	1	6.183827
190	3424	6.063478
190	1965	6.043578
190	34	6.014217
190	2791	5.970176
190	1673	5.904263
191	3489	6.459680
191	1920	5.433387
191	3479	5.389107
191	2054	5.156055
191	2470	5.121439
191	2797	5.061143
191	153	5.050898
191	367	5.037224
191	2005	5.034622
191	2133	4.963586
192	3751	4.843693
192	1265	4.800734
192	1393	4.792947
192	608	4.657383
192	1883	4.597334
192	1732	4.499664
192	1089	4.498521
192	587	4.450128
192	1639	4.408829
192	1	4.304646
193	1097	6.125880
193	1225	5.707070
193	969	5.425158
193	1035	5.374834
193	2174	5.249014
193	34	5.171324
193	260	5.120344
193	1956	4.950644
193	1019	4.949948
193	1282	4.895633
194	3253	6.061674
194	1777	5.939273
194	2395	5.687570
194	1265	5.647152
194	231	5.619460
194	1923	5.550074
194	2671	5.509232
194	500	5.431055
194	1569	5.414327
194	597	5.362966
195	2797	6.509925
195	2087	6.347736
195	3479	6.128756
195	1947	6.122221
195	919	5.985441
195	1073	5.907011
195	260	5.857222
195	912	5.844376
195	2987	5.779841
195	2081	5.742195
196	1249	5.574569
196	1240	5.360729
196	1089	5.317394
196	2571	5.011438
196	589	4.979147
196	858	4.960220
196	3624	4.938984
196	457	4.934881
196	1196	4.894820
196	1259	4.752793
198	2881	5.454886
198	3623	5.259913
198	1408	5.183831
198	648	4.938141
198	2803	4.818336
198	3005	4.792920
198	3256	4.775632
198	1608	4.746202
198	454	4.738221
198	2605	4.702448
199	2723	5.943154
199	2716	5.922744
199	2881	5.506293
199	2699	5.343696
199	2369	5.259008
199	2688	5.203809
199	736	5.145926
199	3081	5.079767
199	2012	5.013570
199	2710	5.003657
201	1265	5.575802
201	1500	5.390352
201	587	5.204581
201	104	5.062241
201	1747	5.035356
201	3255	4.945657
201	1307	4.835438
201	597	4.823601
201	1777	4.814052
201	1883	4.788280
202	1663	7.037045
202	2081	6.546591
202	2087	6.505051
202	2100	6.270812
202	1307	6.141970
202	2797	6.051603
202	2080	5.891523
202	2470	5.825133
202	2243	5.816859
202	3861	5.743016
203	2875	7.133508
203	2094	6.549001
203	3869	6.443931
203	1682	6.232636
203	372	6.058092
203	1271	5.789900
203	4	5.716433
203	3060	5.566324
203	832	5.499913
203	2125	5.475409
204	2804	4.887868
204	1028	4.587371
204	1197	4.576686
204	260	4.571312
204	1198	4.516874
204	1282	4.455605
204	3751	4.419362
204	1270	4.149287
204	1258	4.149184
204	1234	4.144920
205	260	5.719086
205	1221	5.644634
205	1206	5.604883
205	1252	5.546731
205	1387	5.501763
205	1198	5.486761
205	1204	5.406760
205	912	5.308909
205	1304	5.241919
205	1267	5.186728
206	1	4.269012
206	3114	4.230869
206	788	4.167468
206	2987	4.014127
206	260	3.958002
206	1196	3.784952
206	1073	3.776825
206	2762	3.743923
206	2396	3.742117
206	1092	3.668844
208	457	6.547625
208	1610	6.256602
208	3418	6.117598
208	2571	5.950172
208	1240	5.929178
208	296	5.884544
208	589	5.848788
208	1249	5.784936
208	2028	5.679226
208	527	5.533279
210	1917	8.180289
210	3697	7.658181
210	2986	7.259756
210	1037	7.192421
210	434	7.103390
210	3717	7.051793
210	316	6.987410
210	3623	6.982953
210	1779	6.977682
210	2393	6.906203
211	589	7.119303
211	2571	6.620265
211	457	6.432293
211	1580	6.389208
211	1610	6.360175
211	110	6.358272
211	2194	6.246954
211	2640	6.136923
211	1673	6.090201
211	1240	6.067965
212	1265	5.563586
212	1784	5.345193
212	2108	5.337772
212	1923	5.316703
212	2539	5.236993
212	1777	5.046695
212	104	5.040009
212	2124	4.918760
212	597	4.821537
212	141	4.812476
214	2369	7.225786
214	1513	6.899203
214	2717	6.803366
214	370	6.608710
214	3752	6.559679
214	2478	6.140297
214	1091	6.095834
214	500	6.046784
214	2683	6.017150
214	2416	5.988989
215	1573	5.446004
215	1356	5.350863
215	648	5.223762
215	2628	5.049901
215	1580	5.023708
215	589	4.942607
215	2985	4.886741
215	2571	4.826589
215	780	4.815502
215	1653	4.718483
216	1407	6.780393
216	1339	5.882813
216	1645	5.694040
216	3499	5.627953
216	1333	5.401949
216	3105	5.346217
216	253	5.294590
216	3684	5.254882
216	2023	5.241455
216	3155	5.238242
218	2688	6.493907
218	2336	6.382697
218	2686	6.164602
218	2906	6.068764
218	2805	6.032272
218	3053	5.962021
218	2723	5.882046
218	913	5.747968
218	2734	5.701251
218	2502	5.694486
219	2571	5.055762
219	589	5.035822
219	1240	4.835267
219	2028	4.806082
219	296	4.742907
219	1198	4.710891
219	2858	4.609859
219	1196	4.581717
219	2628	4.573892
219	1036	4.566918
220	1	5.587846
220	2355	5.284035
220	2396	5.257617
220	34	5.172312
220	3114	5.079350
220	39	4.952336
220	1265	4.918885
220	608	4.917574
220	2321	4.906564
220	32	4.896907
222	1073	5.290068
222	3489	5.170933
222	2193	5.098192
222	2161	4.829385
222	2470	4.821761
222	2406	4.605879
222	3753	4.576938
222	2105	4.430897
222	260	4.401534
222	2115	4.388204
223	2717	5.956644
223	2054	5.518079
223	3146	5.058129
223	3861	5.006590
223	2247	4.701031
223	520	4.622287
223	3717	4.582902
223	2413	4.551804
223	2133	4.511927
223	3189	4.495332
224	608	4.615583
224	2657	4.416060
224	296	4.403794
224	593	4.154180
224	1240	4.151885
224	3751	4.146317
224	1259	4.051098
224	2858	4.034905
224	3624	4.013144
224	1213	3.971229
225	2124	7.442076
225	16	6.879190
225	3105	6.785280
225	3252	6.754681
225	1393	6.702105
225	1883	6.663477
225	2539	6.585244
225	588	6.517848
225	1784	6.252858
225	1120	6.159210
228	2628	5.225696
228	1580	5.081565
228	589	4.971974
228	2640	4.819741
228	2571	4.789789
228	110	4.624823
228	2028	4.535399
228	2916	4.438372
228	1097	4.306456
228	3160	4.291375
229	1676	4.813656
229	3408	4.701467
229	2628	4.693424
229	648	4.685076
229	3578	4.610882
229	1573	4.567644
229	1876	4.492693
229	1580	4.435429
229	3623	4.428025
229	3510	4.424710
230	1206	5.310720
230	913	5.137166
230	3471	4.863121
230	260	4.718283
230	1252	4.614809
230	903	4.566374
230	1304	4.397586
230	858	4.370697
230	2858	4.303380
230	2762	4.280343
231	296	4.558729
231	593	4.448732
231	2746	4.440513
231	318	4.369675
231	2872	4.292560
231	2407	4.281695
231	2406	4.253533
231	260	4.243454
231	858	4.229837
231	2174	4.216523
232	1265	6.706214
232	39	6.397290
232	3253	6.188946
232	1060	6.097286
232	2599	5.990673
232	34	5.985695
232	223	5.901274
232	588	5.768369
232	2396	5.738570
232	1	5.713775
233	2087	6.019056
233	1294	5.773019
233	899	5.670135
233	596	5.360106
233	2018	5.330211
233	1	5.169004
233	1307	5.105149
233	1282	5.103837
233	914	5.083604
233	916	5.059402
235	1265	5.896650
235	34	5.585073
235	588	5.019474
235	1	4.781805
235	2291	4.690088
235	3418	4.678236
235	17	4.670083
235	1784	4.655942
235	36	4.620584
235	1641	4.614437
236	1198	5.250189
236	608	5.179219
236	1221	5.160200
236	1222	5.135316
236	2194	5.051832
236	1387	5.011751
236	2858	4.998396
236	1270	4.925727
236	2000	4.885809
236	858	4.858744
237	1265	4.363218
237	2858	4.167111
237	3450	4.137710
237	2000	3.976397
237	2791	3.785294
237	1784	3.674494
237	2997	3.669376
237	3160	3.620286
237	3578	3.603122
237	1580	3.588864
238	1682	7.159339
238	1784	6.817436
238	3253	6.800487
238	2390	6.119805
238	1060	6.103182
238	34	6.033197
238	32	5.973199
238	150	5.937077
238	1449	5.897946
238	1265	5.872705
239	608	6.016077
239	1259	5.675975
239	1249	5.495244
239	908	5.479758
239	296	5.367341
239	1240	5.336376
239	593	5.325590
239	1617	5.289682
239	1198	5.210836
239	111	5.172940
240	527	5.399422
240	356	5.330827
240	1094	5.281975
240	593	5.179364
240	1265	5.131642
240	3418	5.086766
240	1210	5.062012
240	1617	5.051834
240	2028	5.024992
240	318	5.001467
241	589	6.536667
241	2571	6.125768
241	480	5.973651
241	32	5.910999
241	2640	5.876324
241	1240	5.814937
241	1584	5.707227
241	1610	5.693065
241	457	5.660337
241	110	5.495575
242	260	4.583416
242	2871	4.569190
242	3617	4.567286
242	2987	4.428520
242	2762	4.273113
242	1092	4.229882
242	1073	4.184023
242	1233	3.945575
242	1196	3.929148
242	3114	3.928515
243	1394	5.549010
243	1307	5.390180
243	608	5.376434
243	3526	5.244965
243	3424	4.918781
243	162	4.886108
243	2918	4.815157
243	3751	4.809988
243	3362	4.781397
243	1148	4.680080
244	1259	5.455766
244	1097	5.277552
244	1198	4.749597
244	608	4.689448
244	593	4.653779
244	260	4.636986
244	2028	4.624253
244	2858	4.560314
244	1210	4.558675
244	1394	4.550434
245	913	6.977042
245	1201	6.692099
245	3508	6.296046
245	2336	6.038617
245	356	5.726113
245	2762	5.722567
245	1947	5.651441
245	912	5.650453
245	2406	5.637014
245	2686	5.636160
247	2762	4.589240
247	2987	4.441645
247	2396	4.387513
247	34	4.315119
247	3114	4.240589
247	1704	4.232249
247	1617	4.228761
247	296	4.175047
247	1073	4.169682
247	260	4.118720
248	1374	5.102668
248	2858	4.869154
248	3702	4.824176
248	2194	4.584200
248	2028	4.570852
248	3160	4.544151
248	1097	4.544099
248	1200	4.526596
248	32	4.408677
248	1127	4.368102
249	2858	4.353230
249	1307	4.309529
249	2997	4.266047
249	356	4.201847
249	2396	4.100791
249	2762	4.091370
249	2716	3.903646
249	1	3.799465
249	34	3.774365
249	3114	3.658454
251	380	5.744660
251	70	5.295202
251	3623	5.222480
251	736	5.211881
251	1391	5.209787
251	2699	5.187652
251	3354	5.083581
251	1917	4.910919
251	1580	4.856056
251	1722	4.821256
252	1527	6.589127
252	1370	6.129724
252	1552	6.072100
252	1917	6.004989
252	1876	5.977909
252	70	5.948849
252	1580	5.929619
252	736	5.777615
252	2273	5.692716
252	2916	5.676244
253	1265	6.528687
253	551	6.446295
253	588	6.117525
253	36	6.090102
253	1682	5.707289
253	1784	5.655948
253	471	5.476460
253	3006	5.410206
253	1094	5.344373
253	3507	5.312074
255	589	4.845267
255	2858	4.628187
255	2571	4.621452
255	3578	4.441087
255	1240	4.417631
255	1206	4.407995
255	3623	4.394395
255	457	4.388269
255	1610	4.341565
255	2762	4.284406
256	1573	8.253303
256	1876	8.087845
256	1527	7.730071
256	2393	7.532817
256	288	7.465449
256	1370	7.457712
256	1917	7.421441
256	648	7.386195
256	165	7.271549
256	1676	7.120924
257	1580	5.462541
257	1573	5.254534
257	1370	5.238025
257	2916	5.214298
257	2571	5.065466
257	454	5.051852
257	377	4.911928
257	480	4.893472
257	733	4.868413
257	1584	4.833773
258	1101	5.471864
258	2406	5.433034
258	1608	5.267076
258	2115	5.143356
258	3512	4.984397
258	3418	4.969075
258	733	4.959392
258	318	4.838251
258	3793	4.703443
258	2470	4.608699
259	3897	4.649766
259	608	4.477085
259	2657	4.294876
259	2000	4.264513
259	1265	4.207000
259	2997	4.091102
259	253	4.038069
259	3608	4.029320
259	1199	4.024340
259	1270	3.962422
260	1831	8.315145
260	1917	7.898736
260	2722	7.825462
260	1882	7.555971
260	3697	7.554047
260	1590	7.515832
260	1779	7.437760
260	1373	7.292297
260	1037	7.288017
260	2605	7.286651
261	2054	6.316336
261	673	6.027608
261	153	5.962995
261	2253	5.956355
261	818	5.813880
261	520	5.688743
261	3081	5.597519
261	3273	5.588102
261	2088	5.388887
261	2822	5.200362
262	2406	5.757344
262	1101	5.357635
262	3489	5.078423
262	2105	5.000213
262	1377	4.885638
262	2470	4.846831
262	2054	4.720914
262	2115	4.676490
262	1220	4.585591
262	2405	4.490850
263	608	5.745457
263	110	5.677019
263	1673	5.453441
263	1580	5.370353
263	457	5.310209
263	1249	5.274612
263	2000	5.227642
263	32	5.199350
263	2291	5.185852
263	593	5.168346
264	1387	4.327574
264	2746	4.267160
264	2407	4.206226
264	1307	4.149781
264	2797	4.147531
264	2858	4.129789
264	1197	4.071021
264	3510	4.014296
264	2100	4.009843
264	3717	4.009386
265	260	5.760174
265	919	5.537188
265	1233	5.090825
265	1198	5.078994
265	858	5.026310
265	1204	5.012899
265	1225	4.901391
265	111	4.857107
265	1073	4.845474
265	2987	4.833885
266	1214	5.401262
266	1269	5.028702
266	1270	4.964011
266	1230	4.952877
266	1276	4.933907
266	1240	4.918328
266	1617	4.909149
266	2657	4.877656
266	1234	4.870779
266	1304	4.865647
267	2628	4.500250
267	648	4.437748
267	1573	4.393770
267	1917	4.383853
267	1527	4.168892
267	1608	4.147971
267	2881	4.107964
267	3408	4.096667
267	1876	4.086410
267	3578	4.021479
268	3173	5.443124
268	3911	5.158699
268	2470	5.029586
268	3882	4.942060
268	3753	4.923710
268	3565	4.878239
268	2105	4.869236
268	2406	4.810356
268	2628	4.806015
268	2145	4.787015
269	2396	3.980839
269	356	3.940697
269	2858	3.896691
269	3114	3.806391
269	32	3.743026
269	590	3.695298
269	1580	3.682344
269	1682	3.666744
269	1265	3.637228
269	457	3.623302
270	260	6.521521
270	1097	6.209517
270	1198	6.196400
270	2968	5.976393
270	1225	5.926368
270	1282	5.703260
270	1287	5.696550
270	1196	5.681685
270	912	5.672367
270	1073	5.670771
271	3489	4.813556
271	2054	4.693635
271	2100	4.588802
271	2797	4.550112
271	1073	4.525873
271	673	4.456660
271	367	4.393166
271	2605	4.245238
271	153	4.240022
271	2470	4.104502
272	2858	5.741327
272	1210	5.400900
272	912	5.293890
272	593	5.174023
272	356	5.155628
272	589	5.109026
272	1196	5.058699
272	3578	5.006708
272	1500	4.992945
272	2542	4.931873
273	2012	4.453426
273	2858	4.405030
273	2002	4.309336
273	788	4.303625
273	2826	4.294746
273	2699	4.277708
273	2710	4.169888
273	1580	4.116377
273	70	4.040709
273	1391	4.009000
274	457	5.973858
274	589	5.486898
274	1584	5.481584
274	2916	5.374611
274	32	5.350617
274	1610	5.332009
274	1580	5.247447
274	1240	5.114040
274	2571	5.094013
274	2640	5.075463
275	2791	5.273804
275	3210	4.963987
275	1270	4.921644
275	1265	4.766191
275	2194	4.729728
275	1097	4.726474
275	2716	4.662537
275	2858	4.647417
275	608	4.401805
275	2455	4.357879
278	968	9.285381
278	953	8.038415
278	913	7.866247
278	1942	7.634063
278	2976	7.587153
278	1962	7.581135
278	1974	7.571556
278	1231	7.571382
278	2717	7.374116
278	2713	7.333116
279	1617	5.722694
279	608	5.665803
279	3418	5.284066
279	1240	5.247609
279	527	5.116966
279	1	5.097752
279	593	5.071102
279	1214	5.050151
279	1249	5.002969
279	457	5.001862
280	1265	6.507095
280	1223	6.135825
280	1394	5.982782
280	1235	5.918714
280	1	5.879032
280	1307	5.834828
280	1028	5.692965
280	1148	5.570065
280	745	5.472498
280	1288	5.433429
281	21	6.068121
281	32	6.043467
281	337	5.941793
281	1641	5.919460
281	3148	5.901169
281	2572	5.896369
281	2321	5.882805
281	2433	5.842891
281	3174	5.799437
281	2396	5.758672
284	457	4.092022
284	2858	4.037619
284	2571	3.968853
284	3408	3.926349
284	3578	3.897239
284	2762	3.830788
284	1580	3.830370
284	3176	3.821697
284	1645	3.791716
284	3753	3.777420
285	1721	5.052441
285	1206	5.035031
285	3176	4.994756
285	457	4.924023
285	32	4.802356
285	1092	4.774490
285	2762	4.663833
285	2571	4.637546
285	1408	4.630192
285	1653	4.604524
286	1265	5.307223
286	2000	5.166923
286	3751	4.848810
286	2291	4.839408
286	296	4.709999
286	1641	4.670862
286	3317	4.652158
286	1704	4.629056
286	1213	4.616702
286	1784	4.615102
287	21	7.245533
287	1784	7.012055
287	3160	6.451008
287	1923	6.261806
287	1120	6.107798
287	3253	6.075701
287	2329	6.072380
287	2291	6.059931
287	3105	6.034248
287	1747	5.999402
288	589	6.243923
288	2194	6.123140
288	2628	5.765212
288	1036	5.565427
288	3160	5.483002
288	2916	5.453221
288	457	5.381234
288	2571	5.313980
288	1527	5.111479
288	2640	5.094227
289	1954	5.474373
289	1617	5.447332
289	2194	5.424489
289	2571	5.374091
289	296	5.275479
289	589	5.219088
289	1214	5.210169
289	608	5.182167
289	50	5.118155
289	858	5.046554
290	377	5.270763
290	1580	5.209587
290	2706	5.007558
290	457	4.939641
290	3176	4.939016
290	1747	4.833674
290	380	4.804027
290	2291	4.722981
290	21	4.699478
290	474	4.584774
291	1214	6.467037
291	1240	6.434389
291	1200	6.395980
291	1374	6.150241
291	1210	6.137637
291	2571	6.120352
291	1198	6.031686
291	1617	5.930687
291	1196	5.911213
291	3471	5.852501
292	2291	5.279350
292	457	5.198405
292	377	5.051310
292	2858	4.862662
292	21	4.844244
292	3418	4.727077
292	2912	4.600828
292	1265	4.562619
292	110	4.533859
292	608	4.530133
293	2194	6.419015
293	1213	6.242941
293	296	6.160623
293	608	6.157010
293	457	6.126993
293	1089	6.118957
293	1249	5.989197
293	1240	5.943182
293	50	5.921644
293	1617	5.815575
294	1777	6.886383
294	104	6.596133
294	1517	6.334886
294	2108	6.136510
294	3255	6.116211
294	597	6.103802
294	1265	6.084644
294	539	5.983834
294	342	5.897455
294	1569	5.784757
295	1249	6.326106
295	1198	6.157846
295	296	6.017504
295	260	5.847759
295	858	5.804339
295	608	5.762722
295	1240	5.690864
295	593	5.690039
295	1213	5.561589
295	1233	5.541000
296	1982	7.236242
296	1321	6.980304
296	2455	6.903889
296	1347	6.676388
296	1994	6.545936
296	968	6.410517
296	1991	6.077920
296	1974	6.008172
296	1997	5.871420
296	926	5.869000
297	21	7.422531
297	1580	7.411755
297	3160	7.169960
297	1584	7.148217
297	32	7.105366
297	480	6.969936
297	1673	6.894093
297	1784	6.617307
297	589	6.453179
297	2571	6.396429
299	260	5.196244
299	858	5.184069
299	912	5.047073
299	593	5.015400
299	3617	4.966073
299	318	4.933011
299	1198	4.905824
299	608	4.879329
299	1233	4.793585
299	3755	4.759873
300	1917	6.794582
300	1527	6.475013
300	1552	6.462509
300	1876	6.431962
300	648	6.166485
300	349	6.122632
300	2881	6.108266
300	1597	6.061496
300	1722	6.032503
300	2393	6.012625
301	2717	6.579730
301	2100	6.435467
301	1307	6.133166
301	500	6.046996
301	276	5.917168
301	2253	5.881432
301	2405	5.807188
301	2369	5.787969
301	520	5.784332
301	1380	5.715936
302	1394	4.929776
302	3362	4.355574
302	1259	4.331223
302	3948	4.308609
302	2797	4.289542
302	3755	4.227367
302	788	4.149925
302	1084	4.145264
302	3861	4.105959
302	1172	4.065787
303	1265	5.761810
303	1	5.511131
303	2321	5.195694
303	1148	4.821799
303	2355	4.816047
303	1394	4.806270
303	1223	4.761426
303	293	4.710319
303	1961	4.707537
303	1500	4.696489
305	969	6.901438
305	2018	6.875119
305	919	6.796069
305	2565	6.709387
305	1282	6.514376
305	899	6.458191
305	1019	6.429477
305	1225	6.355587
305	661	6.294301
305	1073	6.228946
306	1391	6.045171
306	3717	5.741607
306	435	5.612973
306	3861	5.554044
306	2012	5.480583
306	3744	5.336825
306	485	5.212401
306	3638	5.001076
306	3189	4.991740
306	2002	4.972133
307	1196	6.076467
307	1206	6.041953
307	3471	5.801722
307	913	5.799488
307	1221	5.787185
307	260	5.752631
307	2987	5.471595
307	527	5.448593
307	1198	5.369617
307	1240	5.315235
308	788	7.309173
308	2421	7.233707
308	2717	7.110771
308	2054	6.773042
308	3877	6.669135
308	1371	6.569931
308	2450	6.562274
308	2642	6.478682
308	1562	6.349197
308	2408	6.323001
309	2628	5.754600
309	2193	4.839366
309	2105	4.787127
309	648	4.774881
309	480	4.686085
309	1917	4.653847
309	2916	4.632564
309	2115	4.625024
309	653	4.548237
309	1356	4.518062
310	1513	6.813480
310	317	6.226679
310	3157	6.021570
310	2100	5.951620
310	1073	5.551352
310	2724	5.529276
310	2961	5.497920
310	2762	5.464568
310	2805	5.400914
310	1702	5.362557
312	1947	5.690716
312	34	5.341838
312	1294	5.117945
312	912	5.086515
312	919	5.006342
312	2987	4.993610
312	1307	4.902226
312	1073	4.863274
312	2396	4.861932
312	1265	4.817850
314	1230	5.920559
314	1304	5.554081
314	1214	5.545621
314	260	5.543385
314	919	5.513222
314	750	5.512639
314	1206	5.359890
314	2987	5.332006
314	904	5.314094
314	1294	5.256346
316	329	6.806388
316	2167	6.672102
316	2455	6.574340
316	1717	6.488779
316	1544	6.269656
316	480	6.201591
316	1527	6.184878
316	1376	6.065339
316	2628	6.014772
316	1831	6.013499
319	3751	4.522554
319	608	4.173752
319	2997	4.131139
319	1265	4.082741
319	3897	4.076615
319	3114	3.912786
319	1	3.888558
319	34	3.872523
319	1240	3.807377
319	2858	3.804719
321	1722	6.772917
321	380	6.510584
321	1552	6.478054
321	349	6.170523
321	1527	6.098932
321	353	6.059942
321	733	5.970918
321	648	5.925273
321	736	5.893371
321	1917	5.863576
322	260	5.048135
322	2987	5.009773
322	920	5.008715
322	1947	4.993560
322	919	4.934630
322	1204	4.686199
322	913	4.637848
322	2762	4.568040
322	899	4.565531
322	1073	4.556940
323	2502	5.402495
323	2762	5.111821
323	317	5.068896
323	2336	4.930192
323	1073	4.899014
323	1959	4.890539
323	2686	4.884141
323	2734	4.863805
323	2395	4.831136
323	2394	4.608041
324	1294	6.478953
324	2087	6.458081
324	2018	6.417222
324	2067	6.130363
324	595	6.124054
324	920	6.058045
324	1282	5.933206
324	2987	5.908861
324	912	5.796945
324	2081	5.766197
325	2369	7.028991
325	500	6.979369
325	1517	6.389937
325	2150	6.327130
325	2424	6.319837
325	1307	6.302144
325	104	5.990696
325	1614	5.932880
325	440	5.926230
325	180	5.920033
326	1269	6.307526
326	608	6.044581
326	1617	5.885851
326	1240	5.770625
326	32	5.547998
326	296	5.532395
326	1214	5.528928
326	1249	5.477614
326	1196	5.341768
326	1136	5.326804
327	454	7.688940
327	3317	7.571048
327	3897	6.967463
327	608	6.825146
327	319	6.520682
327	3255	6.395876
327	50	6.341797
327	3751	6.252260
327	293	6.194537
327	1500	6.103030
328	1573	6.444113
328	1608	5.982499
328	165	5.850484
328	1370	5.798837
328	1527	5.798015
328	1391	5.795058
328	380	5.707970
328	95	5.663010
328	1722	5.657039
328	454	5.560037
329	3638	6.147322
329	2694	6.119125
329	2710	5.927917
329	2369	5.917000
329	2717	5.869068
329	3752	5.703359
329	2701	5.620143
329	2012	5.611409
329	3273	5.495460
329	3081	5.438625
330	3893	4.978519
330	3744	4.829226
330	3897	4.683964
330	1645	4.646016
330	253	4.548764
330	3911	4.379972
330	1089	4.378233
330	1092	4.291514
330	3751	4.284759
330	3638	4.262291
331	3535	6.716984
331	3893	5.906593
331	3317	5.835378
331	2000	5.714720
331	3897	5.597901
331	3624	5.435649
331	1089	5.223855
331	2001	5.199547
331	1213	4.952676
331	3515	4.945142
332	1777	5.598167
332	1747	5.576767
332	539	5.395924
332	11	5.200437
332	2424	4.901801
332	104	4.889109
332	1393	4.882986
332	587	4.871055
332	339	4.863349
332	380	4.844960
333	1265	5.706474
333	2355	5.327409
333	3175	4.997070
333	34	4.901186
333	588	4.849717
333	1188	4.720514
333	2396	4.669511
333	1	4.648005
333	2599	4.608894
333	1079	4.462964
334	339	5.621573
334	1569	5.620156
334	1777	5.194786
334	1265	5.146250
334	588	5.041455
334	357	5.028119
334	3528	4.938199
334	2081	4.931559
334	236	4.850783
334	380	4.780371
335	912	5.213889
335	1097	5.132263
335	1270	5.104550
335	1259	5.100174
335	608	5.012120
335	1198	4.965727
335	1242	4.964642
335	1210	4.948008
335	2791	4.921931
335	1247	4.918933
336	185	5.988168
336	1831	5.966278
336	196	5.804733
336	1544	5.690406
336	3697	5.514665
336	1037	5.476719
336	1371	5.420868
336	3638	5.403730
336	1779	5.403617
336	1917	5.339111
337	466	6.693356
337	1391	6.554407
337	2628	6.536639
337	316	6.449875
337	1917	6.426599
337	1580	6.340823
337	1544	6.223012
337	1676	6.122385
337	1527	5.980672
337	3107	5.973718
338	610	5.568842
338	2985	5.407319
338	2011	5.399706
338	3704	5.082265
338	2407	4.912346
338	3510	4.895947
338	2105	4.879442
338	1275	4.802846
338	2167	4.781356
338	3785	4.710815
339	272	6.437654
339	457	6.388683
339	1625	6.277137
339	377	6.261299
339	32	6.214491
339	3386	6.089735
339	3176	5.998936
339	3148	5.922386
339	1732	5.805267
339	6	5.596748
340	1663	5.205734
340	2797	5.118852
340	2355	5.022709
340	3210	4.838727
340	3526	4.798167
340	2081	4.775407
340	1097	4.753327
340	1265	4.718851
340	1307	4.603601
340	2174	4.587715
342	1580	4.951721
342	3408	4.532635
342	1584	4.348534
342	110	4.308372
342	3160	4.297285
342	2571	4.264671
342	454	4.193746
342	293	4.139073
342	3578	4.126206
342	2858	4.070739
343	2716	5.345021
343	3175	5.114916
343	2881	4.675011
343	2100	4.614537
343	2605	4.595926
343	367	4.544597
343	2336	4.507384
343	2734	4.434745
343	2723	4.366234
343	2683	4.294118
344	2490	4.895392
344	223	4.668682
344	2712	4.599230
344	2580	4.588091
344	2762	4.550895
344	2881	4.463864
344	2433	4.443151
344	2396	4.437534
344	3053	4.435128
344	2599	4.380469
346	457	5.752872
346	1912	5.670053
346	1213	5.604514
346	3418	5.478699
346	1171	5.340911
346	36	5.315222
346	2000	5.258441
346	3751	5.249089
346	2291	5.238259
346	1089	5.187456
347	34	5.886748
347	1097	5.812967
347	2804	5.668054
347	1374	5.576259
347	1270	5.575815
347	1028	5.496302
347	1197	5.376972
347	1198	5.270084
347	2791	5.208259
347	1259	5.186357
348	1210	6.395643
348	1097	6.287403
348	527	6.216054
348	912	6.076795
348	2028	5.998577
348	260	5.997100
348	1196	5.930332
348	34	5.836670
348	2987	5.828248
348	1198	5.752270
349	3869	4.457424
349	2012	4.261966
349	253	4.140740
349	3638	3.940946
349	2717	3.932005
349	1391	3.872141
349	2657	3.820911
349	2858	3.819968
349	532	3.803694
349	3827	3.707285
350	588	5.057590
350	1580	4.846086
350	1357	4.836689
350	1584	4.750790
350	1909	4.635994
350	1265	4.566625
350	2699	4.464437
350	3408	4.441645
350	345	4.397321
350	2396	4.372504
351	2628	6.589501
351	2490	6.304342
351	2916	6.256440
351	1527	6.203632
351	2617	6.061324
351	480	5.976678
351	589	5.787153
351	2640	5.769408
351	733	5.759113
351	1580	5.721818
352	153	8.019524
352	1562	7.822834
352	3268	7.726558
352	2421	7.369202
352	2253	7.275288
352	2716	7.034616
352	2422	6.953424
352	3273	6.838400
352	370	6.797470
352	2605	6.796441
354	2490	6.544668
354	2881	6.288647
354	1513	5.872180
354	2336	5.858354
354	2906	5.855114
354	3175	5.761682
354	2683	5.749676
354	2605	5.585741
354	24	5.457991
354	2581	5.422583
355	3408	4.225912
355	1092	4.219435
355	454	4.136139
355	1876	4.059212
355	648	4.044252
355	1676	4.031052
355	3638	4.005817
355	3793	3.989983
355	780	3.914828
355	3510	3.898475
357	3535	5.530044
357	3317	5.153340
357	608	4.915011
357	296	4.831127
357	50	4.739065
357	3624	4.731369
357	2291	4.700740
357	266	4.696004
357	593	4.677793
357	457	4.667104
358	1088	7.304469
358	2087	7.175260
358	2100	6.833341
358	2746	6.734460
358	920	6.700830
358	2081	6.615642
358	2015	6.409630
358	1947	6.390304
358	1081	6.256350
358	919	6.129611
359	589	6.010943
359	2571	5.533938
359	1584	5.473077
359	1240	5.315112
359	1921	5.270805
359	2529	5.206261
359	457	5.201375
359	110	5.175835
359	2167	5.107652
359	780	5.087150
360	1097	5.690707
360	2153	5.685319
360	674	5.627105
360	1019	5.610668
360	2394	5.312692
360	1499	5.165687
360	3698	5.164807
360	1073	5.152120
360	1562	5.146448
360	2968	5.093365
362	480	6.096075
362	1527	5.964413
362	1584	5.941048
362	1573	5.851131
362	1921	5.850978
362	2916	5.840057
362	2628	5.628543
362	2640	5.387678
362	32	5.372818
362	1370	5.259701
363	2571	6.092223
363	589	6.056417
363	110	5.894962
363	1240	5.701524
363	592	5.668760
363	296	5.648397
363	1580	5.621618
363	457	5.597455
363	1673	5.560125
363	608	5.549653
365	539	7.207754
365	587	6.663201
365	7	6.547216
365	380	6.532502
365	736	6.185863
365	1569	6.180455
365	597	6.169204
365	802	5.965701
365	236	5.948606
365	708	5.900695
366	2916	6.225180
366	32	5.728109
366	480	5.632073
366	2527	5.603091
366	1610	5.587771
366	457	5.579548
366	1214	5.560816
366	3702	5.424022
366	2640	5.362862
366	589	5.274963
368	454	6.247939
368	1909	5.926710
368	1597	5.853277
368	2706	5.843503
368	736	5.758709
368	1573	5.606279
368	337	5.603097
368	3408	5.568000
368	1408	5.545125
368	1722	5.540801
369	367	5.200143
369	2539	5.141437
369	1777	5.041806
369	3263	4.831207
369	231	4.769723
369	1513	4.682385
369	2369	4.651904
369	2424	4.643400
369	2683	4.643269
369	2395	4.558724
370	1513	5.189996
370	2683	4.995032
370	2013	4.681035
370	3175	4.603230
370	2881	4.592094
370	2706	4.588540
370	24	4.561253
370	2763	4.501334
370	380	4.488667
370	2605	4.470759
371	2858	4.776596
371	2571	4.760920
371	1196	4.519763
371	2028	4.496422
371	589	4.490359
371	3578	4.448156
371	593	4.316008
371	1240	4.194358
371	1210	4.148831
371	527	4.100300
372	2389	5.697641
372	3708	5.091979
372	2701	5.015766
372	2054	4.963304
372	1037	4.923645
372	1371	4.841899
372	382	4.810998
372	788	4.807247
372	3717	4.776291
372	2456	4.759257
374	589	5.429545
374	858	5.331890
374	260	5.177706
374	1240	5.172732
374	2028	5.166450
374	1252	5.136549
374	1198	5.121993
374	527	5.070869
374	593	4.927234
374	1954	4.905446
375	34	5.691349
375	1265	5.650672
375	2791	5.634156
375	1097	5.600681
375	2000	5.599013
375	1968	5.523945
375	2355	5.518115
375	608	5.491690
375	1270	5.473148
375	1374	5.451056
376	2396	5.885402
376	2336	5.386637
376	2355	5.080300
376	34	5.076273
376	3114	5.072354
376	1947	5.009603
376	2394	4.963303
376	2686	4.899352
376	2716	4.868229
376	2762	4.861857
377	1617	5.399906
377	1240	5.169832
377	1304	5.066437
377	1214	4.985179
377	50	4.966358
377	858	4.837753
377	589	4.763615
377	3471	4.746677
377	1200	4.666818
377	541	4.665733
378	2321	6.036798
378	34	5.508033
378	1265	5.041067
378	608	5.037835
378	588	5.002428
378	1374	4.984832
378	39	4.971185
378	3114	4.878170
378	1393	4.851460
378	2324	4.845805
379	588	6.165785
379	2081	5.474513
379	1265	5.240908
379	357	5.172265
379	2943	5.143715
379	1183	5.116359
379	2687	4.961623
379	509	4.941866
379	2396	4.913606
379	364	4.906280
380	3623	5.091380
380	3578	4.696111
380	367	4.497050
380	466	4.429321
380	2001	4.407946
380	3753	4.359243
380	3510	4.292311
380	3408	4.280929
380	3534	4.219528
380	2000	4.182507
381	608	5.770307
381	1617	5.234594
381	1259	5.129187
381	541	5.008268
381	2858	5.002994
381	2028	4.962868
381	593	4.958770
381	1198	4.957827
381	1206	4.954962
381	1249	4.949308
382	380	4.395251
382	1377	4.391837
382	1073	4.310246
382	2692	4.280549
382	2622	4.257924
382	3081	4.152666
382	3175	3.987520
382	2369	3.984744
382	367	3.983725
382	2628	3.891631
385	454	6.146741
385	1205	6.013631
385	1676	5.874159
385	3249	5.825464
385	3827	5.202957
385	1909	5.191680
385	3354	5.093701
385	1653	5.072222
385	3555	5.065477
385	1779	5.064417
386	1265	6.103990
386	3868	5.554108
386	1394	5.356716
386	2791	5.230365
386	1270	5.202893
386	1961	5.141672
386	2858	4.945967
386	1968	4.937403
386	3361	4.852355
386	2000	4.796176
387	317	5.305685
387	2762	4.721194
387	2702	4.704765
387	3157	4.644600
387	1920	4.631050
387	2470	4.619317
387	2406	4.545388
387	2005	4.450001
387	1513	4.418840
387	2395	4.402355
388	3552	5.400467
388	2000	5.370349
388	296	5.284188
388	3210	5.269811
388	3317	5.242302
388	1220	5.232239
388	318	5.130932
388	1198	5.097518
388	3897	5.074375
388	2746	5.034994
389	1608	5.413639
389	1580	4.972472
389	1747	4.923817
389	377	4.840975
389	356	4.835433
389	3252	4.833194
389	588	4.775133
389	380	4.756920
389	1265	4.728525
389	357	4.687700
390	908	6.184263
390	1198	6.162302
390	1221	6.067913
390	1259	5.867702
390	1240	5.772375
390	608	5.760220
390	858	5.715512
390	1242	5.652477
390	1196	5.648065
390	1249	5.539439
391	913	8.135031
391	1201	7.285744
391	920	7.248483
391	1947	7.041543
391	1204	6.414176
391	3471	6.328375
391	903	6.167501
391	2067	6.155442
391	1254	6.105366
391	3435	6.061367
392	500	6.637976
392	231	6.017126
392	104	5.988803
392	1500	5.914364
392	3263	5.909476
392	2431	5.705748
392	1307	5.695191
392	367	5.687959
392	788	5.632128
392	3450	5.584540
393	34	6.205762
393	1265	6.187829
393	608	5.822142
393	1	5.792212
393	3751	5.750040
393	2321	5.641883
393	1213	5.621000
393	1704	5.481660
393	2000	5.446198
393	1060	5.431910
394	1580	6.075924
394	1610	5.708243
394	1356	5.687894
394	2628	5.572343
394	648	5.534585
394	1584	5.417889
394	474	5.328914
394	3256	5.327756
394	349	5.310735
394	1805	5.231536
396	2424	7.435806
396	2100	6.801092
396	7	6.412983
396	539	6.344967
396	380	6.199105
396	317	6.144138
396	468	6.039629
396	367	5.861516
396	1777	5.802095
396	586	5.770459
397	296	4.661837
397	318	4.555003
397	593	4.433458
397	858	4.374254
397	608	4.249059
397	1213	4.177306
397	1617	4.119478
397	2762	4.101415
397	1249	4.046801
397	1221	4.013000
398	589	6.146344
398	2571	6.028944
398	1240	5.870518
398	32	5.466684
398	2916	5.362911
398	2529	5.337142
398	1610	5.320716
398	480	5.262904
398	1200	5.150360
398	1206	5.034029
399	2706	4.771944
399	2683	4.745390
399	2396	4.674674
399	2580	4.571992
399	2599	4.481467
399	2395	4.472555
399	3174	4.462202
399	2762	4.460751
399	2997	4.442281
399	1923	4.388379
400	2797	5.199321
400	2791	4.972702
400	1097	4.893451
400	1265	4.806501
400	3361	4.799137
400	1394	4.721557
400	3552	4.714728
400	1270	4.626236
400	1961	4.621028
400	2174	4.612576
401	2628	4.401907
401	1580	3.999284
401	2012	3.866592
401	3408	3.844907
401	592	3.762731
401	3753	3.760779
401	1608	3.742296
401	1027	3.731376
401	1917	3.693528
401	1377	3.690599
402	2716	5.259379
402	2858	5.049889
402	223	4.856327
402	3175	4.680584
402	2706	4.651825
402	3623	4.645758
402	3578	4.633837
402	2580	4.404599
402	2490	4.332735
402	2997	4.259471
403	588	6.384727
403	364	5.768361
403	595	5.527770
403	2294	5.348849
403	1584	5.213393
403	1393	5.200863
403	1	5.083297
403	34	4.990733
403	1271	4.935439
403	1580	4.884758
404	1	4.834441
404	2858	4.756058
404	1265	4.738206
404	1196	4.591781
404	2355	4.549698
404	2571	4.429966
404	1210	4.397805
404	2028	4.384286
404	1197	4.358239
404	527	4.309764
405	1265	5.138028
405	2716	4.483474
405	356	4.447505
405	2396	4.409288
405	2858	4.333953
405	3175	4.318627
405	17	4.292041
405	2355	4.248181
405	34	4.199997
405	1094	4.120890
406	1222	5.126902
406	2858	4.980216
406	2997	4.904085
406	1210	4.901601
406	1387	4.831439
406	2571	4.820905
406	2194	4.768273
406	1221	4.695215
406	1196	4.655544
406	1179	4.649061
407	1198	6.413468
407	1291	6.172066
407	2028	5.982518
407	1097	5.878804
407	260	5.836997
407	2872	5.748551
407	2105	5.545699
407	1090	5.528811
407	2797	5.511616
407	1204	5.441399
408	2571	5.458804
408	2194	5.408708
408	110	5.394414
408	3160	5.352140
408	150	5.186756
408	589	5.178549
408	480	5.118965
408	32	5.111161
408	1673	5.064500
408	1374	4.979810
409	2000	5.455479
409	457	5.383897
409	3317	5.361850
409	3535	5.059230
409	2291	5.032474
409	1747	4.987580
409	1580	4.975854
409	474	4.952308
409	3578	4.911545
409	47	4.909015
410	2100	6.113442
410	2406	5.766463
410	1265	5.608721
410	367	5.587435
410	2966	5.529520
410	2797	5.273846
410	1485	5.074772
410	3448	5.057662
410	1220	5.030058
410	1777	5.002196
411	736	5.452412
411	1092	5.398346
411	587	5.323981
411	2805	5.077983
411	2688	4.995900
411	2710	4.958200
411	3638	4.917209
411	3081	4.697475
411	3044	4.693410
411	337	4.685457
412	1307	4.917351
412	1265	4.637634
412	2150	4.448653
412	2762	4.414190
412	356	4.404396
412	587	4.340667
412	593	4.286884
412	2109	4.249932
412	318	4.156098
412	2858	4.114798
413	2011	4.952248
413	3861	4.644831
413	1019	4.583982
413	364	4.472687
413	592	4.468349
413	3510	4.415538
413	2804	4.406713
413	2054	4.396232
413	3844	4.382918
413	3704	4.309553
414	912	6.066491
414	3471	5.843971
414	750	5.789721
414	1210	5.752838
414	527	5.672722
414	1250	5.643787
414	260	5.615578
414	1097	5.598890
414	1214	5.594355
414	1263	5.489148
415	1276	6.103778
415	1221	6.080479
415	1234	6.054555
415	1387	5.824700
415	1304	5.734418
415	3683	5.702990
415	1961	5.687471
415	1214	5.665506
415	2804	5.621762
415	260	5.565411
416	2683	6.088812
416	2490	5.942066
416	2805	5.589279
416	2706	5.555491
416	2723	5.551541
416	2013	5.498654
416	2502	5.490704
416	2688	5.444458
416	2336	5.359406
416	3219	5.314063
418	3623	5.642673
418	1391	5.634521
418	1917	5.535010
418	2826	5.316951
418	2699	5.151627
418	2628	5.115058
418	2001	5.101878
418	3578	5.032070
418	316	5.018470
418	2012	4.969006
419	913	4.846998
419	260	4.838815
419	2987	4.808479
419	2762	4.773437
419	3471	4.765904
419	2396	4.659555
419	750	4.567993
419	1206	4.506950
419	1210	4.423365
419	2028	4.348156
420	1394	6.850229
420	1136	6.302328
420	1307	6.296340
420	1265	6.171853
420	750	6.154564
420	1	6.139170
420	1079	6.098982
420	745	6.066164
420	3362	6.015906
420	1259	5.987777
422	32	6.802455
422	1584	6.495247
422	1653	6.142186
422	2640	5.828036
422	589	5.747542
422	2916	5.718253
422	1269	5.712756
422	3702	5.590392
422	2571	5.453970
422	1527	5.331961
423	1513	6.732927
423	2598	6.307499
423	2683	5.939677
423	2581	5.867799
423	2336	5.745485
423	2805	5.709485
423	2013	5.560429
423	2723	5.539255
423	2369	5.487595
423	3053	5.375757
424	920	6.350753
424	1201	5.940527
424	2858	5.716883
424	912	5.712804
424	913	5.640728
424	750	5.446327
424	3066	5.283058
424	2716	5.226583
424	2406	5.204879
424	1210	5.202139
425	380	5.933690
425	266	5.766204
425	3155	5.739328
425	368	5.582605
425	2424	5.524027
425	587	5.510595
425	7	5.405797
425	3528	5.336602
425	1777	5.169599
425	353	5.168162
426	380	6.848396
426	1917	6.659656
426	3107	6.590620
426	1101	6.484357
426	1527	6.396672
426	10	6.335776
426	786	6.252084
426	1722	6.228455
426	349	6.188321
426	368	6.166794
428	2762	5.026804
428	1179	5.025600
428	356	4.951277
428	2396	4.900198
428	1265	4.779302
428	1210	4.714973
428	2502	4.662373
428	2355	4.600733
428	2028	4.582637
428	497	4.565864
429	466	6.012647
429	2628	5.626164
429	2826	5.194655
429	1544	5.166053
429	2193	5.000864
429	2421	4.984526
429	2716	4.978820
429	1917	4.947139
429	2858	4.928028
429	3623	4.825190
430	1777	6.100408
430	1569	6.005547
430	587	5.865251
430	2424	5.748942
430	11	5.640076
430	3253	5.615323
430	736	5.498198
430	357	5.443470
430	852	5.228592
430	1711	5.227616
431	2628	5.613421
431	1527	5.369350
431	1573	5.112956
431	2571	5.080824
431	110	5.048625
431	2916	4.942272
431	2858	4.905026
431	2640	4.873087
431	780	4.862353
431	648	4.821074
432	7	8.021394
432	252	7.947781
432	587	7.809993
432	372	7.529605
432	539	7.496703
432	236	7.257549
432	1457	6.687638
432	339	6.672909
432	1409	6.606701
432	586	6.593742
433	1265	6.041989
433	597	5.374479
433	357	5.019098
433	587	4.927163
433	2424	4.920855
433	1747	4.903984
433	440	4.865192
433	1784	4.846598
433	500	4.803997
433	342	4.798802
434	1380	6.336956
434	1088	6.323347
434	3363	6.212778
434	1294	5.872136
434	1962	5.837065
434	1333	5.813500
434	1566	5.680074
434	916	5.563448
434	1321	5.544877
434	2746	5.523789
435	2985	5.706970
435	1527	5.677570
435	589	5.613638
435	2826	5.593853
435	1831	5.427969
435	1385	5.415498
435	3510	5.396482
435	1372	5.368473
435	3717	5.288718
435	3623	5.259881
436	1876	6.164300
436	454	5.939446
436	1676	5.738021
436	3638	5.550887
436	1573	5.544761
436	1690	5.366381
436	1320	5.333794
436	253	5.129446
436	1391	5.084034
436	3408	5.064148
437	1022	6.397178
437	595	6.111463
437	1029	5.967502
437	1028	5.675528
437	2096	5.668346
437	2078	5.655002
437	588	5.601398
437	596	5.403781
437	919	5.382323
437	2300	5.284374
438	1088	7.004755
438	1380	6.543301
438	1345	6.019104
438	1225	5.810692
438	3398	5.755353
438	1035	5.712128
438	1347	5.630715
438	1073	5.461312
438	1321	5.309878
438	36	5.210883
439	1777	6.238241
439	587	6.037391
439	852	5.387150
439	1569	5.315359
439	380	5.230361
439	356	5.188208
439	337	5.160825
439	11	4.999166
439	440	4.916048
439	1711	4.804963
441	589	6.212576
441	2455	5.467297
441	2640	5.466691
441	2916	5.350365
441	480	5.336393
441	3527	5.315842
441	1200	5.181426
441	1036	4.993764
441	1198	4.975850
441	2858	4.954585
442	1097	6.460100
442	2797	6.272812
442	1259	6.077280
442	912	5.717183
442	1307	5.649366
442	34	5.641910
442	260	5.441834
442	527	5.405182
442	1210	5.370191
442	2355	5.364330
443	2571	5.372798
443	1240	5.228009
443	2000	5.062591
443	589	4.993298
443	457	4.947336
443	1249	4.930246
443	3751	4.809456
443	593	4.652053
443	2529	4.651294
443	110	4.633611
444	913	5.720709
444	3471	5.585803
444	1214	5.398217
444	920	5.163948
444	912	5.157135
444	1947	5.049207
444	1201	4.988292
444	1269	4.918604
444	1250	4.843621
444	2396	4.826418
445	2300	6.015810
445	1304	5.899129
445	3435	5.418585
445	1206	5.411577
445	913	5.401232
445	899	5.325557
445	919	5.234213
445	260	5.183092
445	904	5.085596
445	1212	4.901918
446	1265	5.002965
446	1777	4.837524
446	2396	4.712265
446	539	4.568341
446	3006	4.559548
446	2065	4.536786
446	34	4.493373
446	588	4.474397
446	2424	4.422737
446	1183	4.380841
447	2804	6.737996
447	1197	6.550460
447	1961	6.428376
447	1394	6.176867
447	1079	6.053503
447	1259	5.976039
447	1097	5.926304
447	1270	5.839082
447	3098	5.726654
447	3360	5.721933
449	2746	5.418015
449	2407	5.172365
449	1347	5.036621
449	366	5.010317
449	1321	4.942059
449	2194	4.901763
449	2003	4.893491
449	2791	4.666844
449	2872	4.644819
449	2366	4.634248
450	3435	5.258955
450	919	5.227487
450	904	5.206799
450	260	5.187992
450	1230	5.185965
450	2987	5.161875
450	913	5.103186
450	3471	5.022177
450	750	4.989001
450	1617	4.964690
451	1035	5.851527
451	1259	5.774777
451	750	5.761025
451	541	5.756186
451	1097	5.713292
451	908	5.576503
451	1136	5.481756
451	1230	5.478719
451	1	5.427218
451	1269	5.341813
452	588	5.851702
452	3418	5.697138
452	34	5.564499
452	1393	5.501740
452	21	5.240249
452	32	5.216943
452	3176	5.180512
452	2291	5.175304
452	457	5.144221
452	110	5.116082
453	1259	5.578273
453	296	5.010475
453	2797	4.915732
453	593	4.914018
453	1097	4.886840
453	608	4.854104
453	260	4.776100
453	1220	4.727929
453	1198	4.622296
453	2028	4.551579
454	3535	5.188602
454	2423	5.178794
454	2371	5.019244
454	3949	4.892497
454	3210	4.815447
454	3897	4.799528
454	2150	4.789273
454	2407	4.786161
454	3317	4.765536
454	3484	4.754688
456	1206	6.483891
456	913	5.929210
456	599	5.925287
456	1370	5.847837
456	1266	5.660232
456	377	5.480010
456	383	5.450846
456	2951	5.369687
456	3354	5.219686
456	3471	5.183430
457	3252	7.485675
457	21	7.346615
457	588	7.252591
457	3105	6.955610
457	1641	6.832821
457	1784	6.626376
457	3100	6.551517
457	357	6.543094
457	1120	6.422313
457	3418	6.393307
458	589	6.803439
458	2640	6.543306
458	480	6.428288
458	1965	6.350433
458	2194	6.304612
458	110	6.203023
458	2571	6.109072
458	1036	6.040212
458	1261	5.935391
458	2628	5.822796
459	1580	6.216008
459	3160	5.948557
459	480	5.944042
459	110	5.329490
459	2628	5.178185
459	589	5.075966
459	1527	5.036927
459	3175	4.881962
459	1584	4.848557
459	32	4.843286
460	1265	5.986225
460	1307	5.445098
460	2918	4.774749
460	3552	4.743453
460	3526	4.649990
460	3072	4.428472
460	3210	4.390338
460	1079	4.388556
460	2716	4.343402
460	3868	4.268636
461	1544	6.534457
461	185	5.833074
461	1831	5.636385
461	196	5.568642
461	780	5.471317
461	1373	5.392736
461	2628	5.327466
461	1676	5.308580
461	1603	5.305763
461	329	5.303865
462	2100	5.874997
462	3438	5.739661
462	367	5.646535
462	2797	5.281207
462	1920	5.225963
462	317	5.224924
462	1608	5.216858
462	3479	5.215211
462	153	5.209092
462	380	5.158469
463	2100	7.559011
463	2746	6.582887
463	2150	6.418583
463	2478	6.417173
463	500	6.364500
463	2134	6.109603
463	1307	6.010625
463	1569	5.879499
463	2424	5.759126
463	367	5.712755
464	2396	5.520216
464	750	5.457056
464	1307	5.367413
464	1	5.317985
464	2716	5.288215
464	2355	5.115593
464	1294	5.089002
464	3671	5.025465
464	3543	5.024851
464	2599	4.977972
465	1214	6.013942
465	1617	5.968729
465	1201	5.941222
465	903	5.762993
465	930	5.634375
465	1240	5.614776
465	1304	5.608827
465	1230	5.575088
465	3418	5.510529
465	750	5.430443
466	1240	6.264650
466	608	6.015890
466	858	5.986382
466	1198	5.918456
466	903	5.915466
466	1214	5.910911
466	924	5.885040
466	1219	5.811598
466	908	5.774057
466	1617	5.759559
467	539	6.156795
467	1777	6.068910
467	2424	5.749728
467	587	5.696205
467	597	5.607126
467	357	5.571631
467	588	5.231295
467	11	5.207234
467	1265	5.186489
467	356	5.148655
469	1206	5.979764
469	1304	5.776881
469	3471	5.766094
469	1269	5.648869
469	913	5.594684
469	260	5.549873
469	1214	5.540135
469	904	5.455549
469	1230	5.315459
469	1136	5.312509
470	2018	6.628716
470	2078	6.261184
470	2096	6.249368
470	2294	6.192008
470	1907	6.147076
470	661	6.127403
470	919	6.071381
470	588	6.035549
470	34	5.736259
470	1294	5.688336
471	1573	6.179310
471	1876	6.148242
471	1676	5.938857
471	2916	5.721172
471	1580	5.651648
471	780	5.596360
471	648	5.585598
471	480	5.552192
471	1909	5.480674
471	2985	5.244879
472	2194	5.722641
472	1214	5.617999
472	3702	5.324957
472	1036	5.089710
472	457	4.964179
472	2455	4.939745
472	2858	4.869918
472	3418	4.835899
472	3160	4.808420
472	1617	4.789074
473	2300	6.537772
473	1230	6.424736
473	912	6.329334
473	1294	6.318133
473	750	6.276360
473	1238	6.110900
473	1136	6.057281
473	1947	6.018165
473	1304	5.995845
473	2987	5.769578
474	2355	7.061352
474	3005	6.867519
474	1373	6.379853
474	2605	6.221609
474	3113	6.053581
474	1831	5.913599
474	2431	5.866983
474	2694	5.810031
474	2805	5.661422
474	2722	5.572910
475	1307	9.026005
475	3552	8.490744
475	2243	8.043887
475	1663	7.963677
475	1265	7.874866
475	3526	7.797490
475	3210	7.727966
475	1961	7.693255
475	2797	7.664693
475	2918	7.504872
476	2797	8.155114
476	1961	7.697359
476	1663	7.666845
476	1307	7.440317
476	2243	7.319148
476	3552	6.956940
476	2794	6.640545
476	1962	6.522604
476	1381	6.368016
476	2746	6.341153
477	1391	7.489113
477	1917	7.437788
477	3697	6.986037
477	1590	6.862043
477	1882	6.771986
477	2808	6.711794
477	1591	6.625041
477	2393	6.619141
477	3638	6.604490
477	1690	6.583533
478	1265	5.275379
478	34	5.049198
478	1	4.847017
478	588	4.539404
478	3114	4.260371
478	2321	4.223347
478	3751	4.185222
478	296	4.076674
478	1961	4.073981
478	1094	4.058014
479	1198	4.854902
479	608	4.789934
479	318	4.691961
479	593	4.666047
479	1249	4.615228
479	2194	4.613285
479	2000	4.575917
479	3751	4.557401
479	1240	4.553789
479	1222	4.495099
480	1608	6.460683
480	733	5.967356
480	1573	5.964790
480	3256	5.625909
480	2916	5.574197
480	1356	5.547367
480	1580	5.486043
480	648	5.478770
480	349	5.447231
480	2115	5.423436
481	2369	4.268293
481	1073	4.151939
481	2997	3.945336
481	1265	3.848532
481	1962	3.830226
481	3081	3.796258
481	1225	3.776119
481	1380	3.751972
481	34	3.620400
481	2762	3.611521
482	1391	7.675907
482	3257	7.148158
482	1917	7.132227
482	2094	6.870507
482	1544	6.405662
482	2699	6.062782
482	736	6.041809
482	1603	5.889395
482	2808	5.849091
482	3697	5.841802
484	2699	4.685413
484	3175	4.586899
484	1580	4.510308
484	1917	4.480784
484	2628	4.464405
484	736	4.451870
484	380	4.341633
484	2716	4.329685
484	3408	4.312061
484	3623	4.302642
485	2987	4.641427
485	2716	4.438945
485	260	4.424932
485	2761	4.314834
485	3543	4.291742
485	2355	4.252468
485	3654	4.245706
485	913	4.237810
485	3175	4.231862
485	1206	4.230007
486	150	5.264620
486	32	4.952121
486	1912	4.937959
486	1673	4.860317
486	110	4.817194
486	1784	4.793821
486	3160	4.783312
486	457	4.725279
486	2291	4.683261
486	296	4.661370
487	1961	4.927765
487	2997	4.722263
487	1307	4.574298
487	1197	4.506741
487	2804	4.429283
487	1968	4.394452
487	1222	4.333047
487	608	4.317874
487	2000	4.304257
487	2716	4.272350
490	595	7.384353
490	2294	6.706113
490	2087	6.690666
490	364	6.641664
490	588	6.547907
490	2018	6.348373
490	34	6.304925
490	1282	6.162824
490	661	6.110687
490	1907	5.932598
492	2396	5.372947
492	2355	5.236740
492	2805	5.225992
492	2395	5.169869
492	2683	5.105169
492	223	5.078831
492	2599	5.005808
492	2580	4.841763
492	3114	4.822279
492	2433	4.814939
493	1584	6.763931
493	21	6.729405
493	2433	6.609630
493	1909	6.556711
493	293	6.328113
493	39	6.285336
493	223	6.255761
493	1653	6.237205
493	3255	6.202282
493	2706	6.172538
494	1552	6.405322
494	1876	6.176604
494	349	6.144990
494	1722	5.921146
494	1597	5.845695
494	380	5.788392
494	1356	5.716032
494	316	5.707111
494	1676	5.699080
494	2881	5.684816
495	2028	5.349068
495	1196	5.089765
495	1210	5.045714
495	260	4.913368
495	1097	4.858284
495	589	4.689832
495	593	4.687393
495	2858	4.661889
495	1259	4.619875
495	1198	4.588007
496	3510	4.567600
496	3623	4.310391
496	2916	4.288182
496	3408	4.213725
496	3578	4.195874
496	480	4.169185
496	589	4.152634
496	1580	4.108598
496	2858	4.103798
496	2985	4.097521
498	3535	5.557078
498	3448	5.314553
498	3948	5.312319
498	3317	5.309340
498	2792	5.276744
498	2145	5.250781
498	296	5.192189
498	3552	5.106009
498	3624	5.031896
498	593	5.023155
499	1912	5.974705
499	364	5.949738
499	1907	5.830233
499	150	5.782839
499	34	5.626421
499	32	5.554976
499	1358	5.551359
499	2294	5.484985
499	3148	5.484326
499	457	5.391062
500	2396	4.958798
500	2858	4.830961
500	1	4.814178
500	1265	4.662622
500	356	4.502221
500	32	4.487685
500	3114	4.422722
500	1617	4.405432
500	3471	4.397232
500	608	4.387617
501	2640	5.985271
501	1252	5.970361
501	2160	5.893064
501	3624	5.880816
501	1261	5.825642
501	1259	5.782124
501	908	5.773713
501	1198	5.709234
501	589	5.620862
501	260	5.598486
504	1214	5.892566
504	1304	5.508762
504	1387	5.507254
504	1206	5.457146
504	1240	5.436614
504	2664	5.378821
504	1077	5.341042
504	3702	5.253568
504	1200	5.245014
504	1230	5.237805
505	1265	5.847385
505	1307	5.811047
505	1	4.944275
505	1188	4.456631
505	2858	4.442429
505	3671	4.425503
505	3361	4.415200
505	608	4.393596
505	293	4.382475
505	1270	4.361130
506	2013	6.177316
506	2336	5.920968
506	2688	5.871989
506	2686	5.760840
506	2598	5.540106
506	2502	5.470855
506	2581	5.429624
506	2805	5.406998
506	2723	5.336774
506	2840	5.333984
507	3362	7.173296
507	1172	6.743029
507	745	6.597461
507	3424	6.560833
507	955	6.540203
507	1259	6.476878
507	1084	6.401486
507	1199	6.260123
507	1238	6.223022
507	1304	6.118245
508	1831	6.780903
508	3697	6.583608
508	1391	6.545315
508	3638	6.236375
508	2986	5.921125
508	2722	5.830956
508	1591	5.737181
508	3717	5.684205
508	1690	5.659605
508	435	5.637973
509	2115	6.459599
509	1917	6.402618
509	648	6.362121
509	3257	6.305328
509	3623	6.288225
509	3617	6.283533
509	1754	6.254284
509	1608	6.174710
509	2628	6.167965
509	3744	6.072600
510	1238	6.525926
510	1	6.304330
510	1307	5.915557
510	588	5.653641
510	2355	5.603633
510	1909	5.596122
510	595	5.564235
510	1191	5.518530
510	151	5.469576
510	1373	5.418548
512	3897	6.143216
512	319	6.055108
512	2150	5.770976
512	454	5.765753
512	3317	5.622289
512	587	5.579953
512	50	5.385296
512	3617	5.344953
512	3751	5.288026
512	608	5.263903
513	3785	5.974937
513	3717	5.862526
513	3510	5.811506
513	3793	5.427341
513	3897	5.425828
513	253	5.406595
513	3763	5.315405
513	1407	5.193998
513	3826	5.193760
513	2194	5.109668
514	1954	6.072101
514	1222	5.703782
514	1240	5.671709
514	1953	5.660618
514	1214	5.554335
514	903	5.551168
514	1252	5.518169
514	858	5.501705
514	1221	5.416516
514	2194	5.410007
515	1374	6.043656
515	32	6.025119
515	110	5.676083
515	1673	5.647403
515	589	5.514155
515	3160	5.470874
515	1222	5.432937
515	3702	5.391411
515	2000	5.386744
515	2194	5.364166
516	3638	7.337176
516	172	6.799858
516	2530	6.778205
516	1779	6.740923
516	2710	6.735319
516	2722	6.718310
516	1371	6.630585
516	3697	6.511648
516	253	6.503574
516	2699	6.497184
517	2469	5.622838
517	2424	5.007734
517	1569	4.994277
517	708	4.980235
517	2746	4.884226
517	2100	4.795596
517	1380	4.794593
517	367	4.763155
517	2245	4.738319
517	1441	4.711744
518	3418	5.213074
518	1214	5.000566
518	3175	4.907604
518	1097	4.861613
518	2692	4.848270
518	2916	4.766854
518	3471	4.761475
518	32	4.730682
518	1035	4.724856
518	34	4.637643
519	2087	6.270244
519	364	5.770087
519	2797	5.664011
519	2081	5.648671
519	1019	5.603285
519	595	5.466748
519	1097	5.427514
519	3489	5.281755
519	2355	5.166979
519	2294	5.070044
520	608	6.317548
520	1	5.881390
520	1265	5.828119
520	3751	5.699984
520	1249	5.659310
520	1259	5.618409
520	1394	5.617266
520	3526	5.567254
520	2321	5.482706
520	1148	5.323009
521	913	6.299428
521	1206	5.293203
521	3471	5.217909
521	912	5.199954
521	1954	5.152179
521	858	5.094529
521	260	5.011465
521	1207	4.939732
521	1953	4.853679
521	1304	4.799371
522	589	5.281625
522	2628	5.158910
522	2571	4.994888
522	1573	4.897272
522	3160	4.849127
522	110	4.805508
522	780	4.769786
522	1356	4.732139
522	1584	4.641186
522	648	4.602655
523	2194	6.711131
523	589	5.722086
523	3702	5.709186
523	1214	5.696385
523	1036	5.637304
523	1240	5.633408
523	1954	5.519669
523	2571	5.473395
523	1387	5.078721
523	1200	5.067736
524	1831	7.487611
524	3638	6.976697
524	3717	6.926064
524	1037	6.887332
524	435	6.871070
524	1371	6.712894
524	1779	6.707187
524	3273	6.558890
524	2722	6.498740
524	2717	6.470989
525	260	5.822659
525	912	5.686740
525	1276	5.606983
525	1234	5.532822
525	1230	5.475507
525	1136	5.383498
525	1198	5.341005
525	1394	5.314759
525	1247	5.302035
525	1259	5.273032
526	589	7.217728
526	2571	6.264916
526	1610	6.207833
526	1240	6.095076
526	480	6.054690
526	2916	6.007141
526	1214	5.925804
526	1036	5.878229
526	457	5.841157
526	2028	5.728027
528	3753	4.338549
528	3510	4.248146
528	3717	4.247325
528	253	4.245830
528	3844	4.236577
528	3863	4.100335
528	2012	4.042969
528	3624	4.032621
528	2167	3.985990
528	3744	3.940591
529	608	5.937208
529	1240	5.791158
529	908	5.740291
529	1304	5.727076
529	1200	5.578888
529	1214	5.563833
529	1198	5.489936
529	1387	5.463324
529	1259	5.419371
529	1617	5.415266
530	2000	5.216221
530	608	5.167165
530	2791	5.134517
530	1240	5.101934
530	296	5.011888
530	1213	4.929518
530	908	4.850743
530	1270	4.808100
530	1965	4.783456
530	2571	4.720636
531	266	6.340965
531	3155	6.050639
531	3528	5.883860
531	353	5.829597
531	1101	5.705535
531	380	5.439007
531	368	5.418239
531	457	5.387398
531	377	5.375942
531	802	5.318216
532	589	5.855351
532	608	5.707686
532	32	5.680952
532	110	5.373472
532	296	5.314539
532	1584	5.263130
532	457	5.248718
532	1617	5.245578
532	1249	5.162247
532	1673	5.151862
533	1097	6.498225
533	2791	5.933698
533	1374	5.747679
533	2174	5.689447
533	2797	5.628067
533	2716	5.581920
533	2395	5.545939
533	3160	5.444147
533	34	5.408660
533	3248	5.260665
534	1777	6.117324
534	2424	6.075742
534	587	5.930251
534	2396	5.607643
534	1265	5.372402
534	356	5.355231
534	852	5.342794
534	337	5.242483
534	11	5.191808
534	1721	5.176678
536	595	7.729349
536	364	7.435303
536	2087	7.348213
536	2078	7.233307
536	2018	7.183938
536	588	7.167652
536	594	6.942858
536	1022	6.846796
536	1032	6.684212
536	3034	6.643341
537	1259	5.731055
537	908	5.470741
537	34	5.355865
537	1097	5.268463
537	608	5.246307
537	1136	5.224446
537	111	5.198938
537	260	5.177370
537	1035	5.119431
537	912	5.104791
538	608	4.690964
538	1197	4.646420
538	593	4.486693
538	1307	4.410317
538	1	4.388089
538	1259	4.356718
538	1265	4.355867
538	1097	4.267328
538	3552	4.217393
538	34	4.200058
539	1235	6.347668
539	2300	6.229190
539	1	6.178960
539	1294	6.045115
539	1230	5.819776
539	1028	5.811026
539	1304	5.586018
539	899	5.379102
539	2863	5.352792
539	1136	5.335446
540	34	4.885110
540	150	4.689089
540	1265	4.639720
540	2000	4.613957
540	1961	4.604879
540	3148	4.561715
540	1732	4.526455
540	1704	4.492599
540	3114	4.404634
540	235	4.283410
541	2706	5.779811
541	377	5.665358
541	3176	5.564340
541	356	5.341603
541	2396	5.252064
541	2433	5.170757
541	1722	5.122842
541	587	5.113929
541	2502	5.088315
541	3253	5.051378
542	2571	5.445943
542	1240	5.171572
542	457	5.033734
542	2194	4.931896
542	1036	4.862306
542	296	4.825880
542	2628	4.730867
542	608	4.730541
542	1610	4.721531
542	3510	4.637696
543	595	7.694266
543	364	7.625412
543	588	7.585862
543	2294	6.938960
543	1907	6.776330
543	783	6.573996
543	2087	6.392997
543	1032	6.387603
543	1029	6.255159
543	2085	6.229738
544	919	7.047872
544	1947	7.001116
544	2087	6.947936
544	899	6.842500
544	969	6.657797
544	2018	6.645145
544	2565	6.530242
544	2067	6.209902
544	1073	6.200601
544	1225	6.160061
546	1230	7.413118
546	1333	7.218206
546	1276	6.904113
546	1956	6.762417
546	1304	6.619864
546	969	6.589530
546	1231	6.557932
546	1387	6.398732
546	3363	6.291112
546	953	6.279242
547	589	6.075102
547	2916	5.526233
547	1240	5.336905
547	2628	5.218885
547	1580	5.103380
547	2028	5.019950
547	1610	4.989915
547	110	4.962312
547	1527	4.907476
547	457	4.889420
548	1974	6.377970
548	2513	6.127400
548	1321	6.124244
548	2004	5.978353
548	3264	5.883975
548	2121	5.854100
548	2793	5.804730
548	3638	5.742852
548	2716	5.601637
548	328	5.496737
549	3744	5.710146
549	3623	5.331614
549	3793	5.327360
549	3745	5.287390
549	3785	5.185860
549	3638	5.166195
549	3510	5.013731
549	3784	4.876941
549	3483	4.875224
549	3617	4.852339
550	3148	6.266566
550	150	6.199213
550	1213	6.152976
550	1358	5.901410
550	3176	5.882783
550	3146	5.831447
550	1912	5.753100
550	1275	5.693187
550	1374	5.656174
550	1089	5.578121
551	1747	5.893145
551	357	5.738931
551	39	5.728351
551	3255	5.642510
551	1883	5.634283
551	1265	5.603186
551	1500	5.564078
551	2706	5.553835
551	3253	5.519346
551	104	5.399363
552	2716	6.625200
552	2428	6.342185
552	3016	6.278025
552	2746	6.226765
552	1321	5.831473
552	2412	5.778686
552	2901	5.667048
552	3638	5.557457
552	968	5.537703
552	2003	5.458836
553	104	7.940308
553	1500	7.309449
553	1265	7.145536
553	1517	7.036327
553	1784	6.989911
553	1747	6.909313
553	2108	6.694076
553	500	6.642350
553	3450	6.465805
553	1883	6.408753
554	2490	5.462342
554	3175	5.457287
554	2683	5.455613
554	2013	5.303671
554	2396	5.220328
554	2723	5.209623
554	2581	5.195090
554	2710	5.117545
554	1513	5.025060
554	2706	5.008783
555	3897	5.505625
555	1092	5.149464
555	454	5.046003
555	3617	5.023606
555	1089	5.009632
555	3863	4.871232
555	1249	4.800711
555	608	4.768681
555	50	4.710495
555	3556	4.683995
556	1676	5.884212
556	1375	5.849893
556	1876	5.798712
556	185	5.563733
556	2393	5.552197
556	1037	5.537720
556	1917	5.516036
556	3697	5.504274
556	1527	5.465738
556	2826	5.408638
557	1527	5.560880
557	2916	5.428267
557	2167	5.410372
557	3160	5.174495
557	2455	5.092403
557	2640	4.899546
557	349	4.706875
557	1544	4.653308
557	3107	4.640552
557	592	4.639624
558	913	6.255791
558	3471	6.097786
558	1206	5.963719
558	1214	5.758310
558	1269	5.682185
558	1086	5.579529
558	1266	5.475336
558	2396	5.403145
558	1201	5.343263
558	32	5.320816
560	1876	7.767957
560	1372	7.705059
560	1690	7.658962
560	1527	7.638277
560	316	7.634584
560	2699	7.633458
560	1391	7.343367
560	3697	7.280020
560	2126	7.141820
560	2722	7.095531
561	3793	5.197668
561	2628	5.154060
561	3555	4.956211
561	3744	4.827919
561	3745	4.729521
561	2571	4.652095
561	3578	4.641637
561	2115	4.566719
561	3755	4.551381
561	3624	4.522896
562	1206	6.197632
562	3702	6.045739
562	2529	5.779003
562	2571	5.777497
562	589	5.634011
562	3471	5.447809
562	1198	5.321304
562	260	5.239564
562	1954	5.181746
562	32	5.093162
563	1831	7.704855
563	1037	7.556001
563	185	7.487758
563	1779	7.440312
563	1544	7.327139
563	3697	7.284232
563	196	7.264090
563	2986	7.221525
563	2532	6.979006
563	70	6.897460
564	912	5.746821
564	260	5.311137
564	1210	5.156273
564	2028	5.103110
564	1196	5.096419
564	2987	5.034823
564	1259	5.006418
564	919	4.839515
564	1233	4.822241
564	750	4.814667
566	595	6.745264
566	2081	6.400434
566	1022	6.238829
566	1019	5.803867
566	594	5.787606
566	1282	5.763994
566	783	5.727178
566	2018	5.678798
566	2080	5.631458
566	2687	5.623103
567	2628	7.046386
567	1101	6.422914
567	1544	6.096368
567	349	6.072189
567	653	5.743663
567	2115	5.740263
567	1917	5.497733
567	316	5.378983
567	1527	5.341979
567	480	5.301574
569	2253	7.739088
569	153	7.630213
569	1513	7.243430
569	520	7.123204
569	2431	6.975398
569	2100	6.931783
569	818	6.920665
569	355	6.879523
569	2961	6.862253
569	1367	6.850763
570	3638	6.541747
570	3827	6.303859
570	1092	6.215747
570	736	6.065988
570	2389	5.758936
570	2012	5.749889
570	1645	5.675607
570	2717	5.648944
570	3717	5.646565
570	1339	5.633535
571	21	5.883958
571	2000	5.687710
571	589	5.605717
571	2391	5.602384
571	2571	5.595401
571	1580	5.473998
571	3418	5.443538
571	110	5.435666
571	3408	5.422402
571	1343	5.399413
573	457	5.962570
573	3418	5.716470
573	3256	5.511182
573	1240	5.391864
573	1610	5.319574
573	1214	5.196656
573	2916	5.187470
573	2391	5.175481
573	32	5.164357
573	16	5.135726
575	2396	4.575653
575	2916	4.519940
575	3114	4.429153
575	2571	4.414146
575	3175	4.373344
575	1127	4.318824
575	480	4.280304
575	1374	4.270658
575	2355	4.123946
575	2712	4.105381
576	1374	5.685053
576	3160	5.362159
576	1097	5.321761
576	2985	5.196356
576	1127	5.025872
576	2712	5.023447
576	2716	4.750739
576	589	4.744614
576	1527	4.729165
576	2455	4.721337
577	589	6.143748
577	3702	5.733257
577	1214	5.726029
577	1206	5.603097
577	2571	5.511419
577	1954	5.466232
577	1610	5.423945
577	1200	5.216826
577	2916	5.180547
577	3471	5.174209
579	2003	5.990137
579	2407	5.491911
579	2105	5.472667
579	2746	5.472514
579	2416	4.969427
579	2872	4.930404
579	3534	4.812647
579	2797	4.783007
579	2193	4.741182
579	1994	4.645516
580	1079	6.456948
580	2918	6.444963
580	1197	6.437119
580	1307	6.332521
580	2858	6.294564
580	3361	6.286816
580	1221	6.243584
580	750	6.097570
580	1394	6.025873
580	1387	5.949369
581	587	7.034716
581	2424	6.334481
581	236	6.219173
581	1711	5.726951
581	7	5.681742
581	339	5.641541
581	1777	5.623207
581	372	5.611972
581	252	5.570807
581	1457	5.449646
582	2701	5.688603
582	2724	5.455244
582	3623	5.449301
582	2805	5.416393
582	2	5.337921
582	2723	5.298856
582	3053	5.210385
582	2683	5.208221
582	2013	5.203511
582	2694	5.128635
583	1101	5.492547
583	3753	5.094767
583	2406	5.080647
583	3173	4.935728
583	2470	4.826426
583	2005	4.797222
583	1073	4.633694
583	1088	4.609587
583	3155	4.584718
583	3911	4.518764
584	2028	4.493220
584	1073	4.434758
584	2628	4.355912
584	2987	4.345885
584	2762	4.339245
584	2968	4.159967
584	1210	4.152385
584	1097	4.140389
584	3471	4.136977
584	2571	4.088240
585	2174	5.089619
585	3424	4.866621
585	1259	4.851882
585	296	4.698372
585	3173	4.681710
585	2791	4.659319
585	2797	4.590063
585	1035	4.507035
585	1225	4.465321
585	1282	4.439891
586	1206	5.385271
586	1617	5.265889
586	608	5.189533
586	1198	5.119695
586	527	5.078246
586	1221	5.035777
586	858	5.033085
586	2858	4.922098
586	912	4.828596
586	1304	4.818106
587	1249	7.440501
587	1213	6.748845
587	296	6.732742
587	2571	6.620545
587	1089	6.600899
587	1240	6.574126
587	608	6.475972
587	1198	6.303578
587	1291	6.283119
587	2028	6.218995
588	3654	6.438140
588	1265	6.040568
588	1307	5.959114
588	608	5.792454
588	1224	5.680152
588	1304	5.576919
588	1234	5.544597
588	1289	5.542309
588	1961	5.445451
588	1617	5.438386
590	357	7.191669
590	497	7.134210
590	356	7.062147
590	2355	7.056683
590	21	7.036374
590	588	6.928959
590	3253	6.699033
590	17	6.695195
590	2321	6.689159
590	1265	6.665847
591	34	6.020617
591	1374	5.607793
591	150	5.140390
591	2396	5.070801
591	3114	4.957435
591	3160	4.935516
591	2355	4.840545
591	2997	4.785545
591	1060	4.755107
591	1097	4.750508
593	3105	7.952779
593	16	7.669129
593	2391	7.341820
593	21	7.242475
593	1120	7.149442
593	3418	6.970467
593	377	6.800422
593	1641	6.791797
593	588	6.791734
593	3386	6.700159
594	1265	6.335392
594	1307	6.037071
594	1028	5.975600
594	3072	5.772849
594	3526	5.606092
594	3424	5.483966
594	34	5.368058
594	588	5.353130
594	2243	5.267203
594	1394	5.079024
595	3176	5.230987
595	16	5.191491
595	2391	5.148462
595	2571	4.966777
595	454	4.901505
595	1393	4.829894
595	3408	4.780046
595	377	4.691512
595	608	4.622770
595	3148	4.599136
596	589	5.698388
596	480	5.458425
596	296	5.348174
596	1673	5.342831
596	2571	5.317983
596	3624	5.239176
596	457	5.197001
596	3173	5.179065
596	2628	5.174007
596	1584	5.162107
597	2683	5.751478
597	1513	5.690614
597	2336	5.684484
597	2706	5.517242
597	3174	5.409370
597	2433	5.403422
597	2395	5.362173
597	3053	5.303340
597	223	5.203658
597	2770	5.173283
598	2490	5.579141
598	2683	5.496371
598	2723	5.165689
598	2706	5.153623
598	1513	4.994499
598	3175	4.966240
598	2805	4.924248
598	2013	4.895393
598	24	4.842205
598	2581	4.806425
601	1527	6.339266
601	1580	6.073898
601	1573	6.060669
601	2916	6.054386
601	2571	6.019521
601	480	5.970645
601	2640	5.881659
601	1584	5.828476
601	1610	5.624377
601	3354	5.593203
602	196	7.840266
602	3638	6.888518
602	1388	6.813996
602	185	6.623485
602	2094	6.611584
602	2710	6.586467
602	1831	6.517079
602	329	6.475267
602	1909	6.362001
602	2808	6.267113
603	1608	5.685596
603	3176	5.525469
603	2763	5.233756
603	1721	5.195815
603	16	5.172360
603	1722	5.170504
603	2916	5.138187
603	2706	5.064862
603	1610	5.045251
603	380	4.971301
604	1917	7.835895
604	3697	7.381362
604	1544	6.789156
604	185	6.738061
604	1792	6.718113
604	1876	6.706266
604	1037	6.676316
604	316	6.637203
604	1779	6.633231
604	1391	6.625873
605	3623	4.824442
605	2858	4.672762
605	3016	4.647764
605	1387	4.570882
605	3717	4.513281
605	2023	4.440680
605	3578	4.259887
605	2001	4.193681
605	1407	4.181682
605	2490	4.175068
606	1265	5.739294
606	1307	5.461533
606	1961	5.448554
606	2355	4.757297
606	2997	4.632080
606	2321	4.563617
606	3361	4.507575
606	3072	4.482776
606	1079	4.399887
606	235	4.370476
608	2723	5.080119
608	2716	5.070408
608	3175	4.956337
608	2710	4.918478
608	1377	4.802251
608	1527	4.688287
608	2628	4.673486
608	1372	4.621826
608	1917	4.606889
608	24	4.572657
609	480	5.550999
609	589	5.402594
609	2571	5.213342
609	2985	5.196486
609	1573	5.068936
609	648	4.938942
609	110	4.736525
609	3160	4.566129
609	592	4.519763
609	457	4.513318
610	1676	6.129226
610	1573	5.960633
610	1527	5.811404
610	648	5.744261
610	2985	5.643464
610	1831	5.397824
610	2641	5.216140
610	3638	5.205300
610	2916	5.156752
610	674	5.138613
611	3861	5.373816
611	454	5.183628
611	3793	5.151469
611	3510	4.988863
611	3745	4.981187
611	1676	4.808733
611	3408	4.700523
611	3623	4.669621
611	3481	4.664477
611	3578	4.626280
612	2194	7.236611
612	589	7.219775
612	110	6.434446
612	457	6.430983
612	1036	6.364465
612	1965	6.256089
612	1240	6.218931
612	2571	6.204694
612	1610	6.178633
612	296	6.051152
613	34	4.714622
613	588	4.328316
613	3751	4.128980
613	608	4.067060
613	1393	3.948668
613	1784	3.893995
613	296	3.853629
613	36	3.768847
613	593	3.763526
613	1682	3.720537
614	594	7.864923
614	595	7.791844
614	1029	7.463639
614	596	7.384306
614	2078	7.226892
614	2018	7.161276
614	2096	7.126267
614	2080	6.876451
614	2085	6.698318
614	1282	6.682784
615	3408	5.149391
615	454	5.006785
615	3578	4.849144
615	2433	4.634672
615	3175	4.610334
615	3256	4.594100
615	2353	4.571063
615	2858	4.515140
615	1127	4.513735
615	293	4.499279
616	296	5.521309
616	1240	5.472361
616	589	5.446296
616	2571	5.240338
616	457	5.190468
616	608	5.150567
616	1213	4.987370
616	1249	4.937673
616	592	4.912210
616	3418	4.894765
618	2160	7.151944
618	2455	7.023487
618	2640	6.601878
618	1129	6.528965
618	480	6.526852
618	1673	6.461803
618	3927	6.370358
618	589	6.230522
618	2194	6.151612
618	524	6.057965
620	1513	6.563700
620	2478	6.418542
620	2369	6.300205
620	500	6.104428
620	788	6.062231
620	1126	6.046641
620	2100	5.987332
620	2249	5.830292
620	3752	5.748304
620	367	5.738240
621	3844	5.830911
621	3863	5.776195
621	3624	5.615016
621	1089	5.526520
621	1213	5.479144
621	2011	5.345048
621	253	5.329455
621	1124	5.326360
621	3704	5.207875
621	592	5.196086
622	608	5.852297
622	1265	5.544223
622	1249	5.163571
622	1394	5.044082
622	1960	4.996686
622	1259	4.976570
622	3751	4.971101
622	1	4.910490
622	296	4.901055
622	3317	4.856829
623	608	5.128291
623	1240	4.871316
623	1249	4.750484
623	3751	4.740271
623	1196	4.660928
623	1617	4.642865
623	1198	4.638397
623	1206	4.588051
623	593	4.516926
623	260	4.507249
624	2065	6.161474
624	1230	5.978553
624	1333	5.957827
624	1235	5.627131
624	1304	5.547621
624	162	5.516586
624	1294	5.513522
624	3685	5.413099
624	1265	5.386863
624	904	5.252546
625	588	7.106799
625	350	6.857202
625	1408	6.850600
625	16	6.784870
625	62	6.690383
625	1356	6.662314
625	161	6.594695
625	1573	6.537918
625	1584	6.530736
625	1580	6.529590
626	260	5.716385
626	1196	5.341086
626	1252	5.305215
626	858	5.289963
626	1233	5.278653
626	1259	5.270903
626	750	5.182356
626	1198	5.167434
626	541	5.150540
626	2028	5.095307
627	1291	6.166829
627	2105	6.098272
627	2470	5.925856
627	2115	5.513327
627	2005	5.421343
627	1198	5.415585
627	318	5.296837
627	2028	5.262035
627	3489	5.225780
627	1220	5.142811
628	1923	6.036799
628	3253	5.897005
628	1747	5.798621
628	1500	5.692547
628	1517	5.663525
628	104	5.583479
628	39	5.573522
628	223	5.532290
628	2683	5.517947
628	337	5.492699
629	2394	8.294903
629	1073	7.571259
629	158	7.099164
629	2153	7.060145
629	2087	7.037303
629	2968	6.932894
629	1097	6.887295
629	3489	6.770231
629	1688	6.712776
629	2950	6.709958
630	1294	5.590321
630	1307	5.538274
630	17	5.403676
630	588	5.044659
630	2716	5.018199
630	914	4.897193
630	2396	4.791187
630	3363	4.780407
630	920	4.660256
630	3543	4.529607
631	780	4.830022
631	588	4.801681
631	595	4.757540
631	364	4.754423
631	1876	4.721975
631	329	4.633352
631	2046	4.367475
631	1527	4.363964
631	674	4.357622
631	1573	4.348520
632	349	5.254318
632	648	5.207262
632	1608	4.971025
632	1876	4.938439
632	1676	4.805388
632	2640	4.796519
632	1544	4.693109
632	3160	4.692705
632	110	4.674794
632	733	4.569563
633	2997	4.658682
633	1265	4.588712
633	3253	4.192023
633	3114	4.172575
633	2355	4.137132
633	2599	4.134044
633	2858	4.109712
633	34	4.026266
633	356	3.991444
633	3052	3.966335
634	595	7.273891
634	783	6.323628
634	34	6.101788
634	1907	5.977742
634	1947	5.943168
634	1094	5.923783
634	594	5.879980
634	2078	5.700707
634	2987	5.691493
634	2018	5.678778
635	745	6.064995
635	3671	5.680237
635	1077	5.423247
635	1199	5.217737
635	1304	5.138465
635	1278	4.958313
635	955	4.912204
635	1080	4.872757
635	1265	4.850312
635	1223	4.805522
636	329	7.027502
636	1690	6.828115
636	1320	6.646018
636	1876	6.477941
636	3638	6.440036
636	1717	6.385165
636	1831	6.375842
636	674	6.249068
636	2393	6.217870
636	2167	5.928891
637	2640	5.772509
637	3471	5.675317
637	920	5.588068
637	1252	5.578319
637	589	5.541969
637	912	5.340027
637	260	5.330611
637	1214	5.279997
637	1610	5.263483
637	2406	5.229713
638	3624	5.778092
638	2628	5.586522
638	3555	5.402720
638	1101	5.322930
638	3409	5.241937
638	3173	5.238897
638	2011	5.214703
638	1544	5.163833
638	3863	5.125618
638	3755	5.096316
639	34	4.240614
639	3114	4.096259
639	1073	4.081571
639	2997	3.914589
639	2396	3.847890
639	150	3.618022
639	2174	3.587518
639	2762	3.583892
639	2987	3.540628
639	3081	3.534863
641	1198	4.244120
641	260	4.154445
641	1270	4.013266
641	608	3.999196
641	3751	3.963967
641	2858	3.945470
641	2804	3.922384
641	593	3.922209
641	296	3.900070
641	1387	3.861157
643	2805	5.732571
643	2336	5.605956
643	2683	5.564871
643	2686	5.523456
643	2013	5.501296
643	2706	5.259362
643	3175	5.195342
643	2490	5.098514
643	2770	5.083373
643	2369	5.018409
644	1092	4.892614
644	3893	4.859894
644	3624	4.757990
644	3744	4.705409
644	266	4.569797
644	3911	4.562105
644	1645	4.507854
644	3897	4.424152
644	3755	4.401968
644	3863	4.384744
645	912	5.312012
645	1304	5.200252
645	1234	5.113613
645	1276	5.110133
645	919	5.084177
645	1221	5.022493
645	1394	4.969128
645	1259	4.962694
645	1136	4.934469
645	858	4.832539
646	1917	7.321408
646	1876	6.921008
646	1573	6.747297
646	1676	6.726285
646	2628	6.656144
646	1527	6.635623
646	3697	6.582502
646	648	6.507286
646	1552	6.496252
646	2393	6.318311
647	2253	7.640983
647	2100	6.913386
647	2605	6.761266
647	3273	6.548670
647	1562	6.484761
647	153	6.482861
647	2054	6.353510
647	1513	6.151401
647	1307	6.107545
647	485	6.043964
648	2683	5.406216
648	380	5.370013
648	3623	5.357039
648	2724	5.337289
648	1721	5.246253
648	2706	5.198725
648	2395	5.124462
648	2841	5.045689
648	852	4.963289
648	2840	4.951258
649	1304	5.222351
649	3671	4.779104
649	1206	4.730875
649	2716	4.730557
649	1276	4.716046
649	1197	4.710004
649	2300	4.666911
649	1230	4.635642
649	260	4.523079
649	1234	4.514716
650	589	6.369011
650	1240	5.371263
650	480	5.301581
650	1610	5.128718
650	2858	5.127486
650	3578	5.042471
650	32	5.028853
650	608	4.942234
650	1200	4.887290
650	1210	4.872378
651	2100	7.409462
651	2003	7.106096
651	2746	7.085311
651	19	6.599452
651	2797	6.575756
651	370	6.533442
651	2717	6.305667
651	2416	6.154323
651	2470	6.097243
651	3268	5.993078
652	434	6.114028
652	1876	6.091403
652	1831	5.896095
652	2808	5.801319
652	1372	5.754267
652	3257	5.752137
652	736	5.748361
652	1603	5.720886
652	185	5.717098
652	172	5.679738
654	1228	7.200134
654	2804	7.005263
654	1957	6.569529
654	1197	6.535807
654	1962	6.501214
654	1234	6.471524
654	3683	6.454939
654	1028	6.330629
654	1198	6.305227
654	908	6.292064
655	3263	5.086995
655	344	5.050865
655	2124	5.011905
655	500	4.735551
655	1265	4.593948
655	597	4.590769
655	2431	4.524323
655	2108	4.505661
655	141	4.465565
655	372	4.418122
656	1304	6.332680
656	1136	6.263753
656	1230	6.182538
656	1235	5.992081
656	1234	5.840387
656	1269	5.840253
656	955	5.773173
656	750	5.692661
656	1276	5.683558
656	2300	5.665167
657	2336	6.357514
657	3175	5.827723
657	3157	5.736051
657	2706	5.698551
657	2353	5.525460
657	2683	5.507639
657	2712	5.472877
657	2318	5.390495
657	2906	5.380919
657	2959	5.247720
658	2012	3.801998
658	2054	3.791467
658	1073	3.754172
658	2628	3.719653
658	3623	3.657277
658	367	3.615699
658	3753	3.595782
658	2762	3.595709
658	3114	3.523382
658	3408	3.503132
659	3252	6.069835
659	588	5.957330
659	1784	5.524367
659	3386	5.463882
659	357	5.451713
659	16	5.406515
659	21	5.372279
659	1641	5.367171
659	377	5.288008
659	3100	5.255998
660	1644	7.610597
660	3257	7.295571
660	1377	6.532682
660	2389	6.496617
660	2672	6.457381
660	724	5.976680
660	1717	5.938525
660	2026	5.903777
660	2279	5.847995
660	2320	5.829363
661	1198	5.758981
661	260	5.431477
661	296	5.316401
661	1249	5.273499
661	858	5.259537
661	1196	5.250990
661	1221	5.245204
661	608	5.189363
661	593	5.086929
661	318	4.991037
662	349	6.430357
662	1552	6.413120
662	1573	6.283443
662	1722	6.178510
662	1608	6.148606
662	10	6.059131
662	2628	6.044523
662	2916	6.038351
662	1917	5.937959
662	733	5.895173
663	1690	6.582104
663	3638	6.526167
663	1320	6.271744
663	1831	6.239212
663	2722	6.196087
663	185	5.901919
663	1037	5.821894
663	1388	5.798108
663	2808	5.603987
663	2713	5.543898
664	1500	5.849155
664	1265	5.810384
664	2321	5.657774
664	39	5.483282
664	1	5.276446
664	293	5.221833
664	1732	5.205456
664	3108	5.189517
664	1961	5.143953
664	1968	5.112706
666	2433	6.302385
666	2707	6.102193
666	1732	6.002086
666	2706	5.842741
666	1625	5.817805
666	39	5.741016
666	3176	5.716161
666	3253	5.703594
666	587	5.681782
666	337	5.628508
667	1407	5.711127
667	3763	5.425455
667	3623	5.240010
667	3174	5.069619
667	3510	5.052504
667	3578	4.975199
667	2959	4.963645
667	2001	4.962941
667	2194	4.935345
667	3408	4.882287
668	454	6.051060
668	1573	5.581852
668	1580	5.304862
668	736	5.187994
668	1876	5.040297
668	648	5.031706
668	3408	4.951923
668	1370	4.922467
668	587	4.865072
668	3578	4.768514
669	1974	5.369916
669	1566	5.041719
669	1321	5.009131
669	2716	4.952600
669	3363	4.864769
669	1717	4.830447
669	1019	4.798386
669	2367	4.784296
669	1088	4.545808
669	1031	4.523619
670	3435	6.307734
670	1304	6.120854
670	1394	6.109911
670	1230	6.030856
670	1204	6.000661
670	924	5.993907
670	1247	5.985759
670	910	5.982101
670	260	5.879027
670	3545	5.845813
671	1304	5.847160
671	2300	5.695207
671	1206	5.105711
671	924	5.089141
671	260	5.053292
671	608	5.033893
671	3435	4.903265
671	1198	4.833819
671	1230	4.823503
671	858	4.819387
672	2640	5.628643
672	589	5.218969
672	1240	4.975482
672	1954	4.903038
672	3471	4.860981
672	2628	4.820689
672	296	4.803737
672	1214	4.771305
672	527	4.671955
672	1225	4.668969
673	2628	5.634832
673	3173	5.506099
673	2640	5.434338
673	296	5.408987
673	3070	5.287670
673	527	5.266908
673	2968	5.211228
673	2028	5.127507
673	1129	5.112660
673	3418	5.106864
674	589	6.533319
674	2571	6.027178
674	2028	5.630522
674	1617	5.506887
674	3418	5.501265
674	1610	5.474300
674	32	5.455946
674	527	5.453897
674	110	5.425660
674	457	5.369105
675	2490	6.651601
675	2716	6.114303
675	2699	6.025027
675	3113	6.019837
675	3175	5.919504
675	3053	5.828871
675	2706	5.764123
675	2722	5.759152
675	2683	5.726624
675	2805	5.673399
676	520	5.934571
676	2431	5.663106
676	344	5.593631
676	2335	5.568447
676	2369	5.442594
676	500	5.389893
676	367	5.383528
676	1513	5.330829
676	3263	5.330101
676	1126	5.263536
677	3044	7.664158
677	337	7.283372
677	3105	7.158015
677	3255	7.017084
677	1777	6.985698
677	2108	6.963379
677	3623	6.712613
677	3174	6.647931
677	319	6.548636
677	497	6.396837
678	1028	5.996063
678	34	5.911633
678	1022	5.878976
678	1032	5.720531
678	969	5.661085
678	595	5.616943
678	2078	5.586434
678	364	5.442574
678	2096	5.399107
678	2137	5.315056
679	2194	4.755242
679	2791	4.745320
679	2455	4.455430
679	2000	4.389665
679	296	4.346613
679	1962	4.285218
679	1036	4.275268
679	2657	4.258316
679	1965	4.242587
679	2858	4.228366
680	2433	5.753858
680	2355	5.669800
680	2712	5.327640
680	3174	5.049712
680	3408	5.014452
680	2353	4.997903
680	3219	4.965424
680	2396	4.952680
680	2881	4.926652
680	1408	4.888627
681	595	7.983811
681	364	7.295606
681	2078	6.915103
681	2294	6.738202
681	2087	6.714129
681	1907	6.675081
681	2081	6.630760
681	2080	6.613721
681	1029	6.602168
681	2018	6.596922
682	1961	5.259497
682	1276	5.148808
682	608	5.100397
682	1136	5.054573
682	1304	5.009848
682	1222	4.993970
682	1196	4.989750
682	1221	4.968973
682	1265	4.927993
682	1	4.815853
684	2805	6.323161
684	2688	5.710070
684	2581	5.531210
684	2490	5.405780
684	3219	5.403237
684	2694	5.230464
684	2683	5.209723
684	2686	5.202407
684	2541	5.196297
684	2710	5.164208
685	1101	6.405822
685	2746	6.134489
685	3565	5.773197
685	2406	5.648997
685	3524	5.493350
685	3512	5.145137
685	3911	5.104927
685	2245	5.100471
685	3618	5.074327
685	3882	5.003494
687	587	7.201868
687	2424	7.065769
687	1888	6.797926
687	236	6.779103
687	3528	6.742771
687	1457	6.594491
687	539	6.541484
687	339	6.202972
687	3617	6.096213
687	1409	6.048504
688	920	6.761971
688	1230	6.256611
688	898	5.965762
688	1276	5.910097
688	910	5.838812
688	3471	5.815179
688	1035	5.706749
688	3363	5.703034
688	1097	5.653109
688	541	5.609628
689	1544	6.390590
689	1876	6.326657
689	1676	6.317237
689	1527	6.300796
689	2628	5.901589
689	480	5.700943
689	1917	5.646392
689	648	5.636180
689	1831	5.573022
689	185	5.543705
690	1265	4.861805
690	2858	4.292774
690	356	4.137457
690	2716	4.111524
690	3175	4.015684
690	1784	3.936600
690	1747	3.877860
690	3408	3.870380
690	1569	3.810308
690	1517	3.781487
691	1265	6.495141
691	1307	5.243820
691	3526	4.748488
691	2918	4.694965
691	1188	4.643338
691	2289	4.593267
691	2716	4.592009
691	162	4.572075
691	1	4.530365
691	3072	4.471268
692	2194	6.301177
692	2000	5.838967
692	1302	5.475245
692	1407	5.038137
692	1213	4.970556
692	1036	4.838411
692	3499	4.829235
692	3639	4.825570
692	3160	4.795107
692	1222	4.765153
693	2916	6.128160
693	1356	6.120714
693	1527	6.096761
693	648	5.975285
693	1580	5.761754
693	1876	5.754132
693	480	5.556285
693	733	5.536581
693	2628	5.446945
693	1653	5.400557
694	2683	6.230360
694	2706	6.162092
694	1513	5.727735
694	2805	5.490318
694	2694	5.396319
694	2770	5.383901
694	2490	5.382808
694	2690	5.236409
694	223	5.182602
694	24	5.154940
695	1962	7.358309
695	2791	7.160218
695	3868	6.885651
695	1079	6.543432
695	1961	6.487610
695	2797	6.475224
695	3210	6.435846
695	2716	6.401644
695	2174	6.371644
695	1097	6.341578
696	3911	6.391718
696	2470	5.649186
696	3882	5.616211
696	2145	5.610463
696	1101	5.552786
696	3893	5.530625
696	2245	5.503396
696	3617	5.456223
696	3744	5.423219
696	1088	5.326988
697	3253	7.490533
697	2355	7.139057
697	1265	7.062858
697	1060	6.839776
697	3255	6.737684
697	1357	6.611084
697	3108	6.605263
697	1747	6.474466
697	1641	6.429194
697	1500	6.294492
698	1391	7.362792
698	2826	6.909100
698	1544	6.796965
698	2002	6.665739
698	1215	6.568983
698	3697	6.477950
698	1372	6.416003
698	2699	6.319944
698	70	6.080896
698	1876	6.047889
699	3552	8.208060
699	2371	8.099344
699	2100	7.953349
699	2746	7.828791
699	2003	7.356917
699	19	7.295349
699	2150	7.101971
699	2416	6.999775
699	2478	6.983863
699	3448	6.822371
700	3418	6.479253
700	1240	6.140560
700	1200	6.044226
700	1408	6.020592
700	1214	5.931461
700	457	5.818807
700	1179	5.746795
700	1653	5.653152
700	2028	5.589889
700	1610	5.587574
701	1265	5.717841
701	1500	5.667538
701	3253	5.478097
701	1784	5.358718
701	39	5.351995
701	2395	5.343791
701	2000	5.336618
701	2997	5.293674
701	3052	5.281481
701	2321	5.256929
702	2375	7.219193
702	2953	7.024436
702	2431	7.020825
702	1307	6.920639
702	1961	6.608231
702	2100	6.509689
702	19	6.437225
702	355	6.385531
702	3263	6.381289
702	2247	6.181855
704	1513	6.764093
704	2683	6.743431
704	2710	6.055091
704	2694	5.929118
704	2369	5.883919
704	2716	5.817687
704	2719	5.787488
704	2580	5.644944
704	2688	5.634002
704	3174	5.620661
705	1345	5.944487
705	2288	5.876058
705	3917	5.850193
705	1969	5.741372
705	1970	5.640115
705	1327	5.633599
705	1225	5.549819
705	2160	5.461435
705	2455	5.384870
705	3918	5.358150
706	39	7.873486
706	1747	7.606606
706	1584	7.392415
706	151	7.178054
706	45	7.137757
706	1500	6.956522
706	2599	6.780132
706	1653	6.758439
706	1589	6.695140
706	2706	6.682335
707	3623	5.416551
707	2763	4.788712
707	3753	4.718658
707	380	4.715369
707	3578	4.688518
707	587	4.647882
707	1805	4.588541
707	2762	4.569093
707	1370	4.568789
707	1608	4.530603
709	2194	6.109385
709	3635	6.103328
709	3918	6.057837
709	2901	6.037290
709	1387	5.979951
709	370	5.887155
709	3275	5.837592
709	1982	5.774745
709	1261	5.760311
709	2003	5.709930
710	1206	5.720202
710	1997	5.714180
710	1304	5.234040
710	3897	5.183766
710	1219	5.183216
710	3639	5.168655
710	1212	5.102531
710	913	4.955328
710	968	4.931351
710	1266	4.917561
711	1947	5.727659
711	527	5.585694
711	912	5.579225
711	2987	5.293138
711	1208	5.252507
711	34	5.194712
711	260	5.151530
711	1073	5.096370
711	2762	4.997015
711	1272	4.982507
712	3160	5.189671
712	2000	5.033520
712	1580	4.663744
712	3844	4.533160
712	2194	4.484490
712	592	4.453253
712	2826	4.440861
712	2167	4.339179
712	1302	4.317376
712	3408	4.292481
713	2087	6.074373
713	969	5.958525
713	2987	5.956840
713	919	5.950629
713	2078	5.782350
713	260	5.771223
713	1097	5.757985
713	34	5.646364
713	2018	5.587748
713	2968	5.484571
714	2394	5.615971
714	2716	5.404760
714	673	5.383245
714	2384	5.218495
714	2253	5.163974
714	2950	5.132698
714	2087	5.060818
714	1307	5.000361
714	1367	4.976216
714	3081	4.934810
715	34	4.771660
715	1265	4.762483
715	1961	4.223418
715	1307	4.207393
715	1028	4.060409
715	3424	4.058974
715	2997	4.018659
715	3072	3.946466
715	2657	3.814455
715	2396	3.811808
716	595	7.162242
716	2078	6.666222
716	594	6.550461
716	588	6.399033
716	2080	6.190589
716	1282	5.900979
716	2687	5.899542
716	2987	5.666139
716	2394	5.483192
716	3159	5.372579
717	457	6.234326
717	2571	6.011913
717	1240	5.776459
717	1610	5.678271
717	32	5.539377
717	110	5.392298
717	1089	5.379500
717	296	5.360222
717	2916	5.312069
717	608	5.295111
718	1917	8.077519
718	1391	7.344993
718	3697	7.068951
718	1527	7.013256
718	1876	6.934107
718	1372	6.916273
718	2699	6.872439
718	2881	6.783184
718	786	6.719441
718	1573	6.705407
720	1225	5.561249
720	2005	5.463143
720	969	5.438538
720	919	5.238218
720	1254	5.189952
720	2987	5.016377
720	2161	4.957690
720	2193	4.935335
720	1947	4.902851
720	1097	4.896219
721	1214	6.642965
721	3471	6.460647
721	1200	6.318593
721	1210	6.302260
721	260	6.294313
721	912	6.281454
721	750	6.271865
721	1240	6.260763
721	1196	6.216150
721	1198	6.151942
722	39	5.325427
722	1265	5.162039
722	2396	5.086520
722	608	4.933331
722	1732	4.834491
722	2599	4.819483
722	32	4.808306
722	45	4.730822
722	1408	4.710690
722	293	4.667398
724	1370	6.642142
724	380	6.473970
724	1552	6.459931
724	353	6.280410
724	648	6.115030
724	1527	6.048326
724	2628	5.970449
724	1356	5.964345
724	1597	5.943164
724	3623	5.779790
725	1259	5.615250
725	908	5.488452
725	920	5.432562
725	924	5.422490
725	1247	5.403236
725	2248	5.361639
725	1394	5.353074
725	593	5.309382
725	1960	5.306340
725	111	5.293067
726	539	7.394297
726	380	6.580094
726	852	6.510586
726	7	6.261858
726	587	5.947139
726	11	5.892768
726	2369	5.765297
726	368	5.701206
726	3259	5.672378
726	3253	5.658708
727	595	5.729603
727	34	5.642215
727	2294	5.365278
727	1265	5.299550
727	17	5.066226
727	2355	5.029724
727	1094	4.991553
727	1	4.926262
727	1907	4.819191
727	2081	4.760755
728	1213	6.197050
728	3751	6.088168
728	2000	5.924390
728	1089	5.891132
728	3911	5.867464
728	3317	5.798932
728	3844	5.783297
728	296	5.627148
728	2146	5.600840
728	3526	5.595188
729	2628	6.316686
729	1573	6.252722
729	1917	6.027716
729	648	6.022859
729	1608	5.854804
729	1552	5.776448
729	1876	5.667583
729	1527	5.642173
729	1370	5.555444
729	2916	5.483803
730	2000	5.360553
730	1500	5.264871
730	2858	5.245148
730	1222	5.225480
730	3535	5.149400
730	608	5.138071
730	1265	5.021367
730	3578	4.863554
730	2542	4.846165
730	1747	4.841452
731	2717	8.560309
731	2088	8.286079
731	2953	7.851923
731	19	7.702673
731	2471	7.691452
731	1021	7.671317
731	1367	7.659855
731	1126	7.595255
731	1091	7.525480
731	1760	7.455850
732	2716	6.493348
732	1197	5.511665
732	3360	5.404287
732	1079	5.402292
732	2804	5.335585
732	1307	5.304853
732	1961	5.303920
732	3763	5.299934
732	1228	5.264912
732	2355	5.152389
733	1265	6.233662
733	1235	6.032432
733	1307	6.030348
733	1223	5.824339
733	1148	5.802879
733	1	5.774203
733	2300	5.346821
733	587	5.241915
733	745	5.209042
733	597	4.944729
734	2490	6.339994
734	3623	6.157182
734	2881	6.157136
734	2722	5.933028
734	2805	5.916373
734	3219	5.754044
734	1379	5.743246
734	3053	5.703073
734	2581	5.700094
734	1513	5.691240
735	1644	5.833054
735	2009	5.511704
735	2279	5.461369
735	2528	5.346137
735	2389	5.340816
735	3635	5.273536
735	1206	5.225194
735	3702	5.216930
735	1717	5.159373
735	1997	5.074453
736	3578	4.394893
736	2858	4.186990
736	3623	4.155053
736	3408	4.139208
736	2012	3.983235
736	3897	3.979534
736	1391	3.910770
736	3535	3.910301
736	50	3.833217
736	587	3.815218
737	1198	5.736569
737	1249	5.643352
737	1240	5.332800
737	527	5.316333
737	608	5.307512
737	296	5.279081
737	2571	5.274048
737	1291	5.115684
737	1282	5.025617
737	1200	5.018647
738	3948	5.287925
738	2628	5.251586
738	3755	5.089111
738	788	4.681896
738	3617	4.667090
738	2028	4.528240
738	593	4.502538
738	266	4.493093
738	3481	4.473307
738	527	4.439437
739	2797	5.159584
739	2384	4.972865
739	1688	4.810648
739	1081	4.784297
739	2174	4.759074
739	1088	4.560645
739	1307	4.495771
739	2716	4.466177
739	1566	4.426374
739	2015	4.421382
740	1240	6.482036
740	1259	6.380958
740	296	6.345764
740	2571	6.288476
740	1198	6.074166
740	2028	6.059173
740	608	6.010727
740	1249	5.965360
740	2455	5.885375
740	1036	5.868914
741	2513	7.120108
741	2288	6.861529
741	2456	6.711416
741	1974	6.524060
741	3708	6.413742
741	1969	6.331211
741	1327	6.321263
741	3869	5.978613
741	196	5.962558
741	968	5.938231
742	589	5.529791
742	480	5.027735
742	1527	5.010938
742	1584	4.920826
742	457	4.890671
742	32	4.853605
742	1240	4.802249
742	2985	4.658759
742	110	4.658360
742	1573	4.653546
743	1265	5.661234
743	1393	5.338390
743	1777	5.234350
743	1883	5.178101
743	357	5.013614
743	1639	4.974179
743	587	4.960549
743	597	4.936533
743	539	4.867407
743	356	4.814499
744	2100	5.713176
744	367	5.255714
744	1569	5.019565
744	1307	4.938394
744	1265	4.909489
744	344	4.685846
744	2369	4.669972
744	2424	4.620970
744	2797	4.594641
744	1380	4.592186
746	2105	5.994249
746	2011	5.771342
746	1291	5.359161
746	1198	5.303025
746	3510	5.209143
746	592	5.161108
746	2407	5.120198
746	1097	4.950009
746	2985	4.885848
746	296	4.883829
747	3555	5.655617
747	608	5.512376
747	3948	5.440643
747	1249	5.430112
747	3755	5.428001
747	3863	5.279276
747	3893	5.249851
747	593	5.223378
747	50	5.218928
747	1089	5.140319
748	1584	6.412131
748	480	6.224435
748	589	6.105874
748	1374	5.757005
748	2571	5.695599
748	1580	5.655403
748	110	5.632857
748	1653	5.500454
748	2640	5.328170
748	3160	5.298160
749	1350	8.154010
749	3535	7.968254
749	1994	7.735229
749	1219	7.469327
749	2455	7.442051
749	3812	7.235512
749	1982	7.149741
749	2459	7.132633
749	2747	7.102383
749	366	7.091504
750	858	6.025081
750	1198	5.862081
750	260	5.775357
750	912	5.765754
750	903	5.686386
750	1219	5.654150
750	1204	5.635516
750	1248	5.630740
750	1247	5.602105
750	1267	5.598405
752	2716	5.746990
752	2723	4.817679
752	3175	4.742301
752	1097	4.690583
752	3268	4.678414
752	2976	4.591679
752	153	4.537228
752	1562	4.531634
752	1073	4.517535
752	2628	4.440082
753	2394	5.852374
753	2396	5.482463
753	2294	5.438761
753	1682	5.332834
753	3114	5.251202
753	3176	5.241572
753	362	5.216246
753	2706	5.141691
753	1721	5.120645
753	588	5.077498
754	913	5.565020
754	2762	5.236593
754	2396	5.072468
754	2686	4.946964
754	1513	4.841066
754	2688	4.748406
754	2336	4.693167
754	3053	4.635713
754	1073	4.566727
754	2701	4.539885
755	2858	4.768013
755	1210	4.428881
755	912	4.418721
755	260	4.398833
755	593	4.391009
755	1307	4.328104
755	858	4.255680
755	608	4.253120
755	1198	4.239959
755	1387	4.230722
756	2571	5.929405
756	1206	5.852727
756	589	5.535815
756	1954	5.535734
756	3471	5.367903
756	2529	5.334359
756	32	5.265905
756	1617	5.264564
756	1222	5.194722
756	2194	5.156488
757	1573	7.213055
757	1917	7.045005
757	1552	6.954724
757	648	6.703046
757	353	6.668635
757	1370	6.638386
757	1527	6.573646
757	1876	6.554836
757	292	6.526547
757	380	6.477974
759	372	6.528224
759	3155	6.355790
759	539	6.310196
759	1835	6.121301
759	1894	6.080429
759	2875	5.994423
759	587	5.796724
759	339	5.656231
759	736	5.620801
759	3528	5.608131
760	260	7.410299
760	1198	7.315185
760	1204	7.140078
760	1221	6.819766
760	1196	6.683429
760	912	6.563330
760	919	6.554243
760	2871	6.529036
760	1233	6.377158
760	2028	6.303178
762	1676	5.395970
762	648	5.073354
762	2105	5.044188
762	1917	4.845482
762	1573	4.714544
762	3698	4.689417
762	316	4.563067
762	3510	4.543881
762	1371	4.466864
762	2985	4.462428
764	2100	6.236371
764	2003	5.888129
764	2005	5.648668
764	2371	5.567214
764	1220	5.549139
764	19	5.507268
764	2797	5.491932
764	2406	5.491285
764	2872	5.185091
764	2133	5.110683
765	1777	6.740776
765	1569	6.463811
765	587	6.235955
765	1409	5.976916
765	852	5.933327
765	597	5.911372
765	500	5.809623
765	440	5.760786
765	2369	5.738218
765	1457	5.609841
766	1265	5.698268
766	597	5.281051
766	3524	5.208945
766	2108	5.022095
766	1307	5.005832
766	3552	4.898027
766	162	4.865758
766	246	4.817413
766	1569	4.762414
766	3317	4.725375
767	377	6.200175
767	1370	5.998749
767	353	5.845446
767	589	5.601598
767	380	5.588655
767	1608	5.534688
767	1101	5.388554
767	590	5.339448
767	1407	5.328809
767	3418	5.285616
768	2605	7.279298
768	2490	7.253578
768	2881	7.152274
768	2688	7.088423
768	24	6.701678
768	3219	6.695025
768	3113	6.566371
768	3005	6.506281
768	2433	6.094687
768	2722	6.065660
769	260	6.195128
769	1304	6.136076
769	912	6.076904
769	919	5.997739
769	1234	5.862195
769	1221	5.811885
769	1230	5.769012
769	3435	5.689522
769	1198	5.647871
769	904	5.623714
770	34	4.457455
770	364	4.431576
770	969	4.410438
770	1073	4.219153
770	2081	4.120729
770	36	4.083325
770	1907	4.079513
770	1097	4.050039
770	3006	3.996199
770	260	3.982263
772	2699	6.467875
772	2722	6.399432
772	1391	6.367715
772	1831	6.240586
772	196	6.111952
772	1917	6.084673
772	3638	6.010743
772	2716	5.829111
772	3697	5.774199
772	2808	5.749959
773	2881	5.210857
773	3219	5.004226
773	2396	4.746817
773	3175	4.670278
773	3005	4.647043
773	2013	4.617499
773	2683	4.617467
773	2686	4.591714
773	2805	4.578928
773	2336	4.520666
774	1584	5.623154
774	457	5.617564
774	32	5.553675
774	1653	5.450617
774	3176	5.404441
774	1580	5.371953
774	2916	5.142726
774	377	5.100283
774	2571	5.059605
774	480	4.900626
776	1265	5.183148
776	246	4.737083
776	2100	4.712143
776	2243	4.460520
776	3448	4.453768
776	356	4.431519
776	1220	4.427112
776	2858	4.334544
776	593	4.322987
776	2406	4.270687
777	1198	6.521371
777	2797	6.363054
777	1220	6.339051
777	3448	6.209158
777	1960	6.179824
777	2028	6.027686
777	1291	6.025680
777	2872	6.013482
777	318	6.001705
777	1210	5.983152
778	1196	5.230289
778	1259	5.153272
778	1249	4.967204
778	1198	4.942478
778	2028	4.836988
778	1221	4.753275
778	858	4.690322
778	1222	4.634793
778	3948	4.617196
778	1240	4.560244
779	2336	6.136099
779	2598	6.113475
779	2490	5.815969
779	2881	5.795939
779	2686	5.765374
779	2906	5.693826
779	2683	5.691445
779	2716	5.630099
779	2734	5.597723
779	2013	5.593271
780	3744	7.217988
780	3617	6.242016
780	3911	6.056668
780	3618	5.896656
780	3745	5.872576
780	3565	5.646304
780	3861	5.642980
780	3893	5.639419
780	3555	5.599995
780	3793	5.587624
781	2797	6.650178
781	3157	6.543512
781	1961	6.132607
781	2395	6.063348
781	3479	6.016755
781	2100	5.962376
781	1073	5.881627
781	2470	5.807595
781	1097	5.679881
781	317	5.539223
783	1917	7.414106
783	736	7.093064
783	2701	6.935406
783	2840	6.670225
783	3623	6.627010
783	2699	6.586838
783	3257	6.578313
783	2881	6.479060
783	208	6.370137
783	1722	6.368482
784	2699	5.616215
784	2433	5.453323
784	3175	5.360026
784	2716	5.302557
784	736	5.107054
784	3174	5.038758
784	2580	4.969609
784	2881	4.855160
784	2490	4.846367
784	3408	4.787773
785	1917	6.761883
785	2628	6.660106
785	1573	6.447279
785	1544	6.181221
785	1527	6.081139
785	1552	5.971714
785	1391	5.953832
785	316	5.951235
785	1580	5.891812
785	3697	5.881673
786	480	6.373175
786	2916	6.248458
786	589	6.220876
786	1573	6.166069
786	1584	6.160815
786	1653	5.865247
786	2571	5.783000
786	32	5.610999
786	1876	5.587875
786	2985	5.496334
787	1580	7.109362
787	110	6.463737
787	1584	6.451953
787	21	6.435888
787	480	6.295714
787	1673	6.173922
787	3160	6.099169
787	1784	5.989832
787	2291	5.979322
787	1466	5.924420
788	3717	5.701792
788	2478	5.644971
788	3510	5.404421
788	2105	5.341053
788	2001	5.113277
788	2872	5.113225
788	1663	5.090935
788	2100	5.062430
788	3785	5.056026
788	19	5.026736
789	1206	4.607309
789	913	4.468347
789	2858	4.378248
789	1221	4.313055
789	912	4.309376
789	2028	4.302651
789	1198	4.298717
789	2396	4.261800
789	3114	4.202008
789	527	4.159300
791	364	6.211801
791	783	6.205600
791	595	5.871790
791	2294	5.848401
791	1073	5.672094
791	1907	5.615808
791	2394	5.485839
791	1033	5.413405
791	2089	5.229505
791	1013	5.121951
792	2858	4.673543
792	1196	4.608217
792	589	4.489816
792	1584	4.435324
792	1136	4.365599
792	3471	4.280732
792	608	4.262421
792	527	4.253873
792	1	4.221551
792	2640	4.191379
793	1307	5.837640
793	1028	5.829132
793	1294	5.809031
793	594	5.451324
793	2080	5.407295
793	596	5.280869
793	3034	5.148626
793	1032	5.115474
793	3072	4.960064
793	2064	4.947593
794	2746	5.498074
794	2100	5.204979
794	3072	4.914840
794	2174	4.879481
794	2003	4.832747
794	3552	4.752330
794	1265	4.746488
794	3526	4.689957
794	3524	4.587140
794	2015	4.561154
795	1265	6.089948
795	587	5.949197
795	597	5.865139
795	357	5.628763
795	539	5.598539
795	588	5.557117
795	1883	5.466371
795	3259	5.249753
795	11	5.240878
795	2146	5.238962
796	898	5.743616
796	1974	5.611542
796	2288	5.506429
796	750	5.361076
796	1230	5.321116
796	3365	5.271473
796	3363	5.141213
796	2366	5.125953
796	968	5.122202
796	969	5.109236
797	3155	7.513298
797	802	7.344969
797	3528	6.799798
797	539	6.705981
797	339	6.589770
797	1339	6.534810
797	1888	6.510767
797	7	6.508180
797	1457	6.291735
797	1777	6.125601
798	1032	4.459000
798	2081	4.427825
798	1333	4.392496
798	1088	4.291706
798	2746	4.257516
798	2080	4.235466
798	3751	4.189810
798	1294	4.082653
798	1028	4.000320
798	1307	3.874540
799	1101	5.869728
799	457	5.597339
799	2628	5.556789
799	3256	5.508043
799	589	5.484076
799	1573	5.481541
799	296	5.349011
799	2011	5.340863
799	3510	5.323280
799	2115	5.270934
800	2716	5.889557
800	1097	5.556118
800	3175	5.336020
800	750	4.860665
800	968	4.790565
800	329	4.736847
800	34	4.706563
800	2455	4.704513
800	2712	4.703482
800	1270	4.695555
801	1214	6.434029
801	908	6.102161
801	903	5.998200
801	924	5.938534
801	1200	5.921728
801	1304	5.896354
801	3435	5.883752
801	1219	5.840316
801	904	5.785604
801	1387	5.762965
802	260	5.352872
802	1304	5.032510
802	858	5.021198
802	1206	5.017325
802	1198	5.012645
802	912	4.904302
802	924	4.889708
802	1221	4.873420
802	1196	4.667213
802	3471	4.648646
803	589	5.599351
803	2628	5.329890
803	2571	5.191185
803	457	5.013550
803	1240	4.939581
803	1610	4.825765
803	2985	4.766888
803	296	4.720162
803	2028	4.705781
803	2640	4.672763
804	1206	4.816120
804	3471	4.504619
804	260	4.477404
804	2858	4.454377
804	1196	4.365770
804	1387	4.349949
804	2716	4.317085
804	2396	4.316827
804	1214	4.271186
804	2997	4.220929
805	539	7.224354
805	339	7.125128
805	1777	7.072114
805	1888	6.468381
805	587	6.461445
805	236	6.431338
805	1409	6.394318
805	852	6.230565
805	708	5.982891
805	586	5.734368
806	594	6.861833
806	1282	6.504662
806	1259	6.221518
806	2300	6.218730
806	1022	6.012547
806	596	5.772451
806	912	5.759854
806	3435	5.740930
806	1304	5.723290
806	1233	5.669774
807	364	5.428279
807	1608	5.222667
807	1101	4.988722
807	1019	4.836175
807	2628	4.835061
807	2046	4.610852
807	1917	4.534999
807	3257	4.527144
807	2087	4.475034
807	3512	4.462632
808	1304	5.731535
808	2300	5.495281
808	608	5.351259
808	1198	5.259042
808	260	5.243328
808	1249	5.233144
808	1221	5.103771
808	3751	5.056627
808	1197	5.040126
808	908	4.994506
809	1923	5.991145
809	1265	5.918619
809	1747	5.866322
809	104	5.808492
809	597	5.665612
809	357	5.637897
809	1784	5.393293
809	1500	5.343474
809	2671	5.320681
809	342	5.216987
810	1259	5.166041
810	750	5.131092
810	1	4.960990
810	912	4.960682
810	1394	4.959028
810	1304	4.900818
810	260	4.876322
810	1230	4.809936
810	1196	4.757977
810	1270	4.699456
811	1097	5.287805
811	919	5.187604
811	2797	5.004917
811	1204	4.923884
811	1270	4.920632
811	924	4.873298
811	1387	4.847496
811	1197	4.846215
811	1231	4.827956
811	1210	4.814744
812	2840	5.973785
812	2013	5.849715
812	3053	5.831568
812	2683	5.740385
812	2723	5.713694
812	2502	5.668121
812	2805	5.638276
812	2702	5.543191
812	2336	5.536709
812	913	5.530553
813	231	6.017732
813	1777	5.864528
813	367	5.673360
813	1265	5.566693
813	3450	5.498400
813	2100	5.281278
813	2424	5.275847
813	2369	5.181542
813	1517	5.140429
813	1513	5.132138
814	1097	5.170065
814	2968	5.007706
814	2628	4.875938
814	2028	4.783126
814	527	4.617793
814	2762	4.506880
814	3489	4.467384
814	2797	4.420252
814	1220	4.350106
814	2140	4.261141
816	1320	5.941151
816	1690	5.908402
816	1527	5.682656
816	185	5.587411
816	1831	5.581186
816	1917	5.560760
816	1676	5.484024
816	1603	5.368522
816	1717	5.332843
816	1544	5.265445
817	3623	6.322214
817	3578	5.840543
817	466	5.700743
817	3717	5.618160
817	2001	5.614064
817	2826	5.391387
817	1391	5.334683
817	2706	5.323611
817	3510	5.292667
817	2683	5.241160
818	454	6.576291
818	1370	6.224079
818	3176	6.181555
818	1573	5.703735
818	1580	5.703549
818	2706	5.650315
818	2571	5.570145
818	1408	5.552874
818	1653	5.528522
818	350	5.514474
819	1917	7.178435
819	1527	7.096047
819	2393	6.609171
819	165	6.526417
819	316	6.454405
819	1608	6.454331
819	329	6.355560
819	353	6.339188
819	10	6.269710
819	349	6.199200
820	1831	8.499310
820	1373	7.219399
820	2986	6.988824
820	3717	6.853585
820	3697	6.789400
820	3638	6.770427
820	185	6.748358
820	435	6.732989
820	1037	6.617619
820	1375	6.601763
822	1380	5.186612
822	1307	4.960691
822	1265	4.785613
822	2746	4.571512
822	1088	4.552485
822	3072	4.503371
822	2717	4.373664
822	2146	4.321837
822	2081	4.264613
822	2247	4.196333
823	2000	6.300440
823	1265	5.660881
823	1968	5.460086
823	2321	5.441203
823	1732	5.401584
823	1500	5.348513
823	3751	5.239490
823	293	5.212583
823	1673	5.192185
823	2571	5.172599
824	1230	5.501636
824	3363	5.466496
824	1294	5.452714
824	1028	5.162632
824	1307	5.017242
824	1276	4.923725
824	899	4.839310
824	919	4.798487
824	916	4.750246
824	1304	4.745628
825	3435	6.626598
825	1304	6.402228
825	1267	6.079565
825	1953	6.077854
825	904	5.920263
825	260	5.895507
825	1252	5.705273
825	1084	5.689651
825	1276	5.681750
825	1193	5.586844
826	1259	7.392325
826	908	7.104660
826	296	6.835211
826	608	6.762362
826	1965	6.646185
826	111	6.537113
826	551	6.390710
826	858	6.320526
826	1035	6.295298
826	1220	6.251658
828	708	4.950896
828	7	4.887287
828	597	4.883384
828	3450	4.734240
828	2539	4.700597
828	1784	4.687305
828	2469	4.644860
828	3155	4.641111
828	1441	4.611670
828	2124	4.591873
829	2918	5.616089
829	1230	5.285936
829	1394	5.240417
829	162	5.153415
829	246	5.108707
829	1674	5.096044
829	1296	5.069202
829	1294	5.035791
829	2747	5.012232
829	1270	4.936856
830	1350	6.294999
830	2716	6.220592
830	968	5.987212
830	2288	5.693327
830	2902	5.676663
830	2657	5.576046
830	3869	5.552379
830	1321	5.432852
830	1948	5.385732
830	2459	5.357566
831	2640	5.978075
831	589	5.939666
831	3418	5.786775
831	1035	5.773691
831	457	5.710436
831	480	5.654338
831	2194	5.577206
831	1610	5.545694
831	1240	5.539723
831	2160	5.509432
832	2746	5.733688
832	2371	5.620768
832	2108	5.422976
832	3105	5.329771
832	2416	4.745907
832	3809	4.725509
832	2959	4.667034
832	1333	4.634302
832	3751	4.596547
832	2100	4.511039
834	1265	4.683949
834	1183	4.652010
834	356	4.601826
834	509	4.571301
834	17	4.475622
834	497	4.473424
834	539	4.459373
834	1777	4.440505
834	1059	4.386473
834	588	4.356464
836	2018	6.329978
836	595	6.180540
836	1907	5.834137
836	1947	5.793366
836	1073	5.752246
836	919	5.733484
836	1282	5.717717
836	2294	5.682354
836	969	5.600800
836	1019	5.511303
837	260	5.775246
837	1240	5.640376
837	1198	5.586035
837	908	5.477480
837	1304	5.343768
837	1206	5.329083
837	1214	5.318003
837	858	5.317779
837	1252	5.312737
837	1221	5.223504
838	466	6.724022
838	1215	6.401521
838	1307	6.378045
838	1917	6.168133
838	2716	6.046262
838	3441	6.004121
838	2699	5.890852
838	2918	5.741273
838	1544	5.730461
838	1373	5.677408
839	1584	6.425058
839	32	6.344659
839	1653	6.252553
839	524	6.116431
839	480	5.974090
839	457	5.906130
839	1580	5.878269
839	3176	5.858125
839	1682	5.758459
839	1912	5.633020
840	3244	5.411931
840	2369	5.294545
840	3893	5.285196
840	1777	5.188248
840	2424	5.170966
840	3247	5.167063
840	532	5.160254
840	1409	5.118331
840	2746	5.022050
840	2134	4.988847
842	3175	5.292744
842	2396	5.137479
842	2688	4.791911
842	2762	4.688766
842	2881	4.578480
842	2706	4.476913
842	2502	4.470708
842	2734	4.465604
842	2490	4.451309
842	3219	4.434608
843	1073	4.728760
843	2470	4.547210
843	3753	4.451174
843	2406	4.409436
843	2005	4.206812
843	2100	3.888799
843	2161	3.863860
843	1220	3.857383
843	2003	3.849840
843	296	3.846588
844	1291	5.130730
844	1198	4.993646
844	2005	4.971372
844	260	4.969623
844	1225	4.911119
844	2028	4.786603
844	1036	4.766984
844	1287	4.733152
844	2194	4.714265
844	1220	4.668323
845	3105	6.290224
845	588	6.054973
845	1923	5.919234
845	1393	5.840708
845	21	5.813269
845	357	5.775275
845	1120	5.766345
845	2391	5.684470
845	2321	5.597362
845	1784	5.577255
846	3702	5.152793
846	1206	5.133577
846	1214	5.078612
846	1240	4.813846
846	589	4.773473
846	32	4.696793
846	2916	4.672094
846	2571	4.564517
846	3471	4.559070
846	2529	4.553328
847	34	5.312534
847	1307	5.164624
847	2355	5.042062
847	356	4.828689
847	1	4.813687
847	2997	4.743042
847	1784	4.721607
847	3253	4.693290
847	2396	4.682540
847	2321	4.653206
848	608	5.396986
848	1249	5.139432
848	1259	4.938159
848	527	4.635375
848	2000	4.620067
848	1240	4.590170
848	1220	4.498502
848	1196	4.465352
848	1617	4.444615
848	1210	4.421830
849	1088	6.595459
849	2746	6.453585
849	2469	6.349335
849	1441	6.273319
849	2424	6.111948
849	2369	6.051073
849	3524	5.838221
849	2717	5.726735
849	7	5.496281
849	2100	5.463335
850	3893	8.492064
850	3897	8.004939
850	253	7.591956
850	3556	7.431735
850	3608	7.257666
850	2247	7.211862
850	2231	7.086070
850	3536	6.977988
850	3263	6.953514
850	3751	6.905349
851	1544	6.385755
851	2826	5.884424
851	3697	5.869762
851	2699	5.845930
851	1372	5.826907
851	1215	5.786149
851	1527	5.774027
851	780	5.682818
851	316	5.669574
851	172	5.644159
852	1265	6.197016
852	1	5.583031
852	2355	5.491710
852	1500	5.478534
852	1307	5.387027
852	1079	5.345317
852	608	5.276601
852	1968	5.214594
852	34	5.207566
852	39	5.187523
853	3489	6.205343
853	673	6.182217
853	1562	5.633114
853	455	5.579684
853	788	5.533750
853	2153	5.455284
853	1073	5.435516
853	3438	5.390770
853	434	5.389086
853	2797	5.251695
854	16	6.864797
854	588	6.443165
854	1120	6.426285
854	3418	6.339030
854	3105	6.226671
854	62	6.185922
854	364	6.131663
854	1358	6.097264
854	3176	6.045221
854	733	5.987481
855	1569	6.836690
855	500	6.503630
855	2424	6.372818
855	1777	6.364915
855	1265	6.220402
855	1409	6.149764
855	231	5.949179
855	3247	5.773031
855	539	5.767232
855	440	5.680161
856	608	6.110864
856	1089	6.072063
856	1673	5.947499
856	1912	5.852369
856	1249	5.831757
856	1213	5.819145
856	3624	5.655227
856	3173	5.648219
856	3535	5.639783
856	551	5.524555
857	1230	5.923028
857	1304	5.852562
857	919	5.784194
857	3435	5.645256
857	1276	5.597881
857	912	5.532174
857	260	5.496949
857	1952	5.390551
857	899	5.281140
857	1234	5.274284
858	1206	4.940277
858	3638	4.739859
858	3354	4.607895
858	2710	4.590507
858	185	4.567313
858	3717	4.471930
858	1831	4.455017
858	2722	4.383863
858	2858	4.318170
858	1387	4.315732
859	3917	7.659134
859	1965	7.358774
859	2160	7.269640
859	1261	7.029272
859	2792	6.904968
859	2455	6.847488
859	3624	6.825050
859	1302	6.499865
859	908	6.492481
859	3927	6.468028
860	366	6.644157
860	1982	6.490763
860	1347	6.476056
860	1387	6.275718
860	2003	6.233981
860	1983	6.099881
860	2459	6.035397
860	1994	5.855386
860	2746	5.745323
860	1321	5.692675
861	2247	6.151545
861	2717	5.818235
861	2134	5.605182
861	3263	5.568037
861	19	5.508721
861	2416	5.457061
861	2746	5.354840
861	2100	5.352140
861	2470	5.214155
861	1961	5.152118
862	608	5.720620
862	3424	5.440696
862	1249	5.310468
862	1213	5.297709
862	3526	5.283368
862	1259	5.265928
862	1265	5.246865
862	1089	5.180498
862	593	5.101851
862	2000	5.088383
863	608	6.092732
863	2571	5.959479
863	1240	5.856008
863	2028	5.811534
863	2858	5.664149
863	593	5.606731
863	1259	5.544625
863	1198	5.494716
863	1960	5.487639
863	2918	5.456260
864	1206	6.254121
864	3471	6.123652
864	32	6.041950
864	2640	5.905008
864	1196	5.897521
864	1269	5.705619
864	1653	5.699010
864	541	5.664338
864	527	5.659651
864	1584	5.622196
865	589	5.338231
865	2640	5.155800
865	2916	5.034198
865	1206	4.912155
865	2628	4.836222
865	457	4.819572
865	260	4.696980
865	480	4.678186
865	3471	4.510438
865	32	4.475123
866	595	4.239461
866	1019	4.224722
866	2011	3.976283
866	1282	3.926871
866	1032	3.916996
866	2080	3.893593
866	3751	3.838250
866	1092	3.748609
866	3408	3.707998
866	3861	3.677958
867	1265	5.083426
867	3424	4.891009
867	1	4.791473
867	2146	4.714470
867	608	4.692827
867	3948	4.610851
867	296	4.553433
867	3173	4.480185
867	593	4.478989
867	34	4.440187
868	1997	6.901068
868	2717	6.545164
868	3708	6.392734
868	2121	6.257584
868	2456	6.251286
868	1971	6.133646
868	3826	5.988396
868	1983	5.960656
868	2009	5.944991
868	1321	5.931151
869	2717	10.138281
869	1307	9.705141
869	3072	8.383693
869	2375	8.382234
869	2796	7.938467
869	3248	7.628982
869	2247	7.557316
869	3388	7.548299
869	2953	7.311330
869	1961	7.237253
870	1265	4.820137
870	34	4.680926
870	2396	4.248947
870	1704	4.203798
870	3105	4.200619
870	2997	4.193585
870	36	4.064040
870	2762	4.025730
870	1179	4.004682
870	296	4.001567
871	2688	5.769204
871	2805	5.564981
871	3113	5.386048
871	3175	5.293529
871	2683	5.248536
871	2396	5.173175
871	2723	5.139795
871	2712	5.131677
871	2013	5.129556
871	3219	5.110105
872	1997	5.861712
872	1206	5.189157
872	1240	5.016607
872	1214	4.963273
872	1954	4.881060
872	2160	4.827161
872	610	4.782929
872	260	4.756618
872	1198	4.736108
872	2366	4.708492
873	1201	6.667121
873	1214	6.427688
873	1221	6.336342
873	3654	6.322335
873	1387	6.315705
873	1304	6.276069
873	1240	6.087382
873	903	6.074472
873	1222	6.048518
873	1219	5.991002
875	32	4.390743
875	1089	4.299664
875	1213	4.295884
875	3148	4.246460
875	1732	4.206778
875	1912	4.124819
875	608	4.093353
875	2858	4.074050
875	1240	4.073300
875	2000	4.033312
876	1580	6.292824
876	480	5.741207
876	2916	5.239726
876	110	5.177877
876	2706	5.142480
876	589	5.135517
876	3160	5.126556
876	648	4.829688
876	3408	4.825717
876	2571	4.794265
877	2881	7.438034
877	1917	7.223005
877	3257	6.973086
877	1608	6.532252
877	165	6.465665
877	1792	6.284495
877	380	6.120379
877	1722	6.095613
877	1479	5.997367
877	95	5.935559
878	1527	6.421756
878	1584	6.138054
878	1876	6.017270
878	1653	5.960191
878	780	5.885894
878	1356	5.642975
878	1544	5.524639
878	648	5.489872
878	2916	5.377336
878	2094	5.319372
879	2396	6.255527
879	2395	5.488518
879	913	5.367632
879	2599	5.230886
879	34	5.164707
879	3114	5.149901
879	2336	5.087554
879	2700	5.045648
879	2987	4.981059
879	2762	4.939727
880	2987	5.724410
880	260	5.072854
880	919	5.011000
880	1029	4.908497
880	3034	4.856527
880	1032	4.852344
880	1022	4.846849
880	2762	4.834256
880	594	4.777091
880	596	4.743858
881	1304	5.240737
881	1136	4.994106
881	3671	4.889604
881	1199	4.870314
881	2657	4.813515
881	1265	4.785583
881	750	4.779181
881	1278	4.716135
881	1	4.674370
881	1077	4.671346
882	1876	5.774843
882	2094	5.445176
882	329	5.239607
882	1320	5.212855
882	1580	5.166426
882	1653	5.102275
882	1917	5.087588
882	1584	5.037184
882	648	4.975818
882	316	4.966449
883	1089	5.442326
883	253	5.227019
883	457	5.131336
883	3863	5.121326
883	1213	5.093089
883	2167	5.046234
883	3844	4.986648
883	1645	4.973664
883	2571	4.844230
883	3753	4.832683
884	2976	5.985474
884	2710	5.909443
884	968	5.886650
884	1206	5.334412
884	2716	5.293903
884	2428	5.152319
884	2530	5.142364
884	1387	5.138631
884	879	5.074970
884	196	4.982857
885	1831	6.636896
885	1876	6.457874
885	1690	6.402324
885	3638	6.255375
885	1320	6.246520
885	196	6.048998
885	3697	6.007479
885	1917	6.001093
885	1544	5.941380
885	1391	5.885851
886	608	5.968844
886	1265	5.914079
886	1089	5.530073
886	2000	5.515160
886	3535	5.453207
886	3747	5.432908
886	1213	5.370546
886	2150	5.367730
886	3556	5.316233
886	50	5.258149
887	380	5.772011
887	539	5.722302
887	587	5.603286
887	1608	5.499096
887	736	5.362610
887	2424	5.293438
887	597	5.250308
887	1569	5.196863
887	1777	5.105734
887	7	5.060197
888	1580	6.380853
888	21	6.149432
888	16	6.077704
888	457	5.837157
888	474	5.789997
888	1747	5.629632
888	3408	5.582866
888	2353	5.550288
888	1343	5.542702
888	454	5.515366
889	2717	7.515383
889	2976	7.433642
889	2995	7.233986
889	3635	7.202841
889	3708	7.129462
889	2004	7.003691
889	1992	6.890566
889	3764	6.792365
889	2901	6.697159
889	968	6.642726
890	2805	6.294699
890	2763	6.190076
890	3623	6.179724
890	2694	6.091572
890	2706	6.084270
890	3176	6.072198
890	2841	5.975412
890	587	5.877713
890	2490	5.846133
890	2724	5.823019
891	1909	6.581750
891	1653	6.364139
891	1573	5.972771
891	1356	5.837398
891	2571	5.799077
891	1527	5.783307
891	2916	5.710215
891	589	5.653087
891	1676	5.650724
891	1584	5.609863
892	908	6.160105
892	1198	6.153915
892	1259	6.038608
892	1200	5.642222
892	1221	5.579742
892	1242	5.503250
892	296	5.437464
892	1210	5.436057
892	589	5.404775
892	2028	5.352820
893	3624	5.552110
893	3911	5.528131
893	1089	5.523354
893	3897	5.290392
893	3555	5.085807
893	3751	4.985551
893	3481	4.946456
893	1213	4.918095
893	3755	4.869962
893	1249	4.869723
894	2000	4.603879
894	3552	4.546954
894	3510	4.539430
894	3763	4.484643
894	2716	4.426257
894	3717	4.372802
894	3608	4.349731
894	3578	4.301679
894	2858	4.281087
894	1968	4.278923
895	587	5.635555
895	1682	5.569458
895	1732	5.543761
895	39	5.345294
895	3253	5.231352
895	3114	5.185006
895	2396	5.175688
895	1393	5.121553
895	1777	5.098460
895	3148	5.088145
896	2406	5.500393
896	3623	5.076201
896	3753	4.832581
896	2763	4.770639
896	367	4.682795
896	2470	4.682184
896	318	4.663689
896	380	4.632492
896	2628	4.436125
896	2028	4.397790
897	3578	4.254503
897	2858	4.190039
897	3897	4.130796
897	2000	4.127164
897	3623	4.109854
897	3751	4.039846
897	3510	4.011007
897	2194	3.996879
897	2997	3.961917
897	3752	3.950045
899	21	6.392724
899	3105	6.153796
899	1120	5.951116
899	3176	5.929534
899	1923	5.901350
899	377	5.893385
899	1784	5.766404
899	3253	5.734004
899	2706	5.692290
899	457	5.635024
901	3844	5.069695
901	3481	4.909442
901	3173	4.908272
901	2571	4.889166
901	2167	4.865425
901	2628	4.842464
901	592	4.797842
901	1089	4.695052
901	3753	4.668188
901	1213	4.630134
903	2336	5.775119
903	2712	5.340476
903	2396	5.292234
903	2581	5.080327
903	2723	5.043145
903	2906	5.028699
903	2710	5.018157
903	1093	4.994348
903	2686	4.970896
903	2683	4.956395
904	3176	6.366273
904	2916	6.231376
904	733	6.226842
904	1573	6.056646
904	480	5.894609
904	1370	5.859010
904	1356	5.785109
904	2571	5.652933
904	457	5.648696
904	1580	5.637013
905	21	5.702127
905	1784	5.573034
905	3418	5.442366
905	1265	5.418651
905	2291	5.308192
905	1641	5.193913
905	3252	5.124624
905	34	5.098884
905	3105	5.055721
905	3160	5.038530
908	3175	4.745712
908	2858	4.711893
908	1580	4.362526
908	589	4.355612
908	1584	4.353232
908	1527	4.163219
908	780	4.161213
908	2916	4.078416
908	2291	3.914666
908	3160	3.909591
909	589	6.792893
909	2194	6.759031
909	2571	6.582478
909	1374	6.247892
909	1036	6.084818
909	1240	6.081402
909	2160	6.054478
909	2000	6.003452
909	32	5.837203
909	457	5.831494
910	912	6.147994
910	1230	5.994583
910	1207	5.982060
910	919	5.944912
910	1225	5.887917
910	913	5.768174
910	1208	5.744294
910	920	5.700614
910	899	5.626562
910	1292	5.623133
911	380	6.207167
911	2406	5.844126
911	317	5.663712
911	590	5.480426
911	1947	5.425630
911	7	5.325822
911	1073	5.314528
911	1380	5.204135
911	2692	5.181754
911	1959	5.148766
912	1265	4.737904
912	2858	4.443290
912	593	4.280850
912	296	4.271545
912	1	4.245006
912	551	4.153872
912	2791	4.146825
912	34	4.132384
912	1259	4.127574
912	3948	4.088477
913	2858	4.573719
913	260	4.434492
913	750	4.364522
913	3175	4.341699
913	2396	4.290609
913	2355	4.284273
913	1097	4.266442
913	2987	4.244560
913	3005	4.231000
913	1197	4.201658
914	1201	5.536251
914	913	5.511614
914	1214	5.237721
914	858	5.167609
914	1304	5.138860
914	260	5.119386
914	912	5.069736
914	1617	5.035069
914	1387	5.033571
914	1221	5.019436
915	1552	6.933012
915	1527	6.604922
915	380	6.538362
915	349	6.533658
915	1722	6.456229
915	736	6.250402
915	316	6.168265
915	10	6.068507
915	2628	6.043050
915	2881	5.953132
916	1394	5.440221
916	1097	5.254203
916	1270	5.100828
916	2174	5.082259
916	2797	5.016865
916	1197	5.007950
916	908	4.910991
916	3361	4.827519
916	1957	4.781721
916	608	4.770487
918	1513	7.061315
918	2369	6.365485
918	2100	6.111043
918	367	5.894361
918	1569	5.831548
918	2724	5.734282
918	344	5.689114
918	2598	5.665238
918	2622	5.527467
918	2395	5.525935
919	2145	6.719589
919	2111	6.355904
919	3173	6.239276
919	3484	6.194554
919	2470	6.111794
919	2005	6.001402
919	2245	5.973646
919	2247	5.907872
919	2469	5.886779
919	2792	5.875189
920	1608	5.793840
920	457	5.254015
920	377	5.239006
920	1580	5.233584
920	1573	5.072211
920	3418	4.996232
920	2628	4.985507
920	1722	4.815523
920	480	4.814471
920	1610	4.724185
921	2003	5.913140
921	2105	5.624629
921	2193	5.406038
921	2407	5.326013
921	1101	5.316980
921	2455	5.178075
921	1220	5.115492
921	1994	5.063377
921	2194	5.029928
921	2174	4.776301
922	34	4.625258
922	1265	4.344442
922	3114	4.274940
922	2396	4.251425
922	2762	4.247606
922	1073	4.080500
922	260	4.055305
922	2997	4.034178
922	1704	3.954533
922	593	3.941972
923	1265	6.815824
923	2321	6.309709
923	1784	6.238510
923	1883	6.222683
923	3060	5.919475
923	357	5.901400
923	1500	5.806591
923	1923	5.772487
923	3255	5.654268
923	1682	5.641092
924	919	5.413629
924	260	5.304822
924	1204	5.189551
924	1073	4.973858
924	899	4.900776
924	969	4.823959
924	2797	4.622191
924	2987	4.612257
924	1225	4.585202
924	924	4.486850
925	1097	4.552949
925	2797	4.357864
925	2716	4.303773
925	34	4.280788
925	3175	4.237327
925	1265	4.196555
925	1073	4.169367
925	2174	4.149136
925	2858	4.031569
925	1220	3.949347
926	2336	6.533832
926	2396	5.597280
926	2688	5.594150
926	2013	5.414448
926	2734	5.367594
926	3175	5.347698
926	913	5.340547
926	2906	5.288684
926	2598	5.166850
926	317	5.141726
927	1777	6.567290
927	539	6.507826
927	587	6.104897
927	339	5.999830
927	2424	5.943632
927	3386	5.884428
927	802	5.850755
927	11	5.812175
927	380	5.804603
927	1721	5.797017
928	1265	6.316683
928	39	5.990732
928	223	5.984777
928	2321	5.894585
928	1060	5.749701
928	2355	5.689901
928	1500	5.649045
928	2997	5.529098
928	3253	5.512928
928	2599	5.505817
929	2805	7.424906
929	2581	6.947163
929	2541	6.595490
929	1911	6.578316
929	2396	6.390208
929	2599	6.168579
929	2395	6.042121
929	2336	6.020153
929	3053	6.005913
929	2683	5.898929
930	1580	5.484593
930	608	5.484175
930	1500	5.466747
930	1215	5.414599
930	293	5.369980
930	1921	5.315574
930	2321	5.279539
930	3408	5.210220
930	3578	5.111990
930	1265	5.030572
931	1294	6.542539
931	1307	6.530221
931	3543	6.105125
931	2716	5.880403
931	3671	5.852743
931	3516	5.803329
931	914	5.552657
931	3508	5.512474
931	898	5.460724
931	899	5.382590
933	357	6.345129
933	588	6.312495
933	1747	5.970817
933	1265	5.833654
933	1393	5.829742
933	1641	5.766875
933	3252	5.633683
933	509	5.564596
933	497	5.517366
933	3386	5.509179
934	364	5.702110
934	595	5.246877
934	2916	5.223834
934	590	5.198343
934	2294	5.152751
934	783	5.076061
934	661	5.015493
934	1282	4.952259
934	2018	4.947547
934	2871	4.918140
935	1269	6.678746
935	1212	6.080904
935	2288	5.754413
935	1953	5.706479
935	905	5.656179
935	1976	5.595179
935	1080	5.560348
935	1206	5.519057
935	3735	5.510958
935	3365	5.431092
936	3793	4.693634
936	3623	4.671827
936	3176	4.415130
936	3745	4.264038
936	1645	4.093994
936	3148	4.069593
936	3578	4.037886
936	1092	4.026703
936	3751	3.958728
936	2762	3.908890
937	34	6.078130
937	3363	5.410292
937	1028	5.359859
937	2716	5.333881
937	1294	5.269949
937	1265	5.205289
937	2396	5.123354
937	902	5.118651
937	2064	5.067716
937	1962	5.040176
938	1265	5.254713
938	2997	4.818277
938	2396	4.399755
938	3253	4.267394
938	1307	4.242784
938	34	3.994958
938	2369	3.953656
938	3114	3.950177
938	293	3.919347
938	39	3.904774
939	1079	6.036790
939	1270	5.688451
939	1197	5.483914
939	2716	5.382324
939	3868	5.326791
939	2791	5.295331
939	1259	5.268682
939	1387	5.265693
939	3361	5.158432
939	1228	5.118572
940	2688	5.975987
940	2716	5.814864
940	2712	5.799998
940	3175	5.684961
940	2336	5.676358
940	2580	5.672857
940	3219	5.635945
940	2013	5.627229
940	2396	5.619279
940	2805	5.570666
943	1580	4.611299
943	380	4.562718
943	1608	4.558368
943	3176	4.208951
943	2706	4.176342
943	2628	4.115404
943	349	4.061721
943	1393	4.058690
943	3753	4.032559
943	1784	4.013956
944	1513	5.989267
944	2683	5.958400
944	2581	5.742637
944	3174	5.732196
944	2490	5.609255
944	3175	5.539440
944	2688	5.449370
944	2369	5.443938
944	2710	5.377008
944	2906	5.375965
945	2858	4.486031
945	2716	4.377258
945	1097	4.361129
945	2997	4.292177
945	2762	4.221554
945	1374	4.173233
945	2000	4.037714
945	2395	4.031421
945	2194	4.028787
945	1198	4.028297
946	1240	6.143398
946	589	6.124823
946	3418	6.070566
946	2194	6.065988
946	608	5.956336
946	296	5.894765
946	2571	5.833395
946	1617	5.780709
946	1214	5.602094
946	1210	5.508931
948	1238	4.906780
948	1	4.743448
948	185	4.683139
948	788	4.608223
948	2858	4.583362
948	1544	4.544009
948	2699	4.542656
948	172	4.532582
948	1676	4.507697
948	1196	4.410420
949	1917	6.158562
949	185	6.091791
949	1779	6.058531
949	3438	5.903306
949	2428	5.882741
949	2193	5.840714
949	2808	5.795918
949	2054	5.780910
949	2881	5.763048
949	2722	5.634512
950	1831	6.769026
950	2808	6.536910
950	3638	6.111753
950	172	6.035187
950	329	5.992896
950	674	5.919210
950	1375	5.915180
950	3257	5.818503
950	2094	5.807313
950	1371	5.774300
952	1374	6.573295
952	3418	6.067254
952	592	5.988163
952	110	5.973736
952	2194	5.887859
952	480	5.820237
952	21	5.790876
952	2455	5.781705
952	36	5.710012
952	2916	5.611674
953	2288	5.326541
953	1219	5.019310
953	1084	5.009981
953	1207	4.857908
953	1252	4.854035
953	903	4.778205
953	1982	4.754097
953	1345	4.748649
953	2858	4.739253
953	1953	4.706537
954	34	6.251733
954	1374	5.865681
954	32	5.623259
954	1060	5.562154
954	2355	5.321182
954	1	5.281481
954	150	5.164651
954	2396	5.151510
954	2321	5.113125
954	1265	5.092877
955	377	5.800265
955	1608	5.795004
955	266	5.645742
955	1721	5.546266
955	2803	5.480103
955	457	5.458347
955	590	5.285638
955	3528	5.238122
955	161	5.148227
955	1370	5.134613
956	595	5.822150
956	260	5.483903
956	1259	5.414461
956	2018	5.403507
956	1	5.261579
956	527	5.219708
956	34	5.219102
956	1233	5.128779
956	608	5.096227
956	588	5.093235
957	1	6.334063
957	1265	5.993844
957	1259	5.906223
957	608	5.800361
957	1961	5.479912
957	3361	5.475250
957	2321	5.465523
957	1196	5.448235
957	1288	5.440806
957	1079	5.423198
958	594	8.568892
958	1235	7.251983
958	1172	7.176287
958	2300	7.004083
958	596	6.915342
958	1307	6.794237
958	162	6.734456
958	1394	6.427151
958	2243	6.289704
958	899	6.281830
959	1580	5.768209
959	733	5.682413
959	1356	5.672602
959	648	5.651890
959	1722	5.467843
959	3256	5.437897
959	16	5.412003
959	377	5.319654
959	1370	5.290745
959	2628	5.275742
960	380	6.083208
960	1722	5.241431
960	2424	5.073340
960	2763	5.030972
960	1721	4.887368
960	539	4.883391
960	3155	4.836329
960	349	4.823178
960	3176	4.808506
960	368	4.803747
961	3510	4.572920
961	3578	4.558032
961	3793	4.416251
961	3948	4.213575
961	3744	4.146797
961	318	4.011591
961	2012	3.968886
961	3752	3.965832
961	593	3.925114
961	3481	3.922828
962	3418	6.082934
962	1580	5.861750
962	589	5.807883
962	21	5.752216
962	2291	5.709152
962	1584	5.664354
962	2571	5.408577
962	377	5.307239
962	32	5.257325
962	1610	5.206513
963	2321	6.213835
963	1265	6.176458
963	2000	6.152300
963	1060	5.870536
963	34	5.761479
963	2324	5.642714
963	1500	5.625013
963	2355	5.437242
963	3108	5.355787
963	1	5.328864
964	1265	6.293247
964	1784	6.260613
964	1923	5.961271
964	3253	5.884855
964	1500	5.848072
964	2321	5.801783
964	39	5.631124
964	1357	5.621466
964	1883	5.597254
964	3255	5.559125
965	919	6.037701
965	912	5.641660
965	3435	5.495443
965	969	5.380462
965	920	5.368664
965	899	5.367925
965	1073	5.246776
965	1247	5.227511
965	1225	5.219216
965	1254	5.179218
966	1883	8.550346
966	454	8.196434
966	3255	7.847081
966	1732	7.708454
966	2321	7.380597
966	39	7.380381
966	2359	7.219963
966	3108	7.157261
966	1625	7.146845
966	3044	7.124179
967	3253	6.736319
967	1517	6.260995
967	1923	6.238409
967	1784	6.208817
967	1747	6.162498
967	1265	6.127067
967	104	6.069333
967	2683	5.931878
967	852	5.898953
967	2395	5.882317
968	293	5.088066
968	1732	5.068987
968	2706	4.995784
968	1500	4.975506
968	2699	4.897902
968	1580	4.875501
968	3408	4.712330
968	3160	4.632910
968	39	4.623864
968	2826	4.596531
970	2701	7.233310
970	3438	6.945686
970	2672	6.901862
970	1779	6.752832
970	2840	6.643967
970	2054	6.608667
970	653	6.548907
970	1037	6.439819
970	3273	6.398456
970	1073	6.335434
971	1101	5.495197
971	2628	5.495012
971	1608	5.084525
971	3173	4.986854
971	3753	4.764031
971	1073	4.763821
971	2916	4.671750
971	733	4.565190
971	480	4.311647
971	1377	4.210845
972	1240	5.860473
972	541	5.563568
972	1214	5.516044
972	1252	5.460090
972	3471	5.451242
972	1196	5.446155
972	1136	5.415208
972	32	5.406629
972	2640	5.383256
972	260	5.357043
973	588	5.880978
973	34	5.542861
973	1393	5.421943
973	1265	5.125393
973	364	5.063556
973	1	5.040616
973	150	5.001502
973	1704	4.995159
973	1094	4.964344
973	1682	4.835186
974	608	6.090188
974	2571	5.875349
974	1249	5.868360
974	1240	5.767049
974	2529	5.402140
974	1259	5.398505
974	1374	5.341064
974	589	5.318324
974	1197	5.276734
974	1200	5.268428
975	968	6.661082
975	2581	6.187826
975	2723	6.151620
975	2598	6.120426
975	2369	6.083523
975	2013	6.012329
975	2716	5.821958
975	3081	5.821029
975	2713	5.705612
975	2976	5.581689
976	2336	5.885799
976	2881	5.850477
976	2723	5.845655
976	2716	5.714618
976	3053	5.450464
976	2906	5.438547
976	2683	5.398597
976	2686	5.370686
976	2369	5.282116
976	2676	5.271938
977	2288	5.789880
977	2167	5.772110
977	1982	5.666744
977	3476	5.516108
977	780	5.360313
977	1690	5.333084
977	1345	5.315522
977	1994	5.240348
977	968	5.208629
977	1527	5.175226
978	2716	6.684916
978	2355	6.078755
978	3175	5.766955
978	2396	5.765552
978	3174	5.508808
978	34	5.400053
978	968	5.296314
978	2599	5.258456
978	2336	5.227313
978	2333	5.219342
979	2858	4.747455
979	2628	4.646973
979	2028	4.502048
979	1097	4.433368
979	593	4.406662
979	1198	4.405462
979	2797	4.392684
979	1036	4.385006
979	2406	4.378407
979	2194	4.375422
980	2640	6.100843
980	589	5.997464
980	1527	5.856425
980	349	5.591452
980	1129	5.576060
980	2455	5.505217
980	2617	5.450558
980	3160	5.442947
980	1036	5.215688
980	2194	5.197554
981	480	5.128925
981	1580	4.921932
981	589	4.727936
981	1544	4.682786
981	2640	4.642676
981	3173	4.546600
981	2028	4.505706
981	110	4.390535
981	3624	4.367461
981	2858	4.348184
982	2081	5.803117
982	588	5.371348
982	1307	5.280789
982	1294	5.229150
982	2078	4.970265
982	1265	4.968944
982	3543	4.927264
982	17	4.917897
982	509	4.800195
982	2355	4.733676
983	1562	7.015690
983	153	7.010855
983	3489	6.317763
983	2355	5.876000
983	2421	5.860073
983	3861	5.846610
983	2153	5.843346
983	1371	5.799856
983	1760	5.708946
983	2253	5.691756
984	1259	6.575158
984	1373	5.822265
984	2571	5.793536
984	1097	5.777180
984	1197	5.650829
984	589	5.616149
984	2791	5.605745
984	1196	5.597133
984	608	5.554645
984	1270	5.465379
985	253	5.208351
985	1407	5.124724
985	3827	4.960532
985	2167	4.784293
985	1580	4.771231
985	3499	4.674381
985	70	4.638702
985	457	4.575204
985	3476	4.557619
985	2916	4.523607
987	1265	6.318419
987	588	5.536504
987	356	5.503034
987	1747	5.453503
987	1	5.443256
987	1307	5.328168
987	357	5.309308
987	1393	5.290711
987	608	5.258896
987	2321	5.253079
988	3418	4.333936
988	589	4.226772
988	1617	4.169589
988	1240	4.082828
988	1210	4.049967
988	1097	4.048895
988	3175	4.029025
988	920	4.011393
988	1220	3.939411
988	3471	3.915948
989	1269	6.868368
989	1208	6.675912
989	3471	6.627673
989	919	6.604431
989	912	6.543438
989	260	6.404043
989	750	6.392424
989	541	6.309233
989	1136	6.306847
989	969	6.296218
990	223	6.380883
990	1747	6.114738
990	3253	6.078938
990	1500	6.058031
990	39	5.961257
990	2599	5.875742
990	2395	5.765514
990	2706	5.757618
990	1911	5.660504
990	1923	5.561637
991	1294	5.353000
991	2081	5.020511
991	1265	4.982442
991	3543	4.948375
991	2746	4.818056
991	2716	4.610086
991	3654	4.537561
991	1230	4.370651
991	2396	4.364030
991	497	4.309023
992	1586	5.037477
992	1747	5.017504
992	454	5.003959
992	587	4.964633
992	356	4.913587
992	466	4.887485
992	1500	4.732105
992	1608	4.716245
992	3408	4.700836
992	3578	4.653899
993	1198	5.713261
993	260	5.612428
993	3793	5.552104
993	1206	5.287894
993	2028	5.194306
993	1240	5.180974
993	318	5.097726
993	3745	5.084135
993	2571	5.054835
993	1249	5.033298
994	1252	5.077528
994	858	4.874989
994	3624	4.849564
994	1089	4.835098
994	608	4.810454
994	1206	4.779731
994	296	4.735155
994	1199	4.734517
994	903	4.672585
994	1267	4.661576
995	1569	7.246666
995	2424	7.171993
995	1777	7.039018
995	339	6.981241
995	708	6.551639
995	597	6.241603
995	2369	6.205739
995	7	5.965031
995	500	5.775612
995	3614	5.750253
996	3155	5.145062
996	3148	5.141294
996	1339	4.949400
996	1645	4.934254
996	3176	4.706971
996	3499	4.515226
996	1441	4.443811
996	1407	4.417826
996	47	4.410530
996	3105	4.406220
997	2858	4.659269
997	2762	4.387647
997	2997	4.310894
997	2396	4.303468
997	2395	4.250252
997	3175	4.058392
997	2716	4.056233
997	2692	4.017486
997	2291	3.969634
997	2599	3.836466
998	3176	6.816696
998	3148	6.569601
998	1883	6.463194
998	1393	6.339462
998	1682	6.310360
998	2706	6.305964
998	1784	6.303279
998	3252	6.199703
998	16	6.189977
998	1680	6.174101
999	380	7.370468
999	3257	7.010138
999	353	6.557551
999	1608	6.290870
999	3528	6.193833
999	1917	6.169696
999	1101	6.128440
999	368	6.125151
999	2881	6.079157
999	736	6.059591
1000	364	6.119692
1000	1022	5.863048
1000	2078	5.707090
1000	1029	5.443810
1000	1032	5.421586
1000	1907	5.338838
1000	2096	5.110275
1000	2087	5.061837
1000	34	4.989536
1000	1028	4.915937
1001	595	7.754675
1001	2087	7.477675
1001	2394	7.437653
1001	2294	7.264332
1001	588	7.164035
1001	364	6.760274
1001	1907	6.408693
1001	783	6.369168
1001	2987	6.185847
1001	350	6.074597
1002	457	5.321863
1002	296	5.163888
1002	3418	5.033442
1002	2571	4.847178
1002	1912	4.790018
1002	593	4.774850
1002	608	4.741564
1002	1213	4.727941
1002	1240	4.653509
1002	110	4.636279
1004	2431	7.120570
1004	1091	6.526609
1004	1961	6.455190
1004	3263	6.322574
1004	2953	6.270747
1004	2375	6.245871
1004	355	6.245573
1004	1307	6.245049
1004	2369	6.226916
1004	2247	6.194356
1005	2000	6.222522
1005	608	6.148823
1005	2571	6.069526
1005	589	5.864577
1005	296	5.663691
1005	2791	5.655626
1005	1249	5.637138
1005	1617	5.537184
1005	1222	5.534264
1005	110	5.516270
1006	3623	6.337691
1006	2406	5.894645
1006	2628	5.425566
1006	1379	5.361285
1006	3753	5.305460
1006	466	5.255996
1006	2001	5.237750
1006	380	5.198067
1006	3717	5.128649
1006	2490	5.116450
1007	1307	5.165801
1007	1394	4.735179
1007	1079	4.648091
1007	3072	4.641723
1007	2918	4.292032
1007	1265	4.283570
1007	1961	4.265041
1007	3868	4.234222
1007	2174	4.233243
1007	1197	4.206050
1008	2716	4.786429
1008	1073	4.623646
1008	1961	4.612567
1008	2987	4.575383
1008	2396	4.526851
1008	912	4.523987
1008	34	4.495262
1008	2997	4.451050
1008	260	4.419547
1008	1947	4.381537
1009	2470	6.207601
1009	364	6.116561
1009	3173	6.024202
1009	3512	5.908482
1009	2011	5.762348
1009	3083	5.721300
1009	1019	5.626851
1009	2005	5.601443
1009	2133	5.590547
1009	3911	5.552391
1010	3174	6.123343
1010	2716	6.114867
1010	2683	5.531927
1010	223	5.378655
1010	785	5.240871
1010	1923	5.094851
1010	2108	5.003239
1010	2355	4.975645
1010	1517	4.973780
1010	3052	4.931391
1011	318	4.939773
1011	593	4.839703
1011	3448	4.729438
1011	1222	4.656850
1011	2028	4.647197
1011	3948	4.486600
1011	2858	4.461984
1011	296	4.451771
1011	2150	4.441892
1011	1198	4.435740
1012	1307	5.241055
1012	2746	4.965214
1012	2797	4.625586
1012	2100	4.609542
1012	1073	4.577456
1012	3072	4.296746
1012	1947	4.130247
1012	919	4.087650
1012	3524	3.936770
1012	1265	3.910938
1013	1265	5.736182
1013	2355	5.568795
1013	2716	5.096040
1013	2396	4.756683
1013	497	4.609193
1013	356	4.606246
1013	588	4.588672
1013	1	4.515998
1013	3543	4.508324
1013	34	4.485188
1014	527	5.570881
1014	260	5.477475
1014	318	5.209838
1014	593	5.188291
1014	1210	5.137316
1014	296	5.102097
1014	1249	5.079152
1014	1221	5.077418
1014	1222	5.067974
1014	912	5.049390
1015	3893	7.034738
1015	3844	6.789977
1015	2420	6.670535
1015	2110	6.510423
1015	3911	6.491224
1015	1997	6.333187
1015	3827	6.330932
1015	1302	6.208797
1015	3499	5.886655
1015	3897	5.781443
1016	380	5.722531
1016	539	5.690601
1016	2424	5.567083
1016	1608	5.538296
1016	3155	5.254107
1016	587	5.204665
1016	1894	5.114872
1016	1101	5.036820
1016	2469	4.992304
1016	367	4.906277
1017	1962	9.657348
1017	968	8.656329
1017	1321	8.542448
1017	1983	8.429076
1017	1345	8.211879
1017	1976	8.200321
1017	2717	8.175018
1017	3399	8.134373
1017	1974	8.071962
1017	2513	7.999010
1018	1961	5.945556
1018	1394	5.556174
1018	1079	5.428307
1018	1228	5.365938
1018	1197	5.325012
1018	3868	5.323095
1018	3552	5.241858
1018	1265	5.225431
1018	608	5.198837
1018	1222	5.144098
1019	2371	5.987655
1019	2746	5.701230
1019	2100	5.566050
1019	2003	5.554343
1019	367	5.212091
1019	3450	5.152564
1019	2416	5.091962
1019	2792	4.952468
1019	1265	4.951250
1019	2329	4.946982
1020	1391	6.965698
1020	1544	6.763634
1020	1917	6.641700
1020	3697	6.501090
1020	2167	6.362053
1020	70	6.331189
1020	3257	6.295776
1020	1690	6.112399
1020	1616	6.106254
1020	442	6.097749
1021	913	8.478549
1021	1206	6.877163
1021	3095	6.780435
1021	3435	6.197758
1021	3654	6.180357
1021	3471	6.154149
1021	1221	6.134376
1021	1204	6.103426
1021	904	6.071200
1021	1304	6.068577
1022	1089	6.918932
1022	457	6.843881
1022	1625	6.716346
1022	6	6.391329
1022	1912	6.261631
1022	608	6.204983
1022	1732	6.162791
1022	32	6.155125
1022	1249	6.152989
1022	1584	6.058861
1023	34	5.299666
1023	1097	5.031322
1023	1073	4.839177
1023	2987	4.617455
1023	260	4.615437
1023	2396	4.588598
1023	953	4.558138
1023	919	4.527571
1023	3114	4.388397
1023	2018	4.363877
1024	17	5.573733
1024	2716	5.456960
1024	1294	5.417959
1024	2355	5.403334
1024	588	5.301180
1024	34	5.168140
1024	2081	5.141003
1024	3543	5.001312
1024	2797	4.878123
1024	1674	4.819224
1025	2699	5.300188
1025	3623	4.960624
1025	736	4.678693
1025	2012	4.612270
1025	2490	4.562872
1025	2433	4.515452
1025	2599	4.509433
1025	2805	4.429414
1025	3175	4.402872
1025	3408	4.374042
1026	2194	7.241351
1026	2160	7.079532
1026	2455	7.004901
1026	1240	6.941217
1026	908	6.838870
1026	1124	6.836869
1026	2948	6.645650
1026	1214	6.461346
1026	1213	6.341327
1026	1965	6.330917
1027	608	5.457750
1027	1240	5.357980
1027	2028	5.354347
1027	858	5.350726
1027	1249	5.330380
1027	1259	5.317524
1027	1196	5.272514
1027	1252	5.219570
1027	260	5.203855
1027	3624	5.200860
1028	1394	6.794707
1028	1307	6.381594
1028	1259	6.312442
1028	3362	5.925285
1028	3424	5.918915
1028	1136	5.822234
1028	1265	5.786266
1028	1172	5.781961
1028	1235	5.616079
1028	1	5.590124
1029	1302	7.055732
1029	1962	6.724758
1029	2717	6.713792
1029	2003	6.377064
1029	1994	6.373932
1029	3264	6.329775
1029	3812	6.311951
1029	1321	5.975807
1029	1997	5.822617
1029	3844	5.812966
1030	1391	7.578270
1030	2722	7.560002
1030	3697	7.557271
1030	2808	7.275519
1030	2699	7.171345
1030	2881	7.154020
1030	170	7.029923
1030	434	6.782422
1030	466	6.770037
1030	1037	6.740752
1031	3471	5.085351
1031	260	4.942761
1031	1909	4.769899
1031	2987	4.717467
1031	1214	4.592034
1031	1304	4.579817
1031	1230	4.546322
1031	1136	4.538405
1031	2396	4.519385
1031	1196	4.498218
1032	2470	5.783916
1032	2502	5.567947
1032	2539	5.348811
1032	1959	5.310322
1032	344	5.278816
1032	317	5.235704
1032	367	5.234049
1032	539	5.161887
1032	2724	5.125571
1032	3105	5.020540
1033	1909	6.265801
1033	589	5.964077
1033	1206	5.797144
1033	750	5.794645
1033	1653	5.682544
1033	1921	5.669915
1033	1573	5.579282
1033	1370	5.537189
1033	1356	5.532752
1033	2571	5.444550
1034	364	5.929898
1034	588	5.054002
1034	595	4.970008
1034	594	4.883701
1034	2470	4.794247
1034	1032	4.765019
1034	1073	4.659543
1034	318	4.641535
1034	3006	4.600136
1034	296	4.542894
1035	1580	6.798911
1035	1573	6.266710
1035	1921	6.193875
1035	589	6.071182
1035	110	5.898334
1035	457	5.887024
1035	2628	5.751870
1035	474	5.697862
1035	2001	5.681474
1035	3535	5.648874
1036	1230	4.980319
1036	1304	4.934095
1036	260	4.426517
1036	1214	4.404859
1036	1247	4.390422
1036	903	4.379795
1036	919	4.371945
1036	3671	4.351598
1036	750	4.345278
1036	1276	4.333447
1037	3624	5.721629
1037	3948	5.326577
1037	3555	5.309829
1037	3863	5.234935
1037	3535	4.953327
1037	1089	4.869505
1037	3949	4.847209
1037	3173	4.830142
1037	3484	4.820171
1037	608	4.581810
1038	1265	5.569256
1038	1094	5.458577
1038	34	5.421945
1038	1704	5.075486
1038	150	5.019767
1038	527	4.976119
1038	265	4.945453
1038	296	4.933377
1038	25	4.923653
1038	588	4.888575
1040	1206	6.004718
1040	2366	5.992143
1040	1214	5.967236
1040	968	5.932742
1040	913	5.929556
1040	1387	5.803743
1040	3471	5.800365
1040	2288	5.527326
1040	3702	5.526427
1040	1304	5.426391
1041	908	5.901671
1041	1097	5.781568
1041	919	5.623410
1041	969	5.611050
1041	260	5.597956
1041	1259	5.574049
1041	1282	5.518204
1041	1230	5.515095
1041	1214	5.511774
1041	1035	5.485027
1042	2005	7.171747
1042	3489	7.077109
1042	2470	6.710337
1042	1291	6.587976
1042	1073	6.556433
1042	2161	6.401838
1042	2797	6.305536
1042	653	5.999392
1042	1097	5.993778
1042	1220	5.844753
1043	589	6.811408
1043	1240	6.523842
1043	2571	6.352957
1043	32	6.144178
1043	1584	6.035245
1043	457	6.013473
1043	2529	6.003838
1043	110	5.955092
1043	1965	5.813205
1043	908	5.779868
1044	246	7.339764
1044	3448	7.313018
1044	1960	7.080152
1044	3552	6.572840
1044	3210	6.288359
1044	2100	6.149529
1044	593	6.099169
1044	2918	6.067986
1044	3418	6.028561
1044	318	6.000995
1045	3174	5.232798
1045	1923	5.193028
1045	2997	5.064011
1045	3052	4.925546
1045	223	4.917212
1045	1732	4.913300
1045	2000	4.860747
1045	2959	4.764281
1045	2355	4.759282
1045	2431	4.757390
1047	1831	6.800014
1047	1876	6.509463
1047	1375	6.298957
1047	1037	6.022576
1047	185	5.950089
1047	3638	5.926350
1047	1779	5.907249
1047	1544	5.728114
1047	1391	5.717259
1047	1320	5.589267
1048	1265	5.830472
1048	2000	5.407420
1048	3526	5.149885
1048	2791	5.001002
1048	34	4.972043
1048	1968	4.946343
1048	2321	4.913877
1048	3210	4.841871
1048	3552	4.824787
1048	593	4.814901
1049	1573	6.006384
1049	780	5.646368
1049	2699	5.338994
1049	2628	5.118362
1049	1544	5.116739
1049	648	5.052405
1049	589	4.970566
1049	1215	4.960693
1049	480	4.947768
1049	316	4.945336
1050	3911	5.474306
1050	3893	5.423746
1050	3173	4.952176
1050	3617	4.909477
1050	1101	4.820589
1050	3948	4.793110
1050	3897	4.701483
1050	3484	4.659756
1050	3793	4.654483
1050	3618	4.634407
1051	2124	4.652121
1051	2012	4.479976
1051	1441	4.454772
1051	141	4.443580
1051	2539	4.378461
1051	597	4.365117
1051	1027	4.349777
1051	2133	4.347125
1051	736	4.292079
1051	3155	4.234516
1052	920	6.121071
1052	919	5.920619
1052	1947	5.761223
1052	912	5.506875
1052	1294	5.477011
1052	1380	5.433498
1052	3435	5.392930
1052	2067	5.358482
1052	1204	5.131147
1052	260	5.125596
1053	1527	6.949418
1053	1407	6.400551
1053	2916	6.192554
1053	2023	6.145040
1053	10	6.073514
1053	1552	6.047235
1053	1573	5.994482
1053	2617	5.930365
1053	1370	5.803191
1053	1876	5.795443
1054	1307	8.876443
1054	3248	7.846015
1054	2253	7.780461
1054	2355	7.214370
1054	2716	7.048583
1054	2805	6.842037
1054	1663	6.820786
1054	2100	6.665109
1054	2471	6.503714
1054	1513	6.404950
1055	2300	6.291980
1055	1307	6.086379
1055	1394	6.065437
1055	1	5.695125
1055	1235	5.654976
1055	745	5.490705
1055	1223	5.422348
1055	3362	5.420399
1055	1136	5.406003
1055	3424	5.189240
1056	2279	7.342564
1056	2513	6.746262
1056	2288	6.541801
1056	2976	6.492990
1056	1974	6.477677
1056	3635	6.264078
1056	1957	6.088066
1056	1327	6.066433
1056	3708	5.925079
1056	968	5.753904
1057	595	7.114298
1057	2087	7.061549
1057	1907	6.869590
1057	2018	6.742774
1057	2078	6.468419
1057	1022	6.383393
1057	1032	6.359283
1057	2294	6.125897
1057	588	6.061976
1057	2096	6.061500
1058	1240	5.033582
1058	1196	4.928633
1058	608	4.908912
1058	2529	4.901159
1058	2571	4.849101
1058	1249	4.834296
1058	1089	4.757327
1058	1	4.741563
1058	32	4.729741
1058	1136	4.721573
1059	296	5.854749
1059	3317	5.752863
1059	1220	5.645293
1059	2245	5.440558
1059	608	5.431068
1059	593	5.378824
1059	2406	5.272692
1059	162	5.244862
1059	318	5.204771
1059	246	5.178335
1060	1917	7.126194
1060	1544	6.951952
1060	3257	6.429921
1060	2628	6.346222
1060	1676	6.319528
1060	1391	6.209128
1060	185	6.175563
1060	2808	6.141149
1060	1876	6.087652
1060	1779	6.086850
1061	1073	4.903537
1061	2087	4.538389
1061	1088	4.480569
1061	260	4.444199
1061	919	4.403347
1061	1032	4.379686
1061	1282	4.364761
1061	969	4.342291
1061	1019	4.230123
1061	1225	4.217582
1062	1265	4.779092
1062	2746	4.759368
1062	597	4.333679
1062	2371	4.314759
1062	2108	4.294158
1062	3809	4.139819
1062	500	4.086433
1062	1777	4.063752
1062	708	4.032372
1062	3524	3.999574
1063	1206	5.819660
1063	2300	5.227466
1063	599	5.219011
1063	1266	5.079514
1063	1092	5.033395
1063	3435	4.886895
1063	2987	4.842775
1063	260	4.638037
1063	3471	4.480970
1063	903	4.372717
1064	380	5.695826
1064	3623	5.133521
1064	368	5.098557
1064	2012	4.915913
1064	266	4.904181
1064	3753	4.899854
1064	587	4.846333
1064	1377	4.845099
1064	2406	4.749863
1064	788	4.695625
1065	802	7.061244
1065	2424	6.827503
1065	380	6.763563
1065	587	6.677210
1065	377	6.602550
1065	1722	6.381520
1065	1721	6.299305
1065	3528	6.291935
1065	597	6.261288
1065	7	6.150253
1066	2424	6.226346
1066	1777	5.697724
1066	802	5.651946
1066	3259	5.589831
1066	1735	5.398445
1066	1059	5.223743
1066	3155	5.205798
1066	1569	5.175729
1066	708	5.157271
1066	368	5.065200
1067	34	6.086807
1067	1269	6.030564
1067	527	5.829407
1067	1617	5.808986
1067	1196	5.563730
1067	608	5.562225
1067	1240	5.553549
1067	260	5.516574
1067	1210	5.492093
1067	1	5.473925
1068	260	5.706781
1068	1073	5.512639
1068	2871	5.501977
1068	2193	5.382522
1068	2054	5.369716
1068	3617	5.256474
1068	1644	5.136985
1068	2628	5.080303
1068	1254	5.031625
1068	1198	4.969118
1069	466	9.561963
1069	1917	9.196945
1069	1391	9.105349
1069	3107	8.982942
1069	316	8.917498
1069	10	8.416295
1069	1101	8.388326
1069	3623	8.145544
1069	2881	8.112617
1069	2393	7.987391
1071	380	7.110668
1071	2424	6.376383
1071	368	6.372924
1071	2406	5.673848
1071	1059	5.538169
1071	3528	5.463243
1071	708	5.460662
1071	1608	5.449672
1071	1081	5.390688
1071	2100	5.332315
1072	1028	5.131898
1072	34	4.776939
1072	1265	4.772959
1072	1270	4.686052
1072	1962	4.568308
1072	2791	4.532410
1072	2064	4.518701
1072	2081	4.410298
1072	2248	4.384203
1072	3751	4.366182
1073	913	5.860638
1073	2395	5.713204
1073	2762	5.529493
1073	1513	5.271314
1073	2502	5.263669
1073	2692	5.146978
1073	2336	4.988268
1073	2858	4.977369
1073	3157	4.949848
1073	2396	4.899393
1074	2336	5.467377
1074	3175	5.345931
1074	356	5.023135
1074	2406	4.956097
1074	2692	4.951799
1074	920	4.917713
1074	380	4.899849
1074	2858	4.813446
1074	3418	4.664242
1074	377	4.626473
1075	1304	5.858139
1075	260	5.795378
1075	919	5.601919
1075	908	5.554260
1075	1136	5.540530
1075	111	5.484672
1075	1230	5.481276
1075	1953	5.454908
1075	1276	5.439504
1075	3435	5.400398
1076	1777	6.732430
1076	1569	6.621972
1076	1265	6.147349
1076	539	6.045454
1076	2424	5.909369
1076	104	5.761216
1076	11	5.738712
1076	1517	5.704488
1076	339	5.695991
1076	2671	5.630610
1077	1214	5.310699
1077	32	5.188855
1077	1210	5.109100
1077	3471	5.106266
1077	2396	5.100918
1077	3418	5.072928
1077	1617	5.034848
1077	2858	5.005368
1077	1097	4.983349
1077	3175	4.940904
1078	1883	7.476737
1078	3148	6.355397
1078	2124	6.307349
1078	588	6.258579
1078	3060	6.192086
1078	2321	6.051899
1078	1682	6.043422
1078	357	5.993876
1078	1732	5.992997
1078	1639	5.942639
1079	1573	7.445170
1079	1584	7.059781
1079	1527	6.999644
1079	1921	6.909940
1079	1608	6.862818
1079	1356	6.739501
1079	2916	6.490959
1079	1653	6.353663
1079	3256	6.295550
1079	3418	6.254741
1080	1345	6.708864
1080	2288	5.933753
1080	1982	5.828251
1080	3700	5.548841
1080	1350	5.442322
1080	2160	5.380013
1080	903	5.316284
1080	1347	5.293635
1080	926	5.247498
1080	1970	5.244851
1081	2706	4.381447
1081	1374	4.095705
1081	2355	4.066388
1081	3408	4.038421
1081	3114	4.004734
1081	34	3.998518
1081	2683	3.977710
1081	223	3.909983
1081	2858	3.909591
1081	2395	3.882867
1082	1608	5.927042
1082	377	5.704288
1082	2916	5.501189
1082	3418	5.352628
1082	590	5.222720
1082	1584	5.168959
1082	1573	5.084719
1082	457	5.061838
1082	1356	5.027850
1082	349	4.976351
1084	1527	7.490593
1084	1909	6.955928
1084	329	6.565433
1084	1573	6.474973
1084	2916	6.268919
1084	1356	6.240157
1084	1372	6.102176
1084	780	5.928807
1084	2699	5.895569
1084	2393	5.861544
1085	3555	4.557692
1085	318	4.539592
1085	3578	4.525334
1085	2028	4.514398
1085	3948	4.480881
1085	3755	4.372277
1085	2858	4.371575
1085	50	4.356178
1085	2628	4.342854
1085	3793	4.271117
1086	253	5.840148
1086	2000	5.248942
1086	3844	5.158800
1086	3160	5.044438
1086	3704	4.896665
1086	1580	4.731219
1086	3510	4.705246
1086	1215	4.586431
1086	3408	4.576094
1086	2167	4.565186
1087	3173	6.848468
1087	3861	5.598007
1087	3083	5.485953
1087	3484	5.389390
1087	364	5.365990
1087	1363	5.335776
1087	3911	5.258754
1087	2245	5.179498
1087	1101	5.143074
1087	3452	5.065045
1088	2395	7.306769
1088	1961	7.233948
1088	1186	7.184242
1088	1179	7.150784
1088	34	6.977054
1088	3253	6.848483
1088	1265	6.763255
1088	150	6.740301
1088	2155	6.719048
1088	1704	6.696466
1089	32	4.803426
1089	3702	4.785600
1089	1214	4.756895
1089	1240	4.687489
1089	589	4.529530
1089	2858	4.481015
1089	1269	4.442477
1089	2571	4.417549
1089	1206	4.349145
1089	1954	4.345620
1090	2716	6.201867
1090	968	5.584582
1090	3175	5.350613
1090	2712	5.233890
1090	1387	5.124321
1090	2396	4.987692
1090	2761	4.949336
1090	2336	4.925590
1090	3174	4.787956
1090	2355	4.615169
1091	1527	6.165680
1091	1573	6.087634
1091	2628	6.023548
1091	1356	5.993119
1091	2916	5.861302
1091	3160	5.754284
1091	589	5.693418
1091	2985	5.466275
1091	648	5.456324
1091	349	5.456110
1092	2018	6.394610
1092	1282	6.078928
1092	919	5.980138
1092	1294	5.927999
1092	34	5.675432
1092	783	5.414312
1092	1907	5.392578
1092	2294	5.378945
1092	596	5.376560
1092	916	5.318411
1093	2194	6.067611
1093	1407	6.023248
1093	3256	5.685421
1093	589	5.639308
1093	2985	5.619072
1093	1127	5.551713
1093	2023	5.353902
1093	2571	5.304287
1093	2916	5.274311
1093	3702	5.221210
1094	1179	5.922181
1094	1214	5.575924
1094	3654	5.463946
1094	1617	5.246116
1094	913	5.133303
1094	1240	5.072561
1094	3418	4.994879
1094	2194	4.878174
1094	2762	4.837972
1094	2396	4.792060
1095	1912	4.418122
1095	296	4.334130
1095	593	4.186312
1095	356	4.148311
1095	1265	4.107779
1095	608	4.103532
1095	457	4.072337
1095	2858	4.064573
1095	266	4.046759
1095	2762	4.008152
1096	2716	6.910461
1096	2605	6.772525
1096	2355	6.709873
1096	153	5.791739
1096	3005	5.732431
1096	2881	5.666740
1096	2053	5.663801
1096	2428	5.538407
1096	2712	5.528121
1096	3113	5.489796
1097	1917	8.006155
1097	316	7.591109
1097	1876	7.280126
1097	2393	7.190768
1097	1527	7.113328
1097	1552	6.938220
1097	1573	6.895107
1097	1372	6.875582
1097	329	6.869107
1097	1391	6.808863
1098	1947	5.557459
1098	912	5.428976
1098	913	5.410679
1098	919	5.248793
1098	2987	5.156011
1098	899	4.891487
1098	1073	4.814034
1098	1304	4.660834
1098	1272	4.657477
1098	3471	4.617235
1099	1917	7.271440
1099	1544	7.094258
1099	1573	6.605919
1099	1876	6.542145
1099	2628	6.538184
1099	1676	6.453994
1099	3697	6.369448
1099	1552	6.357446
1099	1527	6.355973
1099	1377	6.145051
1100	1961	9.325703
1100	2953	8.333832
1100	3263	8.253488
1100	231	8.248256
1100	2375	8.088215
1100	3248	7.787231
1100	355	7.499705
1100	3760	7.374636
1100	2247	7.343486
1100	1307	7.338631
1101	1291	6.399807
1101	2105	5.774397
1101	2028	5.729563
1101	1198	5.697258
1101	2628	5.456850
1101	2115	5.288099
1101	318	5.269629
1101	2571	5.212773
1101	2005	5.208940
1101	1097	5.179125
1103	539	7.086620
1103	588	6.925681
1103	1569	6.923586
1103	597	6.826565
1103	2424	6.605523
1103	587	6.374719
1103	1777	6.204472
1103	105	6.114110
1103	11	6.091187
1103	342	6.080433
1104	1784	6.857168
1104	2329	6.853402
1104	21	6.810843
1104	3418	6.717575
1104	1120	6.482067
1104	3105	6.411089
1104	25	6.301531
1104	1641	6.251441
1104	3246	6.184906
1104	2000	6.136001
1105	1909	6.170717
1105	1653	5.885703
1105	1527	5.738555
1105	2916	5.727645
1105	1370	5.656060
1105	1580	5.579595
1105	32	5.548000
1105	2433	5.524912
1105	2706	5.510140
1105	1645	5.488302
1106	589	6.092887
1106	2571	5.859963
1106	908	5.614661
1106	1259	5.601863
1106	1097	5.472598
1106	1198	5.470137
1106	1374	5.452169
1106	608	5.445669
1106	296	5.434407
1106	2529	5.324535
1107	500	6.069768
1107	2369	6.027289
1107	2683	5.835223
1107	367	5.794910
1107	231	5.673274
1107	2395	5.535861
1107	216	5.518020
1107	1569	5.514827
1107	2694	5.509805
1107	2805	5.485253
1108	1240	5.931635
1108	296	5.887451
1108	608	5.838152
1108	2571	5.829671
1108	110	5.702841
1108	3535	5.671409
1108	2194	5.654307
1108	1673	5.642296
1108	2640	5.609691
1108	1036	5.593633
1109	2490	6.736291
1109	480	6.296683
1109	2706	6.187340
1109	2433	6.085008
1109	3005	6.084424
1109	2712	6.009904
1109	3053	5.909371
1109	2541	5.821884
1109	24	5.797939
1109	1356	5.748672
1110	2683	6.070361
1110	1513	6.018656
1110	3174	6.006892
1110	2580	5.767798
1110	2706	5.652277
1110	2734	5.489393
1110	785	5.467847
1110	2395	5.418371
1110	3219	5.405322
1110	2906	5.359490
1111	2243	6.500355
1111	2797	6.080468
1111	1307	5.944281
1111	2100	5.682510
1111	1265	5.654603
1111	3479	5.506398
1111	2081	5.495336
1111	2087	5.471573
1111	588	5.450948
1111	1663	5.210574
1112	2470	6.076369
1112	2100	5.612820
1112	3273	5.402186
1112	3623	5.365576
1112	1894	5.202351
1112	3617	5.079043
1112	317	5.065727
1112	3798	5.060137
1112	1513	5.036725
1112	1959	4.994574
1113	1304	6.498619
1113	1230	6.274700
1113	3435	6.229683
1113	1267	6.170833
1113	1199	6.159569
1113	750	6.026082
1113	910	5.963104
1113	951	5.897313
1113	908	5.730171
1113	1953	5.705437
1114	48	6.328453
1114	2424	6.293739
1114	1569	6.162173
1114	339	6.108323
1114	1307	6.034308
1114	2369	6.033913
1114	1947	5.806536
1114	2716	5.788572
1114	1294	5.748129
1114	1405	5.733721
1115	260	6.378687
1115	912	6.111416
1115	2987	5.928871
1115	1073	5.871944
1115	1198	5.845736
1115	2028	5.471992
1115	2871	5.460659
1115	1291	5.394909
1115	919	5.345272
1115	1233	5.315801
1116	608	6.771358
1116	1265	6.648108
1116	1249	6.426672
1116	1961	6.423952
1116	1259	6.373788
1116	1	6.322265
1116	1394	6.217616
1116	1307	6.197027
1116	3361	6.054570
1116	2243	5.977478
1117	380	5.670632
1117	552	5.659358
1117	736	5.623893
1117	1377	5.429854
1117	434	5.421127
1117	2706	5.418151
1117	153	5.407965
1117	349	5.407285
1117	1722	5.403629
1117	2012	5.240402
1118	2194	5.969254
1118	1210	5.801191
1118	1097	5.700092
1118	2028	5.659091
1118	1242	5.618759
1118	296	5.529820
1118	527	5.501332
1118	2571	5.456596
1118	1240	5.372278
1118	1374	5.305317
1119	1912	6.526507
1119	1393	6.387903
1119	1883	6.258803
1119	1089	6.197364
1119	1213	6.065513
1119	3148	5.985602
1119	457	5.842579
1119	3751	5.826449
1119	1639	5.731282
1119	2391	5.729605
1120	736	6.807670
1120	3623	6.476754
1120	380	6.281060
1120	1917	6.178541
1120	587	6.097364
1120	1391	6.058689
1120	1894	6.039393
1120	3257	5.940768
1120	2012	5.921478
1120	434	5.548220
1121	588	6.391081
1121	539	6.253628
1121	357	5.920512
1121	337	5.821558
1121	1777	5.744881
1121	587	5.676234
1121	3259	5.651995
1121	1721	5.628702
1121	3252	5.626529
1121	597	5.539788
1122	1831	7.367256
1122	172	7.071926
1122	1391	6.880814
1122	185	6.872836
1122	3697	6.830208
1122	2808	6.773907
1122	1037	6.715941
1122	1320	6.539595
1122	3638	6.520583
1122	1676	6.433269
1123	2628	5.014854
1123	3793	4.897429
1123	260	4.836229
1123	2871	4.813122
1123	457	4.697024
1123	648	4.674498
1123	1291	4.603202
1123	1092	4.594366
1123	1233	4.582577
1123	2028	4.568096
1124	32	6.308012
1124	1269	6.132266
1124	2571	6.025765
1124	1673	5.919244
1124	1374	5.913349
1124	1240	5.904831
1124	2194	5.838897
1124	589	5.782228
1124	110	5.729891
1124	150	5.680621
1125	3617	4.954365
1125	260	4.430991
1125	2100	4.425805
1125	318	4.357111
1125	2762	4.237336
1125	593	4.220709
1125	2406	4.202879
1125	3618	4.045733
1125	912	3.972761
1125	2987	3.923782
1127	2640	6.193975
1127	2628	6.034850
1127	3173	5.971772
1127	3070	5.652860
1127	1580	5.610764
1127	1129	5.546131
1127	524	5.448606
1127	1101	5.394249
1127	1584	5.164046
1127	3917	5.137953
1128	1221	5.825312
1128	1222	5.817424
1128	1961	5.756395
1128	1387	5.749175
1128	1197	5.409178
1128	1307	5.404310
1128	3360	5.399819
1128	1198	5.277508
1128	2804	5.188104
1128	913	5.183145
1129	1265	5.873998
1129	3552	5.383070
1129	2355	5.270166
1129	2791	5.217648
1129	2321	5.184792
1129	3210	5.164031
1129	1961	4.972908
1129	1500	4.873503
1129	1097	4.826613
1129	1307	4.807673
1130	260	5.499350
1130	527	5.075911
1130	1198	5.035175
1130	2028	4.967122
1130	1196	4.933797
1130	1240	4.902232
1130	3471	4.875800
1130	1233	4.796699
1130	296	4.704642
1130	2871	4.700261
1131	912	6.418419
1131	913	6.205335
1131	1947	5.934643
1131	1276	5.872801
1131	1263	5.803934
1131	260	5.715215
1131	2987	5.711072
1131	1234	5.695108
1131	1136	5.612921
1131	950	5.608801
1132	1371	5.920854
1132	1544	5.878191
1132	1917	5.853698
1132	153	5.499680
1132	2054	5.441188
1132	3697	5.413186
1132	434	5.312608
1132	172	5.281825
1132	1499	5.263879
1132	1882	5.230229
1133	1391	7.028075
1133	2683	6.833460
1133	736	6.768687
1133	2694	6.729746
1133	3623	6.613976
1133	2699	6.546751
1133	2012	6.523809
1133	2826	6.475817
1133	3717	6.288096
1133	466	6.210294
1134	2628	5.736908
1134	2916	5.484201
1134	1356	4.921692
1134	648	4.881673
1134	1073	4.876822
1134	349	4.854012
1134	260	4.815129
1134	653	4.778207
1134	2640	4.761540
1134	2028	4.708883
1135	1391	6.842868
1135	1831	6.779121
1135	1676	6.668634
1135	1373	6.646313
1135	1544	6.579192
1135	1371	6.386867
1135	172	6.352589
1135	153	6.325774
1135	3697	6.309284
1135	2642	6.171403
1136	1580	6.741784
1136	1573	6.518977
1136	1370	6.515388
1136	589	6.036366
1136	1527	6.029766
1136	457	5.973931
1136	2058	5.937216
1136	377	5.905246
1136	454	5.791129
1136	733	5.785112
1137	2081	5.386065
1137	2100	5.337609
1137	588	5.213462
1137	2797	5.131658
1137	3552	4.843434
1137	364	4.837464
1137	246	4.836585
1137	3448	4.794794
1137	1663	4.680377
1137	3591	4.649219
1138	2100	6.135573
1138	2406	6.126313
1138	3448	5.818124
1138	2150	5.163009
1138	466	5.146567
1138	3552	4.883187
1138	1101	4.879088
1138	367	4.858368
1138	1220	4.823803
1138	2797	4.814382
1139	3623	5.435351
1139	3555	5.168773
1139	2628	5.085820
1139	266	5.027943
1139	3753	4.981171
1139	1370	4.964270
1139	3744	4.910886
1139	3617	4.793146
1139	3354	4.740166
1139	368	4.716491
1140	1214	6.122781
1140	1240	5.922541
1140	1200	5.681857
1140	2571	5.680597
1140	1198	5.531688
1140	3418	5.506985
1140	3702	5.495942
1140	2947	5.408849
1140	1617	5.389930
1140	2455	5.384172
1141	2087	5.297896
1141	3479	5.256081
1141	588	5.183146
1141	2797	5.092907
1141	1073	4.978271
1141	2081	4.955025
1141	2470	4.914887
1141	34	4.874897
1141	595	4.830977
1141	2005	4.753211
1142	2470	6.607536
1142	2100	6.181546
1142	317	5.188485
1142	367	4.977916
1142	2406	4.970048
1142	344	4.942134
1142	19	4.676847
1142	2762	4.590454
1142	3623	4.580674
1142	1073	4.573262
1143	912	6.181710
1143	1304	6.148304
1143	750	6.067774
1143	1230	6.061389
1143	260	5.918360
1143	919	5.732143
1143	3435	5.653713
1143	2300	5.634896
1143	1387	5.605002
1143	1307	5.531697
1145	1947	4.909171
1145	1269	4.858635
1145	1265	4.823730
1145	912	4.733137
1145	1234	4.663123
1145	1225	4.644147
1145	3396	4.594790
1145	919	4.575072
1145	3363	4.531471
1145	1035	4.490893
1146	1644	7.930445
1146	1779	7.810257
1146	1037	7.337320
1146	1371	7.273748
1146	2672	7.208426
1146	1917	7.102209
1146	2808	7.004888
1146	3697	6.793947
1146	674	6.740448
1146	2701	6.708328
1147	3359	6.542999
1147	1269	6.228398
1147	1976	5.980458
1147	1234	5.796544
1147	3198	5.754464
1147	2146	5.560149
1147	3201	5.377623
1147	3735	5.313483
1147	1225	5.210994
1147	1380	5.188247
1148	1265	5.927277
1148	608	5.423852
1148	1	5.351490
1148	1307	5.054624
1148	2858	4.945464
1148	1394	4.901890
1148	293	4.827613
1148	1500	4.732445
1148	34	4.706611
1148	3361	4.697274
1149	349	6.245178
1149	1608	5.854868
1149	1917	5.651691
1149	1101	5.536458
1149	653	5.378316
1149	1573	5.259683
1149	1356	5.236628
1149	3489	5.214834
1149	10	5.163815
1149	1527	5.161755
1150	272	6.369606
1150	913	6.254660
1150	1269	6.209880
1150	2396	6.161352
1150	968	6.014197
1150	2395	5.987783
1150	953	5.886672
1150	34	5.877659
1150	2333	5.856468
1150	150	5.798859
1151	1408	6.059865
1151	2355	5.716503
1151	2706	5.659648
1151	2571	5.655696
1151	2028	5.438779
1151	1127	5.413856
1151	1356	5.403654
1151	480	5.334283
1151	3256	5.234661
1151	2580	5.229444
1152	3114	4.649534
1152	2396	4.546814
1152	2987	4.497820
1152	1	4.422171
1152	260	4.254117
1152	1206	4.104139
1152	1196	4.040838
1152	2762	4.018381
1152	34	3.893254
1152	2355	3.892332
1153	2622	5.899342
1153	2683	5.594488
1153	2598	5.537181
1153	2723	5.474960
1153	2369	5.444410
1153	2013	5.333346
1153	2502	5.053926
1153	2805	5.029774
1153	2706	5.027011
1153	2560	4.915039
1155	34	5.301919
1155	1393	4.950226
1155	21	4.930495
1155	32	4.913017
1155	3418	4.911899
1155	2291	4.856285
1155	150	4.838175
1155	2571	4.814233
1155	2321	4.808121
1155	1784	4.795294
1156	587	6.740858
1156	2424	6.523358
1156	236	6.174979
1156	1888	6.099589
1156	1457	6.085691
1156	7	6.064668
1156	339	6.043796
1156	597	5.964550
1156	1894	5.933481
1156	1777	5.660261
1158	7	6.732111
1158	339	6.666683
1158	1777	6.620751
1158	252	6.158602
1158	597	6.060424
1158	236	6.016823
1158	586	5.870468
1158	11	5.772849
1158	468	5.749000
1158	3259	5.743993
1159	196	7.533623
1159	172	7.452136
1159	185	7.181642
1159	3638	6.704983
1159	3697	6.440693
1159	1037	6.240019
1159	1391	6.232409
1159	435	6.147780
1159	1371	6.082549
1159	1388	6.045368
1160	2724	5.671128
1160	1513	5.523405
1160	2805	5.459378
1160	2490	5.428349
1160	2701	5.420285
1160	2688	5.344729
1160	1073	5.223048
1160	2	5.155602
1160	3623	5.114899
1160	317	5.109874
1161	1304	7.026385
1161	1267	6.751335
1161	1219	6.719013
1161	3435	6.570379
1161	1199	6.448129
1161	1997	6.351685
1161	1252	6.178500
1161	903	6.131533
1161	1206	6.071176
1161	1953	6.047499
1162	1721	4.943178
1162	266	4.922562
1162	3528	4.844718
1162	1183	4.748409
1162	377	4.692524
1162	380	4.631866
1162	2875	4.506634
1162	356	4.499082
1162	802	4.490823
1162	1092	4.489258
1163	1917	7.038360
1163	3697	6.629926
1163	3744	6.489773
1163	3623	6.108543
1163	1779	6.029622
1163	3257	6.026853
1163	1676	5.986496
1163	1831	5.944787
1163	3638	5.883539
1163	2808	5.861842
1164	595	6.041030
1164	2087	5.863994
1164	594	5.842334
1164	899	5.436106
1164	364	5.371728
1164	596	5.325541
1164	588	5.306939
1164	1029	5.178601
1164	1947	5.147100
1164	1294	5.146842
1165	3623	4.750465
1165	1407	4.720184
1165	380	4.665224
1165	3897	4.273160
1165	1266	4.260408
1165	1645	4.227809
1165	2959	4.176867
1165	3044	4.174788
1165	587	4.133230
1165	3615	4.095719
1167	1747	5.941630
1167	356	5.773282
1167	377	5.385314
1167	2706	5.188149
1167	1393	5.100716
1167	39	5.062626
1167	2396	5.020237
1167	1265	5.005459
1167	1408	5.004893
1167	587	4.924046
1168	588	6.284854
1168	2396	5.481000
1168	3060	5.343220
1168	3114	5.337800
1168	34	5.257831
1168	357	5.254479
1168	1357	5.142351
1168	3253	5.107295
1168	1183	5.104316
1168	595	5.093398
1169	1961	6.108084
1169	1307	5.925869
1169	231	5.903310
1169	1265	5.692824
1169	367	5.598018
1169	2100	5.570227
1169	3263	5.408966
1169	2797	5.395238
1169	2375	5.365518
1169	3450	5.218005
1170	968	5.257880
1170	2396	5.071748
1170	2683	4.949437
1170	3174	4.925525
1170	2355	4.869487
1170	2598	4.855308
1170	2723	4.813283
1170	2710	4.805778
1170	2881	4.749900
1170	2580	4.734978
1172	380	5.196361
1172	2424	5.055226
1172	587	4.555122
1172	2100	4.492069
1172	2406	4.486382
1172	590	4.382812
1172	7	4.365649
1172	317	4.360225
1172	1073	4.325547
1172	3528	4.316172
1173	2881	7.076488
1173	2605	6.342564
1173	316	6.314419
1173	1391	6.273483
1173	2699	6.050402
1173	2723	6.041416
1173	208	6.037838
1173	434	5.929059
1173	1377	5.789307
1173	380	5.781383
1175	2424	7.967150
1175	7	7.808032
1175	587	7.618215
1175	539	7.617258
1175	252	7.359185
1175	1888	7.322714
1175	2875	7.317125
1175	339	7.290258
1175	3528	7.169251
1175	372	6.819640
1176	2455	5.210254
1176	1073	5.052388
1176	2366	5.042839
1176	2406	5.003373
1176	2628	4.892763
1176	2872	4.869719
1176	1387	4.743989
1176	260	4.733668
1176	1097	4.720610
1176	1982	4.670826
1177	1777	5.480116
1177	3176	5.409815
1177	356	5.212044
1177	1721	5.121484
1177	1747	5.082803
1177	2706	4.987038
1177	1639	4.952660
1177	1883	4.902164
1177	1732	4.834999
1177	1923	4.808831
1178	1206	6.444776
1178	2987	6.188414
1178	3114	5.691764
1178	3159	5.689499
1178	2396	5.667031
1178	3471	5.523383
1178	1022	5.432582
1178	260	5.378230
1178	1029	5.359511
1178	2300	5.299248
1179	589	6.090744
1179	2628	5.825439
1179	2640	5.508092
1179	2916	5.457371
1179	3527	5.368802
1179	2985	5.355550
1179	1101	5.306160
1179	2455	5.235762
1179	1527	5.180234
1179	1036	5.170773
1180	1304	5.534184
1180	1230	5.529639
1180	919	5.386187
1180	1214	5.239594
1180	750	5.208861
1180	904	5.196654
1180	3435	5.155644
1180	3471	5.134482
1180	912	5.125529
1180	903	5.102716
1181	3535	5.633919
1181	3362	5.224351
1181	2657	5.145554
1181	3624	5.093797
1181	1215	4.840177
1181	2858	4.816559
1181	2918	4.700035
1181	1394	4.687106
1181	647	4.627721
1181	1084	4.598438
1182	2018	6.648843
1182	919	6.537377
1182	920	6.182613
1182	1230	6.024305
1182	1282	6.020664
1182	260	5.910828
1182	1204	5.865076
1182	2987	5.820684
1182	3435	5.773649
1182	2067	5.771890
1183	589	6.212945
1183	1210	5.568236
1183	2028	5.511933
1183	858	5.470609
1183	527	5.444390
1183	2858	5.443437
1183	608	5.417778
1183	1617	5.359975
1183	296	5.251211
1183	1252	5.232153
1184	2746	7.404467
1184	1088	7.315877
1184	2003	7.275812
1184	2100	7.250021
1184	1380	7.200030
1184	1381	7.094132
1184	1091	6.899424
1184	673	6.851425
1184	2470	6.780555
1184	2088	6.758097
1185	592	3.890657
1185	2012	3.779310
1185	3160	3.724230
1185	3408	3.673918
1185	2628	3.658405
1185	2011	3.633876
1185	3753	3.631472
1185	3844	3.618965
1185	2174	3.618435
1185	1580	3.487603
1186	1380	6.286619
1186	904	6.090789
1186	913	5.924101
1186	1952	5.831722
1186	1953	5.821930
1186	2871	5.774073
1186	919	5.768531
1186	3435	5.746448
1186	1193	5.732008
1186	3201	5.691041
1187	34	5.299082
1187	1265	5.285252
1187	1357	5.235955
1187	2396	5.169730
1187	2355	5.137594
1187	357	5.083345
1187	1784	4.905318
1187	17	4.873338
1187	1094	4.814083
1187	3253	4.739458
1188	3471	5.164397
1188	913	5.099398
1188	2571	4.893719
1188	1200	4.868705
1188	1097	4.865247
1188	3702	4.843582
1188	2944	4.814336
1188	1206	4.761582
1188	1374	4.750224
1188	969	4.740301
1191	916	6.051245
1191	1294	5.929783
1191	1307	5.713678
1191	3363	5.471002
1191	899	5.451311
1191	2797	5.329293
1191	1947	5.298275
1191	912	5.224570
1191	2087	5.212498
1191	919	5.068586
1193	2375	7.148761
1193	2100	6.970059
1193	2247	6.928065
1193	1091	6.774914
1193	2717	6.644142
1193	2134	6.631220
1193	19	6.591100
1193	344	6.518609
1193	2470	6.467311
1193	2416	6.315539
1194	3751	5.906836
1194	3317	5.888513
1194	3897	5.681194
1194	3552	5.612454
1194	1265	5.571417
1194	608	5.422884
1194	3526	5.393533
1194	2000	4.938318
1194	529	4.933646
1194	1307	4.913703
1195	1321	6.416462
1195	1974	6.371108
1195	2513	6.013534
1195	968	5.970738
1195	1971	5.968773
1195	2459	5.963278
1195	2288	5.827151
1195	2716	5.793534
1195	2455	5.757385
1195	1969	5.611918
1196	1265	5.625303
1196	2355	5.363352
1196	34	5.261128
1196	588	5.254500
1196	1094	4.859414
1196	17	4.838392
1196	356	4.666917
1196	2918	4.611829
1196	3418	4.603125
1196	1	4.576919
1198	2628	4.734873
1198	1580	4.511686
1198	1608	4.317818
1198	367	4.235581
1198	2858	4.210843
1198	380	4.157491
1198	1101	4.154512
1198	2406	4.112358
1198	2797	4.056997
1198	1485	4.025834
1199	1961	5.755384
1199	3210	5.545448
1199	1228	5.518408
1199	2000	5.491011
1199	2791	5.418444
1199	1270	5.316722
1199	2804	5.297349
1199	1028	5.260322
1199	1265	5.256434
1199	1197	5.185692
1200	2701	5.681084
1200	2490	5.624721
1200	2723	5.536358
1200	2013	5.519832
1200	2713	5.439988
1200	2710	5.425350
1200	2976	5.375155
1200	3081	5.040621
1200	2805	5.011700
1200	24	4.982730
1201	2805	5.264111
1201	2706	5.155855
1201	2724	5.039774
1201	2683	4.937988
1201	2841	4.918538
1201	2702	4.910545
1201	2396	4.884493
1201	1513	4.837376
1201	2694	4.787632
1201	3623	4.650895
1202	1584	6.632667
1202	1	6.108818
1202	1653	6.085016
1202	32	6.039472
1202	527	5.907992
1202	1259	5.696888
1202	541	5.618773
1202	1196	5.612168
1202	29	5.518696
1202	589	5.499552
1203	260	6.141337
1203	3471	6.135549
1203	750	6.130781
1203	1206	6.129621
1203	912	6.106559
1203	913	6.089791
1203	1304	5.849675
1203	1214	5.783625
1203	3435	5.751715
1203	919	5.748339
1204	2628	6.675553
1204	589	6.662757
1204	1129	6.467752
1204	2105	6.425167
1204	2640	6.412916
1204	3070	6.141181
1204	3527	6.015110
1204	2193	5.996083
1204	2160	5.984629
1204	2454	5.851435
1205	1883	6.736363
1205	454	6.312722
1205	1732	5.926711
1205	3255	5.807061
1205	293	5.785297
1205	39	5.741426
1205	1393	5.701184
1205	1500	5.684844
1205	3108	5.577082
1205	2302	5.551133
1206	3638	6.035381
1206	3717	5.973355
1206	185	5.925105
1206	2722	5.882222
1206	2710	5.876397
1206	1371	5.793374
1206	1391	5.737731
1206	2699	5.716781
1206	2701	5.709254
1206	2012	5.474599
1207	1307	5.901127
1207	1234	5.774882
1207	1276	5.619062
1207	3072	5.518932
1207	1962	5.422208
1207	1380	5.388132
1207	1073	5.307344
1207	2797	5.264034
1207	1231	5.205379
1207	2717	5.155289
1208	1965	7.014164
1208	2194	6.912722
1208	2160	6.685963
1208	2455	6.557076
1208	1673	6.455711
1208	296	6.180730
1208	1036	6.086044
1208	3917	6.003119
1208	2000	5.839834
1208	1240	5.820304
1209	1101	7.405514
1209	2746	6.604309
1209	2003	6.546867
1209	2406	6.411783
1209	1994	5.812735
1209	2407	5.804044
1209	3524	5.660200
1209	2100	5.508649
1209	2872	5.455970
1209	3882	5.416268
1210	2628	5.467596
1210	1580	5.146153
1210	1544	5.024873
1210	1573	4.948873
1210	480	4.940916
1210	648	4.834023
1210	1917	4.786852
1210	1876	4.782844
1210	2916	4.737016
1210	589	4.683893
1211	2640	6.420736
1211	32	6.302060
1211	589	6.205606
1211	2288	5.968310
1211	2916	5.942433
1211	1214	5.941036
1211	1269	5.790742
1211	2527	5.781217
1211	480	5.719548
1211	1206	5.409371
1212	1580	6.167322
1212	474	6.123639
1212	3176	6.106781
1212	2706	6.056226
1212	2571	5.983495
1212	3578	5.962550
1212	110	5.941184
1212	2000	5.932111
1212	16	5.882828
1212	457	5.844681
1214	913	9.623879
1214	3494	8.297881
1214	1254	7.938308
1214	3508	7.762607
1214	2951	7.751055
1214	3682	7.546741
1214	1954	7.537408
1214	1201	7.531329
1214	599	7.440768
1214	2922	7.273037
1215	2571	5.090533
1215	1831	4.863654
1215	2858	4.782135
1215	1215	4.598331
1215	1240	4.596567
1215	3510	4.591157
1215	185	4.583142
1215	3578	4.573994
1215	780	4.537322
1215	1544	4.531834
1216	1527	6.842252
1216	1573	6.339043
1216	1917	6.299913
1216	1876	6.140605
1216	2916	6.112340
1216	2628	6.110330
1216	2617	6.084962
1216	165	6.022363
1216	1385	5.917851
1216	2393	5.843170
1217	1214	5.439414
1217	913	5.066086
1217	3471	5.038297
1217	1617	4.912451
1217	1387	4.856030
1217	924	4.830149
1217	903	4.800127
1217	1210	4.798257
1217	1247	4.773917
1217	919	4.736957
1218	1101	6.756046
1218	1608	6.464048
1218	292	5.791542
1218	380	5.785891
1218	349	5.309128
1218	2628	5.302058
1218	266	5.200495
1218	2406	5.188601
1218	3107	5.153580
1218	353	5.070547
1219	485	7.448020
1219	1391	7.249120
1219	1917	7.031559
1219	434	6.981515
1219	1882	6.937194
1219	1831	6.896998
1219	3717	6.842309
1219	1779	6.840712
1219	3623	6.819769
1219	3697	6.796903
1220	1307	8.709560
1220	231	8.050317
1220	1265	8.008902
1220	1961	7.734668
1220	500	7.604979
1220	2243	7.476054
1220	104	7.179487
1220	2797	6.865359
1220	1500	6.834211
1220	1569	6.776496
1221	500	7.561908
1221	3263	7.453983
1221	2431	7.294813
1221	2108	7.075177
1221	3552	6.821800
1221	1307	6.788142
1221	3809	6.661705
1221	370	6.592790
1221	1517	6.585468
1221	344	6.572740
1222	2683	5.484308
1222	2490	5.394060
1222	2580	5.307612
1222	2881	5.277653
1222	3113	5.239608
1222	2694	5.218120
1222	2706	5.041235
1222	2605	5.025714
1222	2722	4.977801
1222	2433	4.946433
1223	1580	6.467579
1223	2000	6.067933
1223	3160	6.065939
1223	2791	5.874579
1223	589	5.844485
1223	1965	5.796761
1223	2571	5.765732
1223	592	5.760777
1223	2628	5.610688
1223	1374	5.593674
1224	1573	6.929456
1224	1580	6.697243
1224	316	6.453049
1224	3107	6.350206
1224	1391	6.303050
1224	1676	6.283012
1224	454	6.057040
1224	2094	6.020676
1224	1876	5.921209
1224	780	5.718499
1227	2355	7.071418
1227	588	6.755109
1227	34	5.816647
1227	1265	5.381510
1227	1641	5.336762
1227	1060	5.303654
1227	2396	5.268081
1227	357	5.172183
1227	3408	5.142660
1227	1357	5.122842
1228	1779	6.167235
1228	1917	5.998970
1228	3623	5.949554
1228	3697	5.860422
1228	1831	5.834539
1228	3717	5.834455
1228	466	5.784618
1228	1391	5.624093
1228	485	5.621557
1228	1590	5.530780
1229	1912	6.872225
1229	1673	6.858085
1229	32	6.841928
1229	1584	6.696932
1229	150	6.597885
1229	515	6.568503
1229	457	6.516992
1229	1682	6.480608
1229	110	6.383115
1229	1466	6.360647
1230	1088	6.457098
1230	2455	5.878396
1230	1019	5.491148
1230	1321	5.440331
1230	1101	5.438387
1230	1035	5.417227
1230	1081	5.354493
1230	2746	5.354482
1230	1225	5.234101
1230	2011	5.229829
1231	3638	4.956423
1231	1092	4.946421
1231	1339	4.887390
1231	2094	4.823111
1231	253	4.815993
1231	1717	4.783567
1231	674	4.713727
1231	1644	4.668819
1231	3114	4.449614
1231	595	4.405969
1232	1265	5.625559
1232	34	4.992826
1232	1	4.960343
1232	551	4.515867
1232	588	4.444315
1232	1307	4.399777
1232	356	4.363479
1232	1094	4.356862
1232	2321	4.212982
1232	608	4.195239
1233	2455	4.622156
1233	2716	4.453138
1233	3175	4.419344
1233	968	4.234602
1233	1214	4.188415
1233	1333	4.140410
1233	2657	4.099788
1233	1982	3.975233
1233	2916	3.972749
1233	2791	3.949449
1235	2706	5.931965
1235	1682	5.849670
1235	1732	5.734572
1235	1883	5.628202
1235	39	5.576233
1235	32	5.472774
1235	3253	5.468857
1235	1784	5.443223
1235	1580	5.338064
1235	3060	5.327462
1237	3704	4.938968
1237	2311	4.920719
1237	3844	4.842798
1237	3638	4.642827
1237	2011	4.609551
1237	3791	4.542692
1237	1717	4.537855
1237	3785	4.473345
1237	3701	4.471216
1237	2407	4.368292
1238	3175	6.452725
1238	2598	6.162265
1238	1513	6.145678
1238	2734	6.009897
1238	2318	5.973078
1238	2581	5.741613
1238	2906	5.688173
1238	2683	5.669482
1238	2395	5.661387
1238	2622	5.511266
1239	34	5.365011
1239	588	5.268753
1239	3253	5.245666
1239	2396	5.127477
1239	356	5.032569
1239	1641	4.948267
1239	2355	4.947317
1239	1393	4.858337
1239	1923	4.821641
1239	1060	4.814319
1240	2011	5.575157
1240	3704	5.325423
1240	2407	5.108297
1240	3510	4.853309
1240	253	4.806937
1240	3844	4.801630
1240	2105	4.681265
1240	3701	4.681222
1240	3785	4.437473
1240	2985	4.326334
1241	1265	6.077293
1241	2355	5.727613
1241	3543	5.726497
1241	3210	5.103684
1241	497	5.083271
1241	17	4.967188
1241	3526	4.952219
1241	246	4.914691
1241	588	4.873362
1241	1674	4.848570
1242	497	7.275041
1242	2248	6.932633
1242	3044	6.885672
1242	594	6.861227
1242	608	6.857515
1242	588	6.846662
1242	509	6.581565
1242	3255	6.575118
1242	3543	6.516446
1242	3317	6.366722
1243	2762	4.974804
1243	3176	4.834697
1243	318	4.763272
1243	527	4.758141
1243	2028	4.629296
1243	1196	4.570599
1243	457	4.508674
1243	296	4.503548
1243	1721	4.478461
1243	1249	4.468628
1244	3624	5.271373
1244	3863	4.971912
1244	3911	4.914877
1244	3510	4.848386
1244	3897	4.825001
1244	3753	4.806196
1244	3844	4.764333
1244	3555	4.686554
1244	3793	4.651096
1244	3755	4.646511
1245	1304	5.428105
1245	1252	5.249683
1245	1136	5.146643
1245	1617	5.102873
1245	1221	5.060510
1245	3702	5.051105
1245	2529	5.032807
1245	1269	4.998181
1245	527	4.984844
1245	608	4.972806
1246	3702	5.702107
1246	1240	5.439966
1246	1214	5.411946
1246	1221	5.376820
1246	1200	5.341430
1246	2571	5.199315
1246	1198	5.185990
1246	2529	5.178548
1246	589	5.172892
1246	3471	5.141019
1247	1101	6.112538
1247	2406	6.022446
1247	2640	5.373653
1247	2628	5.178777
1247	1252	5.163596
1247	858	4.926445
1247	3755	4.821098
1247	1084	4.774419
1247	903	4.766008
1247	1954	4.735497
1248	1407	6.132903
1248	2710	6.117804
1248	1370	6.101960
1248	2699	5.828965
1248	2433	5.680358
1248	3638	5.658630
1248	3623	5.606192
1248	2532	5.572852
1248	474	5.521636
1248	3717	5.480067
1251	3175	5.965584
1251	2683	5.840723
1251	2580	5.721545
1251	2396	5.569321
1251	2336	5.533449
1251	2355	5.532559
1251	2706	5.479933
1251	2710	5.444929
1251	2581	5.441755
1251	2395	5.308181
1252	2746	7.398462
1252	2371	6.367541
1252	3524	6.146091
1252	2100	6.093404
1252	2081	5.831171
1252	3552	5.798373
1252	1307	5.612940
1252	1962	5.547308
1252	2108	5.511607
1252	1265	5.458494
1253	1923	6.996005
1253	1784	6.990498
1253	104	6.918087
1253	3253	6.687033
1253	1883	6.655934
1253	1500	6.610902
1253	3255	6.366724
1253	1777	6.274499
1253	1517	6.251831
1253	2706	6.076409
1254	339	8.013898
1254	2424	7.814521
1254	539	7.570974
1254	7	7.165589
1254	380	7.158177
1254	708	7.003215
1254	2943	6.584756
1254	1569	6.564328
1254	1059	6.553607
1254	1888	6.491067
1255	1921	6.740036
1255	1172	6.386769
1255	594	6.252260
1255	647	6.206370
1255	3555	6.150331
1255	266	6.096507
1255	920	5.950421
1255	1584	5.949299
1255	454	5.887354
1255	741	5.868250
1256	1259	6.157482
1256	1394	5.812159
1256	1198	5.746731
1256	1249	5.744073
1256	260	5.672515
1256	1234	5.577641
1256	1293	5.487140
1256	1304	5.479079
1256	919	5.382572
1256	1282	5.377797
1257	1073	5.007671
1257	2628	4.974058
1257	349	4.873707
1257	2470	4.807217
1257	380	4.780426
1257	1608	4.765313
1257	3489	4.738138
1257	590	4.668758
1257	317	4.553699
1257	2394	4.414296
1258	1954	7.475856
1258	3555	7.465148
1258	3624	7.423204
1258	1252	7.218474
1258	2406	7.077852
1258	903	6.803394
1258	1610	6.773092
1258	858	6.746687
1258	1267	6.732202
1258	1101	6.701790
1259	3917	6.678048
1259	2640	6.559141
1259	2628	6.340266
1259	2193	6.285187
1259	2455	6.232910
1259	1101	6.058205
1259	2288	5.835835
1259	3070	5.757854
1259	1261	5.701140
1259	2406	5.655390
1260	2746	6.255908
1260	1307	5.565646
1260	3524	5.541829
1260	2003	5.455751
1260	3949	5.400223
1260	1088	5.347634
1260	1380	5.156919
1260	2797	5.025645
1260	1394	4.948863
1260	3618	4.935499
1261	480	6.152624
1261	1673	6.127251
1261	2640	6.058902
1261	1610	5.992278
1261	457	5.876891
1261	1580	5.814601
1261	1240	5.757614
1261	2028	5.623832
1261	2194	5.617456
1261	296	5.612556
1262	2028	5.361917
1262	527	5.152616
1262	593	5.092101
1262	1198	4.976869
1262	608	4.946866
1262	2571	4.921784
1262	260	4.918154
1262	318	4.917584
1262	1249	4.894355
1262	296	4.816392
1263	2013	5.887080
1263	2336	5.480070
1263	2906	5.314255
1263	2683	5.300021
1263	3175	5.230616
1263	2688	5.179684
1263	3053	5.141052
1263	2502	5.096485
1263	380	5.075946
1263	2686	5.072981
1264	1307	7.713592
1264	1294	6.926186
1264	1265	6.765647
1264	3543	6.386885
1264	3685	5.650876
1264	1394	5.514594
1264	3072	5.495719
1264	914	5.492718
1264	1230	5.484483
1264	497	5.483334
1265	2005	7.554183
1265	2470	6.443601
1265	1073	6.403517
1265	2702	6.226554
1265	2	5.957999
1265	2133	5.884564
1265	2161	5.860021
1265	3489	5.710866
1265	2628	5.684721
1265	3173	5.602714
1266	1380	6.495856
1266	1073	5.699876
1266	905	5.379730
1266	1947	5.248467
1266	919	5.130121
1266	1225	5.096892
1266	1084	5.037595
1266	788	4.931445
1266	260	4.827154
1266	912	4.811830
1267	454	4.829757
1267	1	4.497868
1267	1148	4.160164
1267	1092	4.012314
1267	293	3.999046
1267	780	3.989914
1267	608	3.984576
1267	1391	3.976344
1267	3408	3.955978
1267	1307	3.928224
1268	1101	5.465165
1268	2746	5.203070
1268	2406	4.998352
1268	2100	4.676365
1268	1220	4.664763
1268	2628	4.652161
1268	2797	4.629683
1268	2015	4.582604
1268	2193	4.579691
1268	2011	4.477597
1269	2396	4.795405
1269	3174	4.692528
1269	2683	4.551470
1269	2580	4.521087
1269	2762	4.406656
1269	223	4.349954
1269	2706	4.272690
1269	2712	4.200717
1269	2710	4.178780
1269	2433	4.176846
1271	912	5.753152
1271	527	5.729957
1271	1196	5.284506
1271	2028	5.261138
1271	2858	5.136056
1271	2797	5.104857
1271	1210	5.082755
1271	1307	5.032908
1271	1272	4.960749
1271	260	4.933574
1272	2987	5.307796
1272	260	5.125299
1272	912	5.026476
1272	919	4.930613
1272	2394	4.776738
1272	899	4.759389
1272	2396	4.739518
1272	1073	4.673399
1272	1019	4.670323
1272	2968	4.667083
1273	1265	7.096054
1273	1883	6.787329
1273	1500	6.589461
1273	1747	6.083308
1273	39	6.064749
1273	104	5.941045
1273	1393	5.914411
1273	3108	5.876528
1273	1732	5.844800
1273	235	5.742329
1274	3654	8.097565
1274	1179	7.101223
1274	1201	6.618354
1274	1198	6.528309
1274	1224	6.390866
1274	924	6.342991
1274	1204	6.285157
1274	2194	6.257399
1274	1247	6.256992
1274	1387	6.248456
1275	919	6.326844
1275	1198	6.224673
1275	1196	6.073497
1275	1233	5.999526
1275	2987	5.906235
1275	1221	5.739017
1275	2028	5.648404
1275	1259	5.532681
1275	1282	5.493111
1275	3471	5.422427
1276	1265	6.442900
1276	1307	6.010726
1276	1	5.877709
1276	1394	5.314604
1276	1223	5.301249
1276	1148	5.133920
1276	39	5.132038
1276	1288	5.109415
1276	34	5.049478
1276	2321	5.038131
1277	2717	5.404762
1277	1321	5.334885
1277	1982	4.958515
1277	3638	4.934209
1277	968	4.902140
1277	3708	4.882948
1277	3499	4.846464
1277	2167	4.816728
1277	1918	4.741296
1277	1339	4.727791
1278	920	5.556399
1278	930	5.056366
1278	919	4.999347
1278	899	4.978106
1278	3435	4.957804
1278	260	4.771232
1278	912	4.718799
1278	1230	4.701081
1278	1304	4.645743
1278	590	4.636051
1279	1265	4.578014
1279	1307	4.555602
1279	34	4.424983
1279	2355	4.310902
1279	1	4.245342
1279	1097	4.226996
1279	1197	4.221308
1279	2858	4.148855
1279	1270	4.139696
1279	2797	4.111615
1280	2580	5.488035
1280	2490	5.217914
1280	2710	4.977669
1280	2605	4.925221
1280	3113	4.878744
1280	2699	4.873569
1280	3408	4.868536
1280	2433	4.866472
1280	3273	4.849638
1280	3174	4.845841
1281	904	5.705307
1281	1304	5.659297
1281	260	5.490777
1281	1282	5.490494
1281	908	5.413482
1281	1214	5.387079
1281	1230	5.365427
1281	1234	5.333644
1281	3435	5.326891
1281	1240	5.284621
1283	1265	4.285122
1283	588	4.172094
1283	608	4.170621
1283	3751	4.090861
1283	1	4.063119
1283	34	4.054843
1283	364	4.015528
1283	593	3.858797
1283	1617	3.845121
1283	296	3.809526
1284	3638	6.555111
1284	3717	6.431770
1284	1375	6.069592
1284	1917	6.066645
1284	3623	6.064951
1284	3744	6.016753
1284	3273	5.982573
1284	1831	5.972483
1284	2393	5.736956
1284	1391	5.689553
1285	1333	6.443058
1285	968	5.554511
1285	2716	5.503341
1285	1201	5.433105
1285	1350	5.370703
1285	1387	5.339781
1285	1214	5.257005
1285	2455	5.146788
1285	1219	5.143945
1285	2747	5.051336
1286	913	7.411603
1286	2951	5.583927
1286	1206	5.469558
1286	1954	5.437268
1286	1513	5.342270
1286	2871	5.308667
1286	3494	5.240998
1286	260	5.220532
1286	3471	5.219956
1286	1073	5.094413
1287	3861	5.204943
1287	3745	4.578526
1287	3755	4.533864
1287	593	4.462950
1287	3948	4.402090
1287	454	4.397345
1287	3911	4.389847
1287	3083	4.369785
1287	318	4.346925
1287	3173	4.219761
1288	21	6.297678
1288	1580	5.850102
1288	2291	5.807296
1288	1265	5.771108
1288	32	5.644117
1288	1784	5.451484
1288	2858	5.451158
1288	293	5.391971
1288	110	5.357253
1288	223	5.249531
1289	1196	5.317731
1289	1097	5.303902
1289	3471	5.191820
1289	912	5.131947
1289	527	5.096191
1289	1200	5.049895
1289	1240	4.986954
1289	1204	4.982495
1289	1221	4.940209
1289	2987	4.939548
1290	913	5.260507
1290	3174	5.048570
1290	2959	4.988923
1290	2502	4.802440
1290	2997	4.752749
1290	2670	4.593904
1290	1287	4.576552
1290	2716	4.567059
1290	2712	4.519179
1290	3175	4.515459
1291	1282	6.354100
1291	1028	5.999217
1291	908	5.975830
1291	608	5.735209
1291	3751	5.583836
1291	364	5.575442
1291	1249	5.534702
1291	296	5.491166
1291	1124	5.490586
1291	1234	5.306675
1292	589	6.262245
1292	2640	6.170661
1292	3624	5.702333
1292	480	5.641858
1292	1129	5.578756
1292	1965	5.537886
1292	1673	5.528726
1292	110	5.485540
1292	296	5.474758
1292	1240	5.472818
1293	104	6.124160
1293	1784	5.975279
1293	1517	5.861057
1293	3450	5.568925
1293	1747	5.556914
1293	500	5.470742
1293	231	5.370348
1293	1569	5.299271
1293	1485	5.200546
1293	3253	5.117425
1294	1265	5.958058
1294	2108	5.890189
1294	2371	5.748796
1294	1517	5.679133
1294	2716	5.669558
1294	2746	5.620306
1294	3809	5.525463
1294	2369	5.401980
1294	2416	5.241384
1294	104	5.236789
1295	1206	7.690129
1295	1204	7.152794
1295	3471	6.995891
1295	903	6.978743
1295	1954	6.895665
1295	1252	6.781857
1295	1214	6.773435
1295	260	6.770867
1295	1254	6.669651
1295	904	6.575448
1296	588	6.166849
1296	2355	5.324176
1296	3253	5.322943
1296	1393	5.200657
1296	2396	5.122787
1296	1641	5.103458
1296	3408	5.058566
1296	21	5.055558
1296	1784	5.024294
1296	1183	4.999374
1297	1527	6.576653
1297	2628	6.513351
1297	1573	6.442982
1297	648	6.170720
1297	1101	6.169108
1297	2916	6.071289
1297	1917	6.008213
1297	1385	5.923714
1297	1356	5.887522
1297	1876	5.869591
1298	2716	5.778562
1298	2369	5.639388
1298	1513	5.091659
1298	2581	4.915347
1298	2396	4.910833
1298	2683	4.894617
1298	1265	4.878124
1298	2598	4.851687
1298	3174	4.837084
1298	785	4.757310
1299	589	7.253557
1299	2194	6.836223
1299	1610	6.702909
1299	2571	6.470865
1299	1580	6.254509
1299	2001	6.152825
1299	1036	6.037370
1299	3256	6.020468
1299	1240	5.927119
1299	2278	5.917613
1300	2598	6.225342
1300	2683	5.998955
1300	2013	5.809016
1300	2336	5.773161
1300	2734	5.636722
1300	3053	5.534127
1300	2805	5.371928
1300	2622	5.368742
1300	3175	5.367417
1300	2369	5.271981
1301	2628	4.363236
1301	3408	4.027267
1301	3623	3.920160
1301	3175	3.872764
1301	1580	3.859175
1301	2858	3.852477
1301	2762	3.788191
1301	1608	3.779844
1301	648	3.763931
1301	2916	3.708208
1302	1527	6.174047
1302	1573	6.116442
1302	1544	6.115875
1302	1876	6.113632
1302	648	5.889212
1302	3257	5.581248
1302	1909	5.571390
1302	1356	5.507286
1302	329	5.445034
1302	3354	5.411996
1303	1265	6.231743
1303	2371	6.198300
1303	500	6.145183
1303	2746	6.124388
1303	2108	6.066469
1303	2416	5.985205
1303	370	5.981348
1303	1307	5.869427
1303	2100	5.775617
1303	2247	5.747574
1304	2918	5.450111
1304	3210	5.090022
1304	2000	5.024759
1304	1270	4.862537
1304	3526	4.849437
1304	1079	4.822716
1304	2291	4.674286
1304	21	4.671423
1304	3868	4.615665
1304	34	4.572403
1306	1918	5.764377
1306	2002	5.457873
1306	2012	5.199310
1306	70	5.176232
1306	2826	4.941779
1306	1391	4.917658
1306	3752	4.886560
1306	3623	4.855364
1306	3753	4.676174
1306	3450	4.557032
1308	2916	4.993965
1308	3418	4.939397
1308	1408	4.905053
1308	1580	4.884063
1308	21	4.816976
1308	1584	4.794858
1308	457	4.759227
1308	2396	4.695238
1308	32	4.688278
1308	1909	4.687588
1311	3578	4.754505
1311	3408	4.688206
1311	3623	4.571107
1311	3510	4.463496
1311	1580	4.423888
1311	2858	4.407011
1311	2628	4.230533
1311	780	4.135100
1311	589	4.123166
1311	1215	4.082598
1312	196	7.298768
1312	1391	7.148753
1312	185	6.790960
1312	3697	6.742751
1312	2808	6.718229
1312	1590	6.617181
1312	3638	6.574166
1312	748	6.117591
1312	1037	6.094432
1312	1544	6.087281
1314	153	7.638730
1314	3489	7.207565
1314	3438	6.795618
1314	788	6.783982
1314	2797	6.772986
1314	2100	6.769836
1314	2253	6.607820
1314	1367	6.585278
1314	1307	6.387029
1314	3248	6.365679
1315	920	5.964678
1315	1259	5.928911
1315	34	5.875418
1315	1294	5.805703
1315	1097	5.760579
1315	916	5.720328
1315	661	5.659985
1315	1035	5.640278
1315	750	5.620215
1315	914	5.612258
1316	2716	5.943381
1316	2396	5.624111
1316	2712	5.471019
1316	2355	5.213471
1316	2580	5.209186
1316	2599	5.184670
1316	2683	5.148429
1316	2433	5.060176
1316	223	5.038716
1316	2395	5.026405
1317	1198	6.189038
1317	1225	6.096825
1317	2872	5.800764
1317	1962	5.772152
1317	260	5.741260
1317	1258	5.737528
1317	1097	5.686370
1317	1019	5.601786
1317	2174	5.600555
1317	2105	5.540847
1320	589	6.246758
1320	2916	5.728696
1320	2985	5.504908
1320	1921	5.452905
1320	1385	5.364346
1320	1580	5.342083
1320	2628	5.275343
1320	1370	5.238522
1320	3527	5.215157
1320	780	5.126341
1321	1101	6.311958
1321	3173	5.766315
1321	2011	5.607555
1321	3911	5.387980
1321	2145	5.383124
1321	3484	5.300000
1321	2105	5.272391
1321	3512	5.182795
1321	592	5.137523
1321	3744	5.100458
1322	1777	5.813792
1322	3751	5.218076
1322	3897	5.048464
1322	1265	4.990548
1322	3317	4.956294
1322	1639	4.791167
1322	2000	4.776577
1322	3893	4.691304
1322	3556	4.648209
1322	2231	4.625955
1323	908	7.768990
1323	2455	6.627324
1323	1259	6.613871
1323	1230	6.607019
1323	1956	6.568038
1323	1035	6.387375
1323	1282	6.351580
1323	111	6.332406
1323	1214	6.309595
1323	1247	6.281087
1324	1304	6.001621
1324	1230	5.515576
1324	1199	5.434906
1324	1136	5.361583
1324	1234	5.194753
1324	750	5.163000
1324	260	5.111708
1324	908	4.994925
1324	1235	4.880489
1324	919	4.876201
1325	899	7.218672
1325	919	6.913828
1325	912	6.708781
1325	1230	6.651579
1325	2067	6.609804
1325	969	6.374919
1325	1294	6.367090
1325	2987	6.345660
1325	260	6.148563
1325	3363	6.102161
1326	1265	5.923711
1326	1747	5.134031
1326	246	5.069089
1326	356	4.950725
1326	2918	4.942989
1326	1307	4.889597
1326	2291	4.777812
1326	3448	4.713182
1326	296	4.527314
1326	162	4.504008
1327	3438	5.869501
1327	1307	5.807931
1327	2797	5.639885
1327	3489	5.518011
1327	1172	5.334937
1327	2243	5.227947
1327	3257	5.040723
1327	1917	5.029097
1327	3513	5.014852
1327	788	4.942092
1328	2628	6.237823
1328	2490	6.232170
1328	1527	5.951914
1328	3623	5.946188
1328	1370	5.942990
1328	589	5.942944
1328	1385	5.840917
1328	2617	5.792890
1328	3354	5.772643
1328	2916	5.688476
1329	2000	5.895282
1329	2001	5.742353
1329	2002	5.515173
1329	3510	5.462812
1329	3578	5.428818
1329	2826	5.374543
1329	3717	5.315694
1329	3763	5.219302
1329	3608	5.178605
1329	3535	5.014355
1330	1035	5.240477
1330	1230	5.016635
1330	920	4.945614
1330	912	4.865827
1330	1225	4.848295
1330	1214	4.817183
1330	908	4.807327
1330	1097	4.795976
1330	1136	4.794987
1330	111	4.788696
1331	2396	6.046526
1331	588	6.026556
1331	2395	5.985489
1331	2502	5.713148
1331	3253	5.656734
1331	2355	5.636766
1331	3114	5.591553
1331	2700	5.539706
1331	150	5.537696
1331	1094	5.305750
1332	1307	4.290846
1332	2716	4.272053
1332	1304	4.014979
1332	3671	3.992905
1332	2858	3.967959
1332	2300	3.965016
1332	3638	3.962111
1332	2710	3.881565
1332	260	3.872203
1332	1394	3.789144
1333	1234	5.645091
1333	34	5.571001
1333	1	5.512293
1333	3751	5.415478
1333	1304	5.309224
1333	1028	5.147083
1333	3098	5.134687
1333	3114	5.071341
1333	940	5.010505
1333	2997	4.966122
1334	1206	5.317223
1334	2571	5.170881
1334	1240	4.882450
1334	1196	4.862409
1334	2028	4.618089
1334	3702	4.605977
1334	260	4.591536
1334	1198	4.571862
1334	3471	4.566797
1334	2762	4.513102
1335	32	6.437620
1335	110	6.412422
1335	1171	6.325725
1335	1584	6.299519
1335	2000	6.175221
1335	1965	6.144480
1335	2571	6.098272
1335	6	5.968491
1335	2529	5.960342
1335	1466	5.846243
1337	364	7.804643
1337	2081	7.526166
1337	595	7.289661
1337	2018	7.241636
1337	2294	7.233339
1337	1688	6.867795
1337	1088	6.855466
1337	2687	6.716598
1337	1013	6.709813
1337	588	6.592410
1338	589	6.224884
1338	110	6.148247
1338	1580	5.995378
1338	480	5.867069
1338	2571	5.832806
1338	3160	5.716196
1338	2000	5.635856
1338	2194	5.593328
1338	1036	5.307842
1338	1374	5.253674
1339	2797	7.104625
1339	1307	6.890910
1339	246	6.637812
1339	1220	6.610234
1339	2100	6.606556
1339	1960	6.576879
1339	3552	6.496271
1339	2243	6.374641
1339	3448	6.255362
1339	3039	6.119595
1340	2710	5.483365
1340	2699	5.096700
1340	3638	4.983731
1340	968	4.948694
1340	2716	4.825817
1340	253	4.662579
1340	3671	4.600401
1340	2997	4.420320
1340	2369	4.412942
1340	2532	4.408250
1341	2672	8.085132
1341	2279	8.016588
1341	1327	7.993167
1341	2840	7.986381
1341	1644	7.923217
1341	3708	7.891164
1341	2717	7.844623
1341	2560	7.785964
1341	1345	7.780137
1341	3635	7.777131
1342	70	6.315048
1342	2640	5.925953
1342	3624	5.841656
1342	1580	5.796642
1342	3354	5.679091
1342	1222	5.504765
1342	2628	5.361969
1342	3948	5.357635
1342	3635	5.347417
1342	3702	5.280425
1343	589	6.138335
1343	2571	5.708005
1343	1240	5.430223
1343	32	5.420907
1343	110	5.346232
1343	1580	5.327765
1343	1527	5.266765
1343	2529	5.110235
1343	2640	5.103978
1343	2791	4.996274
1344	1225	5.204568
1344	1198	5.183512
1344	908	5.099116
1344	1097	4.909194
1344	296	4.905520
1344	969	4.852778
1344	919	4.852137
1344	858	4.818650
1344	1387	4.747959
1344	111	4.728358
1345	2858	5.018479
1345	1210	4.961651
1345	2028	4.708578
1345	2355	4.706028
1345	2716	4.583053
1345	1374	4.514640
1345	3175	4.456213
1345	2791	4.425229
1345	110	4.406940
1345	2712	4.360318
1347	339	5.697818
1347	597	5.651835
1347	3253	5.448074
1347	1569	5.375256
1347	2671	5.219666
1347	1265	5.164034
1347	587	5.128234
1347	852	5.066361
1347	1835	5.038950
1347	3259	4.967464
1348	3114	4.974088
1348	1196	4.892858
1348	34	4.891931
1348	2987	4.858163
1348	527	4.855481
1348	1	4.719390
1348	2762	4.718764
1348	2396	4.701792
1348	150	4.673639
1348	260	4.553870
1349	1954	5.994724
1349	3702	5.608973
1349	1222	5.508630
1349	1610	5.454567
1349	1036	5.420608
1349	2028	5.403103
1349	457	5.401491
1349	1198	5.351358
1349	1617	5.347573
1349	296	5.342979
1350	1265	4.762755
1350	2858	4.603449
1350	293	4.373921
1350	2918	4.219777
1350	608	4.190021
1350	1580	4.163816
1350	1215	4.162252
1350	1584	4.147116
1350	780	4.050644
1350	3408	4.033614
1352	912	7.734342
1352	1233	7.582631
1352	527	7.564567
1352	1272	6.832576
1352	260	6.756731
1352	1303	6.684684
1352	2987	6.626047
1352	1172	6.619639
1352	919	6.561280
1352	594	6.557326
1353	364	7.085430
1353	2078	7.017530
1353	595	6.996666
1353	594	6.726639
1353	588	6.678433
1353	1907	6.473833
1353	2018	6.425566
1353	596	6.270491
1353	2080	6.235086
1353	2085	6.107567
1354	1961	5.665005
1354	2194	5.584292
1354	2000	5.515209
1354	296	5.482111
1354	1242	5.474877
1354	608	5.414697
1354	1198	5.385529
1354	1097	5.382731
1354	1186	5.362476
1354	1374	5.335305
1355	1307	5.799811
1355	1394	5.738926
1355	1230	5.489479
1355	750	5.319303
1355	1294	5.295572
1355	1304	5.294900
1355	3543	4.943099
1355	1276	4.937446
1355	1197	4.921762
1355	1259	4.918419
1356	454	5.733389
1356	3745	5.313913
1356	1645	5.307568
1356	1573	5.286667
1356	3793	5.249545
1356	457	5.189103
1356	1370	5.093415
1356	3744	5.087633
1356	3555	5.074083
1356	648	5.041659
1357	2717	8.562184
1357	2513	8.067469
1357	3708	7.978328
1357	2668	7.841826
1357	1974	7.808829
1357	3707	7.753694
1357	1983	7.515180
1357	2456	7.501029
1357	1389	7.354020
1357	2004	7.280753
1358	1917	7.825268
1358	1391	6.993576
1358	2881	6.904028
1358	2490	6.808158
1358	3697	6.707929
1358	2699	6.674163
1358	95	6.503145
1358	736	6.404170
1358	434	6.336870
1358	1544	6.280713
1359	2394	6.124787
1359	2987	5.569349
1359	2054	5.460292
1359	1019	5.365640
1359	2087	5.199779
1359	673	4.967557
1359	969	4.776838
1359	2871	4.774653
1359	1644	4.756251
1359	919	4.720832
1360	1265	5.491049
1360	608	4.716688
1360	593	4.457791
1360	2858	4.368607
1360	2791	4.323422
1360	3751	4.305092
1360	1784	4.081097
1360	2918	4.080792
1360	356	4.077363
1360	3317	4.054493
1361	3418	6.132400
1361	2291	5.802425
1361	1265	5.785975
1361	608	5.720268
1361	21	5.702246
1361	34	5.696426
1361	1584	5.567206
1361	36	5.388375
1361	3386	5.370350
1361	1617	5.364482
1362	908	5.670367
1362	1198	5.652524
1362	1240	5.636909
1362	858	5.615722
1362	296	5.566532
1362	1214	5.566397
1362	1242	5.471520
1362	260	5.461376
1362	2194	5.424507
1362	589	5.385549
1364	1230	5.194756
1364	1307	5.178454
1364	2746	5.049282
1364	1394	5.044345
1364	2918	5.017783
1364	1294	4.990024
1364	3543	4.988534
1364	1265	4.940358
1364	3685	4.884956
1364	2248	4.814357
1365	912	5.475636
1365	1198	5.456626
1365	1204	5.325566
1365	1097	5.162447
1365	919	5.065929
1365	2797	5.024950
1365	2872	4.974873
1365	1225	4.910443
1365	1291	4.895888
1365	1220	4.859167
1366	2628	5.980156
1366	2640	5.768705
1366	2455	5.541894
1366	589	5.475410
1366	2193	5.366471
1366	1101	5.290056
1366	1129	5.130650
1366	2916	5.123631
1366	2105	4.903899
1366	3527	4.895274
1367	500	6.566150
1367	2424	6.403777
1367	344	6.337049
1367	3263	6.250897
1367	2369	6.212134
1367	539	6.157208
1367	708	6.153523
1367	1777	6.088692
1367	1894	6.044847
1367	7	5.967006
1368	2716	5.125985
1368	1307	4.705022
1368	1294	4.593670
1368	1	4.398866
1368	3114	4.398435
1368	2987	4.269442
1368	2997	4.208538
1368	2355	4.145806
1368	3671	4.082472
1368	3175	4.077298
1369	457	5.403394
1369	32	4.947294
1369	2571	4.938085
1369	1625	4.887219
1369	47	4.806280
1369	3148	4.793284
1369	3176	4.776870
1369	1089	4.747320
1369	1240	4.690150
1369	1645	4.665014
1370	1391	5.431004
1370	2699	5.331377
1370	1307	5.319984
1370	3244	5.248718
1370	2722	5.180023
1370	3638	5.168413
1370	3671	5.102168
1370	303	5.043196
1370	736	4.971890
1370	1590	4.907581
1371	2406	7.217321
1371	1967	6.622888
1371	1220	6.447235
1371	2005	6.217169
1371	2692	5.654117
1371	2797	5.587711
1371	1101	5.584358
1371	296	5.370998
1371	551	5.338499
1371	1291	5.275007
1372	2683	5.053145
1372	3623	4.956606
1372	2706	4.817139
1372	1513	4.760687
1372	2694	4.716619
1372	2490	4.673509
1372	2710	4.615374
1372	2701	4.596889
1372	2395	4.449937
1372	2858	4.438152
1373	32	5.800980
1373	3702	5.726530
1373	1214	5.433247
1373	1269	5.353505
1373	589	5.320645
1373	2571	5.269309
1373	3160	4.975761
1373	457	4.865379
1373	2194	4.862975
1373	2912	4.811413
1374	1267	6.359454
1374	3435	6.310474
1374	903	6.303070
1374	912	6.254331
1374	1304	6.065016
1374	1252	6.041760
1374	1248	6.032673
1374	1204	6.027585
1374	910	6.021327
1374	858	5.955169
1375	3253	5.813510
1375	356	5.757119
1375	2706	5.633956
1375	1784	5.533901
1375	2395	5.512147
1375	2671	5.458216
1375	1747	5.338108
1375	1923	5.250994
1375	11	5.165521
1375	1777	5.090306
1376	480	5.688561
1376	1374	5.667325
1376	2571	5.573078
1376	3160	5.547518
1376	588	5.533977
1376	110	5.532780
1376	150	5.452237
1376	2355	5.393899
1376	3176	5.350415
1376	16	5.308440
1377	1917	8.525916
1377	1690	8.462811
1377	736	8.292206
1377	2094	8.175495
1377	1391	8.082119
1377	2699	8.016653
1377	1320	7.742859
1377	2722	7.598851
1377	3638	7.512053
1377	3257	7.500065
1378	920	6.457534
1378	1294	6.196298
1378	899	6.174531
1378	1947	5.944150
1378	914	5.761995
1378	919	5.737510
1378	2067	5.645508
1378	3363	5.595396
1378	750	5.452139
1378	910	5.174903
1379	589	5.947186
1379	1240	5.898942
1379	1097	5.805436
1379	1374	5.715017
1379	2194	5.703669
1379	2571	5.627185
1379	908	5.590069
1379	1214	5.581939
1379	296	5.561335
1379	1210	5.466539
1380	1019	5.218311
1380	1644	5.111709
1380	364	4.852292
1380	595	4.838497
1380	674	4.816788
1380	3861	4.642167
1380	1371	4.622249
1380	1676	4.614687
1380	1282	4.536335
1380	2628	4.526348
1381	1265	5.009932
1381	34	4.943221
1381	2997	4.919865
1381	2396	4.816019
1381	2858	4.765622
1381	1	4.632368
1381	2395	4.520628
1381	608	4.512326
1381	32	4.467241
1381	2762	4.466933
1382	1304	7.353026
1382	1267	6.956429
1382	1276	6.753799
1382	2300	6.746084
1382	912	6.652474
1382	1221	6.500454
1382	1299	6.485979
1382	1952	6.398686
1382	1219	6.377510
1382	1953	6.280603
1383	21	6.521450
1383	377	6.492505
1383	2353	6.104544
1383	2580	6.040851
1383	457	6.040711
1383	16	5.929684
1383	2571	5.885293
1383	1179	5.817901
1383	589	5.755044
1383	2433	5.730414
1386	2657	4.598448
1386	1230	4.587857
1386	1270	4.495773
1386	1214	4.428898
1386	1097	4.411168
1386	1387	4.385937
1386	1304	4.371601
1386	2791	4.335994
1386	908	4.261890
1386	2858	4.249556
1387	1307	6.721636
1387	1094	6.314237
1387	2797	6.233553
1387	1947	6.077156
1387	34	6.012638
1387	920	5.924612
1387	912	5.917523
1387	1294	5.915778
1387	914	5.863761
1387	17	5.824259
1388	1573	6.850314
1388	1580	6.705619
1388	3256	6.445308
1388	454	6.263358
1388	1370	6.185473
1388	1527	6.172482
1388	457	6.141967
1388	1356	6.125251
1388	1608	6.064066
1388	21	5.952766
1389	3418	4.359235
1389	377	4.358175
1389	2396	4.324538
1389	2762	4.299105
1389	590	4.294724
1389	3175	4.275485
1389	1617	4.218712
1389	1214	4.093561
1389	2916	4.056816
1389	457	4.039570
1390	1408	4.499374
1390	454	4.491908
1390	3408	4.413616
1390	3578	4.377605
1390	1909	4.312045
1390	2028	4.293747
1390	1573	4.253576
1390	2858	4.218300
1390	2762	4.185651
1390	589	4.165707
1391	153	4.825502
1391	1097	4.696934
1391	3489	4.630654
1391	1562	4.629821
1391	673	4.538204
1391	2987	4.514554
1391	2394	4.485889
1391	3438	4.467930
1391	2968	4.360757
1391	260	4.341699
1392	3508	6.359029
1392	913	6.211108
1392	1964	5.716468
1392	1207	5.710860
1392	1380	5.608905
1392	1201	5.597194
1392	903	5.478494
1392	3037	5.448709
1392	3365	5.434788
1392	1292	5.387456
1393	1784	5.368926
1393	21	5.308165
1393	1923	5.293890
1393	3176	5.127250
1393	2706	4.990505
1393	1732	4.968247
1393	1641	4.922332
1393	1580	4.843360
1393	1120	4.837118
1393	457	4.825132
1395	185	7.196661
1395	172	6.953359
1395	3697	6.838764
1395	2094	6.766483
1395	1917	6.709918
1395	1603	6.657619
1395	1544	6.640582
1395	3638	6.603343
1395	3257	6.493032
1395	1037	6.486634
1396	2797	5.209778
1396	2100	5.180674
1396	2329	4.869347
1396	2470	4.840206
1396	2133	4.804666
1396	3448	4.650134
1396	1220	4.650105
1396	2145	4.647426
1396	2000	4.645947
1396	2406	4.513081
1397	750	5.595169
1397	1252	5.528949
1397	1259	5.492901
1397	1263	5.446117
1397	908	5.428179
1397	589	5.405261
1397	912	5.400715
1397	1267	5.398839
1397	1136	5.328546
1397	541	5.290827
1398	589	6.437214
1398	2640	6.431655
1398	2194	6.169393
1398	1129	5.849359
1398	1673	5.841945
1398	1036	5.829568
1398	296	5.787865
1398	2628	5.748745
1398	2455	5.700304
1398	457	5.684006
1399	3623	5.605315
1399	2470	5.500881
1399	367	5.204549
1399	3753	5.113591
1399	3489	5.049026
1399	2145	4.933733
1399	380	4.851006
1399	2133	4.809046
1399	2628	4.717495
1399	3617	4.698863
1400	1923	5.261487
1400	1747	5.230926
1400	1580	5.189130
1400	3408	5.162248
1400	1784	5.116824
1400	1393	5.113150
1400	3255	5.051596
1400	2108	4.941308
1400	2000	4.931741
1400	2291	4.927890
1401	260	5.369413
1401	912	5.103374
1401	919	5.098862
1401	1097	4.993321
1401	1198	4.970834
1401	1225	4.944650
1401	1214	4.895219
1401	296	4.822023
1401	527	4.810049
1401	1210	4.770155
1402	2396	4.712989
1402	32	4.550168
1402	2706	4.472877
1402	2858	4.448689
1402	150	4.398537
1402	3114	4.363455
1402	356	4.358578
1402	3160	4.325781
1402	3175	4.289661
1402	110	4.240929
1403	32	5.400920
1403	608	5.255008
1403	1206	5.201164
1403	1617	5.176316
1403	3702	5.115236
1403	457	5.091377
1403	1210	4.910294
1403	2028	4.885117
1403	1584	4.862200
1403	296	4.812099
1404	231	7.041045
1404	2100	6.899745
1404	367	6.875564
1404	3450	6.864470
1404	1569	6.747055
1404	1126	6.718205
1404	1091	6.625177
1404	1020	6.610820
1404	2335	6.608628
1404	3263	6.467079
1405	1214	5.628278
1405	903	5.256655
1405	1225	5.228692
1405	2288	5.112753
1405	1201	5.037899
1405	969	5.024830
1405	1231	5.022545
1405	1035	5.000228
1405	926	4.981971
1405	1276	4.958553
1407	3893	5.460838
1407	3897	5.342202
1407	1089	5.138341
1407	253	4.966281
1407	454	4.903315
1407	3911	4.791126
1407	3863	4.754982
1407	3948	4.741851
1407	293	4.707904
1407	1148	4.697481
1408	1917	7.501321
1408	1391	6.948483
1408	1676	6.699966
1408	2699	6.610486
1408	2628	6.449084
1408	1372	6.394948
1408	1573	6.393292
1408	1527	6.334652
1408	153	6.299131
1408	1876	6.274794
1409	1265	5.383349
1409	34	5.288702
1409	2324	5.122116
1409	1673	5.052404
1409	2858	5.020506
1409	110	4.985440
1409	1968	4.910880
1409	1784	4.892922
1409	32	4.871165
1409	608	4.868430
1410	1907	6.871238
1410	2294	6.714426
1410	595	6.696612
1410	588	6.637524
1410	364	6.539867
1410	2687	6.377084
1410	783	6.244255
1410	2018	6.163679
1410	2096	5.545476
1410	902	5.509333
1411	3175	6.027893
1411	2396	5.701477
1411	2395	5.500400
1411	2581	5.410912
1411	2683	5.340047
1411	3174	5.335317
1411	2686	5.312247
1411	2734	5.311436
1411	2906	5.215392
1411	3081	5.189880
1413	1198	6.274787
1413	1221	5.954264
1413	2194	5.917551
1413	1240	5.595580
1413	1222	5.553081
1413	1036	5.538440
1413	858	5.511331
1413	1291	5.507176
1413	2571	5.495323
1413	589	5.464149
1414	1391	6.949788
1414	1527	6.896420
1414	1372	6.612108
1414	1573	6.571869
1414	1544	6.458099
1414	3107	6.442980
1414	2699	6.372875
1414	1876	6.327500
1414	2628	6.183133
1414	1385	6.122722
1415	3489	5.477070
1415	2628	5.457774
1415	1073	5.388832
1415	2115	5.133926
1415	1019	5.090410
1415	3438	4.991989
1415	260	4.962970
1415	2087	4.955319
1415	1101	4.829678
1415	1608	4.811677
1418	2722	7.598312
1418	2716	7.528949
1418	2699	7.332498
1418	153	7.321820
1418	1391	6.948294
1418	196	6.873807
1418	2710	6.860719
1418	2642	6.833617
1418	1373	6.768800
1418	1562	6.734961
1419	2628	6.741220
1419	3624	6.731543
1419	1101	6.525355
1419	2640	6.467977
1419	2455	6.422462
1419	3070	6.377519
1419	2193	6.363667
1419	3932	6.343441
1419	2105	6.314772
1419	2406	6.208463
1420	589	6.677146
1420	2571	6.546469
1420	1240	6.241130
1420	1610	5.641487
1420	1036	5.636989
1420	457	5.623708
1420	1214	5.617241
1420	2529	5.555427
1420	1374	5.511538
1420	110	5.511118
1421	1304	4.692108
1421	1212	4.399674
1421	1292	4.385494
1421	1953	4.311874
1421	1230	4.294736
1421	903	4.288091
1421	1136	4.287073
1421	1235	4.256505
1421	1265	4.220041
1421	904	4.195287
1422	3617	6.164640
1422	3744	5.901085
1422	3717	5.892954
1422	3793	5.659342
1422	3623	5.522600
1422	3745	5.339945
1422	2478	5.173504
1422	3510	5.070989
1422	3752	5.037767
1422	3753	4.989217
1423	2000	5.030623
1423	1089	5.029149
1423	1302	5.007549
1423	1213	5.001563
1423	3624	4.960489
1423	296	4.945641
1423	3911	4.877834
1423	1222	4.813202
1423	2194	4.768087
1423	3897	4.670139
1424	3638	7.417709
1424	1690	7.058710
1424	196	6.533750
1424	2722	6.130422
1424	253	5.953795
1424	1388	5.838490
1424	2699	5.663331
1424	1644	5.639266
1424	2311	5.483640
1424	3081	5.452544
1425	1265	6.269608
1425	588	6.119397
1425	1028	5.853183
1425	1294	5.485158
1425	1	5.471269
1425	34	5.431417
1425	162	5.427066
1425	2065	5.404709
1425	594	5.353154
1425	3751	5.283606
1426	2194	5.433621
1426	1222	5.152709
1426	3623	5.039949
1426	457	4.979766
1426	3753	4.922845
1426	2406	4.920235
1426	1610	4.894421
1426	3578	4.882959
1426	2001	4.796856
1426	2571	4.784627
1427	364	7.386049
1427	595	7.252895
1427	588	7.214282
1427	2078	7.005362
1427	2687	6.985736
1427	2081	6.942274
1427	2096	6.127756
1427	1032	6.043633
1427	594	5.970880
1427	17	5.861234
1428	1965	6.918939
1428	2791	6.716495
1428	1374	6.474544
1428	551	6.463043
1428	1097	6.379695
1428	2640	6.236202
1428	1261	6.227640
1428	110	5.987820
1428	589	5.960935
1428	2194	5.892303
1430	2000	5.018059
1430	2791	4.789548
1430	2571	4.715067
1430	608	4.709874
1430	2858	4.597358
1430	3160	4.596540
1430	110	4.580018
1430	589	4.547873
1430	1374	4.466102
1430	1240	4.439521
1432	223	5.319543
1432	2706	5.244318
1432	2710	5.210657
1432	2580	5.207988
1432	2433	5.174083
1432	3174	5.008957
1432	2490	4.855010
1432	2712	4.825447
1432	2699	4.731269
1432	2858	4.713384
1433	1917	7.351821
1433	3697	6.661721
1433	434	6.418938
1433	1779	6.397694
1433	1037	6.388998
1433	1544	6.368026
1433	1391	6.255424
1433	2808	6.137994
1433	185	6.051975
1433	2701	6.010436
1434	1513	6.724200
1434	2683	6.108774
1434	2369	6.099670
1434	2694	5.788501
1434	2805	5.659834
1434	2395	5.437222
1434	2598	5.365497
1434	367	5.285332
1434	500	5.183342
1434	852	5.162599
1435	296	5.628072
1435	608	5.497414
1435	1213	5.179564
1435	593	5.078371
1435	908	5.070503
1435	1089	5.006009
1435	1240	4.998144
1435	3481	4.766007
1435	3624	4.741235
1435	3751	4.651420
1436	1513	6.319270
1436	2502	6.138332
1436	2336	5.730243
1436	317	5.273249
1436	2485	5.265099
1436	2683	5.237768
1436	2688	5.187513
1436	2490	5.170854
1436	2763	5.166113
1436	380	5.155232
1437	1097	5.862983
1437	1270	5.755659
1437	750	5.627914
1437	2657	5.591487
1437	908	5.566368
1437	1231	5.496966
1437	1259	5.471620
1437	1387	5.442257
1437	1276	5.418985
1437	2455	5.413229
1438	2433	5.907991
1438	2716	5.887282
1438	2599	5.734128
1438	2580	5.391676
1438	2706	5.348722
1438	3175	5.220363
1438	2581	5.180085
1438	2997	5.027518
1438	2805	4.993822
1438	2396	4.973318
1439	1267	7.367302
1439	1953	7.134214
1439	1954	6.938886
1439	1263	6.928287
1439	903	6.895474
1439	858	6.740877
1439	3471	6.580654
1439	1136	6.470942
1439	527	6.440898
1439	912	6.425387
1440	3702	5.644319
1440	2858	5.601208
1440	589	5.524445
1440	1387	5.522499
1440	1214	5.401508
1440	1222	5.395494
1440	2194	5.363863
1440	2791	5.265045
1440	1240	5.176822
1440	1270	5.137184
1441	2424	7.405598
1441	2369	7.153627
1441	1513	6.922478
1441	1777	6.897576
1441	539	6.752904
1441	708	6.746276
1441	7	6.593155
1441	500	6.447521
1441	344	6.401910
1441	852	6.350959
1442	595	7.996039
1442	364	7.742632
1442	2078	7.444345
1442	1282	7.071247
1442	2087	6.886024
1442	594	6.700806
1442	34	6.467822
1442	1028	6.280990
1442	2080	6.226108
1442	2085	6.215321
1443	1304	5.306376
1443	1136	5.150386
1443	1234	5.128676
1443	908	4.903581
1443	1953	4.893061
1443	111	4.878212
1443	1230	4.860895
1443	1276	4.851896
1443	608	4.814962
1443	1269	4.794324
1445	3510	5.552789
1445	2194	5.489642
1445	608	5.351147
1445	3897	5.305298
1445	1240	5.299164
1445	2000	5.276355
1445	3785	5.237331
1445	3578	5.211033
1445	2001	5.209549
1445	589	5.182356
1446	1267	6.332225
1446	1299	6.293912
1446	1304	6.280010
1446	260	6.141467
1446	858	6.120286
1446	1252	6.091669
1446	3435	6.042743
1446	1276	5.996813
1446	1207	5.975019
1446	1247	5.855280
1447	608	5.595531
1447	1617	5.219493
1447	593	5.051212
1447	858	5.028262
1447	2858	4.951370
1447	296	4.943623
1447	1265	4.904842
1447	2918	4.838156
1447	1240	4.827295
1447	50	4.759131
1448	1918	7.513402
1448	2371	7.512423
1448	2622	7.205898
1448	1994	7.188724
1448	3752	6.756945
1448	2194	6.716920
1448	708	6.691753
1448	1513	6.496200
1448	1407	6.450594
1448	2369	6.379838
1449	2394	8.018438
1449	1405	7.528567
1449	2688	7.099390
1449	48	7.098741
1449	588	6.936497
1449	2081	6.888382
1449	3606	6.640110
1449	1033	6.558847
1449	1643	6.501146
1449	2087	6.431791
1450	2369	6.993968
1450	1777	5.664654
1450	500	5.525756
1450	2424	5.515304
1450	2683	5.358967
1450	2717	5.276155
1450	597	5.273209
1450	852	5.240903
1450	3081	5.229539
1450	539	5.149814
1451	2455	7.250391
1451	1374	6.641199
1451	2791	6.063467
1451	968	5.926853
1451	3701	5.894523
1451	1321	5.864339
1451	2160	5.773108
1451	2716	5.754182
1451	3160	5.688087
1451	2533	5.682168
1455	337	7.035331
1455	539	6.540324
1455	1777	6.521337
1455	587	6.266176
1455	597	6.079120
1455	3105	6.028640
1455	3259	5.773848
1455	3253	5.708666
1455	588	5.529567
1455	2108	5.509120
1457	1747	6.377847
1457	21	6.258303
1457	2000	5.880781
1457	3418	5.832507
1457	3448	5.742523
1457	3255	5.690783
1457	1923	5.688117
1457	1179	5.665076
1457	1500	5.621780
1457	2291	5.592520
1458	1	5.589596
1458	34	5.526413
1458	3114	5.110369
1458	1265	4.920299
1458	1732	4.811822
1458	2396	4.801617
1458	2997	4.799611
1458	1682	4.778179
1458	3751	4.765865
1458	3148	4.751330
1461	3917	7.392634
1461	2792	7.198092
1461	2406	7.021932
1461	3173	6.745114
1461	3928	6.631531
1461	3450	6.519444
1461	1101	6.309974
1461	2640	6.247256
1461	1135	6.246225
1461	2193	6.216008
1462	2194	6.488577
1462	296	6.320521
1462	1213	6.183688
1462	1240	6.026794
1462	2000	5.996366
1462	2571	5.921744
1462	2160	5.803924
1462	1036	5.717064
1462	608	5.628961
1462	457	5.624554
1463	587	6.346480
1463	736	6.171642
1463	236	5.726605
1463	1894	5.670915
1463	380	5.254437
1463	2688	5.242887
1463	2012	5.223876
1463	539	5.202904
1463	1092	5.163345
1463	2875	5.163256
1464	2858	5.089690
1464	2762	4.759222
1464	3578	4.709808
1464	2028	4.545051
1464	466	4.459277
1464	3354	4.429702
1464	593	4.408649
1464	3623	4.326544
1464	589	4.310752
1464	1210	4.295667
1465	1947	8.268047
1465	2067	7.960355
1465	899	7.642683
1465	930	7.271552
1465	1204	7.263887
1465	2087	7.235834
1465	912	7.054022
1465	969	7.019893
1465	1294	6.966770
1465	914	6.943768
1466	1831	7.077035
1466	1690	6.918062
1466	185	6.830070
1466	1876	6.786699
1466	1320	6.727067
1466	3638	6.675499
1466	674	6.666916
1466	329	6.643738
1466	2393	6.620972
1466	2808	6.601140
1467	2683	5.860301
1467	2706	5.543055
1467	3175	5.458401
1467	2353	5.309710
1467	1513	5.285513
1467	2959	5.191977
1467	2580	5.171910
1467	785	5.005671
1467	2433	5.002691
1467	3219	4.983650
1468	608	4.962761
1468	2858	4.873883
1468	589	4.830553
1468	3578	4.448366
1468	2194	4.447992
1468	1270	4.377913
1468	1222	4.365973
1468	593	4.358929
1468	50	4.328882
1468	1617	4.284810
1469	1304	5.576118
1469	750	5.550904
1469	260	5.131581
1469	1199	5.099411
1469	1206	4.944421
1469	541	4.926133
1469	2863	4.878610
1469	919	4.851073
1469	1136	4.840995
1469	899	4.766369
1470	2194	7.269923
1470	3785	7.223385
1470	2001	6.875237
1470	3740	6.700468
1470	3510	6.431677
1470	2478	6.298905
1470	3752	6.137550
1470	2872	6.072573
1470	2105	5.914803
1470	3763	5.897409
1472	2087	6.262086
1472	1073	5.517386
1472	3489	5.070012
1472	1967	4.971598
1472	1307	4.951073
1472	2950	4.912894
1472	2081	4.912298
1472	1663	4.875203
1472	1381	4.722934
1472	3861	4.616220
1473	750	7.561963
1473	1230	7.297095
1473	1304	7.084170
1473	1276	7.033012
1473	3435	6.905054
1473	912	6.834517
1473	1204	6.651946
1473	1267	6.632873
1473	1387	6.552832
1473	1206	6.514877
1474	480	6.461315
1474	589	6.394950
1474	2916	6.389736
1474	1240	5.727938
1474	32	5.702039
1474	110	5.648802
1474	1584	5.571319
1474	1129	5.567310
1474	457	5.551789
1474	1356	5.518775
1475	1777	7.328027
1475	3253	6.937539
1475	539	6.934486
1475	1569	6.614251
1475	597	6.515827
1475	2424	6.492362
1475	2671	6.420350
1475	342	6.263040
1475	1265	6.087982
1475	587	5.968338
1476	919	5.656203
1476	899	5.416723
1476	1230	5.355760
1476	920	5.170424
1476	594	5.133722
1476	1304	5.115854
1476	912	5.095861
1476	3435	5.013990
1476	2987	4.979170
1476	1136	4.974893
1477	3624	9.091555
1477	3555	7.845466
1477	2160	7.750736
1477	2948	7.743618
1477	3535	7.662593
1477	3863	7.454404
1477	2194	7.284781
1477	3893	7.234230
1477	1089	6.968422
1477	589	6.936738
1478	3526	5.998998
1478	588	5.800847
1478	3317	5.585862
1478	2245	5.579893
1478	36	5.562421
1478	3751	5.487309
1478	296	5.401172
1478	608	5.384867
1478	2966	5.335813
1478	364	5.219092
1480	3624	6.319810
1480	3863	5.962726
1480	608	5.814228
1480	3755	5.811445
1480	454	5.776590
1480	1249	5.739862
1480	1089	5.686957
1480	3911	5.579831
1480	3745	5.513852
1480	3948	5.508987
1481	34	5.360143
1481	1265	5.185215
1481	1617	4.906716
1481	1	4.819964
1481	3418	4.744453
1481	296	4.708074
1481	1094	4.659651
1481	1097	4.640546
1481	1270	4.601770
1481	593	4.582510
1482	2840	5.577467
1482	2013	5.548726
1482	1513	5.437373
1482	2706	5.418289
1482	2683	5.371015
1482	2336	5.255795
1482	2394	5.198217
1482	2581	5.173372
1482	2763	5.143013
1482	3175	5.054196
1483	2628	5.508182
1483	1101	4.829099
1483	2406	4.668998
1483	3753	4.585704
1483	2115	4.498799
1483	3623	4.492572
1483	2916	4.458050
1483	589	4.424599
1483	1580	4.374990
1483	2640	4.314970
1484	587	7.170506
1484	736	7.158673
1484	2694	6.821870
1484	2805	6.770376
1484	380	6.632391
1484	3623	6.441280
1484	2701	6.171636
1484	2012	6.169864
1484	2424	5.946928
1484	368	5.940106
1486	2490	6.740887
1486	1513	6.438154
1486	2881	6.211282
1486	3219	6.023134
1486	2683	5.995627
1486	3053	5.937785
1486	3623	5.893027
1486	2723	5.878818
1486	2581	5.756156
1486	2688	5.700944
1487	1084	4.979904
1487	260	4.895626
1487	1252	4.685886
1487	3624	4.684540
1487	858	4.656767
1487	1233	4.637575
1487	919	4.586561
1487	912	4.503799
1487	1304	4.471379
1487	1136	4.462632
1489	1206	7.387639
1489	3654	7.125136
1489	1214	6.827025
1489	1240	6.683396
1489	904	6.590703
1489	1200	6.427164
1489	2949	6.345402
1489	3159	6.344336
1489	1997	6.341409
1489	2529	6.266472
1490	1917	6.644192
1490	1544	6.447105
1490	1391	6.356591
1490	3697	6.271619
1490	2699	6.084109
1490	3354	5.987247
1490	2628	5.946610
1490	2126	5.829224
1490	185	5.732472
1490	1527	5.696529
1491	337	5.015286
1491	587	4.925613
1491	3044	4.772369
1491	1721	4.583121
1491	2396	4.533743
1491	3114	4.520084
1491	1393	4.515841
1491	3751	4.515132
1491	1265	4.493785
1491	356	4.482455
1492	1573	7.098270
1492	1876	6.442347
1492	349	6.381384
1492	2628	6.334820
1492	1917	6.252534
1492	648	6.203092
1492	2916	6.123807
1492	10	6.060129
1492	1356	5.981979
1492	1101	5.809107
1494	2087	6.725904
1494	1022	6.265483
1494	595	6.245776
1494	1294	6.113405
1494	2080	5.919749
1494	2018	5.888579
1494	2096	5.868455
1494	899	5.832713
1494	2565	5.770931
1494	2987	5.733004
1495	1947	7.245127
1495	1073	6.597095
1495	2087	6.461540
1495	317	6.001849
1495	2797	5.991455
1495	1688	5.847064
1495	2968	5.614881
1495	2987	5.473899
1495	2384	5.466522
1495	783	5.452749
1496	196	8.239613
1496	1388	7.717417
1496	1831	7.178424
1496	1690	6.960866
1496	1320	6.882716
1496	2710	6.586056
1496	2533	6.510693
1496	2532	6.484325
1496	2716	6.468073
1496	1037	6.462758
1497	1917	7.543283
1497	2628	7.282759
1497	1544	7.062215
1497	3107	7.010870
1497	316	6.956090
1497	1573	6.657023
1497	1876	6.656152
1497	2105	6.653310
1497	288	6.639277
1497	2393	6.628764
1498	589	5.409362
1498	2858	5.289973
1498	2028	5.186297
1498	1210	5.179707
1498	1222	5.112155
1498	2571	5.053933
1498	1198	4.882283
1498	1240	4.853131
1498	527	4.830652
1498	1196	4.706522
1499	2431	5.161915
1499	3263	4.571385
1499	1307	4.539068
1499	1500	4.439481
1499	2355	4.345511
1499	1961	4.241897
1499	2321	4.198941
1499	587	4.066529
1499	1883	4.061465
1499	2539	4.000387
1500	1265	5.121782
1500	608	4.727307
1500	593	4.660817
1500	3317	4.619745
1500	296	4.507932
1500	3448	4.478030
1500	2000	4.404277
1500	3552	4.390781
1500	1307	4.307128
1500	2150	4.235482
1501	260	4.949966
1501	1073	4.918136
1501	912	4.817001
1501	2797	4.758951
1501	919	4.531372
1501	2987	4.457002
1501	2762	4.364979
1501	1947	4.321339
1501	527	4.305702
1501	593	4.215343
1502	2717	6.699148
1502	153	6.156782
1502	2716	5.594339
1502	2054	5.493149
1502	1307	5.352475
1502	3248	5.281933
1502	2004	5.279682
1502	1562	5.275624
1502	2012	5.233480
1502	673	5.150033
1503	377	6.908816
1503	380	6.703366
1503	1722	6.476250
1503	2353	6.417682
1503	474	6.258807
1503	2763	6.185000
1503	1580	6.111862
1503	457	5.916859
1503	1608	5.897342
1503	2058	5.833720
1504	1580	6.898563
1504	480	6.844757
1504	589	6.619679
1504	1527	6.479867
1504	1584	6.315285
1504	110	6.118012
1504	2628	5.978334
1504	1921	5.904311
1504	1356	5.808858
1504	2640	5.732295
1505	1304	5.499857
1505	903	5.398480
1505	858	5.301679
1505	1953	5.284551
1505	3435	5.199061
1505	1219	5.195948
1505	1267	5.153668
1505	111	5.114084
1505	260	5.106176
1505	1230	5.097940
1506	3175	5.047396
1506	2353	4.958989
1506	2881	4.936201
1506	1722	4.936004
1506	2706	4.791494
1506	2336	4.723442
1506	3623	4.637565
1506	2763	4.624632
1506	3408	4.607174
1506	1408	4.587685
1507	1	6.709354
1507	34	6.428161
1507	1028	5.988773
1507	1265	5.764371
1507	2355	5.746573
1507	2096	5.584223
1507	1094	5.553224
1507	3114	5.535937
1507	1288	5.524786
1507	2396	5.482916
1509	1831	6.761524
1509	1779	6.046197
1509	1375	5.833525
1509	185	5.831724
1509	1371	5.587854
1509	674	5.577481
1509	1037	5.444317
1509	2393	5.322302
1509	1373	5.284802
1509	3717	5.276946
1510	1374	5.389867
1510	2571	5.360656
1510	296	5.264069
1510	2791	5.180335
1510	589	5.133289
1510	3160	5.086246
1510	32	5.046858
1510	1240	5.027369
1510	551	4.985065
1510	1213	4.960257
1511	260	6.873561
1511	919	6.725760
1511	1282	6.553237
1511	2871	6.461497
1511	912	6.375094
1511	1196	6.315839
1511	1233	6.288249
1511	2565	6.167394
1511	1198	6.114682
1511	1208	6.027319
1512	2000	6.080824
1512	1302	6.067392
1512	1213	6.020533
1512	1089	5.840609
1512	608	5.799870
1512	3535	5.691426
1512	3897	5.635799
1512	3328	5.584517
1512	1222	5.533917
1512	3751	5.504027
1513	913	6.160457
1513	1201	5.987569
1513	1214	5.487614
1513	912	5.389181
1513	750	5.282258
1513	1276	5.226354
1513	2858	5.190205
1513	1221	5.121101
1513	1210	5.108709
1513	2716	5.107839
1514	3107	5.336090
1514	1876	5.148987
1514	1921	5.134651
1514	3408	5.118795
1514	1608	5.117038
1514	454	5.094584
1514	648	5.052351
1514	2985	4.922673
1514	457	4.897379
1514	1356	4.884116
1516	736	6.218718
1516	2699	5.624655
1516	1391	5.568629
1516	2012	5.453401
1516	253	5.196300
1516	3638	5.074126
1516	2683	4.979889
1516	597	4.943335
1516	3082	4.925835
1516	3081	4.909386
1517	34	5.740801
1517	1784	5.265380
1517	1060	4.849664
1517	588	4.829819
1517	1094	4.764351
1517	2396	4.761206
1517	551	4.752490
1517	3160	4.746369
1517	2291	4.724862
1517	21	4.685865
1519	296	4.979627
1519	1214	4.918522
1519	1220	4.842902
1519	908	4.816178
1519	1198	4.771161
1519	858	4.762880
1519	1247	4.719001
1519	1097	4.678011
1519	111	4.668442
1519	912	4.663109
1521	1408	6.049460
1521	454	6.044783
1521	2706	5.663112
1521	2433	5.640767
1521	3408	5.608921
1521	2391	5.604517
1521	3256	5.597579
1521	3176	5.558418
1521	1573	5.546291
1521	1580	5.542649
1522	589	7.487607
1522	2916	7.289205
1522	2455	7.266534
1522	2160	7.142584
1522	1527	6.993535
1522	1584	6.927823
1522	32	6.695159
1522	2571	6.653874
1522	2529	6.520261
1522	110	6.470569
1523	1214	5.525104
1523	296	5.430576
1523	1954	5.404882
1523	1617	5.395188
1523	608	5.383866
1523	1198	5.375189
1523	858	5.250587
1523	1200	5.202110
1523	1213	5.105790
1523	2028	5.047715
1524	2858	4.255230
1524	3578	4.171552
1524	457	4.110993
1524	1580	4.093657
1524	50	4.082110
1524	608	4.039063
1524	593	4.038301
1524	3408	4.004814
1524	2762	3.919334
1524	266	3.901778
1525	2018	6.472845
1525	2087	6.472636
1525	364	6.230409
1525	783	6.049096
1525	2096	5.934752
1525	2294	5.897044
1525	1907	5.821092
1525	661	5.711820
1525	899	5.637751
1525	1294	5.623825
1526	2791	6.042538
1526	1097	6.035076
1526	34	5.827736
1526	1270	5.720021
1526	1259	5.612135
1526	1079	5.368759
1526	1028	5.350287
1526	1265	5.283668
1526	1965	5.181577
1526	2174	5.163669
1527	3702	5.456525
1527	1407	5.417780
1527	2194	5.411783
1527	1214	5.395400
1527	1997	5.286981
1527	1954	5.257717
1527	3639	5.225292
1527	1266	5.028128
1527	913	4.937837
1527	1201	4.906157
1528	2716	5.329779
1528	968	4.997722
1528	3175	4.486530
1528	2858	4.257820
1528	2710	4.071350
1528	2997	3.985249
1528	2976	3.974765
1528	1073	3.917664
1528	1321	3.916294
1528	2369	3.912737
1529	1917	5.122815
1529	3623	4.695242
1529	3257	4.621623
1529	648	4.601274
1529	2881	4.445349
1529	1608	4.378641
1529	736	4.210658
1529	1876	4.161845
1529	1573	4.143621
1529	3082	4.091942
1530	2716	5.082884
1530	780	4.844480
1530	3175	4.837228
1530	316	4.689526
1530	380	4.597427
1530	1527	4.554483
1530	10	4.548942
1530	2699	4.543003
1530	2881	4.442115
1530	1917	4.414720
1531	589	6.985525
1531	1673	6.662135
1531	2194	6.528943
1531	110	6.430581
1531	2571	6.359209
1531	1240	6.288177
1531	2640	6.266082
1531	2791	6.240924
1531	1036	6.111413
1531	1374	6.055973
1532	3253	6.863595
1532	1265	6.698079
1532	223	6.552155
1532	1923	6.493728
1532	104	6.313065
1532	1517	6.295747
1532	1500	6.257535
1532	39	6.165742
1532	2355	6.101214
1532	2395	5.937538
1533	2598	6.151499
1533	2490	6.097212
1533	913	5.966891
1533	3053	5.820810
1533	2683	5.599435
1533	2762	5.569087
1533	2723	5.537430
1533	2502	5.509441
1533	3157	5.488989
1533	2701	5.479224
1536	2858	4.097007
1536	367	3.973408
1536	2762	3.888582
1536	1265	3.877057
1536	2406	3.834776
1536	2997	3.593889
1536	318	3.538628
1536	593	3.511045
1536	1220	3.478490
1536	1307	3.470921
1537	3624	5.688512
1537	3555	5.496474
1537	2628	5.453131
1537	2571	5.244236
1537	296	5.123962
1537	457	5.088602
1537	3755	5.018092
1537	1240	5.014547
1537	1036	4.984678
1537	2001	4.942735
1538	3253	5.017867
1538	2539	5.017529
1538	1265	4.920434
1538	2671	4.820476
1538	1784	4.816410
1538	1923	4.801931
1538	1777	4.712905
1538	344	4.690039
1538	2108	4.646935
1538	2395	4.638018
1540	1204	6.565241
1540	260	6.557838
1540	912	6.520610
1540	903	6.371308
1540	858	6.221735
1540	1252	6.165567
1540	1198	6.157865
1540	3471	6.099827
1540	1267	6.090420
1540	904	6.089638
1542	2716	5.499662
1542	913	5.287139
1542	1307	4.990887
1542	2762	4.944421
1542	2858	4.710742
1542	2396	4.696295
1542	2997	4.681800
1542	2599	4.607057
1542	3174	4.582628
1542	3175	4.564752
1543	2355	6.261567
1543	1060	6.260689
1543	1265	6.242553
1543	2321	5.825406
1543	1784	5.764820
1543	2324	5.587876
1543	2395	5.582788
1543	1097	5.518465
1543	2384	5.479256
1543	1961	5.413233
1544	2336	6.373202
1544	2734	6.276864
1544	2906	5.994012
1544	2683	5.806953
1544	3175	5.751169
1544	2712	5.747296
1544	785	5.726626
1544	3219	5.671254
1544	2581	5.636432
1544	2013	5.596803
1545	1201	6.950126
1545	599	6.682942
1545	383	6.542097
1545	3016	6.489618
1545	707	6.236465
1545	3516	6.144591
1545	2490	6.129084
1545	3074	6.000449
1545	2723	5.920896
1545	380	5.915808
1546	3753	4.399363
1546	457	4.367011
1546	1645	4.217965
1546	1580	4.123340
1546	1089	4.093683
1546	3176	4.027690
1546	3793	3.989634
1546	3148	3.968217
1546	3408	3.954246
1546	1912	3.935952
1547	608	4.804984
1547	1617	4.770106
1547	1214	4.709198
1547	3751	4.535835
1547	457	4.514912
1547	34	4.435136
1547	1200	4.412312
1547	589	4.405019
1547	32	4.368915
1547	1179	4.344621
1548	1513	5.735564
1548	2502	5.695818
1548	2490	5.355191
1548	2683	5.329961
1548	2734	5.325398
1548	3623	5.200204
1548	2686	5.178934
1548	2906	5.155616
1548	3157	5.132419
1548	2395	5.081499
1551	912	6.061005
1551	1208	5.982784
1551	1252	5.914043
1551	1263	5.793985
1551	1084	5.785193
1551	1945	5.723681
1551	260	5.699788
1551	1207	5.606116
1551	1953	5.596672
1551	1136	5.548749
1552	2470	6.389094
1552	2145	5.837101
1552	3448	5.656614
1552	1101	5.653162
1552	2245	5.612823
1552	1967	5.508772
1552	246	5.301444
1552	2005	5.229240
1552	2133	5.198036
1552	1381	5.172388
1553	2087	6.798659
1553	2078	6.334571
1553	1947	6.210294
1553	2987	6.156434
1553	2394	6.137407
1553	595	6.132085
1553	2018	5.832013
1553	2137	5.810575
1553	1022	5.795444
1553	2396	5.783988
1554	296	5.796619
1554	1233	5.566867
1554	527	5.478224
1554	260	5.409110
1554	919	5.281104
1554	593	5.279873
1554	1259	5.271591
1554	1220	5.258360
1554	3173	5.218836
1554	1035	5.168976
1555	608	5.139353
1555	2918	5.084177
1555	1617	5.076700
1555	3418	4.992055
1555	1265	4.934604
1555	593	4.855463
1555	246	4.853844
1555	1210	4.833644
1555	1179	4.831061
1555	2248	4.826108
1556	930	5.537047
1556	2081	5.530549
1556	364	5.508501
1556	594	5.442199
1556	1088	5.331247
1556	3684	5.270739
1556	1032	5.198674
1556	2746	5.127477
1556	1333	4.992081
1556	596	4.846119
1557	1073	5.366176
1557	1088	5.348091
1557	2193	4.982757
1557	1225	4.869452
1557	1019	4.772826
1557	2054	4.625092
1557	1321	4.598584
1557	2628	4.558789
1557	673	4.482032
1557	1377	4.418830
1559	1282	6.159407
1559	364	6.097411
1559	1019	5.980338
1559	661	5.643672
1559	592	5.577433
1559	1275	5.539272
1559	1124	5.352415
1559	2240	5.331150
1559	1956	5.233713
1559	1225	5.190999
1560	587	5.516230
1560	1092	5.138062
1560	3623	5.053677
1560	3044	4.933658
1560	2694	4.909860
1560	736	4.883287
1560	1645	4.875343
1560	337	4.791201
1560	2683	4.772435
1560	2369	4.644573
1561	3176	6.706740
1561	1682	6.421483
1561	150	6.133329
1561	1732	6.121459
1561	3148	5.890690
1561	1883	5.878308
1561	1393	5.871920
1561	1625	5.639749
1561	32	5.587064
1561	2706	5.565882
1562	196	7.274001
1562	3638	6.934245
1562	2167	6.655600
1562	2094	6.501014
1562	2409	6.052164
1562	253	5.953440
1562	329	5.861751
1562	2311	5.835026
1562	3708	5.801598
1562	674	5.724389
1563	2571	5.866267
1563	1240	5.845144
1563	296	5.735004
1563	2194	5.666705
1563	1198	5.643717
1563	1249	5.633882
1563	608	5.466123
1563	2028	5.450778
1563	457	5.411096
1563	1213	5.409281
1564	2808	7.619733
1564	3257	7.345163
1564	3697	7.336336
1564	1690	7.235200
1564	2699	7.045810
1564	2722	7.019004
1564	1603	6.860996
1564	1544	6.808351
1564	185	6.717572
1564	172	6.713366
1565	1265	7.015906
1565	3253	6.476306
1565	104	6.092903
1565	1923	6.028005
1565	1500	5.892237
1565	2108	5.813865
1565	1517	5.805799
1565	39	5.743971
1565	1777	5.531487
1565	3052	5.488055
1567	3435	7.009770
1567	1230	6.613048
1567	1304	6.520732
1567	910	6.383415
1567	920	6.213316
1567	919	6.199355
1567	1248	6.180681
1567	1247	6.176007
1567	903	6.168902
1567	1204	6.128203
1569	1136	6.111636
1569	1234	5.903972
1569	1269	5.765098
1569	34	5.699128
1569	955	5.582102
1569	1	5.557323
1569	1230	5.539643
1569	1276	5.482373
1569	1259	5.462685
1569	1304	5.413124
1570	454	5.849283
1570	3176	5.816353
1570	1721	5.483229
1570	832	5.434330
1570	457	5.392170
1570	3249	5.368964
1570	1754	5.318626
1570	587	5.317734
1570	1271	5.265773
1570	1653	5.191552
1571	1580	6.545127
1571	377	6.483349
1571	3418	6.339894
1571	2291	5.984317
1571	480	5.922668
1571	2571	5.882741
1571	2916	5.832515
1571	3160	5.828292
1571	1584	5.761638
1571	32	5.750238
1572	3016	6.062480
1572	968	5.936470
1572	2598	5.832894
1572	3175	5.831107
1572	3174	5.824868
1572	2683	5.813997
1572	2720	5.758372
1572	223	5.700124
1572	2580	5.691291
1572	2723	5.647461
1574	2081	5.678413
1574	1307	5.586668
1574	2746	5.267792
1574	1265	5.206693
1574	588	4.943841
1574	17	4.718264
1574	1674	4.473033
1574	2080	4.433357
1574	2716	4.432891
1574	1081	4.406034
1575	1240	6.159195
1575	589	5.985488
1575	2571	5.864809
1575	1214	5.808876
1575	1954	5.617428
1575	1200	5.596187
1575	1198	5.566288
1575	3471	5.441932
1575	1196	5.422080
1575	2194	5.411785
1576	3528	5.391495
1576	339	5.217681
1576	1569	5.060476
1576	380	5.049374
1576	236	4.945779
1576	1081	4.858880
1576	105	4.832238
1576	587	4.759509
1576	2100	4.736004
1576	17	4.722571
1577	1	5.082875
1577	3114	5.001038
1577	34	4.834372
1577	1393	4.819837
1577	527	4.778567
1577	2028	4.673481
1577	2355	4.671966
1577	593	4.669461
1577	356	4.639663
1577	1196	4.624323
1578	608	5.457731
1578	1221	5.367577
1578	908	5.178517
1578	1259	5.083813
1578	2858	5.008999
1578	924	4.973948
1578	1270	4.959621
1578	2948	4.916529
1578	296	4.871453
1578	593	4.868103
1579	2716	4.970126
1579	1101	4.842292
1579	2746	4.750427
1579	2455	4.526510
1579	2407	4.447552
1579	3175	4.429648
1579	3107	4.360333
1579	1994	4.338082
1579	2791	4.293796
1579	2406	4.290622
1580	1201	6.350836
1580	1954	5.736853
1580	1240	5.696290
1580	1206	5.664985
1580	913	5.533663
1580	2194	5.392817
1580	1304	5.340212
1580	1266	5.296946
1580	3702	5.234344
1580	3471	5.210878
1581	39	5.575604
1581	1500	5.254776
1581	2599	5.192389
1581	356	5.166772
1581	1747	5.057657
1581	2433	5.034440
1581	1580	5.014862
1581	223	4.998273
1581	2321	4.962910
1581	1923	4.911354
1583	2598	6.636573
1583	2581	6.440952
1583	2369	6.323408
1583	3081	6.133655
1583	2688	6.065005
1583	2683	6.017425
1583	2805	5.938296
1583	2716	5.834847
1583	2336	5.755756
1583	2906	5.549697
1584	3524	5.222515
1584	1307	5.201189
1584	2245	5.155981
1584	3526	4.894543
1584	3552	4.817574
1584	3565	4.811525
1584	2003	4.802996
1584	3591	4.798663
1584	1101	4.791052
1584	2797	4.768521
1585	2797	5.533863
1585	260	5.077673
1585	912	4.867611
1585	1073	4.861989
1585	1097	4.740486
1585	1259	4.727432
1585	1967	4.677511
1585	919	4.676529
1585	2872	4.671537
1585	2174	4.567574
1586	1219	6.565184
1586	1347	6.317460
1586	1982	6.211281
1586	2746	6.197130
1586	1345	6.166085
1586	926	6.160311
1586	903	6.159992
1586	3037	6.107920
1586	1084	6.096682
1586	1207	6.092474
1587	34	6.138028
1587	1	5.316826
1587	1028	5.307873
1587	1097	5.177314
1587	2716	5.170211
1587	3363	5.126279
1587	2355	5.085691
1587	2396	5.064094
1587	588	5.028589
1587	1265	5.009132
1588	1307	6.541294
1588	2918	5.871494
1588	1265	5.637794
1588	2716	5.620173
1588	1079	5.618715
1588	3543	5.420660
1588	1674	5.024606
1588	2797	5.023192
1588	920	4.889436
1588	3072	4.784668
1589	2640	6.327972
1589	1965	6.213083
1589	589	6.056023
1589	2194	5.796230
1589	480	5.686617
1589	1129	5.630538
1589	296	5.559446
1589	1580	5.547925
1589	2288	5.535984
1589	1036	5.457506
1590	1079	6.615078
1590	1394	6.610560
1590	1259	6.508852
1590	3424	6.405675
1590	3526	6.262562
1590	1097	6.066615
1590	2174	6.062857
1590	3361	5.985151
1590	2918	5.981551
1590	1270	5.892741
1591	1215	6.268761
1591	1527	6.159409
1591	1372	5.636464
1591	2826	5.624313
1591	2167	5.570252
1591	2533	5.564039
1591	1544	5.510533
1591	1690	5.462004
1591	1580	5.451217
1591	3704	5.373653
1592	1265	5.322214
1592	2108	4.754484
1592	2997	4.693462
1592	3751	4.685369
1592	3174	4.656814
1592	3052	4.430867
1592	2959	4.427621
1592	1777	4.343246
1592	3809	4.322469
1592	2716	4.306243
1593	2985	5.950083
1593	2105	5.698323
1593	2628	5.590750
1593	2455	5.573470
1593	2011	5.348821
1593	3527	5.340715
1593	2193	5.325603
1593	2407	5.283383
1593	2989	5.206056
1593	2023	5.075132
1594	1265	6.915545
1594	3424	6.556358
1594	3526	6.288931
1594	162	5.986912
1594	1	5.872131
1594	1188	5.705719
1594	1394	5.610529
1594	2289	5.566234
1594	1223	5.458358
1594	2321	5.456518
1595	1228	6.324735
1595	1197	6.317537
1595	1259	6.224179
1595	2804	6.175249
1595	1270	6.081527
1595	1394	5.995153
1595	1079	5.921702
1595	1198	5.873437
1595	1961	5.869881
1595	1663	5.778528
1597	593	4.711832
1597	608	4.701661
1597	1249	4.628364
1597	318	4.529974
1597	457	4.431187
1597	2028	4.408079
1597	2571	4.399265
1597	1089	4.347002
1597	527	4.307312
1597	1213	4.267289
1598	1831	7.124340
1598	172	6.636554
1598	3697	6.589827
1598	3638	6.520625
1598	1590	6.244373
1598	327	6.191068
1598	1591	6.118228
1598	1690	6.070725
1598	1544	5.946503
1598	3717	5.907213
1599	2717	5.707809
1599	2997	4.624119
1599	2369	4.514527
1599	3897	4.448408
1599	1307	4.437495
1599	3751	4.437265
1599	3608	4.392489
1599	3717	4.332132
1599	1961	4.323527
1599	1148	4.259796
1600	3617	5.740647
1600	2717	5.704839
1600	1894	5.242062
1600	2701	5.127224
1600	415	4.962927
1600	2805	4.946262
1600	2369	4.911743
1600	2054	4.884097
1600	2253	4.765239
1600	2012	4.755468
1601	1917	8.419624
1601	3697	8.121009
1601	2699	7.308126
1601	2808	7.271223
1601	466	7.237707
1601	736	7.224186
1601	434	7.177531
1601	172	7.162708
1601	1544	7.056036
1601	2012	7.012039
1602	1259	5.097120
1602	593	5.043306
1602	1198	5.004590
1602	608	4.950243
1602	2797	4.902778
1602	2791	4.871452
1602	1249	4.751917
1602	1220	4.691096
1602	1210	4.647712
1602	260	4.571603
1603	587	5.614197
1603	337	5.367303
1603	2431	5.187387
1603	1721	5.151677
1603	2706	5.117993
1603	1732	5.084297
1603	2762	5.027826
1603	3623	5.026199
1603	2502	4.919296
1603	3114	4.809334
1605	3869	7.512570
1605	551	7.474587
1605	247	6.523752
1605	1784	6.510669
1605	3450	6.330962
1605	1265	6.120030
1605	3700	5.875271
1605	1584	5.824422
1605	2384	5.713303
1605	1357	5.671661
1606	1573	8.425307
1606	1356	7.640943
1606	1370	7.580209
1606	648	7.565285
1606	733	7.426131
1606	3256	7.229248
1606	1722	7.163857
1606	1552	6.863334
1606	1876	6.826517
1606	1527	6.740330
1607	34	6.383606
1607	1	6.307860
1607	1269	6.208064
1607	1136	6.032729
1607	1265	5.964908
1607	1235	5.791858
1607	1028	5.710808
1607	1230	5.684019
1607	608	5.670046
1607	1304	5.524335
1608	2502	6.633166
1608	1513	6.333568
1608	2734	6.144562
1608	2394	6.113596
1608	2686	6.015399
1608	1959	5.956546
1608	2336	5.920517
1608	2724	5.899129
1608	2013	5.689701
1608	317	5.541788
1609	2087	6.763033
1609	2018	6.373355
1609	919	6.237990
1609	899	6.134178
1609	594	6.039355
1609	1282	5.970621
1609	661	5.848522
1609	920	5.573512
1609	596	5.568575
1609	1947	5.560463
1611	364	6.740445
1611	1019	6.531236
1611	588	6.311727
1611	2294	5.910468
1611	1282	5.850340
1611	1028	5.680414
1611	2080	5.611222
1611	1032	5.298820
1611	661	5.218852
1611	34	5.197751
1613	1294	7.354760
1613	899	7.309707
1613	594	6.798799
1613	919	6.789276
1613	914	6.781546
1613	916	6.767801
1613	595	6.655334
1613	1230	6.641056
1613	1947	6.502413
1613	1029	6.479192
1614	1917	7.072041
1614	653	6.538502
1614	3489	6.420641
1614	2193	6.397083
1614	208	6.321129
1614	1544	6.149569
1614	434	6.126939
1614	2617	5.968928
1614	1101	5.822269
1614	2115	5.809572
1616	1527	8.707429
1616	1573	8.567189
1616	1917	7.801761
1616	1552	7.778122
1616	1876	7.656975
1616	349	7.655229
1616	1909	7.615181
1616	1356	7.567996
1616	1544	7.540628
1616	376	7.436957
1617	3176	5.305816
1617	1784	5.094943
1617	2706	5.059919
1617	1777	4.894444
1617	2395	4.835036
1617	356	4.775408
1617	1682	4.755164
1617	2291	4.724003
1617	2268	4.703333
1617	2502	4.685998
1618	1304	6.212231
1618	2300	5.593519
1618	1221	5.551486
1618	1206	5.523946
1618	1387	5.317403
1618	1234	5.316975
1618	1276	5.311254
1618	750	5.306073
1618	608	5.153081
1618	260	5.138668
1619	913	4.643228
1619	1307	4.548028
1619	260	4.425945
1619	1304	4.347106
1619	1947	4.220882
1619	2987	4.193389
1619	1276	4.177223
1619	2762	4.167548
1619	2858	4.153056
1619	1073	4.103264
1620	1240	5.145845
1620	1249	5.081672
1620	593	5.015654
1620	908	4.974462
1620	260	4.844003
1620	1198	4.829188
1620	111	4.755955
1620	318	4.753041
1620	3751	4.595725
1620	457	4.584927
1623	589	6.367408
1623	1240	5.455202
1623	1584	5.443739
1623	3418	5.357428
1623	2640	5.258853
1623	110	5.237745
1623	2858	5.197543
1623	480	5.120310
1623	1580	5.098474
1623	1210	5.097604
1624	2000	6.594707
1624	1962	6.208690
1624	1961	6.023345
1624	1374	5.969384
1624	2194	5.936862
1624	1246	5.875088
1624	3160	5.872943
1624	2329	5.857735
1624	2791	5.844485
1624	1968	5.739731
1625	3173	5.405181
1625	587	4.993754
1625	2145	4.980483
1625	266	4.842732
1625	252	4.781570
1625	7	4.701408
1625	2424	4.621080
1625	3753	4.589367
1625	1393	4.551980
1625	2245	4.548966
1626	3176	7.021733
1626	1721	6.777257
1626	337	6.539753
1626	2502	6.518478
1626	2706	6.334895
1626	377	6.320040
1626	2686	6.064523
1626	1408	6.037517
1626	2433	5.987964
1626	2396	5.905476
1627	1921	6.743371
1627	1580	6.609943
1627	110	6.316466
1627	1584	6.069897
1627	608	6.048581
1627	2571	6.016888
1627	1673	5.996117
1627	3535	5.994488
1627	457	5.937543
1627	1573	5.919729
1628	3654	6.059976
1628	1961	6.046773
1628	1265	5.988387
1628	1179	5.938979
1628	2000	5.802229
1628	34	5.782704
1628	2997	5.370922
1628	3174	5.332197
1628	3751	5.277846
1628	2194	5.257930
1629	1356	6.430922
1629	1876	6.258019
1629	2353	6.033626
1629	648	6.027400
1629	1370	5.981543
1629	2628	5.934904
1629	2985	5.906247
1629	3256	5.887221
1629	589	5.792262
1629	316	5.762028
1630	3638	7.190905
1630	3717	7.138131
1630	1779	7.065531
1630	196	7.040290
1630	1391	7.000978
1630	3697	6.935806
1630	1590	6.859777
1630	1037	6.741377
1630	185	6.679913
1630	327	6.517762
1631	2717	6.753420
1631	2431	6.537632
1631	3717	5.723820
1631	3273	5.664210
1631	3263	5.626646
1631	2478	5.583841
1631	2375	5.486614
1631	2247	5.424415
1631	2335	5.393811
1631	2694	5.320647
1632	150	6.626856
1632	1673	6.026046
1632	3176	5.841384
1632	2395	5.796747
1632	1912	5.776761
1632	32	5.741428
1632	1704	5.712354
1632	1784	5.699550
1632	2501	5.511371
1632	457	5.348127
1633	296	5.762082
1633	589	5.614491
1633	1965	5.495417
1633	1240	5.431722
1633	2571	5.394435
1633	608	5.385130
1633	1213	5.206980
1633	2791	5.188386
1633	2640	5.121636
1633	457	5.110231
1634	588	5.421478
1634	1357	5.382312
1634	1393	5.351946
1634	356	5.318364
1634	3060	5.307085
1634	587	5.192920
1634	357	5.185239
1634	1883	5.086558
1634	39	5.084633
1634	1183	5.051702
1635	1307	7.577380
1635	1961	7.050186
1635	2797	7.030029
1635	912	7.003337
1635	1299	6.768543
1635	1293	6.701652
1635	1394	6.678928
1635	1960	6.625688
1635	1259	6.523981
1635	1197	6.439410
1636	150	5.540193
1636	2706	5.317788
1636	2502	5.219370
1636	1721	5.118445
1636	2395	5.093222
1636	1682	5.091791
1636	3148	4.983863
1636	2702	4.943883
1636	2724	4.915372
1636	2396	4.906667
1637	1544	6.616931
1637	1676	6.538830
1637	1917	6.510469
1637	1391	6.506107
1637	316	6.406819
1637	2167	5.995042
1637	185	5.898992
1637	3638	5.849961
1637	2808	5.722402
1637	1616	5.699383
1638	3897	4.527889
1638	3624	4.464336
1638	858	4.464199
1638	3755	4.447344
1638	3911	4.423783
1638	3555	4.367486
1638	1219	4.314947
1638	260	4.245260
1638	2406	4.239233
1638	296	4.229677
1639	3623	5.817981
1639	2478	5.585447
1639	3752	5.277563
1639	500	5.266496
1639	367	5.133279
1639	3809	4.994474
1639	2012	4.966489
1639	2150	4.936685
1639	466	4.898714
1639	1020	4.819647
1640	1917	7.822566
1640	1391	7.581009
1640	3697	7.453122
1640	1690	7.284458
1640	1603	7.132157
1640	185	7.093634
1640	1320	6.786096
1640	1616	6.735619
1640	196	6.711779
1640	3638	6.507585
1641	3744	5.886576
1641	1101	5.669920
1641	2628	5.300070
1641	1391	5.187015
1641	3173	5.122009
1641	2105	4.980541
1641	3863	4.851528
1641	3484	4.837310
1641	3793	4.778064
1641	3911	4.773085
1642	1955	6.084823
1642	3827	5.935313
1642	1997	5.808340
1642	1212	5.690771
1642	1206	5.557724
1642	553	5.507759
1642	3198	5.284355
1642	1954	5.263856
1642	3893	5.261168
1642	1266	5.137473
1643	1982	6.133071
1643	2459	6.049961
1643	2288	5.912474
1643	1991	5.727455
1643	1969	5.687332
1643	1971	5.639470
1643	2902	5.578034
1643	2657	5.530584
1643	1974	5.417001
1643	2791	5.398955
1644	2013	5.480408
1644	2881	5.441801
1644	24	5.245491
1644	3175	5.177864
1644	2683	4.975576
1644	2706	4.938677
1644	2710	4.935124
1644	3053	4.911760
1644	3219	4.876997
1644	2805	4.858194
1645	2746	5.692600
1645	2100	5.623720
1645	1088	5.291374
1645	2081	5.145342
1645	3524	4.736833
1645	1081	4.727472
1645	1307	4.603752
1645	2424	4.327783
1645	17	4.316247
1645	1380	4.232668
1646	1580	5.709984
1646	1584	5.432421
1646	1573	5.312812
1646	480	5.126580
1646	2628	4.861333
1646	2916	4.787391
1646	457	4.772867
1646	648	4.765118
1646	1653	4.707298
1646	454	4.701162
1647	1513	8.430056
1647	317	7.427836
1647	2961	7.022232
1647	2470	7.008832
1647	2724	6.939260
1647	2485	6.928793
1647	2100	6.868881
1647	2369	6.640352
1647	2840	6.623685
1647	2805	6.545230
1648	1617	5.550300
1648	527	5.543746
1648	2028	5.503917
1648	457	5.492855
1648	1408	5.383412
1648	1240	5.344597
1648	1210	5.252356
1648	1196	5.205968
1648	3418	5.201173
1648	608	5.127237
1649	1214	5.776789
1649	750	5.557644
1649	3471	5.433762
1649	903	5.308721
1649	1304	5.227214
1649	1252	5.209078
1649	1387	5.206918
1649	1200	5.168648
1649	1199	5.139918
1649	1267	5.103766
1650	3897	5.638903
1650	608	5.626229
1650	1304	5.539014
1650	908	5.532796
1650	1219	5.486949
1650	924	5.328311
1650	1199	5.227423
1650	858	5.206580
1650	3435	5.190820
1650	1240	5.175012
1651	2628	4.727418
1651	260	4.576713
1651	1073	4.288351
1651	2406	4.280816
1651	318	4.174391
1651	2762	4.171089
1651	2115	4.166107
1651	527	4.157520
1651	593	4.101740
1651	2858	4.087083
1654	1265	5.972694
1654	3526	5.720846
1654	2918	5.635642
1654	588	5.589311
1654	1307	5.520020
1654	2248	5.399950
1654	1028	5.377239
1654	1294	5.372274
1654	1259	5.300640
1654	1270	5.264578
1655	2762	4.764788
1655	318	4.645702
1655	1179	4.618534
1655	593	4.353201
1655	2987	4.336948
1655	1198	4.311347
1655	260	4.258954
1655	296	4.243741
1655	1704	4.220785
1655	2396	4.218412
1657	2087	6.442039
1657	595	6.200958
1657	1907	6.150384
1657	783	5.912224
1657	2078	5.743011
1657	1947	5.733823
1657	588	5.685941
1657	1294	5.451935
1657	2085	5.346414
1657	2096	5.322719
1658	1214	6.902281
1658	1954	6.563682
1658	913	6.434753
1658	3471	6.210912
1658	1201	6.171518
1658	1269	5.982928
1658	1240	5.916282
1658	2944	5.906956
1658	1206	5.896742
1658	1387	5.769975
1659	3173	6.804063
1659	2640	6.757591
1659	3917	6.649633
1659	3070	6.571550
1659	3624	6.506044
1659	551	6.384565
1659	1035	6.304130
1659	1129	6.198827
1659	1945	6.146626
1659	1965	6.030754
1660	3146	6.758120
1660	300	6.230007
1660	1033	6.226813
1660	150	6.136104
1660	1358	6.117178
1660	3105	6.052712
1660	592	6.039490
1660	2539	5.961642
1660	1246	5.931472
1660	1374	5.878495
1661	2000	5.281528
1661	1213	5.200325
1661	296	5.141603
1661	2194	5.014193
1661	3751	4.916936
1661	593	4.796605
1661	3510	4.691691
1661	2571	4.690227
1661	3481	4.574514
1661	1198	4.568708
1663	21	5.055689
1663	2291	4.982606
1663	1580	4.934178
1663	3176	4.858890
1663	3160	4.834436
1663	1265	4.805584
1663	457	4.800285
1663	1923	4.748212
1663	2706	4.676309
1663	110	4.660070
1665	589	6.557744
1665	1240	5.693381
1665	2571	5.652304
1665	3702	5.579588
1665	2529	5.445379
1665	2194	5.409365
1665	1580	5.406063
1665	2160	5.401011
1665	480	5.355243
1665	110	5.265067
1666	1954	6.556669
1666	1036	6.465772
1666	2160	6.439603
1666	589	6.260806
1666	1214	5.994874
1666	2947	5.978470
1666	1387	5.904802
1666	2571	5.641881
1666	1198	5.601475
1666	2455	5.559783
1667	1831	7.205163
1667	3113	6.977751
1667	2722	6.923852
1667	1562	6.834090
1667	1373	6.776385
1667	2826	6.769067
1667	466	6.672871
1667	1037	6.600932
1667	1917	6.596409
1667	2716	6.561320
1669	1265	6.155671
1669	39	5.368178
1669	1307	5.260674
1669	2321	5.172596
1669	34	5.131204
1669	2599	5.117345
1669	2716	5.109317
1669	293	4.820457
1669	356	4.745496
1669	588	4.696734
1670	1265	5.242037
1670	588	4.987878
1670	2243	4.476062
1670	3526	4.417768
1670	34	4.331021
1670	2174	4.240682
1670	2081	4.166209
1670	364	4.142883
1670	17	4.058078
1670	1028	4.010531
1671	3148	7.103421
1671	1912	6.361354
1671	3270	6.227611
1671	3827	6.207524
1671	3155	5.978863
1671	1682	5.971223
1671	3176	5.970870
1671	1089	5.945181
1671	2146	5.898435
1671	1213	5.744395
1672	32	5.190560
1672	1617	4.977102
1672	608	4.858916
1672	296	4.782006
1672	1210	4.744175
1672	1200	4.737944
1672	3702	4.737866
1672	1196	4.730554
1672	3471	4.703214
1672	110	4.662423
1673	1307	5.119389
1673	1265	5.011894
1673	3361	4.992161
1673	788	4.933401
1673	2797	4.835206
1673	34	4.766833
1673	3248	4.721852
1673	1259	4.641084
1673	1961	4.616830
1673	1097	4.594972
1675	595	7.997845
1675	2078	7.736339
1675	2018	7.736234
1675	1029	7.472328
1675	1022	7.446326
1675	2687	7.370707
1675	594	7.364213
1675	2096	7.204141
1675	2085	7.136483
1675	2081	6.941057
1676	2628	7.342580
1676	653	7.188939
1676	1917	7.047028
1676	1544	6.956611
1676	2193	6.828892
1676	1644	6.638654
1676	1037	6.564654
1676	1779	6.481154
1676	2617	6.384562
1676	648	6.335305
1677	2683	6.111363
1677	2580	5.964854
1677	2490	5.859773
1677	3219	5.814366
1677	3623	5.654164
1677	3174	5.619043
1677	2723	5.561443
1677	2433	5.495393
1677	785	5.454105
1677	1513	5.415264
1678	2406	5.498229
1678	2100	5.458352
1678	2145	4.767587
1678	1101	4.710982
1678	367	4.694495
1678	2470	4.662454
1678	2405	4.376175
1678	3753	4.362437
1678	2469	4.282662
1678	2797	4.269139
1679	2013	5.840441
1679	2805	5.731123
1679	2490	5.689837
1679	1513	5.623187
1679	2688	5.567548
1679	2336	5.503437
1679	2683	5.448423
1679	3175	5.280738
1679	2881	5.266232
1679	2369	5.233989
1680	653	8.040880
1680	2617	7.580559
1680	2193	7.554840
1680	2672	7.492040
1680	1644	7.481889
1680	2528	7.386110
1680	1037	7.336616
1680	2701	7.290710
1680	2628	7.105836
1680	3354	7.062262
1681	1954	5.710308
1681	2194	5.672927
1681	1267	5.646313
1681	1953	5.645664
1681	908	5.617047
1681	903	5.568559
1681	1222	5.503305
1681	2160	5.493795
1681	1207	5.487282
1681	2948	5.465543
1683	1962	7.715297
1683	2717	7.641353
1683	1961	7.612075
1683	1957	7.161679
1683	3248	7.038492
1683	2004	6.979421
1683	3071	6.927206
1683	3707	6.898038
1683	3388	6.874270
1683	2513	6.783974
1684	1265	4.386321
1684	593	4.361917
1684	318	4.091016
1684	3578	4.023629
1684	1249	4.009941
1684	1	3.997294
1684	296	3.948490
1684	1307	3.919714
1684	3317	3.854444
1684	3552	3.826712
1685	2502	7.220139
1685	3105	7.126041
1685	539	6.997044
1685	1777	6.914626
1685	1059	6.644575
1685	1959	6.516980
1685	2424	6.491373
1685	3252	6.480706
1685	1120	6.319836
1685	339	6.253541
1687	1265	4.404812
1687	593	3.984921
1687	296	3.946381
1687	318	3.944754
1687	3751	3.937917
1687	1393	3.937240
1687	356	3.914559
1687	1704	3.865513
1687	2762	3.863527
1687	367	3.806399
1688	2797	4.934935
1688	1265	4.793665
1688	2716	4.673686
1688	17	4.598546
1688	246	4.507316
1688	1307	4.501406
1688	1097	4.373339
1688	920	4.327527
1688	3175	4.299067
1688	1674	4.240224
1689	1921	5.029229
1689	457	4.876402
1689	2858	4.816203
1689	1407	4.757780
1689	1580	4.726800
1689	1240	4.646407
1689	3527	4.644377
1689	3535	4.639932
1689	2291	4.529209
1689	1584	4.504605
1690	1513	6.369673
1690	2336	6.353796
1690	2395	6.300489
1690	2686	6.202477
1690	2013	6.095828
1690	2683	5.904910
1690	2706	5.871696
1690	2396	5.775536
1690	2841	5.729588
1690	3175	5.673332
1691	3744	5.373026
1691	2406	5.367016
1691	1101	5.306156
1691	3753	5.290742
1691	3793	5.165422
1691	3745	5.121987
1691	296	5.046875
1691	3555	5.000017
1691	3624	4.990048
1691	318	4.948985
1692	1269	5.469416
1692	1077	5.327307
1692	2657	5.177963
1692	32	5.093975
1692	968	5.018842
1692	34	4.813124
1692	1584	4.811071
1692	3671	4.764450
1692	1214	4.739264
1692	1292	4.706861
1693	2000	5.291002
1693	1961	5.275520
1693	2804	5.243830
1693	34	5.223027
1693	1246	5.195593
1693	3098	5.105393
1693	3751	4.975032
1693	1028	4.896376
1693	1374	4.861819
1693	1213	4.841986
1694	1206	5.560450
1694	589	5.345446
1694	1240	5.278799
1694	858	5.174526
1694	1214	5.145883
1694	1201	5.101504
1694	3471	5.073627
1694	1617	5.073213
1694	913	5.003909
1694	260	4.998436
1695	3175	4.849961
1695	968	4.755141
1695	2716	4.662342
1695	2858	4.591742
1695	913	4.525911
1695	3639	4.310211
1695	2369	4.308496
1695	2762	4.280805
1695	2710	4.249901
1695	368	4.247091
1696	457	6.126326
1696	2916	6.091274
1696	1407	6.054522
1696	3499	5.822677
1696	47	5.560680
1696	1645	5.499502
1696	1580	5.439748
1696	3160	5.436663
1696	1343	5.417493
1696	3418	5.412653
1697	588	7.471002
1697	2081	6.598500
1697	2078	6.485304
1697	497	6.225431
1697	34	6.133024
1697	595	6.098312
1697	17	5.987656
1697	2396	5.961594
1697	1265	5.892271
1697	1907	5.737385
1698	1265	6.082118
1698	1747	6.006814
1698	1883	5.777316
1698	1500	5.630803
1698	3255	5.517526
1698	1393	5.509638
1698	293	5.366972
1698	1732	5.316377
1698	104	5.228038
1698	1777	5.211079
1699	3654	5.357382
1699	1617	5.215169
1699	913	5.169994
1699	1214	5.128061
1699	2762	4.911681
1699	2987	4.853422
1699	1240	4.843741
1699	1206	4.815584
1699	904	4.801488
1699	260	4.767760
1700	3744	5.517622
1700	3623	5.256991
1700	3753	5.109549
1700	3510	4.922999
1700	3717	4.780941
1700	2628	4.746213
1700	1101	4.719430
1700	3745	4.592976
1700	3555	4.580420
1700	2001	4.432616
1701	524	7.086127
1701	1912	6.337038
1701	266	6.106954
1701	1580	6.045297
1701	805	5.970620
1701	3869	5.955936
1701	144	5.812067
1701	3386	5.707172
1701	1396	5.691590
1701	1682	5.619051
1702	3418	4.983411
1702	34	4.673049
1702	608	4.533146
1702	36	4.489461
1702	1265	4.431858
1702	593	4.423702
1702	457	4.364747
1702	1617	4.328012
1702	1240	4.232914
1702	1358	4.227881
1704	2012	5.025953
1704	788	4.944909
1704	500	4.649745
1704	2694	4.622989
1704	3623	4.619410
1704	587	4.555377
1704	367	4.543096
1704	2683	4.524794
1704	2369	4.386868
1704	1391	4.335335
1705	788	5.127820
1705	2858	4.079738
1705	1073	3.982556
1705	2012	3.944891
1705	1380	3.895418
1705	3	3.863702
1705	1377	3.834743
1705	1238	3.705291
1705	3362	3.659274
1705	2762	3.641739
1706	3624	6.741188
1706	3948	6.582549
1706	3555	6.329149
1706	454	6.169393
1706	3863	5.994203
1706	3484	5.955684
1706	3755	5.939219
1706	608	5.889477
1706	1500	5.710120
1706	3897	5.695406
1707	337	6.063214
1707	588	5.865268
1707	2396	5.793335
1707	2502	5.736779
1707	3253	5.595682
1707	34	5.571600
1707	497	5.533701
1707	3114	5.506698
1707	3105	5.397337
1707	357	5.373243
1709	1091	8.039362
1709	370	7.728995
1709	1961	7.559503
1709	1307	7.393604
1709	2953	7.274829
1709	3552	7.145124
1709	2716	7.093172
1709	2478	6.926603
1709	2717	6.880994
1709	2375	6.748662
1710	969	5.503557
1710	920	5.455711
1710	2087	5.356327
1710	919	5.343104
1710	1073	5.210842
1710	1088	5.186630
1710	899	5.137352
1710	2018	5.062488
1710	1947	4.872720
1710	916	4.862573
1712	2194	5.094675
1712	457	5.070629
1712	1617	5.040066
1712	377	4.934360
1712	589	4.870630
1712	50	4.863745
1712	2858	4.819690
1712	608	4.785186
1712	3418	4.784108
1712	1240	4.754914
1714	2003	6.785621
1714	2872	6.070879
1714	2100	5.874315
1714	2054	5.782968
1714	2746	5.741606
1714	3717	5.457469
1714	2406	5.447043
1714	2301	5.407170
1714	3525	5.148286
1714	2371	5.134259
1715	3893	6.068898
1715	3897	5.659342
1715	3535	5.649589
1715	2001	5.382264
1715	3624	5.304865
1715	2150	5.154650
1715	3617	5.059513
1715	3911	5.039967
1715	2478	5.020509
1715	1222	5.004482
1716	913	4.631506
1716	1513	4.523561
1716	2762	4.492506
1716	3623	4.438079
1716	2858	4.408997
1716	2369	4.290823
1716	2683	4.175261
1716	3753	4.156322
1716	1073	3.952597
1716	2406	3.904800
1717	587	6.031603
1717	913	5.901920
1717	3617	5.542220
1717	2762	5.540499
1717	3044	5.419252
1717	2447	5.275641
1717	1721	5.268464
1717	1212	5.252570
1717	2206	5.187610
1717	337	5.095409
1718	2194	4.876334
1718	2000	4.596494
1718	1036	4.507721
1718	2571	4.499919
1718	3160	4.493795
1718	1222	4.432610
1718	1580	4.383136
1718	1240	4.188559
1718	3702	4.153293
1718	1673	4.102691
1720	589	6.306640
1720	2640	6.033489
1720	457	5.626315
1720	1240	5.596450
1720	2571	5.423280
1720	3555	5.404226
1720	1748	5.361833
1720	2160	5.298538
1720	1584	5.293779
1720	1610	5.275635
1721	3552	5.287526
1721	1307	5.016120
1721	3210	4.514154
1721	2371	4.434989
1721	3526	4.307645
1721	2100	4.296830
1721	2000	4.213970
1721	1663	4.189926
1721	3448	4.141093
1721	3072	4.130810
1722	589	5.839345
1722	2455	5.741339
1722	2640	5.559935
1722	32	5.534924
1722	1214	5.503546
1722	3160	5.478593
1722	1035	5.389139
1722	2571	5.295455
1722	110	5.263021
1722	1240	5.242381
1723	435	5.894435
1723	253	5.862295
1723	2710	5.792465
1723	3638	5.611649
1723	196	5.482956
1723	1831	5.452842
1723	2699	5.308289
1723	2530	5.189448
1723	2694	4.946613
1723	2532	4.924454
1724	1580	6.062114
1724	480	5.950196
1724	3176	5.902948
1724	2706	5.612074
1724	2628	5.470044
1724	1673	5.433452
1724	110	5.334128
1724	150	5.330806
1724	3450	5.261441
1724	2763	5.240404
1725	2701	5.414217
1725	2881	5.325841
1725	2723	5.275351
1725	1562	5.158209
1725	2683	5.145478
1725	153	5.141397
1725	3623	5.108265
1725	2805	5.105579
1725	2694	5.105237
1725	3053	5.070457
1726	2722	9.093211
1726	1831	8.166421
1726	2808	8.097620
1726	1037	8.058058
1726	3697	7.717118
1726	185	7.695407
1726	2713	7.689811
1726	1917	7.673483
1726	849	7.533844
1726	172	7.533289
1727	1784	5.286181
1727	1265	5.284700
1727	21	5.250793
1727	1747	5.250588
1727	1517	5.213405
1727	2329	5.096731
1727	356	5.059993
1727	1923	5.001275
1727	3175	4.922892
1727	17	4.896073
1728	2294	6.694798
1728	783	6.623076
1728	1022	6.514708
1728	2085	6.471218
1728	1029	6.393522
1728	2080	6.218869
1728	594	6.132228
1728	3034	5.909582
1728	902	5.845671
1728	1294	5.829516
1729	1249	8.203663
1729	608	7.898924
1729	1259	7.845042
1729	908	7.266393
1729	111	6.713281
1729	1089	6.710144
1729	296	6.687596
1729	1196	6.649443
1729	593	6.594725
1729	1394	6.568687
1731	608	7.063838
1731	3317	7.044898
1731	3526	6.918400
1731	1249	6.508134
1731	162	6.475022
1731	296	6.165993
1731	3751	6.158659
1731	1089	6.091181
1731	593	5.994115
1731	1259	5.958887
1732	593	4.899311
1732	3948	4.790224
1732	608	4.644204
1732	3755	4.590962
1732	1249	4.558210
1732	1089	4.506488
1732	2406	4.479371
1732	3481	4.459653
1732	2028	4.435890
1732	3911	4.430372
1733	1265	7.970751
1733	1188	7.660174
1733	588	6.818098
1733	17	6.510279
1733	357	6.504210
1733	1	6.342676
1733	34	6.301600
1733	2289	6.249716
1733	1294	6.248574
1733	1147	6.223601
1734	1259	6.611676
1734	912	6.380019
1734	1276	6.107816
1734	1394	6.030985
1734	1234	5.966654
1734	1097	5.956752
1734	1136	5.944942
1734	908	5.917353
1734	260	5.904711
1734	1293	5.850958
1735	2683	6.980478
1735	2706	6.855134
1735	1923	6.775642
1735	223	6.541880
1735	2395	6.414338
1735	3174	6.379030
1735	1513	6.044781
1735	2580	6.039102
1735	1517	6.007714
1735	2572	5.992717
1736	3360	9.264020
1736	3763	8.980663
1736	3760	8.814251
1736	1374	8.457390
1736	2804	8.420675
1736	1197	8.037190
1736	3098	7.703656
1736	2735	7.548111
1736	1961	7.530096
1736	1228	7.456786
1737	1562	7.700879
1737	2735	7.274141
1737	2253	6.907944
1737	3157	6.871415
1737	2153	6.829985
1737	673	6.698477
1737	2054	6.669844
1737	2471	6.645091
1737	2355	6.619574
1737	153	6.567521
1738	2336	6.298396
1738	3174	6.229731
1738	2686	6.022690
1738	3219	5.905733
1738	2580	5.882167
1738	3175	5.840048
1738	2581	5.748444
1738	2433	5.734899
1738	2761	5.671177
1738	337	5.670452
1739	2502	6.422854
1739	2395	6.415826
1739	2336	6.061237
1739	2686	6.029933
1739	2706	5.877546
1739	3253	5.859110
1739	2683	5.629631
1739	1513	5.615789
1739	2805	5.595975
1739	2581	5.562871
1740	1380	5.452376
1740	3700	5.215355
1740	1947	5.154994
1740	2692	5.025485
1740	1265	4.955931
1740	17	4.860310
1740	2396	4.823025
1740	34	4.768857
1740	1277	4.740083
1740	36	4.738265
1741	1777	8.158078
1741	497	7.826532
1741	339	7.756661
1741	539	7.633134
1741	597	7.288498
1741	2424	7.185450
1741	1265	6.970807
1741	357	6.808396
1741	337	6.804160
1741	3253	6.608590
1742	2193	4.741670
1742	1377	4.711986
1742	1225	4.671890
1742	1327	4.651567
1742	1982	4.596757
1742	1345	4.593313
1742	2406	4.545660
1742	1380	4.508434
1742	1084	4.467439
1742	1207	4.428931
1743	913	4.908290
1743	920	4.826677
1743	2716	4.621690
1743	912	4.613943
1743	2858	4.456996
1743	1387	4.338661
1743	260	4.338070
1743	3471	4.326802
1743	1207	4.292161
1743	1230	4.289712
1744	1265	6.191290
1744	3552	5.459128
1744	1517	5.380965
1744	1307	5.371157
1744	2716	5.084019
1744	3210	5.079222
1744	2918	5.068241
1744	104	5.049665
1744	1500	4.745706
1744	246	4.744033
1745	2716	6.170742
1745	2013	6.163031
1745	2336	6.088993
1745	2723	6.067222
1745	2581	6.060910
1745	3175	5.921772
1745	2598	5.819962
1745	2683	5.648166
1745	2805	5.642997
1745	2710	5.621640
1746	1265	5.845680
1746	34	5.693542
1746	2791	5.629807
1746	1270	5.404829
1746	1097	5.339172
1746	2355	5.179919
1746	2918	5.142216
1746	3868	5.004190
1746	1	4.944117
1746	1307	4.894074
1747	1097	5.918383
1747	1374	5.470992
1747	2985	5.361740
1747	1127	5.230689
1747	2355	5.156464
1747	2761	5.145422
1747	2716	5.118360
1747	1198	5.040634
1747	1287	4.958359
1747	1387	4.939108
1748	1954	6.533384
1748	1266	6.266412
1748	903	6.024050
1748	1201	5.902871
1748	1997	5.878102
1748	913	5.837515
1748	2819	5.808172
1748	1953	5.709445
1748	904	5.488022
1748	1214	5.449931
1749	1777	7.067771
1749	539	6.945966
1749	357	6.874764
1749	597	6.705616
1749	1883	6.632350
1749	1682	6.574148
1749	11	6.519397
1749	1680	6.475403
1749	588	6.444378
1749	3253	6.434041
1750	589	7.570164
1750	2194	7.534058
1750	2571	7.052854
1750	480	6.971179
1750	2948	6.895535
1750	110	6.834257
1750	1965	6.775755
1750	1036	6.759012
1750	3702	6.717628
1750	1374	6.691323
1752	2571	6.393706
1752	1240	6.345300
1752	1249	6.147315
1752	608	6.146155
1752	2529	6.113643
1752	1089	6.003428
1752	1213	5.913789
1752	589	5.682102
1752	457	5.640752
1752	3751	5.510557
1753	1196	4.875576
1753	1136	4.818756
1753	260	4.811060
1753	1	4.586230
1753	1304	4.531234
1753	527	4.504697
1753	1240	4.492655
1753	541	4.404202
1753	3471	4.399640
1753	1249	4.385913
1755	539	6.518603
1755	587	6.500973
1755	1777	6.204985
1755	2424	6.079883
1755	1721	5.891905
1755	3259	5.818776
1755	377	5.740269
1755	380	5.728679
1755	1183	5.629559
1755	337	5.603007
1756	2881	5.393807
1756	3219	5.250962
1756	2336	5.157831
1756	2686	5.147690
1756	2605	5.101669
1756	2502	4.951902
1756	3175	4.923166
1756	2906	4.902267
1756	2763	4.809705
1756	380	4.785535
1757	1917	7.197421
1757	648	7.066076
1757	1876	6.995410
1757	1676	6.944880
1757	3249	6.844176
1757	1779	6.788730
1757	1573	6.741801
1757	2393	6.728504
1757	185	6.672979
1757	1356	6.529777
1758	1242	6.968123
1758	1196	6.805202
1758	1210	6.703087
1758	2028	6.696259
1758	1222	6.480761
1758	1259	6.278120
1758	608	6.221357
1758	1097	6.202968
1758	2571	6.198392
1758	1249	6.167552
1759	1307	8.317658
1759	1091	6.774479
1759	2100	6.678216
1759	3248	6.587042
1759	370	6.436063
1759	2369	6.376290
1759	1513	6.284927
1759	2716	6.276625
1759	1961	6.249659
1759	2253	6.187399
1760	539	7.168140
1760	1441	6.807472
1760	7	6.698975
1760	1894	6.124245
1760	3155	6.087634
1760	1888	6.003779
1760	1735	5.943679
1760	1339	5.889307
1760	802	5.866487
1760	2746	5.845070
1761	1831	6.380743
1761	1690	6.308503
1761	1320	6.293859
1761	329	6.268440
1761	1876	6.102716
1761	196	5.969158
1761	3638	5.855907
1761	1676	5.699149
1761	2311	5.582039
1761	3704	5.522302
1762	480	5.794683
1762	3160	5.476669
1762	1584	5.473103
1762	457	5.417610
1762	1527	5.416669
1762	589	5.403877
1762	110	5.326451
1762	377	5.297380
1762	349	5.292979
1762	32	5.246968
1764	2717	7.384441
1764	1091	7.290354
1764	370	6.689315
1764	3258	6.474136
1764	2335	6.402450
1764	520	6.217602
1764	3688	6.207962
1764	3388	6.117761
1764	2134	6.047308
1764	2794	6.020770
1765	2160	6.245707
1765	2640	6.215540
1765	1129	6.042609
1765	2194	6.013323
1765	2791	5.983402
1765	1097	5.975094
1765	2454	5.909062
1765	1036	5.899467
1765	2628	5.863717
1765	110	5.825431
1767	1909	5.763294
1767	1876	5.518039
1767	1580	5.443369
1767	780	5.330642
1767	1653	5.237017
1767	196	5.225324
1767	1584	5.194726
1767	329	5.187820
1767	1573	5.148548
1767	1831	5.106545
1768	913	6.402911
1768	1212	6.292784
1768	1269	6.065843
1768	1954	5.863799
1768	1955	5.562096
1768	1222	5.553468
1768	272	5.445834
1768	1201	5.410977
1768	3508	5.276230
1768	1292	5.251936
1769	2881	6.105286
1769	2723	5.741974
1769	2605	5.733826
1769	2683	5.639044
1769	1513	5.587309
1769	2688	5.531247
1769	3219	5.507418
1769	24	5.435164
1769	3175	5.391312
1769	2336	5.330090
1770	370	7.408439
1770	3812	6.646363
1770	3752	6.594937
1770	2003	6.532431
1770	2794	6.490090
1770	1961	6.456282
1770	3608	6.272659
1770	2335	6.223609
1770	3773	6.173629
1770	2134	6.094168
1772	2716	6.651051
1772	2710	6.072714
1772	968	5.715301
1772	2599	5.587632
1772	3175	5.521870
1772	2581	5.442103
1772	223	5.419165
1772	2433	5.354352
1772	2396	5.222284
1772	2683	5.047750
1773	1580	4.997826
1773	21	4.868481
1773	110	4.840660
1773	551	4.813339
1773	34	4.808373
1773	1265	4.762260
1773	2329	4.747564
1773	1673	4.700900
1773	1923	4.609198
1773	1358	4.601909
1774	2628	6.461392
1774	2640	6.025822
1774	1544	5.897333
1774	2406	5.869384
1774	1101	5.626732
1774	2193	5.375226
1774	788	5.330760
1774	3070	5.293360
1774	551	5.228683
1774	1967	5.223949
1775	589	5.702163
1775	1036	5.634451
1775	1198	5.487152
1775	1240	5.354378
1775	1291	5.293410
1775	2028	5.286899
1775	2571	5.285882
1775	1220	5.110988
1775	2640	5.027810
1775	2160	5.026089
1776	380	5.494253
1776	2100	5.215985
1776	1513	4.936710
1776	2406	4.788437
1776	1777	4.651688
1776	2762	4.588935
1776	785	4.539443
1776	2683	4.524611
1776	587	4.524247
1776	2881	4.488460
1777	1394	7.540527
1777	1304	7.239000
1777	1230	7.144305
1777	1276	6.941691
1777	2300	6.939337
1777	1259	6.930936
1777	910	6.804864
1777	3435	6.775557
1777	919	6.692487
1777	912	6.659236
1778	3173	7.147890
1778	3624	5.884465
1778	3861	5.676933
1778	3555	5.553707
1778	3948	5.432517
1778	2628	5.413914
1778	788	5.306112
1778	3452	5.299998
1778	1544	5.295014
1778	3755	5.294474
1779	3869	6.046446
1779	2717	5.638576
1779	532	5.336885
1779	500	5.284058
1779	372	5.007574
1779	3189	4.946066
1779	1377	4.944275
1779	3450	4.905834
1779	520	4.756779
1779	2369	4.754069
1780	1101	6.902772
1780	380	6.831790
1780	10	6.277428
1780	353	6.216642
1780	3107	6.139646
1780	349	6.018397
1780	2006	6.000222
1780	2617	5.863803
1780	1608	5.788774
1780	1407	5.678207
1781	3489	5.412149
1781	2470	5.202429
1781	2161	5.183800
1781	673	5.151886
1781	260	4.995969
1781	2174	4.953944
1781	1225	4.940174
1781	1920	4.864941
1781	1947	4.802406
1781	2987	4.783849
1782	3175	5.142934
1782	1513	4.948797
1782	2598	4.793329
1782	3174	4.771710
1782	2959	4.717947
1782	3203	4.651716
1782	2723	4.644587
1782	913	4.520179
1782	223	4.386916
1782	2762	4.380961
1784	1876	6.196713
1784	1676	6.106747
1784	2808	6.064217
1784	1544	6.041601
1784	3638	5.956866
1784	185	5.922344
1784	172	5.830591
1784	196	5.802756
1784	316	5.778345
1784	3257	5.773872
1785	1391	5.488156
1785	3744	5.424114
1785	3861	4.934979
1785	2012	4.871692
1785	3534	4.756489
1785	1101	4.741520
1785	3555	4.727154
1785	3565	4.673061
1785	2145	4.650626
1785	3624	4.641831
1786	1101	6.796201
1786	3418	6.684914
1786	296	6.552453
1786	2406	6.298006
1786	589	6.192953
1786	1220	6.191825
1786	457	6.073736
1786	2140	6.008017
1786	3555	5.991049
1786	1240	5.973674
1788	1408	5.708250
1788	3418	5.627472
1788	377	5.485324
1788	2396	5.409372
1788	2355	5.322788
1788	1183	5.138891
1788	3175	5.110429
1788	3386	5.047639
1788	2761	5.026979
1788	356	4.988609
1789	3623	4.752865
1789	3753	4.493565
1789	318	4.488681
1789	1222	4.233402
1789	2406	4.224460
1789	3578	4.147901
1789	593	4.116590
1789	2858	4.073221
1789	2502	4.051849
1789	1721	3.979084
1790	2571	5.730974
1790	608	5.563214
1790	1249	5.378171
1790	2028	5.241856
1790	1196	5.234270
1790	3578	5.157209
1790	593	5.119153
1790	1222	5.066528
1790	1732	5.015407
1790	589	5.004170
1791	457	5.489470
1791	1584	5.363004
1791	608	5.141941
1791	589	5.138500
1791	1921	5.083144
1791	2291	5.047404
1791	1580	5.001051
1791	266	4.939429
1791	377	4.897663
1791	32	4.865456
1792	2706	5.113829
1792	1580	4.865374
1792	1747	4.747951
1792	3408	4.607035
1792	21	4.497654
1792	3175	4.472162
1792	1265	4.471934
1792	3253	4.402493
1792	3160	4.383642
1792	2396	4.357211
1793	1391	7.539875
1793	2699	6.985165
1793	2012	6.510897
1793	3257	6.461495
1793	2881	6.360086
1793	316	6.191786
1793	153	6.165143
1793	1377	6.111905
1793	1544	6.090453
1793	2002	6.088290
1794	252	6.622829
1794	587	6.433042
1794	1721	6.145725
1794	586	6.119606
1794	2424	5.983236
1794	7	5.956906
1794	539	5.905646
1794	3176	5.665438
1794	1393	5.650499
1794	1888	5.559861
1796	1265	6.067712
1796	1307	5.935432
1796	2243	5.593348
1796	594	5.482955
1796	2065	5.441821
1796	608	5.405018
1796	3751	5.229848
1796	2150	5.128208
1796	2081	5.117729
1796	1294	5.102856
1797	1276	6.665750
1797	1201	6.367827
1797	1304	6.317821
1797	1230	6.315921
1797	1387	6.236318
1797	3671	6.126792
1797	1234	6.116139
1797	1952	6.036525
1797	1278	5.979484
1797	3654	5.863602
1798	2716	4.536303
1798	968	4.491064
1798	3175	4.413970
1798	2396	4.376934
1798	2858	4.223073
1798	3471	4.130222
1798	913	4.091160
1798	1214	4.085808
1798	2997	4.010041
1798	2762	3.909555
1799	1393	5.851276
1799	3176	5.837304
1799	1784	5.671509
1799	1777	5.573612
1799	2706	5.538410
1799	377	5.506179
1799	21	5.482019
1799	3105	5.408358
1799	1120	5.358264
1799	356	5.354366
1800	608	5.160241
1800	1304	4.988345
1800	2300	4.932917
1800	1235	4.858334
1800	1148	4.854780
1800	50	4.787315
1800	1136	4.767536
1800	1249	4.716295
1800	1	4.685429
1800	3897	4.580457
1802	1321	6.024626
1802	1982	5.647161
1802	1994	5.571174
1802	1407	5.381906
1802	1717	5.310727
1802	1690	5.248198
1802	1333	5.239864
1802	3638	5.066434
1802	2367	5.022797
1802	3264	4.957674
1803	1777	6.477732
1803	1923	6.325570
1803	2395	6.312952
1803	1747	6.024548
1803	231	5.970771
1803	1265	5.963855
1803	356	5.893662
1803	2706	5.877660
1803	357	5.773219
1803	1500	5.764973
1804	2916	4.840691
1804	364	4.788535
1804	457	4.775003
1804	1608	4.530569
1804	3418	4.478277
1804	260	4.478057
1804	2628	4.409623
1804	296	4.357377
1804	919	4.289342
1804	1610	4.267700
1805	3751	5.312473
1805	3897	5.093512
1805	608	4.808936
1805	1265	4.598846
1805	1089	4.486004
1805	3317	4.473730
1805	3911	4.410791
1805	1148	4.352993
1805	3949	4.351040
1805	2146	4.315400
1806	380	5.906903
1806	736	5.896455
1806	1608	5.809517
1806	1722	5.804061
1806	1597	5.550317
1806	587	5.386740
1806	2875	5.212572
1806	3257	5.186214
1806	1917	5.117036
1806	832	5.093750
1807	2455	5.366546
1807	2366	5.242420
1807	1321	5.219788
1807	1982	5.194222
1807	1690	5.183361
1807	610	5.111455
1807	1320	4.925989
1807	1997	4.925427
1807	2528	4.803544
1807	2407	4.754725
1808	364	5.498995
1808	3173	4.730625
1808	1282	4.503655
1808	3083	4.441366
1808	588	4.384243
1808	296	4.322799
1808	661	4.249048
1808	1019	4.243058
1808	2628	4.220010
1808	594	4.208862
1809	2490	5.994546
1809	3219	5.930033
1809	2881	5.676648
1809	2605	5.626395
1809	2683	5.406717
1809	3005	5.327711
1809	2502	5.299932
1809	2906	5.295518
1809	3175	5.292657
1809	24	5.284803
1810	913	6.878825
1810	1206	6.367078
1810	272	6.354269
1810	1201	6.289980
1810	1266	6.101364
1810	1954	5.586074
1810	1214	5.582062
1810	3471	5.579476
1810	3384	5.477850
1810	904	5.458647
1811	589	5.964299
1811	2716	5.434272
1811	1210	5.275843
1811	466	5.196288
1811	2640	5.146126
1811	707	5.111783
1811	3441	5.092009
1811	2628	5.083165
1811	3354	5.073756
1811	3471	5.029493
1812	3623	6.763140
1812	380	5.848107
1812	1513	5.757054
1812	2683	5.511661
1812	2763	5.500207
1812	587	5.247066
1812	3752	5.240427
1812	736	5.204243
1812	2502	4.980982
1812	3273	4.970216
1814	1676	6.609066
1814	1527	6.380144
1814	1391	6.372669
1814	1573	6.230529
1814	1372	6.019497
1814	185	5.712739
1814	1373	5.666055
1814	1580	5.650676
1814	2094	5.638415
1814	329	5.613465
1815	589	5.354108
1815	32	5.074706
1815	1240	4.700505
1815	2657	4.611676
1815	1097	4.600675
1815	110	4.592714
1815	2640	4.560552
1815	1210	4.525779
1815	608	4.508061
1815	2791	4.507007
1816	1240	5.565783
1816	1210	5.289866
1816	527	5.257109
1816	296	5.214822
1816	1200	5.077940
1816	260	5.077199
1816	1617	5.040421
1816	1214	5.038412
1816	2194	5.036634
1816	608	5.016096
1817	1204	5.146356
1817	1198	4.800400
1817	924	4.784550
1817	2987	4.736958
1817	920	4.679460
1817	912	4.676918
1817	969	4.514176
1817	1247	4.513369
1817	913	4.415818
1817	2762	4.359812
1818	2087	5.536373
1818	1019	5.417944
1818	595	5.354906
1818	2797	4.921330
1818	588	4.773054
1818	1073	4.684799
1818	3489	4.628773
1818	919	4.538023
1818	3861	4.510478
1818	2987	4.466347
1819	1225	5.128799
1819	1214	5.101382
1819	969	5.014273
1819	260	4.966493
1819	1035	4.905704
1819	3471	4.798361
1819	2640	4.693051
1819	1954	4.671224
1819	1287	4.600739
1819	919	4.593770
1820	1198	5.496188
1820	1240	5.383472
1820	608	5.169445
1820	260	5.167392
1820	908	5.118051
1820	1196	5.051770
1820	1221	5.037294
1820	1249	4.989876
1820	2194	4.967028
1820	1214	4.957928
1822	1101	5.691140
1822	3107	4.629720
1822	2407	4.500248
1822	2628	4.453058
1822	2011	4.417164
1822	1608	4.324650
1822	3408	4.324405
1822	3753	4.317029
1822	380	4.314027
1822	2001	4.152014
1824	3744	6.017795
1824	3617	5.963287
1824	1894	5.630658
1824	3623	5.551239
1824	587	5.543247
1824	2478	5.188821
1824	3263	5.127604
1824	3893	5.060768
1824	2262	5.030306
1824	3784	5.023102
1825	1682	6.761462
1825	1784	6.393479
1825	3148	6.134911
1825	150	5.900778
1825	1680	5.856048
1825	1777	5.656740
1825	3252	5.544664
1825	3253	5.534714
1825	412	5.369027
1825	1393	5.323841
1826	589	6.681411
1826	480	6.210036
1826	457	6.010507
1826	1240	5.995708
1826	1610	5.792102
1826	2640	5.733739
1826	1584	5.695920
1826	1214	5.656963
1826	110	5.644446
1826	3160	5.431454
1827	1997	4.933087
1827	1339	4.770256
1827	3499	4.748555
1827	2167	4.395907
1827	1345	4.240058
1827	2617	4.211600
1827	3827	4.150085
1827	1407	4.143474
1827	2009	4.109003
1827	1717	4.106918
1828	1240	5.313717
1828	1206	5.306298
1828	608	5.122020
1828	2529	5.065925
1828	3897	4.880547
1828	3702	4.774303
1828	1200	4.671427
1828	3751	4.618004
1828	2858	4.546230
1828	6	4.544832
1829	3552	6.174774
1829	1307	6.055965
1829	3448	6.035008
1829	1265	5.864358
1829	2150	5.542538
1829	1961	5.451111
1829	2797	5.399499
1829	497	5.313704
1829	2100	5.310310
1829	246	5.289121
1830	589	5.707471
1830	2628	5.653111
1830	2105	5.630350
1830	2571	5.456142
1830	2028	5.414274
1830	1198	5.273653
1830	2985	5.270355
1830	1259	5.241478
1830	648	5.071759
1830	480	5.071405
1831	527	4.794939
1831	1721	4.611563
1831	1196	4.551778
1831	2706	4.548120
1831	2571	4.529860
1831	150	4.520812
1831	2858	4.353185
1831	3623	4.346580
1831	1610	4.342646
1831	2395	4.319131
1832	3253	7.568330
1832	1784	7.398112
1832	1777	7.248322
1832	1265	7.203205
1832	357	7.151360
1832	597	6.934467
1832	231	6.774113
1832	342	6.740743
1832	2108	6.737175
1832	1883	6.707092
1833	589	6.319112
1833	2628	6.291079
1833	1580	6.095009
1833	2571	5.999844
1833	110	5.980352
1833	2028	5.822849
1833	1356	5.618713
1833	1573	5.604125
1833	2115	5.472585
1833	648	5.406048
1834	780	3.869495
1834	3408	3.818206
1834	2858	3.816279
1834	3638	3.733421
1834	2012	3.656578
1834	1265	3.635495
1834	3175	3.628579
1834	2710	3.531066
1834	1391	3.471406
1834	2657	3.451171
1835	260	5.231123
1835	2871	4.905400
1835	905	4.878380
1835	3257	4.796658
1835	1233	4.781216
1835	1092	4.700328
1835	2987	4.576279
1835	1136	4.458227
1835	1196	4.420451
1835	185	4.406096
1836	589	6.575055
1836	1610	6.539695
1836	457	6.272805
1836	3256	6.222970
1836	3418	6.172305
1836	377	6.162203
1836	2916	6.133706
1836	733	5.859084
1836	2194	5.840513
1836	2353	5.769683
1837	3785	6.411975
1837	3893	6.286258
1837	3617	6.087035
1837	1997	5.826570
1837	3744	5.790519
1837	3784	5.776630
1837	3556	5.735353
1837	3793	5.629651
1837	3751	5.544782
1837	3745	5.492248
1839	1917	6.714275
1839	380	6.647288
1839	1552	6.391481
1839	2881	6.326020
1839	1608	6.306328
1839	1597	5.976502
1839	292	5.902918
1839	3623	5.848477
1839	736	5.828726
1839	316	5.761627
1841	3489	6.759951
1841	3438	6.652277
1841	2100	6.615427
1841	2797	6.383055
1841	2253	6.247662
1841	673	6.243410
1841	2054	6.111633
1841	1307	6.024342
1841	1917	5.894756
1841	1562	5.868669
1842	2716	6.660607
1842	2013	6.634123
1842	2336	6.405658
1842	2723	6.276017
1842	2605	6.167090
1842	2598	6.077101
1842	3175	6.051180
1842	3053	6.036051
1842	2710	6.030270
1842	3219	5.966826
1843	2657	5.106091
1843	1035	4.785089
1843	1136	4.781215
1843	1269	4.652651
1843	551	4.592426
1843	2288	4.521099
1843	1225	4.434056
1843	1945	4.412557
1843	1084	4.378892
1843	3424	4.324400
1845	454	8.531133
1845	3044	7.553913
1845	3255	7.233474
1845	337	7.054321
1845	1370	6.468494
1845	3408	6.422273
1845	1597	6.386665
1845	1909	6.322046
1845	587	6.251790
1845	1810	6.207202
1846	1270	5.765755
1846	1097	5.651843
1846	750	5.539776
1846	1210	5.456155
1846	1197	5.384954
1846	2858	5.320802
1846	1387	5.305941
1846	1196	5.297564
1846	1259	5.252216
1846	1374	5.240991
1847	3418	6.213398
1847	589	5.656135
1847	1240	5.452788
1847	3527	5.229441
1847	920	5.218351
1847	1921	5.213377
1847	457	5.194932
1847	593	5.134837
1847	908	5.134215
1847	1259	5.062179
1850	2087	9.373792
1850	2081	8.770259
1850	2078	8.589566
1850	2080	7.889241
1850	2018	7.656766
1850	1294	7.584426
1850	596	7.581077
1850	2067	7.574148
1850	595	7.501567
1850	1022	7.451166
1851	2406	6.735077
1851	2100	6.700190
1851	2470	6.266641
1851	3489	5.942155
1851	3479	5.759880
1851	3617	5.724243
1851	2115	5.610281
1851	2872	5.400553
1851	318	5.383556
1851	260	5.309188
1852	1580	5.822892
1852	589	5.655685
1852	3160	5.396800
1852	70	5.303148
1852	2640	5.215804
1852	1544	5.213647
1852	2826	5.196604
1852	780	5.060886
1852	110	5.059790
1852	2858	5.031193
1853	1777	5.121140
1853	587	5.069978
1853	539	4.872371
1853	2424	4.818745
1853	500	4.492165
1853	3623	4.469381
1853	3263	4.453503
1853	7	4.447368
1853	3176	4.420286
1853	852	4.364376
1854	2100	5.079474
1854	2470	4.979075
1854	2406	4.858116
1854	1101	4.614735
1854	3512	4.511354
1854	1073	4.263229
1854	2115	4.196460
1854	3565	4.151528
1854	2797	4.148735
1854	1220	4.097835
1855	1917	7.214910
1855	1527	6.849467
1855	1552	6.773830
1855	1573	6.729529
1855	316	6.582319
1855	736	6.511438
1855	1544	6.284774
1855	3697	6.279255
1855	1597	6.273939
1855	2699	6.253729
1856	3717	6.525201
1856	3638	6.451502
1856	1590	6.168781
1856	185	6.134123
1856	172	6.078507
1856	737	6.038714
1856	435	5.956508
1856	2532	5.953878
1856	196	5.917540
1856	2530	5.754379
1857	595	5.163687
1857	1259	4.944212
1857	1094	4.783338
1857	1022	4.736763
1857	527	4.713850
1857	608	4.593853
1857	260	4.576865
1857	593	4.560703
1857	1210	4.554505
1857	3114	4.548177
1858	2294	6.429758
1858	1907	6.282176
1858	595	5.886425
1858	2087	5.756433
1858	661	5.683789
1858	1097	5.628208
1858	2968	5.591057
1858	34	5.548535
1858	588	5.473932
1858	1073	5.229873
1859	1307	5.364750
1859	608	4.820197
1859	1394	4.695699
1859	2918	4.624609
1859	1270	4.608801
1859	1294	4.604155
1859	1674	4.575759
1859	1230	4.487510
1859	593	4.464690
1859	2248	4.457531
1860	1831	6.953592
1860	1391	6.314411
1860	1375	6.253865
1860	1676	6.198425
1860	1917	6.125243
1860	3697	6.082966
1860	1544	5.954528
1860	2986	5.932684
1860	1882	5.708005
1860	1037	5.661443
1861	1307	5.417774
1861	1265	5.414269
1861	1	4.986551
1861	1223	4.975577
1861	34	4.887753
1861	2997	4.816249
1861	3671	4.702553
1861	1961	4.677724
1861	1294	4.674621
1861	3072	4.673403
1862	2997	4.554465
1862	2716	4.474736
1862	3174	4.348115
1862	2959	4.345582
1862	2762	4.302539
1862	2858	4.172833
1862	2395	4.159352
1862	1265	4.150324
1862	2683	3.896741
1862	34	3.896090
1863	1380	5.331070
1863	1265	4.451935
1863	1136	4.405692
1863	1947	4.380756
1863	1292	4.333309
1863	1035	4.300331
1863	955	4.250694
1863	3363	4.214973
1863	2657	4.173082
1863	1208	4.169835
1865	1409	5.867633
1865	1307	5.603630
1865	587	5.539351
1865	2150	5.523556
1865	2424	5.462462
1865	1265	5.448698
1865	500	5.330527
1865	236	5.324271
1865	1569	5.288551
1865	2245	5.246155
1866	1569	5.858376
1866	2424	5.613148
1866	1777	5.226425
1866	539	5.204131
1866	339	5.122058
1866	1265	5.101754
1866	2369	4.956186
1866	708	4.939151
1866	367	4.737939
1866	17	4.638669
1867	1307	5.746445
1867	1265	5.703652
1867	608	4.856088
1867	2918	4.733210
1867	2243	4.468169
1867	3526	4.439270
1867	3361	4.369390
1867	3072	4.355853
1867	593	4.352672
1867	3362	4.320346
1868	913	5.490520
1868	3435	5.292364
1868	912	5.292291
1868	919	5.283681
1868	1206	5.171205
1868	903	5.123950
1868	3471	5.062717
1868	904	5.059313
1868	2987	4.920170
1868	1252	4.834324
1869	913	6.116818
1869	912	6.077764
1869	750	5.713608
1869	3471	5.600844
1869	1230	5.587096
1869	1304	5.516211
1869	1276	5.500969
1869	1201	5.406232
1869	919	5.403218
1869	1947	5.352455
1870	587	6.648530
1870	539	6.064704
1870	1777	6.016418
1870	597	5.477827
1870	337	5.397395
1870	2805	5.372628
1870	852	5.353088
1870	356	5.345631
1870	500	5.220461
1870	440	5.183795
1871	3543	5.431364
1871	1270	5.302980
1871	1197	5.266685
1871	3671	5.158747
1871	750	5.137209
1871	2355	5.038255
1871	1387	4.965602
1871	1294	4.953611
1871	1265	4.933455
1871	1276	4.861033
1872	2571	6.131071
1872	589	6.075989
1872	1240	5.907378
1872	296	5.762100
1872	3418	5.601755
1872	1673	5.571386
1872	1213	5.537160
1872	1610	5.525061
1872	32	5.424330
1872	1580	5.237214
1873	1210	5.399149
1873	589	5.379770
1873	1097	5.309460
1873	2028	5.224697
1873	1127	5.173174
1873	2571	5.137953
1873	2858	5.004371
1873	1198	4.815754
1873	1200	4.782322
1873	2355	4.756128
1874	1394	5.533032
1874	1234	5.498353
1874	2300	5.396357
1874	1230	5.345022
1874	1136	5.262587
1874	1276	5.254817
1874	3897	5.241054
1874	1219	5.176483
1874	858	5.175911
1874	1199	5.135449
1875	2628	5.237686
1875	2640	5.001545
1875	589	4.831921
1875	2455	4.778390
1875	2167	4.604374
1875	3527	4.552261
1875	1527	4.543874
1875	185	4.480354
1875	1129	4.474592
1875	3070	4.471019
1876	2710	5.419609
1876	2716	4.848874
1876	2580	4.840032
1876	2599	4.777107
1876	3578	4.540613
1876	2396	4.497151
1876	3113	4.472396
1876	2805	4.453546
1876	3408	4.431648
1876	3174	4.390140
1877	1101	8.139674
1877	380	6.680488
1877	2262	6.456048
1877	353	6.425892
1877	2469	6.409992
1877	2406	6.402478
1877	1088	6.209052
1877	1608	6.022875
1877	368	5.881608
1877	3155	5.792505
1878	1917	6.699592
1878	2722	6.635488
1878	736	6.333009
1878	2699	6.256835
1878	3638	6.227945
1878	1391	6.179053
1878	2881	6.143326
1878	1690	6.071668
1878	2808	6.020200
1878	3697	5.886024
1879	34	6.145675
1879	1374	5.403635
1879	3114	5.363477
1879	1	5.256398
1879	2396	5.189968
1879	32	5.041864
1879	150	4.884630
1879	2997	4.812585
1879	2804	4.789893
1879	1196	4.613346
1880	919	7.159178
1880	2018	7.098923
1880	1282	7.056889
1880	1022	7.010541
1880	260	6.895719
1880	1204	6.820140
1880	2987	6.654562
1880	2366	6.608269
1880	938	6.434037
1880	953	6.370234
1881	1777	7.230551
1881	1569	6.927108
1881	2369	6.700076
1881	500	6.568128
1881	1265	6.325244
1881	3253	6.298375
1881	708	6.240187
1881	852	6.226488
1881	339	6.065181
1881	440	6.046625
1882	454	4.537733
1882	608	4.494962
1882	593	4.397730
1882	3755	4.287572
1882	50	4.233143
1882	266	4.213990
1882	3624	4.060753
1882	3408	4.039572
1882	296	4.039420
1882	3578	4.008794
1883	595	6.089287
1883	1029	5.749392
1883	2300	5.667202
1883	1028	5.510049
1883	2080	5.451000
1883	1294	5.408340
1883	1235	5.068714
1883	2078	4.967144
1883	899	4.901654
1883	3034	4.872343
1884	1212	6.373992
1884	2997	6.102278
1884	2396	6.072767
1884	1961	6.040877
1884	1269	6.013840
1884	2395	6.011369
1884	34	6.000006
1884	913	5.978261
1884	272	5.957598
1884	1	5.945084
1885	908	5.745851
1885	1240	5.625739
1885	1965	5.597945
1885	589	5.593264
1885	2657	5.566983
1885	2160	5.539497
1885	2640	5.475210
1885	1252	5.434011
1885	296	5.353616
1885	1259	5.346342
1887	3702	6.950804
1887	3635	6.335948
1887	1206	6.099881
1887	968	5.997766
1887	589	5.572615
1887	2710	5.513946
1887	2571	5.474788
1887	1214	5.463083
1887	913	5.306066
1887	2976	5.281548
1888	2628	5.560194
1888	2406	5.032454
1888	2640	4.986805
1888	2193	4.957850
1888	2858	4.889146
1888	589	4.732902
1888	1097	4.679085
1888	1073	4.646113
1888	2028	4.623004
1888	1220	4.501570
1889	153	7.429398
1889	434	6.826636
1889	2054	6.655238
1889	2717	6.515629
1889	485	6.445792
1889	788	6.397429
1889	2012	6.329158
1889	3861	6.316395
1889	1391	6.270406
1889	520	6.217090
1890	1201	6.197209
1890	1214	6.083839
1890	913	6.054664
1890	3702	5.550080
1890	1954	5.537893
1890	968	5.375293
1890	3639	5.262956
1890	3471	5.160497
1890	1206	5.130188
1890	589	5.118806
1891	2716	5.561511
1891	3175	5.525424
1891	2761	5.322679
1891	2336	5.236691
1891	1127	4.855715
1891	2396	4.666889
1891	2355	4.648643
1891	2734	4.619778
1891	2959	4.562614
1891	968	4.436374
1894	1608	7.704189
1894	380	6.335818
1894	733	6.269488
1894	832	6.207829
1894	377	6.139367
1894	1722	6.110776
1894	349	6.044260
1894	16	5.947996
1894	1101	5.878150
1894	1393	5.852670
1895	1673	5.407411
1895	110	5.306163
1895	3160	5.190620
1895	2571	5.159447
1895	2291	5.102429
1895	589	4.986968
1895	457	4.977805
1895	32	4.955723
1895	2858	4.886905
1895	1580	4.840723
1896	1214	6.289458
1896	1304	6.276914
1896	1230	6.234178
1896	1234	5.920749
1896	908	5.894572
1896	904	5.858236
1896	750	5.840264
1896	2664	5.785961
1896	1206	5.771675
1896	903	5.748737
1897	2716	6.619083
1897	2581	6.228555
1897	2336	6.123144
1897	2013	5.953353
1897	2723	5.943677
1897	3081	5.534892
1897	2710	5.468026
1897	2396	5.405348
1897	2906	5.121832
1897	1513	5.112595
1899	353	6.493531
1899	380	6.469960
1899	368	6.285282
1899	1345	5.700743
1899	349	5.693535
1899	1608	5.693414
1899	10	5.667133
1899	1081	5.535916
1899	920	5.510785
1899	303	5.480907
1900	2716	6.389746
1900	968	5.691814
1900	2336	5.664987
1900	2013	5.258496
1900	2881	5.153180
1900	2598	5.123138
1900	2581	5.059451
1900	2906	5.019430
1900	2712	5.016057
1900	2396	5.007119
1901	913	5.816949
1901	1953	5.634113
1901	1252	5.559953
1901	903	5.508388
1901	1304	5.460791
1901	1267	5.438572
1901	1206	5.384587
1901	1207	5.285832
1901	260	5.250127
1901	3735	5.242923
1902	3256	7.280800
1902	2391	6.715880
1902	1370	6.611339
1902	3105	6.564728
1902	47	6.366982
1902	3745	6.258099
1902	3408	6.148641
1902	2353	6.073992
1902	628	6.053109
1902	337	6.008180
1903	908	6.877882
1903	608	6.663947
1903	1304	6.516859
1903	1259	6.318571
1903	1199	6.210505
1903	1249	6.184798
1903	1394	6.157748
1903	1219	6.051207
1903	111	6.045272
1903	1198	5.998136
1904	34	5.477890
1904	1962	4.983932
1904	2716	4.901111
1904	1097	4.807505
1904	1225	4.687659
1904	2791	4.601543
1904	1374	4.569718
1904	3421	4.524600
1904	1956	4.513316
1904	2997	4.488180
1905	1394	7.005277
1905	912	6.654601
1905	1259	6.652435
1905	1172	6.529224
1905	3362	6.509814
1905	1304	6.484439
1905	1084	6.478043
1905	1136	6.267302
1905	1960	6.259233
1905	1299	6.220783
1908	3623	7.645270
1908	380	7.416996
1908	1513	7.315389
1908	2683	6.878859
1908	1722	6.810172
1908	736	6.540502
1908	2694	6.501709
1908	2723	6.449571
1908	2485	6.298373
1908	2841	6.261567
1909	110	5.041976
1909	2291	4.968288
1909	1580	4.961524
1909	1673	4.951388
1909	3160	4.874656
1909	2000	4.860910
1909	32	4.841990
1909	1265	4.812609
1909	1784	4.794747
1909	2571	4.724583
1910	3751	5.036261
1910	3785	4.971072
1910	3510	4.848838
1910	3949	4.793560
1910	3863	4.793112
1910	3861	4.761158
1910	3911	4.676077
1910	3793	4.627144
1910	1198	4.520266
1910	3744	4.472404
1911	913	5.852279
1911	968	5.535411
1911	1201	5.305069
1911	2716	5.272744
1911	3175	5.062190
1911	2396	5.021701
1911	1214	5.010641
1911	3471	4.861702
1911	2858	4.853841
1911	2997	4.745724
1912	1997	5.630652
1912	919	5.484118
1912	260	5.470965
1912	3435	5.400596
1912	1304	5.350509
1912	3897	5.334661
1912	1088	5.333261
1912	1219	5.297635
1912	2300	5.264305
1912	1198	5.219794
1913	2300	6.106269
1913	1294	5.693662
1913	1235	5.647841
1913	1230	5.574820
1913	1304	5.443775
1913	595	5.372321
1913	899	5.339793
1913	1028	5.339354
1913	2080	5.246615
1913	2863	5.145400
1915	2194	7.123151
1915	1673	7.089463
1915	2571	6.947062
1915	110	6.807932
1915	1374	6.741294
1915	1036	6.392950
1915	1240	6.356425
1915	1965	6.316424
1915	2160	6.254645
1915	2000	6.231872
1916	1265	6.719508
1916	1961	6.593181
1916	2000	5.944686
1916	1968	5.814423
1916	34	5.747516
1916	1060	5.394136
1916	2997	5.321964
1916	1784	5.284053
1916	1285	5.253424
1916	2321	5.197084
1917	589	5.173676
1917	750	4.745326
1917	1215	4.558203
1917	1387	4.520435
1917	1240	4.455346
1917	2657	4.406023
1917	3578	4.363870
1917	1270	4.355182
1917	3527	4.349591
1917	1199	4.338726
1919	2717	8.032861
1919	788	6.544859
1919	2389	6.540506
1919	1992	6.498296
1919	2408	6.462825
1919	3707	6.377528
1919	3708	6.292226
1919	2668	6.291584
1919	196	6.267354
1919	435	6.239602
1920	899	5.025928
1920	594	4.934808
1920	2300	4.789439
1920	596	4.753376
1920	1294	4.568624
1920	919	4.556908
1920	1029	4.355741
1920	2080	4.322313
1920	3528	4.305785
1920	920	4.253773
1921	2394	6.432423
1921	153	6.133780
1921	3489	5.984649
1921	2605	5.806754
1921	2840	5.648073
1921	2702	5.637245
1921	3273	5.575666
1921	1562	5.570994
1921	673	5.413113
1921	2	5.320469
1922	2987	5.188334
1922	590	5.091001
1922	364	4.997077
1922	3159	4.990851
1922	260	4.929330
1922	2394	4.875953
1922	1022	4.802892
1922	3512	4.791167
1922	2762	4.776680
1922	2761	4.758516
1923	3917	7.679751
1923	1261	7.001197
1923	2288	6.806495
1923	2160	6.798874
1923	3927	6.636982
1923	3624	6.622233
1923	1327	6.586661
1923	2455	6.481554
1923	1970	6.479127
1923	2640	6.477867
1924	2424	7.845091
1924	539	7.435839
1924	1457	7.327753
1924	339	7.318898
1924	7	7.304271
1924	236	6.876171
1924	587	6.833247
1924	1777	6.662779
1924	852	6.396685
1924	372	6.308771
1925	377	6.303057
1925	2336	6.013751
1925	380	5.828514
1925	2353	5.753650
1925	2686	5.662484
1925	913	5.630265
1925	3418	5.618355
1925	1201	5.612229
1925	920	5.367323
1925	2762	5.346363
1926	1019	5.825873
1926	916	5.656404
1926	364	5.520991
1926	1088	5.468044
1926	1230	5.445780
1926	661	5.421076
1926	595	5.357019
1926	899	5.294064
1926	3363	5.241472
1926	1028	5.238643
1928	1917	7.485838
1928	316	6.429669
1928	2628	6.393809
1928	2881	6.321180
1928	1391	6.224309
1928	1552	6.198513
1928	349	6.111028
1928	434	6.079919
1928	208	6.068420
1928	2490	5.971956
1930	1097	5.373512
1930	2105	4.926201
1930	2797	4.774313
1930	2628	4.735080
1930	2193	4.734955
1930	2791	4.714324
1930	2174	4.693798
1930	2021	4.650792
1930	2421	4.641302
1930	2858	4.573150
1931	1544	5.731128
1931	551	5.362477
1931	2384	5.175978
1931	1073	5.113968
1931	2193	5.113304
1931	2628	5.090107
1931	1377	5.084484
1931	153	5.078964
1931	673	5.067629
1931	2791	5.015522
1932	3418	5.531740
1932	2028	4.957796
1932	110	4.746532
1932	527	4.746035
1932	1210	4.705863
1932	593	4.687951
1932	296	4.678816
1932	1608	4.663834
1932	2571	4.627980
1932	480	4.626615
1933	2571	6.963766
1933	2000	6.933898
1933	2194	6.884005
1933	1673	6.842565
1933	457	6.810837
1933	3418	6.626929
1933	608	6.492213
1933	1240	6.459452
1933	1213	6.381423
1933	1466	6.376233
1934	1513	6.455445
1934	2683	6.150117
1934	2581	5.795391
1934	2336	5.725854
1934	3175	5.721009
1934	2734	5.703387
1934	2688	5.695658
1934	2723	5.606508
1934	3219	5.566157
1934	2712	5.524076
1935	3617	5.932527
1935	3893	5.916242
1935	3897	5.296771
1935	3624	5.237701
1935	3793	5.126196
1935	3863	4.870728
1935	3745	4.867297
1935	3755	4.852609
1935	3948	4.842121
1935	3510	4.796423
1937	1265	6.495386
1937	2355	6.112475
1937	529	5.906806
1937	2000	5.875354
1937	1500	5.724286
1937	1968	5.672744
1937	3108	5.626840
1937	34	5.480076
1937	1784	5.457697
1937	3552	5.406157
1938	1917	6.987437
1938	434	6.398207
1938	1544	6.386084
1938	3697	6.355596
1938	1876	6.186978
1938	1882	6.132008
1938	1037	6.026859
1938	329	6.006503
1938	2094	5.937699
1938	1371	5.868454
1939	329	6.912407
1939	1527	6.734630
1939	2528	6.646639
1939	2916	6.477412
1939	1717	6.296154
1939	2167	6.288725
1939	674	6.272877
1939	1320	6.212608
1939	1876	6.128447
1939	610	6.075892
1940	2858	5.154094
1940	589	5.065035
1940	2028	4.816480
1940	1210	4.700401
1940	2628	4.696352
1940	593	4.659643
1940	3578	4.653240
1940	2918	4.603425
1940	1580	4.585325
1940	608	4.569379
1941	3785	7.425014
1941	2194	7.209711
1941	3510	6.856927
1941	1275	6.769545
1941	3793	6.608154
1941	1407	6.522679
1941	2571	6.408326
1941	3745	6.346870
1941	3146	6.343979
1941	253	6.286640
1942	3624	6.770176
1942	3070	5.789444
1942	2455	5.692338
1942	1261	5.682602
1942	3555	5.570366
1942	3755	5.539980
1942	1965	5.477043
1942	2105	5.449583
1942	908	5.420802
1942	2160	5.411855
1943	480	5.289962
1943	2628	5.089704
1943	1544	5.043566
1943	2288	4.982372
1943	1097	4.920464
1943	1580	4.648220
1943	2858	4.635063
1943	2968	4.493463
1943	3160	4.466907
1943	2021	4.450196
1944	2000	5.083186
1944	1249	5.068115
1944	593	4.995914
1944	1089	4.867930
1944	1213	4.854037
1944	3751	4.827427
1944	3948	4.781905
1944	3317	4.705048
1944	50	4.680902
1944	3897	4.613097
1945	1527	7.457317
1945	1580	7.096226
1945	1573	7.040250
1945	2916	6.842666
1945	480	6.780245
1945	2985	6.529251
1945	2628	6.395813
1945	1356	6.370909
1945	1921	6.243766
1945	3107	6.160086
1946	1265	5.650412
1946	1307	5.057865
1946	356	4.985895
1946	2797	4.850063
1946	593	4.805741
1946	2243	4.740398
1946	608	4.666309
1946	1094	4.665026
1946	527	4.646266
1946	2858	4.595392
1947	2194	6.239368
1947	2455	5.818198
1947	2716	5.578825
1947	1994	5.439449
1947	2918	5.306588
1947	1201	5.236778
1947	1036	5.219848
1947	2407	5.165884
1947	1982	5.125353
1947	3210	5.107911
1948	2722	7.818345
1948	2699	7.080751
1948	2881	7.067942
1948	3697	6.971740
1948	1391	6.890392
1948	2808	6.857436
1948	1831	6.849412
1948	3113	6.691508
1948	379	6.635299
1948	2605	6.556678
1949	1214	6.409539
1949	913	5.703739
1949	1200	5.568747
1949	589	5.553724
1949	2944	5.533584
1949	1201	5.513146
1949	1240	5.500054
1949	1617	5.384087
1949	1253	5.362261
1949	1206	5.348285
1950	253	4.729868
1950	3638	4.162480
1950	3751	4.141791
1950	2997	4.111621
1950	3827	4.026076
1950	3408	3.998427
1950	1732	3.980602
1950	293	3.972321
1950	3897	3.861929
1950	3148	3.833738
1951	3617	6.246319
1951	3744	6.185195
1951	1101	5.990092
1951	2406	5.957942
1951	3623	5.816660
1951	2100	5.785669
1951	3565	5.554968
1951	466	5.410632
1951	3512	5.170969
1951	3755	5.131358
1952	2000	4.729275
1952	3408	4.563548
1952	3751	4.534873
1952	253	4.362733
1952	3499	4.266505
1952	2011	4.243137
1952	2407	4.223742
1952	592	4.220569
1952	3897	4.214061
1952	3317	4.175289
1953	1101	5.062663
1953	3535	4.424055
1953	2406	4.311845
1953	2628	4.270378
1953	296	4.267222
1953	457	4.197042
1953	266	4.152836
1953	3173	4.138669
1953	3624	4.048210
1953	1912	3.977331
1954	3173	5.552105
1954	457	5.020662
1954	3555	4.988592
1954	1580	4.886020
1954	1089	4.880780
1954	3624	4.872391
1954	2628	4.867554
1954	296	4.726681
1954	3481	4.725394
1954	2571	4.643485
1955	2716	5.918010
1955	2336	5.902800
1955	3175	5.819025
1955	2396	5.638667
1955	2581	5.629279
1955	2712	5.575692
1955	2805	5.438234
1955	2683	5.362280
1955	2598	5.274538
1955	1093	5.248797
1956	2384	5.663272
1956	2968	5.414209
1956	1920	5.407286
1956	2294	5.332567
1956	34	5.275101
1956	150	5.174303
1956	480	5.167108
1956	1097	5.089145
1956	551	5.087646
1956	3479	4.892712
1957	608	5.217155
1957	3751	5.193621
1957	1234	5.190996
1957	1304	5.083088
1957	1265	4.932917
1957	594	4.928352
1957	908	4.884468
1957	1028	4.863258
1957	1230	4.861546
1957	1394	4.752453
1958	2710	5.410597
1958	2694	5.204835
1958	3081	4.965650
1958	2683	4.941630
1958	2707	4.933719
1958	2701	4.881478
1958	2805	4.812860
1958	2699	4.794052
1958	2706	4.681596
1958	2976	4.567021
1959	1234	5.669894
1959	260	5.501454
1959	1961	5.270861
1959	1198	5.192455
1959	919	5.126406
1959	1231	5.097524
1959	908	5.092283
1959	1221	5.072780
1959	912	5.002045
1959	111	4.999605
1960	2746	6.658445
1960	246	6.326340
1960	2100	6.052267
1960	1307	5.795826
1960	1220	5.758417
1960	2406	5.672479
1960	3552	5.636586
1960	2918	5.462237
1960	2797	5.430224
1960	3210	5.428887
1961	480	6.641248
1961	589	6.597044
1961	2916	6.462366
1961	1580	6.388597
1961	2628	6.242226
1961	1610	6.061319
1961	1527	5.989680
1961	457	5.931749
1961	1573	5.819711
1961	110	5.796155
1962	3617	8.157667
1962	3861	6.408972
1962	3618	5.884336
1962	3744	5.799602
1962	2300	5.644611
1962	3257	5.570887
1962	1092	5.484876
1962	3565	5.358273
1962	3686	5.155961
1962	587	5.107418
1963	1883	6.314643
1963	588	6.091130
1963	454	5.839429
1963	357	5.817670
1963	2321	5.459383
1963	3252	5.433633
1963	587	5.322417
1963	1641	5.234843
1963	16	5.229435
1963	1784	5.226470
1965	2000	5.262827
1965	1732	5.186938
1965	1883	5.176218
1965	3108	5.146446
1965	1393	5.136090
1965	1500	5.099255
1965	39	5.070693
1965	608	5.065267
1965	21	5.043985
1965	2391	4.997537
1966	1394	6.115352
1966	3948	5.888272
1966	3535	5.855653
1966	1222	5.826677
1966	1148	5.560122
1966	1307	5.507276
1966	3361	5.336798
1966	1259	5.320004
1966	1249	5.265401
1966	593	5.260874
1968	2628	6.699678
1968	589	6.291268
1968	480	6.283388
1968	2640	6.078062
1968	3354	5.980681
1968	648	5.976864
1968	2916	5.970038
1968	1356	5.942135
1968	653	5.838613
1968	2571	5.831207
1969	1997	5.725158
1969	3702	5.713047
1969	2160	5.700664
1969	2529	5.562655
1969	1387	5.511434
1969	2948	5.344898
1969	1240	5.243806
1969	2194	5.196040
1969	1199	5.167955
1969	2657	5.150015
1970	3527	5.988191
1970	2407	5.964761
1970	3704	5.814466
1970	2985	5.744621
1970	2194	5.675104
1970	3897	5.654323
1970	2455	5.594858
1970	3785	5.545571
1970	2011	5.496368
1970	3510	5.439465
1971	1608	5.833603
1971	3418	5.200869
1971	356	5.171871
1971	1393	5.165694
1971	1580	4.902026
1971	593	4.899041
1971	3448	4.892801
1971	2406	4.869793
1971	1747	4.814363
1971	588	4.763330
1972	1240	4.631725
1972	34	4.535215
1972	32	4.518195
1972	2657	4.470569
1972	608	4.412816
1972	2858	4.397810
1972	1270	4.284385
1972	2571	4.267415
1972	2791	4.252101
1972	1617	4.239869
1973	1965	6.316575
1973	2194	6.031685
1973	1213	6.003589
1973	296	5.956809
1973	1124	5.915319
1973	2455	5.907927
1973	1240	5.719054
1973	2000	5.686077
1973	1302	5.586637
1973	608	5.585656
1974	1721	6.496104
1974	3155	6.429835
1974	587	6.355752
1974	7	6.211726
1974	3176	6.204438
1974	3528	6.183279
1974	832	6.068972
1974	372	6.029259
1974	539	5.941609
1974	2875	5.878079
1975	2395	6.018703
1975	2716	5.917705
1975	34	5.851227
1975	1265	5.843387
1975	1961	5.494173
1975	2396	5.291863
1975	1097	5.206031
1975	1307	5.010140
1975	2355	4.963680
1975	2797	4.837893
1976	377	6.875851
1976	2353	6.562072
1976	1580	6.478147
1976	3418	6.178215
1976	3160	6.155924
1976	1747	6.093072
1976	2291	6.017705
1976	1784	5.963325
1976	2706	5.931810
1976	457	5.837395
1977	750	7.234673
1977	1267	7.016105
1977	1230	7.002133
1977	1304	6.928806
1977	912	6.595742
1977	920	6.530997
1977	1252	6.405779
1977	903	6.341630
1977	1084	6.325206
1977	1199	6.268863
1978	2716	4.515817
1978	2858	4.511142
1978	3160	4.229570
1978	3175	4.102713
1978	2997	3.995510
1978	3578	3.875016
1978	1097	3.832535
1978	2791	3.819883
1978	3408	3.767384
1978	2000	3.732007
1979	3555	4.828164
1979	1089	4.713964
1979	3173	4.713440
1979	2146	4.624234
1979	3831	4.620290
1979	3863	4.455752
1979	1092	4.368675
1979	266	4.289287
1979	3744	4.140661
1979	3538	4.077635
1980	1374	6.372744
1980	2455	6.075000
1980	1097	6.048485
1980	2791	6.003567
1980	1957	5.633917
1980	1962	5.392533
1980	1270	5.372363
1980	2174	5.324040
1980	2804	5.282037
1980	1090	5.212911
1981	2628	6.931013
1981	3624	6.698461
1981	2406	6.383219
1981	589	6.376798
1981	2193	6.368927
1981	466	6.352747
1981	2105	6.298573
1981	2640	6.167169
1981	2872	6.123254
1981	3104	5.880297
1982	1580	5.524163
1982	2706	5.520504
1982	2699	5.397690
1982	2683	5.230463
1982	2826	5.100014
1982	223	4.850012
1982	3578	4.786825
1982	2858	4.785363
1982	3623	4.755147
1982	1391	4.745270
1983	1377	6.679587
1983	1918	6.501298
1983	2012	6.357780
1983	2002	6.303200
1983	1391	6.255076
1983	2723	6.194761
1983	2699	6.185143
1983	434	6.027965
1983	2701	6.014880
1983	1917	5.991016
1984	1917	7.974037
1984	1544	7.491853
1984	316	7.422270
1984	434	7.341644
1984	1391	7.224979
1984	3697	7.089349
1984	1372	6.911308
1984	1562	6.817988
1984	1676	6.810197
1984	466	6.783295
1985	1391	8.043136
1985	1917	8.024008
1985	316	7.393689
1985	1544	7.304682
1985	2699	6.755322
1985	3697	6.732675
1985	1603	6.634374
1985	3257	6.592771
1985	780	6.589082
1985	1616	6.588681
1987	296	4.975999
1987	2628	4.968787
1987	589	4.907502
1987	2028	4.866851
1987	318	4.815825
1987	3793	4.786308
1987	1249	4.784310
1987	608	4.719946
1987	1198	4.639400
1987	3753	4.626677
1988	1092	4.923188
1988	3861	4.784819
1988	1644	4.580427
1988	3827	4.298784
1988	2146	4.282202
1988	3481	4.194671
1988	1676	4.179646
1988	3791	4.149497
1988	1371	4.146480
1988	3148	4.054939
1990	2858	4.907379
1990	2194	4.781399
1990	2716	4.745201
1990	2791	4.743597
1990	2918	4.691691
1990	1387	4.690569
1990	1270	4.663557
1990	1214	4.616861
1990	2000	4.498053
1990	589	4.423421
1992	3552	6.130675
1992	1307	5.298363
1992	3210	5.271085
1992	1220	5.117644
1992	2470	5.101213
1992	2872	5.087065
1992	246	5.006793
1992	2406	4.997224
1992	19	4.925836
1992	2150	4.868420
1995	1500	5.925685
1995	1265	5.470759
1995	104	5.380443
1995	39	5.108347
1995	1747	5.076538
1995	1883	5.063743
1995	2321	4.986045
1995	500	4.958581
1995	2706	4.931528
1995	1517	4.876061
1996	2628	5.419553
1996	674	5.328662
1996	1644	5.257457
1996	2916	5.202460
1996	329	5.135031
1996	1717	4.994553
1996	1876	4.963257
1996	2393	4.742986
1996	2054	4.709833
1996	1356	4.706014
1997	2000	4.858818
1997	2997	4.691172
1997	2858	4.656042
1997	3160	4.560018
1997	1968	4.485463
1997	34	4.477811
1997	1374	4.451187
1997	1961	4.444071
1997	2571	4.378086
1997	1673	4.360493
1998	1035	5.663119
1998	1345	5.480391
1998	2692	5.476630
1998	2819	5.368214
1998	3334	5.352256
1998	1380	5.327876
1998	3700	5.327552
1998	3359	5.283976
1998	903	5.266759
1998	1269	5.264030
1999	589	6.011786
1999	32	5.491827
1999	1214	5.387354
1999	1617	5.355371
1999	608	5.328192
1999	1210	5.310191
1999	2028	5.227641
1999	3702	5.216420
1999	457	5.174075
1999	110	5.076780
2000	2571	4.926192
2000	3160	4.879726
2000	1580	4.853004
2000	110	4.843222
2000	32	4.713042
2000	3176	4.669149
2000	2706	4.610442
2000	457	4.599679
2000	2000	4.506157
2000	1393	4.476245
2001	2716	7.732044
2001	3016	6.642785
2001	2688	6.517387
2001	2881	6.298811
2001	2723	6.294777
2001	2598	6.243668
2001	2720	6.150542
2001	3516	6.054781
2001	2336	6.045558
2001	3175	6.011851
2002	1265	5.712086
2002	2108	5.278805
2002	1777	5.254061
2002	104	5.178745
2002	3809	5.107637
2002	597	5.102150
2002	2431	5.008611
2002	1500	4.944415
2002	2150	4.826172
2002	1961	4.803558
2003	1947	7.736709
2003	2087	7.362100
2003	2394	7.182804
2003	1073	6.938468
2003	986	6.714410
2003	158	6.614849
2003	2384	6.503049
2003	2968	6.431531
2003	595	6.091170
2003	2702	6.051053
2004	196	7.590246
2004	1831	7.435606
2004	172	7.417474
2004	1391	7.346707
2004	3697	6.648428
2004	185	6.535530
2004	3638	6.535441
2004	1037	6.517492
2004	2808	6.393841
2004	2986	6.353118
2005	2723	5.545847
2005	3157	5.535201
2005	317	5.470700
2005	2622	5.447458
2005	2683	5.409829
2005	2013	5.339752
2005	2502	5.243042
2005	367	5.193925
2005	2	5.160011
2005	2336	5.050783
2006	2018	7.114067
2006	919	7.111800
2006	2087	6.823948
2006	1230	6.786502
2006	1294	6.764993
2006	1282	6.758948
2006	969	6.700557
2006	2096	6.558769
2006	1022	6.465268
2006	596	6.318633
2007	3471	5.432906
2007	260	5.294294
2007	913	5.224586
2007	1240	5.141221
2007	1200	4.999817
2007	750	4.953504
2007	1617	4.945840
2007	903	4.940413
2007	1198	4.906685
2007	1201	4.895247
2008	32	6.180417
2008	1269	5.883975
2008	1240	5.744485
2008	2571	5.579282
2008	457	5.578686
2008	1584	5.538700
2008	608	5.505459
2008	589	5.493429
2008	1617	5.488275
2008	2529	5.438475
2009	3418	4.993039
2009	551	4.704021
2009	1220	4.644628
2009	2692	4.505463
2009	2291	4.478069
2009	457	4.414573
2009	1035	4.382834
2009	1097	4.374339
2009	2406	4.342662
2009	2628	4.335005
2010	2875	7.373915
2010	3257	6.359607
2010	252	6.118614
2010	372	5.843219
2010	237	5.614663
2010	3528	5.598943
2010	333	5.558217
2010	1713	5.475979
2010	2424	5.340617
2010	3	5.325741
2011	3623	4.872464
2011	380	4.740165
2011	587	4.573282
2011	2762	4.465347
2011	377	4.463435
2011	3578	4.413557
2011	1721	4.368395
2011	2406	4.350928
2011	3408	4.213917
2011	356	4.206782
2012	466	6.308345
2012	2628	6.275894
2012	2105	6.177021
2012	2001	6.128198
2012	2985	5.938664
2012	316	5.866028
2012	2641	5.811846
2012	3527	5.811121
2012	1917	5.770630
2012	1215	5.765025
2013	480	6.039947
2013	2916	5.905109
2013	1876	5.764297
2013	329	5.650613
2013	648	5.466103
2013	1356	5.408658
2013	2167	5.385119
2013	1544	5.355333
2013	589	5.273136
2013	1376	5.163319
2014	1304	5.685518
2014	912	5.507986
2014	1276	5.273221
2014	1230	5.256614
2014	260	5.219289
2014	1136	5.213789
2014	1234	5.108318
2014	919	5.084238
2014	750	5.011399
2014	1207	4.993541
2015	2375	6.483626
2015	3552	6.207925
2015	3448	6.173772
2015	1307	6.040014
2015	2794	6.030688
2015	1091	6.016576
2015	1961	5.983597
2015	1297	5.863120
2015	2915	5.858514
2015	2478	5.801207
2016	1527	6.604051
2016	1356	6.134370
2016	1876	6.105005
2016	1608	5.987168
2016	1917	5.952061
2016	1370	5.767003
2016	316	5.734637
2016	3256	5.733778
2016	1385	5.732309
2016	2916	5.717951
2017	1573	5.447707
2017	3555	5.236275
2017	1370	5.174281
2017	648	5.163162
2017	1921	4.989633
2017	1653	4.843727
2017	1676	4.834167
2017	266	4.772264
2017	1580	4.771639
2017	1909	4.744425
2018	2746	7.498607
2018	1088	7.169886
2018	3524	6.595734
2018	1333	6.471868
2018	1380	6.126840
2018	1081	5.555065
2018	2065	5.480961
2018	930	5.262188
2018	2633	5.207093
2018	3685	5.122940
2019	3174	5.270691
2019	968	5.160583
2019	2734	5.110255
2019	2959	5.039379
2019	2396	5.010818
2019	2683	4.994840
2019	2688	4.962768
2019	2906	4.926155
2019	2318	4.844395
2019	223	4.759891
2020	3535	6.179388
2020	3555	5.893875
2020	3624	5.844587
2020	1921	5.746240
2020	3755	5.264903
2020	1215	5.236013
2020	1580	5.146654
2020	266	5.083193
2020	647	5.045213
2020	2628	4.987188
2021	1573	7.934055
2021	1527	7.914567
2021	1552	7.448328
2021	1876	7.237967
2021	349	7.007058
2021	316	6.838695
2021	648	6.810893
2021	1608	6.774252
2021	1356	6.757144
2021	2628	6.744000
2022	1580	5.988983
2022	2706	5.287286
2022	1393	5.285672
2022	3176	5.269644
2022	1784	5.246912
2022	110	5.051793
2022	480	5.040352
2022	3160	4.991228
2022	3408	4.844994
2022	1673	4.835335
2023	2762	4.748410
2023	2395	4.637073
2023	150	4.481044
2023	1073	4.477185
2023	2702	4.465167
2023	2706	4.367829
2023	3176	4.363328
2023	367	4.212387
2023	2396	4.173029
2023	527	4.115547
2024	2247	6.503337
2024	1441	6.483279
2024	2469	6.242079
2024	1409	6.127443
2024	1021	6.110298
2024	2369	6.107825
2024	344	6.062243
2024	2424	6.037533
2024	2134	5.962469
2024	708	5.907417
2025	912	5.674063
2025	2028	5.538926
2025	527	5.530037
2025	1097	5.516205
2025	1198	5.505663
2025	3471	5.252053
2025	1259	5.155270
2025	750	5.122765
2025	1221	5.117203
2025	541	5.098273
2026	913	8.518641
2026	1206	6.932493
2026	3095	6.819452
2026	3435	6.477188
2026	904	6.428574
2026	2987	6.410545
2026	3471	6.228533
2026	1204	6.207057
2026	3654	6.151143
2026	2202	6.129897
2027	551	5.343489
2027	1673	5.172917
2027	296	5.133099
2027	1265	5.058177
2027	1784	4.984123
2027	2291	4.961807
2027	2000	4.816962
2027	1912	4.802134
2027	25	4.788082
2027	3418	4.786034
2029	2369	5.650948
2029	2683	5.534870
2029	1777	5.335793
2029	2424	5.151026
2029	367	5.060185
2029	539	4.990515
2029	852	4.984039
2029	2622	4.982396
2029	708	4.941310
2029	500	4.839009
2030	2087	9.558308
2030	1088	8.733489
2030	1947	8.637108
2030	1073	8.636386
2030	2005	8.448591
2030	1017	8.262725
2030	1967	8.239746
2030	2161	7.719200
2030	783	7.715903
2030	1688	7.603963
2031	3535	5.930842
2031	3328	5.660142
2031	1089	5.426265
2031	3911	5.344931
2031	3897	5.178464
2031	3949	5.129302
2031	3751	5.116740
2031	3863	5.093487
2031	3536	4.964062
2031	3844	4.960719
2032	2167	5.945464
2032	3704	5.698885
2032	2455	5.506534
2032	3638	5.387944
2032	196	5.283910
2032	1690	5.261242
2032	253	5.222536
2032	2311	5.189384
2032	1544	5.118526
2032	1320	5.101116
2033	2002	4.824622
2033	3717	4.784210
2033	2858	4.770072
2033	3763	4.695661
2033	2532	4.684527
2033	2826	4.662997
2033	3578	4.609841
2033	2012	4.569030
2033	435	4.459421
2033	1222	4.326428
2034	1307	5.782844
2034	1136	5.292382
2034	1265	5.289631
2034	1259	5.269470
2034	3362	5.215913
2034	1	5.167625
2034	608	4.912370
2034	912	4.821858
2034	750	4.749890
2034	1294	4.686013
2035	2087	6.999227
2035	595	6.088455
2035	364	6.062744
2035	2294	5.752953
2035	1073	5.730794
2035	1019	5.710264
2035	1907	5.693924
2035	2081	5.514201
2035	2394	5.390098
2035	1688	5.142173
2036	1265	6.879068
2036	1307	5.767062
2036	3424	5.636489
2036	1	5.563701
2036	34	5.416189
2036	2289	5.250413
2036	1961	5.106234
2036	1188	5.096238
2036	1223	5.074013
2036	2243	5.048976
2038	2394	5.890732
2038	3438	5.675482
2038	2428	5.632601
2038	2881	5.541980
2038	1499	5.524932
2038	3005	5.515344
2038	2054	5.462642
2038	260	5.446359
2038	2987	5.420931
2038	1917	5.400465
2039	1909	6.522343
2039	1527	6.498094
2039	2916	6.180467
2039	1653	5.848042
2039	589	5.792640
2039	2985	5.721547
2039	1573	5.569984
2039	1356	5.552357
2039	1206	5.442428
2039	1584	5.314959
2040	2502	5.037424
2040	3623	4.823107
2040	2706	4.769488
2040	2959	4.758814
2040	2580	4.621689
2040	3174	4.497564
2040	2683	4.450323
2040	2686	4.412011
2040	3175	4.387020
2040	2571	4.280430
2041	587	5.895878
2041	1777	5.621378
2041	337	5.587396
2041	377	5.481567
2041	539	5.454573
2041	1393	5.441917
2041	1747	5.425797
2041	454	5.394019
2041	3255	5.298470
2041	1721	5.285160
2042	1097	5.622064
2042	2968	5.609111
2042	3471	5.585350
2042	260	5.569938
2042	2987	5.418564
2042	1210	5.267254
2042	1947	5.075865
2042	1272	5.060738
2042	2944	4.998378
2042	1196	4.960558
2043	2683	5.877301
2043	2805	5.479915
2043	2490	5.459043
2043	2706	5.401533
2043	2723	5.317230
2043	2502	5.287157
2043	2336	5.232929
2043	2013	5.132198
2043	2770	5.106756
2043	3175	5.084999
2046	34	4.901635
2046	1	4.623619
2046	1307	4.620869
2046	2355	4.434995
2046	588	4.388261
2046	2716	4.309968
2046	2396	4.285962
2046	3114	4.098945
2046	1270	4.076091
2046	2858	4.040358
2047	1249	5.725461
2047	296	5.642337
2047	608	5.490529
2047	1213	5.359056
2047	1089	5.165691
2047	593	5.084367
2047	260	5.078239
2047	908	5.037160
2047	1282	5.024521
2047	1196	5.011837
2048	2194	6.545242
2048	1673	6.511838
2048	2571	6.499188
2048	2160	6.439838
2048	1240	6.287692
2048	480	6.273424
2048	1036	6.104230
2048	296	6.064712
2048	2640	5.953368
2048	1213	5.860114
2049	1304	6.496601
2049	608	6.229978
2049	2300	6.174470
2049	1259	6.125607
2049	1136	6.089658
2049	1394	6.016844
2049	1199	5.946904
2049	908	5.867543
2049	1235	5.859879
2049	1249	5.761166
2050	3623	4.883045
2050	3510	4.539768
2050	2001	4.413161
2050	3717	4.338035
2050	3752	4.238281
2050	3897	4.213029
2050	1407	4.175839
2050	3793	4.163264
2050	2858	4.148897
2050	2000	4.103228
2051	1876	6.693940
2051	2094	6.583443
2051	1544	6.165530
2051	185	6.153226
2051	1527	5.977295
2051	196	5.962936
2051	780	5.939026
2051	3257	5.783852
2051	648	5.755947
2051	172	5.664467
2052	2710	5.465713
2052	3717	5.439238
2052	3763	5.307787
2052	435	5.134334
2052	3578	5.050916
2052	2002	5.011650
2052	2716	4.851735
2052	2012	4.824641
2052	3623	4.812717
2052	293	4.804402
2054	153	6.001356
2054	2002	5.777882
2054	2012	5.763343
2054	1391	5.573072
2054	434	5.563847
2054	788	5.387024
2054	2694	5.350308
2054	3623	5.345844
2054	2699	5.100285
2054	485	5.089346
2055	1333	6.617044
2055	1088	6.030013
2055	1345	5.827590
2055	1997	5.640151
2055	2194	5.519186
2055	1962	5.484768
2055	1347	5.195330
2055	968	5.149892
2055	2366	5.014715
2055	3649	4.991264
2056	1230	5.148635
2056	1304	5.128819
2056	3671	5.094812
2056	750	5.009163
2056	1394	4.911069
2056	1276	4.833421
2056	2716	4.728666
2056	1387	4.726499
2056	1278	4.700598
2056	1199	4.678506
2057	3175	6.003977
2057	2716	5.905402
2057	2355	5.834373
2057	2712	5.697080
2057	2353	5.647980
2057	3160	5.632940
2057	3174	5.513539
2057	21	5.446044
2057	2706	5.425166
2057	1127	5.179117
2058	2571	5.694222
2058	3418	5.560698
2058	1240	5.502296
2058	110	5.452178
2058	32	5.447395
2058	457	5.398677
2058	480	5.289026
2058	2194	5.213346
2058	1214	5.131946
2058	296	5.113616
2059	588	6.200436
2059	357	6.120329
2059	587	5.945517
2059	1883	5.793825
2059	597	5.781375
2059	337	5.676046
2059	3255	5.554383
2059	3253	5.505625
2059	454	5.494940
2059	39	5.476061
2060	3793	5.314800
2060	3893	5.145964
2060	3744	5.142300
2060	3745	5.019489
2060	3510	4.945499
2060	3623	4.859528
2060	3911	4.774113
2060	3717	4.656038
2060	3751	4.586660
2060	1089	4.569050
2062	1580	5.940026
2062	21	5.634705
2062	110	5.598175
2062	3160	5.592786
2062	2000	5.461682
2062	457	5.281772
2062	2571	5.271683
2062	2291	5.268747
2062	1673	5.265805
2062	2706	5.224961
2063	1717	6.511594
2063	3638	6.241127
2063	674	5.673659
2063	1088	5.562509
2063	1690	5.546233
2063	1644	5.535893
2063	1019	5.494696
2063	2717	5.344603
2063	2054	5.344548
2063	1339	5.252445
2064	329	7.302908
2064	1527	7.143530
2064	2167	7.024389
2064	2617	7.012872
2064	316	6.990254
2064	1690	6.798182
2064	2628	6.610629
2064	1377	6.606931
2064	1372	6.491961
2064	1717	6.472406
2065	608	4.531638
2065	457	4.416138
2065	527	4.348781
2065	589	4.339272
2065	1240	4.334982
2065	296	4.259466
2065	2858	4.241355
2065	3418	4.214700
2065	1210	4.171930
2065	1196	4.141713
2067	2105	5.746578
2067	2797	5.743855
2067	2011	5.548262
2067	2407	5.303547
2067	2174	5.257284
2067	1220	5.253017
2067	1663	5.073911
2067	2470	5.045323
2067	2872	4.999248
2067	2371	4.980365
2068	2628	5.741005
2068	349	4.911168
2068	2115	4.829695
2068	2916	4.780442
2068	2105	4.758877
2068	480	4.750685
2068	1527	4.682798
2068	1917	4.682323
2068	648	4.668215
2068	316	4.632379
2069	1265	6.330648
2069	1307	6.262475
2069	356	5.360241
2069	2150	5.348129
2069	2243	5.243487
2069	3448	5.047997
2069	497	4.979776
2069	608	4.977502
2069	593	4.884306
2069	3552	4.772611
2070	364	4.373311
2070	593	4.112080
2070	318	4.019483
2070	260	3.947235
2070	34	3.924738
2070	3114	3.905712
2070	527	3.887404
2070	457	3.875630
2070	588	3.853421
2070	590	3.818623
2071	364	5.682738
2071	2087	5.541367
2071	1088	5.488791
2071	2081	5.307370
2071	595	5.149351
2071	3034	5.126185
2071	783	5.044871
2071	594	5.032595
2071	2018	4.984198
2071	588	4.935994
2072	2424	6.862672
2072	380	6.598425
2072	539	6.440527
2072	7	6.367584
2072	3155	6.309273
2072	1339	6.035441
2072	802	5.939518
2072	1959	5.748692
2072	1735	5.721731
2072	1888	5.721166
2073	1959	4.459672
2073	3114	4.386847
2073	2396	4.356764
2073	2394	4.319831
2073	587	4.301655
2073	2762	4.299205
2073	1721	4.286245
2073	2502	4.274456
2073	337	4.242605
2073	2724	4.241007
2074	480	5.001272
2074	2571	4.924597
2074	2916	4.844110
2074	1527	4.663508
2074	2628	4.566457
2074	3160	4.530178
2074	3510	4.425594
2074	3408	4.407290
2074	3578	4.401584
2074	32	4.396631
2075	2716	7.182452
2075	3175	5.909665
2075	2723	5.894624
2075	968	5.704730
2075	2598	5.600633
2075	2581	5.544019
2075	2683	5.467535
2075	2712	5.279868
2075	2719	5.209815
2075	2713	5.197657
2076	1265	5.066538
2076	2997	4.409992
2076	3751	4.218014
2076	2000	4.062903
2076	293	3.962246
2076	3052	3.947458
2076	2716	3.927204
2076	1732	3.925266
2076	2302	3.844252
2076	2858	3.840151
2077	1073	4.821823
2077	3753	4.367507
2077	260	4.339327
2077	1997	4.311754
2077	1225	4.271747
2077	2871	4.252181
2077	1088	4.230752
2077	919	3.838025
2077	2406	3.833911
2077	2054	3.795681
2078	587	6.574982
2078	736	6.228187
2078	2424	6.063530
2078	380	5.980610
2078	1835	5.843261
2078	597	5.812090
2078	1711	5.764080
2078	368	5.689195
2078	1569	5.687781
2078	838	5.612474
2079	2808	7.043294
2079	185	7.027941
2079	1690	6.939249
2079	1037	6.853372
2079	329	6.616565
2079	1876	6.543815
2079	2393	6.518943
2079	172	6.305116
2079	2699	6.293546
2079	1391	6.278839
2080	924	5.597618
2080	1387	5.327050
2080	1247	5.238563
2080	1201	5.195760
2080	1221	5.150550
2080	3654	5.113157
2080	593	5.104652
2080	296	5.050289
2080	1960	5.000717
2080	1204	4.977065
2081	3510	5.009362
2081	2054	4.969221
2081	3793	4.961378
2081	2105	4.800102
2081	1198	4.789716
2081	2628	4.593833
2081	3744	4.591911
2081	1291	4.557220
2081	260	4.546771
2081	3753	4.523612
2082	1909	5.622797
2082	1527	5.541689
2082	1573	5.217037
2082	1580	5.208907
2082	1876	5.185319
2082	2916	5.150956
2082	1676	5.141873
2082	480	5.085767
2082	1356	5.014367
2082	1653	5.008470
2083	1374	5.583079
2083	3160	4.902338
2083	110	4.829824
2083	34	4.815473
2083	1179	4.808919
2083	2194	4.808008
2083	608	4.741280
2083	1214	4.725869
2083	2000	4.703284
2083	3702	4.692120
2084	454	6.184132
2084	2706	5.793168
2084	3255	5.748337
2084	3408	5.597707
2084	1747	5.588543
2084	1883	5.584086
2084	1393	5.472262
2084	587	5.446173
2084	337	5.397817
2084	1580	5.330356
2085	520	7.546776
2085	3248	7.342761
2085	1091	7.293854
2085	2100	7.207356
2085	2717	7.051958
2085	370	7.009948
2085	2431	6.864579
2085	344	6.822296
2085	1307	6.740632
2085	1503	6.731476
2086	2369	4.788311
2086	2723	4.769685
2086	1307	4.675499
2086	3175	4.621323
2086	1513	4.540738
2086	2881	4.509393
2086	2858	4.492728
2086	3516	4.451400
2086	2100	4.442659
2086	2746	4.422320
2087	3624	6.472579
2087	296	5.460047
2087	3755	5.380385
2087	1089	5.297790
2087	3911	5.219557
2087	3070	5.192063
2087	3863	5.186381
2087	1213	5.123862
2087	1101	5.120394
2087	2640	5.098822
2088	1380	9.519567
2088	3334	7.685359
2088	1292	7.442502
2088	1277	7.315420
2088	1088	7.310856
2088	920	7.310480
2088	2065	7.298614
2088	1947	7.244982
2088	930	7.157433
2088	1948	7.049492
2089	2716	6.850913
2089	2355	6.308010
2089	2433	5.870159
2089	2599	5.621118
2089	2759	5.558197
2089	2710	5.508742
2089	2881	5.345647
2089	2699	5.216485
2089	3174	5.196270
2089	2396	5.184013
2090	2003	6.636065
2090	2375	6.417690
2090	2746	6.230577
2090	2100	6.081366
2090	2717	5.854417
2090	2794	5.681965
2090	19	5.655271
2090	2796	5.617209
2090	3949	5.566835
2090	1961	5.550104
2091	899	7.124132
2091	919	6.547719
2091	2018	6.288950
2091	1230	6.141427
2091	2087	6.072261
2091	1294	6.049707
2091	3606	6.048616
2091	596	6.019280
2091	3435	5.881105
2091	969	5.855727
2092	969	6.070685
2092	2366	6.026907
2092	1225	5.899062
2092	953	5.858755
2092	913	5.555258
2092	968	5.544242
2092	1073	5.532779
2092	1214	5.530964
2092	3365	5.529467
2092	3471	5.513475
2093	2640	6.798597
2093	1673	6.542539
2093	110	6.457770
2093	1129	6.208015
2093	2571	6.202107
2093	2628	6.076562
2093	1374	5.973751
2093	32	5.921054
2093	1584	5.854979
2093	3927	5.837781
2094	2628	5.889067
2094	589	5.601219
2094	3070	5.585233
2094	2640	5.507898
2094	1259	5.332867
2094	2028	5.124287
2094	3555	5.091732
2094	3624	5.077811
2094	260	5.076634
2094	2105	4.978671
2095	2688	6.330248
2095	2502	6.049092
2095	2490	5.986124
2095	3623	5.973807
2095	2605	5.732819
2095	2881	5.687183
2095	2580	5.683300
2095	2683	5.631538
2095	3053	5.449200
2095	2336	5.417679
2096	1220	5.487379
2096	2174	5.014387
2096	2406	4.965036
2096	296	4.896075
2096	2791	4.839164
2096	2872	4.819133
2096	593	4.545880
2096	318	4.534077
2096	2100	4.520963
2096	1291	4.461268
2097	1092	5.043235
2097	588	5.005056
2097	595	4.888610
2097	364	4.863800
2097	2080	4.779951
2097	1032	4.741475
2097	3114	4.710695
2097	1029	4.681434
2097	3159	4.657912
2097	594	4.522075
2098	1204	6.578148
2098	260	6.394123
2098	3435	6.123848
2098	1019	6.061530
2098	919	6.055691
2098	1198	5.898116
2098	610	5.813774
2098	2300	5.748104
2098	3617	5.727516
2098	1254	5.645948
2099	296	5.198973
2099	1213	5.059357
2099	1089	5.042585
2099	3173	4.975071
2099	592	4.832618
2099	457	4.815538
2099	3481	4.793970
2099	1240	4.779813
2099	3911	4.767599
2099	2571	4.761525
2100	2424	6.648692
2100	587	6.605870
2100	236	6.419599
2100	1409	6.206163
2100	7	6.000210
2100	2252	5.852233
2100	372	5.786544
2100	1888	5.674293
2100	276	5.547202
2100	500	5.541985
2101	968	5.444697
2101	1345	5.378539
2101	1350	5.359544
2101	366	5.351849
2101	2455	5.328035
2101	903	5.281114
2101	1276	5.260096
2101	926	5.258847
2101	1304	5.258570
2101	2459	5.156668
2102	2746	6.449659
2102	1101	5.856502
2102	3524	5.353179
2102	2407	5.273762
2102	2406	5.013630
2102	1994	4.932913
2102	2100	4.876009
2102	1088	4.791967
2102	366	4.610180
2102	246	4.562753
2103	608	6.179773
2103	1259	5.797605
2103	1240	5.716631
2103	1249	5.601601
2103	1199	5.572936
2103	908	5.525901
2103	589	5.501391
2103	1136	5.471429
2103	1252	5.453272
2103	858	5.409419
2104	2054	4.929372
2104	1073	4.856608
2104	3081	4.504371
2104	3273	4.456622
2104	673	4.433188
2104	1377	4.343450
2104	2840	4.225653
2104	2701	4.165445
2104	2	4.162600
2104	2012	4.120449
2105	3897	4.830626
2105	1407	4.411671
2105	3751	4.209562
2105	3578	4.203043
2105	1645	4.172478
2105	3408	4.143049
2105	50	4.107742
2105	380	4.013751
2105	3744	3.940509
2105	47	3.932816
2106	1265	6.063671
2106	1380	5.774368
2106	2424	5.310842
2106	2065	5.232839
2106	1777	5.198676
2106	1947	5.155816
2106	1307	5.060926
2106	2109	5.052728
2106	1235	5.004617
2106	356	4.970042
2109	2746	5.834224
2109	2470	5.800836
2109	3591	5.352524
2109	3524	5.337353
2109	2371	5.309047
2109	2011	5.286541
2109	2100	5.262005
2109	3501	5.261376
2109	2054	5.258342
2109	2416	5.252794
2110	1307	5.989286
2110	2100	5.939992
2110	2746	5.854434
2110	2150	5.546738
2110	1265	4.787505
2110	1569	4.717390
2110	3552	4.624777
2110	3524	4.610620
2110	500	4.595259
2110	587	4.584002
2112	1393	5.655135
2112	1747	5.369076
2112	356	5.342857
2112	588	5.336392
2112	357	5.328634
2112	3176	5.291717
2112	21	5.287943
2112	377	5.233084
2112	2706	5.222530
2112	1883	5.161414
2113	589	7.814700
2113	2640	7.677392
2113	2571	6.828688
2113	110	6.824268
2113	3702	6.773520
2113	2194	6.762421
2113	1129	6.636460
2113	2288	6.609771
2113	2455	6.538551
2113	32	6.498715
2114	1997	5.775636
2114	2167	5.757714
2114	3638	5.517223
2114	3827	5.488823
2114	2617	5.395360
2114	2389	5.154296
2114	2263	5.128755
2114	1644	5.094528
2114	610	5.010304
2114	3753	5.008977
2115	1777	6.549437
2115	1923	6.366712
2115	1265	6.203067
2115	357	6.167714
2115	104	6.160047
2115	1747	5.991590
2115	342	5.872504
2115	1784	5.799550
2115	539	5.791520
2115	2671	5.791396
2116	1917	7.288398
2116	2628	6.989192
2116	2617	6.902336
2116	1792	6.714937
2116	653	6.706092
2116	3257	6.630448
2116	2193	6.608872
2116	303	6.539572
2116	185	6.479441
2116	1377	6.444487
2117	1073	5.014159
2117	2987	4.976997
2117	260	4.558053
2117	2394	4.477071
2117	2762	4.369249
2117	1947	4.345244
2117	2716	4.333072
2117	919	4.297070
2117	3114	4.093932
2117	1097	4.074520
2118	1265	6.108160
2118	1294	5.334816
2118	1028	5.296734
2118	1	5.264715
2118	1230	5.249724
2118	1235	5.148627
2118	1223	5.120739
2118	1234	5.102719
2118	1079	5.100579
2118	34	5.058731
2119	3160	5.270274
2119	2194	4.937381
2119	2000	4.900160
2119	1580	4.877925
2119	480	4.821940
2119	110	4.791984
2119	2571	4.780107
2119	589	4.570117
2119	1374	4.530220
2119	1036	4.519163
2120	1923	6.673674
2120	3255	6.475005
2120	1500	6.471462
2120	2108	6.320324
2120	3253	6.295467
2120	597	6.183721
2120	1747	6.037681
2120	2302	5.992583
2120	500	5.948974
2120	3809	5.941096
2121	750	8.284402
2121	912	8.040949
2121	1263	7.780656
2121	541	7.633256
2121	1238	7.552250
2121	1136	7.530764
2121	1196	7.511931
2121	1250	7.353961
2121	1272	7.298336
2121	1269	7.285758
2122	1213	5.818082
2122	296	5.732037
2122	608	5.718048
2122	1249	5.717088
2122	2194	5.661056
2122	1198	5.551521
2122	2000	5.538465
2122	3751	5.301587
2122	1089	5.297192
2122	908	5.251942
2123	1777	6.701659
2123	587	6.506685
2123	1569	6.077456
2123	852	5.902380
2123	7	5.743025
2123	1711	5.642055
2123	838	5.609483
2123	380	5.393793
2123	3259	5.382786
2123	1835	5.379944
2124	1339	7.343949
2124	3100	6.354843
2124	1566	5.797506
2124	968	5.766268
2124	588	5.637042
2124	3649	5.617906
2124	1333	5.614264
2124	1643	5.613333
2124	1245	5.607413
2124	2716	5.546738
2125	2087	8.047685
2125	595	7.044981
2125	2081	7.042926
2125	2096	6.874826
2125	588	6.586488
2125	1294	6.466734
2125	2018	6.443441
2125	3034	6.279684
2125	364	6.195505
2125	2078	6.185909
2126	1831	6.879476
2126	185	6.465021
2126	172	6.323314
2126	1037	6.311447
2126	1371	6.218480
2126	3697	6.213480
2126	1676	6.107724
2126	2808	6.032381
2126	1391	6.029935
2126	2699	5.900362
2127	34	5.117694
2127	1374	4.906049
2127	3160	4.807900
2127	1358	4.645633
2127	1213	4.554729
2127	36	4.523029
2127	2000	4.491490
2127	592	4.486880
2127	1124	4.458389
2127	296	4.446420
2129	1339	7.287713
2129	968	6.786331
2129	3723	6.508400
2129	253	6.367049
2129	3081	6.251743
2129	3032	6.210725
2129	3264	6.171417
2129	2009	6.025611
2129	3174	5.775682
2129	3254	5.750679
2130	2194	7.284434
2130	589	7.020349
2130	2640	6.980193
2130	1965	6.936930
2130	1261	6.658586
2130	1036	6.631304
2130	2948	6.527329
2130	3927	6.507615
2130	2288	6.477675
2130	2791	6.393420
2131	2279	7.067610
2131	968	7.062480
2131	2288	7.014230
2131	2976	6.944524
2131	1690	6.784260
2131	1717	6.704794
2131	1320	6.609874
2131	2710	6.416747
2131	1327	6.390796
2131	1644	6.328795
2132	1644	5.961928
2132	2167	5.835446
2132	1717	5.434362
2132	480	5.410252
2132	1544	5.127446
2132	2916	5.096955
2132	2628	5.078530
2132	2279	4.892941
2132	2021	4.876478
2132	3791	4.872056
2134	1961	5.244420
2134	2997	5.132444
2134	1265	4.956983
2134	2502	4.900707
2134	2762	4.826404
2134	231	4.772499
2134	2431	4.756941
2134	150	4.699894
2134	2324	4.664356
2134	2539	4.657420
2136	1265	6.315522
2136	1777	5.938548
2136	2424	5.666860
2136	597	5.487819
2136	252	5.478766
2136	372	5.439412
2136	539	5.425222
2136	1409	5.419166
2136	3253	5.398349
2136	1307	5.389972
2137	2710	5.762704
2137	2699	5.563668
2137	196	5.437690
2137	3638	5.410684
2137	1371	5.244330
2137	185	5.192605
2137	1909	4.937600
2137	2713	4.900306
2137	2976	4.891095
2137	1676	4.884693
2138	2808	6.886866
2138	185	6.694020
2138	1391	6.429342
2138	1590	6.426106
2138	3638	6.407742
2138	172	6.376913
2138	1320	6.356227
2138	2699	6.280798
2138	1779	6.209770
2138	2393	6.163915
2139	2716	4.841385
2139	3638	4.150766
2139	2054	4.051623
2139	3081	4.003056
2139	2717	3.909892
2139	1717	3.828829
2139	1307	3.811934
2139	2699	3.658112
2139	674	3.620762
2139	2997	3.587075
2140	1259	5.925453
2140	608	5.874020
2140	1	5.736396
2140	1249	5.516479
2140	1196	5.415390
2140	1136	5.395286
2140	1394	5.336300
2140	908	5.299366
2140	1197	5.214118
2140	1304	5.212658
2142	1608	6.098296
2142	648	5.436094
2142	2803	5.217095
2142	380	5.131944
2142	1597	5.063249
2142	3623	5.053980
2142	1722	5.037823
2142	353	5.007518
2142	1876	4.949290
2142	2628	4.820006
2143	2716	5.570923
2143	2699	5.033394
2143	2826	5.019667
2143	466	5.006427
2143	2858	4.952412
2143	1391	4.815319
2143	1215	4.803030
2143	1373	4.787253
2143	3578	4.581773
2143	780	4.559867
2144	1377	5.363005
2144	2628	5.357283
2144	1544	5.279367
2144	329	5.277293
2144	349	5.177996
2144	1917	5.108876
2144	1527	5.053618
2144	316	4.995526
2144	1717	4.924854
2144	480	4.891750
2145	2087	7.451237
2145	2081	6.683580
2145	594	6.235348
2145	588	6.227011
2145	783	6.018822
2145	1907	5.875823
2145	1282	5.868271
2145	2085	5.820527
2145	2080	5.787088
2145	1088	5.769342
2146	2628	7.391748
2146	589	7.231592
2146	1527	7.136923
2146	648	6.832841
2146	2916	6.801174
2146	3256	6.729165
2146	733	6.622839
2146	2985	6.464978
2146	349	6.365641
2146	1385	6.363767
2147	588	6.382015
2147	364	6.125122
2147	594	5.720727
2147	595	5.571153
2147	3418	5.180863
2147	1265	5.151555
2147	1	5.082622
2147	608	5.059130
2147	3386	4.887973
2147	34	4.885706
2148	1777	5.645945
2148	367	5.460406
2148	2369	5.430985
2148	2683	5.392641
2148	2424	5.392278
2148	500	5.381748
2148	708	5.138344
2148	1569	5.088004
2148	852	5.067135
2148	344	5.043134
2149	2640	5.985205
2149	2288	5.536471
2149	589	5.426332
2149	1965	5.420426
2149	3624	5.379750
2149	1584	5.155359
2149	110	5.108275
2149	2791	5.052008
2149	2858	4.981598
2149	1261	4.898121
2150	1997	4.772626
2150	2167	4.633674
2150	3499	4.572991
2150	2407	4.541693
2150	1982	4.487650
2150	2455	4.468885
2150	2011	4.321076
2150	2617	4.293929
2150	1101	4.215203
2150	1321	4.145639
2151	1240	6.661668
2151	2160	6.489432
2151	2194	6.467286
2151	2571	6.455377
2151	2640	6.384776
2151	296	6.336106
2151	3624	6.297118
2151	1954	6.163840
2151	1036	6.144121
2151	1965	6.110027
2153	2054	6.496182
2153	153	6.339516
2153	673	6.338917
2153	3489	5.837687
2153	2797	5.819720
2153	1381	5.575149
2153	1019	5.427643
2153	3861	5.409709
2153	455	5.387436
2153	2717	5.372548
2154	1304	5.104167
2154	608	5.014445
2154	1234	4.893465
2154	1394	4.885615
2154	1136	4.834326
2154	260	4.707071
2154	1259	4.680095
2154	858	4.667263
2154	111	4.655112
2154	3362	4.616570
2155	1982	7.500381
2155	1994	7.050302
2155	1347	7.022510
2155	2455	6.792981
2155	366	6.652807
2155	1321	6.410890
2155	3918	6.388087
2155	1130	6.323193
2155	2288	6.291173
2155	1991	6.153589
2156	153	6.941607
2156	788	6.500761
2156	367	6.042159
2156	2100	5.878546
2156	2253	5.873322
2156	2405	5.798090
2156	1920	5.766980
2156	762	5.754627
2156	2054	5.749274
2156	3623	5.682997
2157	364	6.169000
2157	350	5.769075
2157	2294	5.738702
2157	1408	5.611331
2157	1022	5.437022
2157	2396	5.414155
2157	1183	5.374273
2157	1721	5.205316
2157	62	5.170878
2157	2687	5.146428
2158	34	5.396509
2158	2355	4.990446
2158	1265	4.944281
2158	2797	4.790929
2158	2081	4.751139
2158	1028	4.665730
2158	2716	4.647655
2158	2791	4.598456
2158	1962	4.588468
2158	2174	4.567203
2159	1304	6.525116
2159	3435	6.270201
2159	1219	6.166870
2159	903	6.116400
2159	1267	6.047186
2159	858	5.972035
2159	1953	5.931285
2159	1201	5.902406
2159	904	5.785038
2159	608	5.649018
2161	587	6.207342
2161	539	5.767589
2161	1393	5.466270
2161	11	5.444022
2161	337	5.409153
2161	3176	5.399884
2161	2706	5.316051
2161	357	5.262555
2161	1711	5.228739
2161	2125	5.197316
2162	1777	5.518575
2162	597	5.339414
2162	1569	5.312534
2162	539	5.171252
2162	500	5.165603
2162	2108	5.126907
2162	1265	5.090075
2162	708	5.021953
2162	2424	4.921519
2162	367	4.885015
2163	1917	6.743235
2163	2699	6.449805
2163	153	6.233915
2163	2723	6.190305
2163	2722	6.073481
2163	1377	6.010659
2163	1391	5.950588
2163	434	5.915489
2163	2012	5.893229
2163	736	5.855580
2164	252	6.488756
2164	372	5.873540
2164	586	5.592076
2164	1920	5.477018
2164	3861	5.390270
2164	2875	5.383996
2164	587	5.323852
2164	2146	5.306329
2164	333	5.187401
2164	361	5.184666
2165	588	5.114074
2165	34	4.920930
2165	2355	4.857280
2165	1265	4.621822
2165	2321	4.467303
2165	1	4.453587
2165	3751	4.423026
2165	3114	4.361787
2165	364	4.290387
2165	1028	4.264556
2166	1210	4.786707
2166	1196	4.725147
2166	2858	4.679613
2166	1198	4.648532
2166	2028	4.630517
2166	1097	4.565876
2166	527	4.565242
2166	608	4.403749
2166	34	4.385388
2166	1221	4.367149
2167	2402	7.590157
2167	1221	7.414573
2167	3717	7.170048
2167	1779	7.039779
2167	2421	6.935626
2167	1831	6.876668
2167	1198	6.722555
2167	3273	6.666417
2167	3360	6.627894
2167	260	6.401774
2168	296	4.354960
2168	3418	4.270555
2168	930	4.215850
2168	1214	4.157220
2168	1617	4.103775
2168	2406	4.085908
2168	3006	4.037464
2168	457	4.023138
2168	1240	4.017092
2168	1220	4.016936
2169	2976	5.941702
2169	2710	5.719700
2169	2716	5.094039
2169	196	4.926962
2169	2530	4.917699
2169	968	4.869221
2169	3764	4.746036
2169	1374	4.738877
2169	1388	4.723055
2169	2531	4.674870
2170	1088	6.373280
2170	2746	6.344974
2170	3524	6.062688
2170	1962	5.844592
2170	1333	5.581624
2170	2003	5.347125
2170	1347	5.250731
2170	36	5.169412
2170	1994	5.032520
2170	2371	5.015969
2171	1276	5.449788
2171	1234	5.444140
2171	1230	5.274217
2171	912	5.258789
2171	260	5.244372
2171	1394	5.221905
2171	750	5.066872
2171	111	4.949283
2171	1221	4.919023
2171	919	4.916608
2172	539	5.508785
2172	1777	5.450421
2172	2424	5.406173
2172	2671	5.392286
2172	7	5.173725
2172	2539	5.055783
2172	852	5.035041
2172	2390	4.976641
2172	2622	4.961684
2172	1441	4.930303
2173	1608	5.609049
2173	3623	5.420932
2173	380	5.272550
2173	1645	5.265080
2173	736	5.207935
2173	733	5.128369
2173	1597	5.069515
2173	3753	5.035407
2173	454	5.018745
2173	3155	5.000424
2174	1608	8.230230
2174	588	7.198952
2174	377	7.160480
2174	364	7.000702
2174	509	6.796196
2174	1183	6.621253
2174	3418	6.549061
2174	2687	6.501109
2174	3252	6.482776
2174	1722	6.479506
2175	592	5.155333
2175	3510	5.071489
2175	2571	5.020698
2175	2000	4.868718
2175	296	4.822759
2175	2628	4.813814
2175	110	4.755691
2175	3753	4.754837
2175	1580	4.749441
2175	480	4.727035
2176	34	4.975950
2176	1265	4.815160
2176	2355	4.717050
2176	3160	4.467461
2176	1097	4.446575
2176	1784	4.431338
2176	2324	4.334214
2176	2321	4.305448
2176	1374	4.279292
2176	1060	4.271506
2177	1923	6.874336
2177	1784	6.621808
2177	2329	6.359818
2177	2108	6.080965
2177	21	6.072545
2177	104	6.040894
2177	3160	6.020164
2177	1517	6.008838
2177	2706	5.792733
2177	2355	5.779640
2178	1777	7.300610
2178	539	6.625719
2178	597	6.374237
2178	3253	6.254019
2178	500	6.015875
2178	2424	5.998713
2178	1883	5.963225
2178	342	5.951632
2178	2671	5.936905
2178	11	5.881802
2179	1019	6.806271
2179	674	6.625663
2179	2393	6.369175
2179	329	6.261538
2179	2394	6.184973
2179	2316	6.062772
2179	1717	6.034414
2179	1754	5.940545
2179	1876	5.935946
2179	648	5.774298
2180	588	8.597843
2180	364	8.541376
2180	595	8.204715
2180	2078	7.622865
2180	1022	7.451259
2180	1032	7.429144
2180	2080	7.276907
2180	594	7.239607
2180	2081	7.044594
2180	1029	6.996914
2181	339	6.707780
2181	2424	6.481209
2181	1569	6.295806
2181	539	6.273184
2181	1777	6.034837
2181	17	5.934653
2181	380	5.766723
2181	1059	5.710481
2181	708	5.517082
2181	1183	5.424775
2183	2716	6.244458
2183	2712	5.386488
2183	2598	5.319242
2183	2013	5.313799
2183	2581	5.297183
2183	2396	5.213958
2183	2976	5.193803
2183	2683	5.184189
2183	2688	5.161712
2183	2713	5.068844
2184	2716	6.184455
2184	968	5.713411
2184	2712	5.025179
2184	2396	4.697108
2184	2997	4.539173
2184	3081	4.423995
2184	2688	4.417776
2184	2734	4.371688
2184	1387	4.310853
2184	2858	4.268630
2185	1201	7.001060
2185	913	6.492844
2185	903	6.362485
2185	1207	6.219734
2185	904	5.889483
2185	922	5.877307
2185	858	5.819622
2185	1954	5.792423
2185	1284	5.751266
2185	3654	5.749463
2186	2628	6.321243
2186	3489	6.289281
2186	2193	5.839924
2186	2968	5.832005
2186	1019	5.733334
2186	2115	5.557950
2186	2105	5.416833
2186	653	5.350092
2186	1097	5.296755
2186	648	5.244032
2187	3623	6.362233
2187	736	6.346009
2187	1597	6.191069
2187	1722	5.878457
2187	2706	5.750850
2187	2605	5.711401
2187	2881	5.592490
2187	3408	5.548766
2187	2353	5.520719
2187	2763	5.493375
2188	2717	9.698044
2188	1962	7.488495
2188	3264	7.255413
2188	3388	7.095262
2188	3146	6.838321
2188	3707	6.722239
2188	2247	6.663141
2188	2518	6.572824
2188	2416	6.422423
2188	3098	6.400967
2189	2706	5.226952
2189	3623	4.719356
2189	3174	4.703262
2189	3253	4.674252
2189	2396	4.637295
2189	1923	4.590233
2189	223	4.552240
2189	2997	4.546104
2189	2580	4.545237
2189	2599	4.521407
2190	34	4.895386
2190	1097	4.497040
2190	1265	4.444141
2190	2396	4.221237
2190	296	4.171775
2190	3114	4.160588
2190	2987	4.152960
2190	1270	4.143393
2190	2797	4.136939
2190	593	4.128983
2191	1265	4.482081
2191	1	4.423180
2191	2396	4.337492
2191	1584	4.128720
2191	2997	3.959000
2191	3408	3.958231
2191	2706	3.941124
2191	32	3.934938
2191	39	3.838163
2191	2599	3.835114
2192	1917	6.850637
2192	1876	6.229133
2192	3623	5.834872
2192	3697	5.829214
2192	2628	5.818604
2192	1676	5.809281
2192	1527	5.673788
2192	1552	5.585029
2192	2881	5.579642
2192	736	5.549761
2194	589	6.042821
2194	2628	5.950214
2194	3256	5.606139
2194	1573	5.568333
2194	2916	5.515621
2194	1101	5.483076
2194	1385	5.474696
2194	3527	5.391240
2194	2278	5.369632
2194	648	5.311613
2195	2087	5.394275
2195	2100	5.185536
2195	1073	5.008905
2195	3489	4.990503
2195	2394	4.938937
2195	317	4.905396
2195	3479	4.771709
2195	2987	4.750088
2195	2470	4.713770
2195	1947	4.646980
2196	2716	5.188104
2196	2699	5.101465
2196	3175	5.080409
2196	2683	5.027363
2196	223	4.818298
2196	2433	4.732520
2196	2712	4.718315
2196	2396	4.700787
2196	2599	4.647821
2196	2490	4.641182
2197	2018	5.713350
2197	2987	5.667276
2197	1022	5.644426
2197	34	5.553069
2197	969	5.479455
2197	260	5.365429
2197	1282	5.352390
2197	1907	5.246372
2197	2396	5.173158
2197	364	5.152002
2198	1569	5.757834
2198	1777	5.734301
2198	597	5.694255
2198	708	5.664042
2198	2469	5.622825
2198	539	5.556960
2198	1409	5.447955
2198	3263	5.221940
2198	2247	5.181504
2198	339	5.148365
2199	2683	6.757315
2199	1513	6.630683
2199	2580	6.440042
2199	2706	6.174446
2199	223	6.160431
2199	2336	6.105644
2199	2395	6.087544
2199	2502	6.067205
2199	2490	6.057208
2199	2598	6.043123
2200	172	7.268243
2200	1391	7.105700
2200	185	7.093452
2200	1690	6.723016
2200	3638	6.714373
2200	1917	6.679237
2200	1320	6.418665
2200	2722	6.402524
2200	2699	6.360720
2200	2094	6.226390
2201	2797	4.517411
2201	1307	4.196572
2201	1073	4.081391
2201	1265	3.922234
2201	2100	3.881626
2201	1220	3.872517
2201	2858	3.849460
2201	2174	3.836241
2201	260	3.804528
2201	593	3.750758
2202	1777	6.771375
2202	1569	6.767705
2202	3253	6.659100
2202	597	6.288126
2202	1265	6.170865
2202	2424	6.031710
2202	852	5.890179
2202	357	5.887671
2202	500	5.871990
2202	11	5.846194
2203	2431	8.146752
2203	3263	7.439321
2203	2375	7.221704
2203	2335	7.013157
2203	2247	6.985087
2203	1091	6.961020
2203	2478	6.958279
2203	355	6.757705
2203	344	6.717120
2203	520	6.661790
2204	2160	8.432913
2204	1374	8.205990
2204	2366	7.810328
2204	2455	7.765372
2204	969	7.729993
2204	1214	7.688068
2204	3702	7.604724
2204	1035	7.465697
2204	2916	7.459703
2204	1956	7.365255
2205	2716	6.441037
2205	2717	6.359402
2205	1307	6.142229
2205	1265	5.502161
2205	2369	5.470181
2205	3248	5.364191
2205	1961	5.327398
2205	3072	5.315918
2205	2997	5.263099
2205	2355	5.097044
2206	736	6.217074
2206	1597	6.106685
2206	1722	5.929261
2206	380	5.836093
2206	587	5.575350
2206	1608	5.531701
2206	2881	5.430601
2206	2688	5.345628
2206	337	5.236639
2206	3623	5.125298
2208	2797	5.101343
2208	2174	4.902020
2208	1265	4.888125
2208	1073	4.672501
2208	551	4.622140
2208	1097	4.594527
2208	2791	4.471682
2208	34	4.466971
2208	1307	4.444356
2208	1961	4.336443
2211	1947	7.264773
2211	2987	7.170294
2211	912	6.963478
2211	919	6.614093
2211	260	6.519330
2211	2067	6.237609
2211	969	6.196257
2211	899	6.112831
2211	1272	6.028927
2211	1073	5.989599
2212	3624	6.262279
2212	2420	5.657119
2212	3948	5.636472
2212	3555	5.352145
2212	3911	5.235660
2212	3481	5.211187
2212	1089	5.198953
2212	3535	5.148901
2212	296	5.139249
2212	2628	5.071088
2213	1240	5.801068
2213	2455	5.594302
2213	2571	5.511596
2213	1259	5.509505
2213	296	5.495740
2213	1374	5.383218
2213	1097	5.351656
2213	2529	5.319048
2213	2657	5.299673
2213	2640	5.265895
2214	1294	5.218699
2214	1028	5.115823
2214	1230	5.039354
2214	1259	5.011204
2214	1265	4.939312
2214	3363	4.898653
2214	750	4.880803
2214	1097	4.730586
2214	541	4.581345
2214	919	4.545947
2215	1370	6.449748
2215	1527	6.178167
2215	1580	6.105133
2215	474	6.057308
2215	1573	6.018276
2215	1645	5.952121
2215	2916	5.912461
2215	454	5.892568
2215	457	5.724924
2215	1805	5.680036
2216	2355	4.720614
2216	1374	4.663445
2216	3160	4.615190
2216	2716	4.437976
2216	2858	4.385632
2216	3408	4.341105
2216	2571	4.198866
2216	1097	4.169493
2216	2000	4.162360
2216	3578	4.153520
2217	2105	5.640811
2217	2455	5.523987
2217	2628	5.406282
2217	2011	5.372228
2217	2193	5.141097
2217	592	5.126706
2217	3160	5.111458
2217	316	4.893257
2217	2407	4.890451
2217	1097	4.711381
2218	2194	6.592149
2218	1673	6.512596
2218	2000	6.474077
2218	2791	6.254555
2218	296	6.060620
2218	1213	6.003607
2218	1240	5.902757
2218	1374	5.869357
2218	589	5.787606
2218	2571	5.718804
2219	1653	8.049141
2219	1584	7.963131
2219	1909	7.528905
2219	32	6.893604
2219	1580	6.775863
2219	1682	6.640209
2219	377	6.281189
2219	3386	6.256601
2219	1527	6.227635
2219	1573	6.208542
2221	2391	6.274769
2221	3176	6.084988
2221	32	6.008385
2221	1408	5.914362
2221	21	5.861179
2221	39	5.810273
2221	16	5.801027
2221	2355	5.793895
2221	1732	5.767067
2221	3255	5.760004
2222	1019	5.655764
2222	1282	5.579722
2222	364	5.555419
2222	610	5.123754
2222	260	4.836650
2222	1644	4.820676
2222	661	4.781419
2222	595	4.774431
2222	2871	4.689481
2222	3861	4.596355
2223	2717	6.787131
2223	153	6.298879
2223	2054	6.283604
2223	2253	6.114684
2223	168	5.975707
2223	2701	5.951673
2223	2822	5.852661
2223	3273	5.833208
2223	788	5.634497
2223	2805	5.609243
2224	1206	5.266023
2224	750	5.216981
2224	1304	5.211701
2224	3671	4.988500
2224	1240	4.899968
2224	2657	4.843813
2224	1136	4.822111
2224	2529	4.805274
2224	2858	4.726686
2224	608	4.699699
2225	2420	5.508879
2225	2193	5.431430
2225	3844	5.306775
2225	2005	5.290059
2225	2133	5.248630
2225	2054	5.154479
2225	3753	5.068252
2225	3301	5.044536
2225	1377	4.991339
2225	3624	4.939339
2226	1393	5.473204
2226	1265	5.368475
2226	39	5.365316
2226	1747	5.266567
2226	3108	5.173271
2226	356	5.145174
2226	1923	5.127651
2226	2321	5.086413
2226	2706	5.019521
2226	357	4.972380
2227	589	5.887639
2227	2571	5.624427
2227	457	5.263388
2227	1580	5.193430
2227	480	5.140562
2227	2529	5.065005
2227	2916	5.048777
2227	2640	4.938490
2227	1610	4.832831
2227	3624	4.829920
2228	1573	7.544076
2228	1527	7.134142
2228	1552	6.927147
2228	1722	6.632750
2228	1876	6.618494
2228	349	6.606693
2228	648	6.457576
2228	1597	6.439835
2228	1370	6.439480
2228	1917	6.328775
2229	3255	5.883650
2229	39	5.704768
2229	1500	5.697819
2229	357	5.555928
2229	104	5.525813
2229	3108	5.455908
2229	597	5.434921
2229	3253	5.344725
2229	293	5.298909
2229	1517	5.202248
2230	3249	6.782746
2230	1092	6.565310
2230	3686	6.351187
2230	3617	6.302005
2230	350	5.986856
2230	527	5.935584
2230	587	5.926695
2230	2803	5.878851
2230	1196	5.817017
2230	3538	5.805832
2231	930	6.046254
2231	3897	5.990917
2231	2065	5.555185
2231	1189	5.536000
2231	1304	5.515944
2231	3751	5.467465
2231	1235	5.457488
2231	1230	5.378951
2231	1219	5.354865
2231	1333	5.292318
2232	454	5.688788
2232	3897	5.130169
2232	3578	5.017915
2232	587	4.900531
2232	293	4.727816
2232	1732	4.712522
2232	608	4.697565
2232	3408	4.688916
2232	50	4.605018
2232	3744	4.482133
2233	2000	5.703342
2233	21	5.622642
2233	457	5.572357
2233	3418	5.476384
2233	2291	5.429697
2233	3160	5.388753
2233	110	5.385525
2233	2391	5.357832
2233	1213	5.341202
2233	1171	5.291961
2235	1265	5.966257
2235	3450	5.216253
2235	231	5.014713
2235	1500	4.970698
2235	1060	4.940904
2235	34	4.785161
2235	551	4.755013
2235	1923	4.709239
2235	104	4.677415
2235	235	4.650330
2236	3744	4.961106
2236	1101	4.763195
2236	3173	4.568043
2236	3911	4.546379
2236	2628	4.513341
2236	3555	4.462435
2236	2406	4.450307
2236	2145	4.425448
2236	3301	4.386896
2236	3617	4.361213
2237	2717	5.566070
2237	3869	5.331938
2237	3072	5.320483
2237	3424	5.278984
2237	1307	5.236168
2237	1265	5.104164
2237	1961	4.691613
2237	2716	4.680923
2237	2468	4.616175
2237	532	4.538889
2238	2355	6.251874
2238	39	6.119381
2238	2396	6.088949
2238	1	5.962111
2238	356	5.947721
2238	337	5.920669
2238	3114	5.844008
2238	1408	5.766671
2238	34	5.717104
2238	1265	5.683008
2239	2710	5.928615
2239	2699	5.709838
2239	3623	5.269464
2239	2490	5.200455
2239	3354	5.196391
2239	3638	5.180307
2239	3717	5.145546
2239	2713	5.094087
2239	2881	5.082996
2239	736	5.055180
2240	260	5.525143
2240	913	5.147070
2240	1206	5.049709
2240	2028	5.045539
2240	527	5.045331
2240	2987	4.989930
2240	3471	4.913365
2240	1233	4.894644
2240	912	4.858551
2240	858	4.705789
2241	2018	6.198466
2241	969	6.153919
2241	919	6.075170
2241	930	5.583018
2241	1947	5.535605
2241	1282	5.495838
2241	899	5.387193
2241	1225	5.352685
2241	1907	5.352108
2241	260	5.336505
2242	1307	6.475625
2242	2746	6.339186
2242	3072	5.462543
2242	2003	5.383774
2242	2716	5.342273
2242	2369	5.278028
2242	2100	5.138174
2242	2134	5.132555
2242	1380	5.051291
2242	2416	4.968340
2243	1304	6.185683
2243	1276	5.998625
2243	1230	5.838614
2243	1267	5.728383
2243	1199	5.591583
2243	1387	5.512173
2243	1136	5.477573
2243	1234	5.462482
2243	912	5.398643
2243	903	5.367366
2244	3744	6.875036
2244	3893	6.398859
2244	3897	6.026977
2244	3624	6.020358
2244	3555	6.015363
2244	3911	5.971058
2244	3948	5.708513
2244	3863	5.662954
2244	3510	5.562921
2244	3785	5.474338
2245	3744	6.268136
2245	3704	5.477805
2245	2407	5.463068
2245	2011	5.440249
2245	3863	5.414751
2245	3897	5.264956
2245	3510	5.240976
2245	3745	5.227333
2245	1101	5.173212
2245	1391	5.149681
2246	608	6.440086
2246	1249	5.867293
2246	1	5.672169
2246	1265	5.603323
2246	1259	5.523299
2246	593	5.451163
2246	1673	5.372866
2246	1617	5.365184
2246	1089	5.303627
2246	2291	5.253052
2247	913	6.290528
2247	2987	6.083923
2247	1204	6.055746
2247	1947	5.982304
2247	260	5.965038
2247	912	5.894990
2247	969	5.498683
2247	2067	5.491622
2247	920	5.345334
2247	2762	5.266936
2248	2087	6.130808
2248	919	5.995489
2248	899	5.761722
2248	1294	5.744093
2248	2018	5.722145
2248	920	5.556366
2248	3363	5.502191
2248	2067	5.364280
2248	916	5.362020
2248	969	5.345528
2249	2011	4.721828
2249	2455	4.703716
2249	364	4.489066
2249	36	4.355423
2249	2985	4.293983
2249	329	4.291721
2249	2407	4.286948
2249	592	4.279618
2249	3160	4.244873
2249	2916	4.234559
2250	3555	6.495648
2250	3624	6.476928
2250	1101	6.454728
2250	2628	6.343047
2250	3173	6.318129
2250	2406	6.085222
2250	1580	5.866809
2250	3755	5.656778
2250	2640	5.640329
2250	589	5.476832
2251	2054	6.668319
2251	2253	6.549650
2251	153	6.429811
2251	2717	6.348784
2251	3273	6.222603
2251	485	6.108065
2251	3861	6.066928
2251	2431	6.013685
2251	3717	5.906450
2251	2421	5.860583
2253	3489	5.797826
2253	2193	5.663485
2253	2005	5.582939
2253	349	5.367351
2253	653	5.307507
2253	480	5.178310
2253	2968	5.164357
2253	2105	5.082192
2253	1967	4.990608
2253	1608	4.957468
2254	589	7.064177
2254	1610	6.406875
2254	480	6.356799
2254	1580	6.282514
2254	2194	6.239062
2254	2916	6.093336
2254	2571	6.084176
2254	2628	5.992804
2254	3702	5.936926
2254	1527	5.935213
2255	1982	6.947594
2255	1347	6.442738
2255	1991	6.144063
2255	2901	5.959461
2255	2455	5.843329
2255	2513	5.823999
2255	1983	5.645876
2255	2366	5.636797
2255	3365	5.603087
2255	1970	5.571258
2256	32	6.170860
2256	150	5.974620
2256	1584	5.495270
2256	3176	5.462972
2256	1682	5.351758
2256	3160	5.300173
2256	34	5.180839
2256	1374	5.173464
2256	2706	5.086046
2256	2396	4.977357
2257	3623	5.449958
2257	2262	5.281820
2257	3744	5.270930
2257	3591	5.260304
2257	2100	5.169607
2257	3483	4.935202
2257	587	4.896021
2257	3565	4.861563
2257	3617	4.858904
2257	1894	4.716089
2258	1391	4.566347
2258	3578	4.333369
2258	2858	4.265971
2258	2012	4.262210
2258	1307	4.194795
2258	2699	4.115881
2258	587	4.064868
2258	3408	4.061022
2258	3623	4.060584
2258	1265	3.944234
2259	2355	6.675439
2259	1	6.361796
2259	2321	6.347526
2259	34	5.961739
2259	3114	5.649828
2259	588	5.597828
2259	2396	5.542146
2259	1060	5.189052
2259	1265	5.151631
2259	2599	5.127949
2261	2013	5.876058
2261	2688	5.499290
2261	2336	5.466984
2261	2734	5.234573
2261	317	5.164054
2261	3157	5.091999
2261	3081	5.062872
2261	3175	5.047701
2261	2686	4.966292
2261	24	4.966082
2262	34	4.807476
2262	2797	4.733701
2262	1097	4.690509
2262	912	4.680108
2262	1947	4.526939
2262	527	4.514314
2262	1094	4.511198
2262	260	4.510770
2262	2396	4.509254
2262	2968	4.264030
2263	1265	6.587144
2263	1517	5.673862
2263	1747	5.411945
2263	1307	5.316801
2263	104	5.310930
2263	1500	5.209335
2263	2918	5.160743
2263	3052	4.943978
2263	3868	4.934591
2263	2108	4.775915
2264	34	5.952326
2264	1294	5.554123
2264	1230	5.537007
2264	3363	5.329393
2264	1265	5.280558
2264	1276	5.255173
2264	2064	5.239254
2264	1234	5.222503
2264	953	5.173464
2264	969	5.095448
2265	2394	7.865029
2265	2688	6.632208
2265	1959	6.407655
2265	2724	6.314673
2265	2841	6.130403
2265	2013	5.972403
2265	2840	5.846946
2265	2485	5.747945
2265	3081	5.623003
2265	317	5.406980
2266	1393	6.029563
2266	3176	5.876175
2266	1584	5.827034
2266	377	5.819870
2266	1721	5.723478
2266	1682	5.641084
2266	3386	5.640106
2266	161	5.627581
2266	32	5.582864
2266	1653	5.501810
2267	1961	6.136079
2267	1962	5.781688
2267	1307	5.517098
2267	2804	5.505568
2267	1028	5.383349
2267	1228	5.373051
2267	3098	5.352342
2267	1265	5.264305
2267	1663	5.170380
2267	1197	5.089634
2270	1198	5.476126
2270	2194	5.407472
2270	1240	5.247244
2270	1387	5.218823
2270	1221	5.211009
2270	1374	4.998890
2270	1200	4.952408
2270	2571	4.933277
2270	1036	4.923853
2270	1097	4.873188
2271	913	7.740945
2271	1201	7.016629
2271	3654	6.651144
2271	1204	6.455549
2271	1387	6.331873
2271	1952	6.282822
2271	3508	6.215033
2271	904	6.140710
2271	1304	6.078562
2271	1206	6.028090
2272	1240	4.731177
2272	1214	4.720753
2272	457	4.628848
2272	32	4.518027
2272	589	4.469792
2272	1617	4.391963
2272	3702	4.227944
2272	1407	4.206836
2272	2529	4.192896
2272	3418	4.182140
2273	2194	4.662785
2273	1198	4.501350
2273	1291	4.471233
2273	2028	4.469581
2273	318	4.457704
2273	2858	4.392408
2273	2762	4.375569
2273	1036	4.289996
2273	1097	4.278705
2273	296	4.273424
2274	2701	5.791608
2274	3273	5.752166
2274	1702	5.744048
2274	1513	5.688916
2274	153	5.643195
2274	2702	5.584172
2274	2840	5.542299
2274	653	5.364841
2274	3157	5.359430
2274	2470	5.323079
2275	3175	5.832359
2275	2716	5.699446
2275	2490	5.669439
2275	2396	5.583357
2275	2581	5.504756
2275	2712	5.368294
2275	2598	5.142114
2275	2723	5.095557
2275	1093	5.038621
2275	2762	5.026465
2276	1673	5.747229
2276	457	5.707501
2276	1213	5.506089
2276	2571	5.473988
2276	296	5.472573
2276	589	5.469699
2276	110	5.328305
2276	1240	5.323563
2276	1222	5.242005
2276	1610	5.166992
2278	2716	6.620130
2278	2881	6.002485
2278	2581	5.911747
2278	2598	5.827784
2278	2336	5.616234
2278	1513	5.593875
2278	2013	5.499567
2278	3219	5.462922
2278	2710	5.425470
2278	2683	5.413600
2279	2804	7.853997
2279	2735	7.652933
2279	2717	7.214794
2279	3360	7.043556
2279	1961	7.002947
2279	3760	6.823181
2279	3098	6.735901
2279	1009	6.662695
2279	2088	6.563259
2279	2408	6.551266
2280	3105	5.534435
2280	1641	5.440910
2280	3253	5.435184
2280	21	5.316264
2280	32	5.262629
2280	1265	5.155851
2280	3386	5.148880
2280	3148	5.115757
2280	1682	5.100521
2280	1704	5.072823
2281	1304	5.841507
2281	111	5.565481
2281	1136	5.538701
2281	1267	5.482980
2281	1953	5.433995
2281	1276	5.428153
2281	1259	5.360412
2281	260	5.348989
2281	1084	5.326131
2281	1199	5.307959
2282	3752	5.208275
2282	1222	5.019250
2282	3623	4.938601
2282	2683	4.927509
2282	2694	4.924789
2282	367	4.783598
2282	1513	4.750359
2282	2395	4.716137
2282	3578	4.699015
2282	1126	4.630242
2283	2580	5.124786
2283	2396	5.029903
2283	3219	5.004317
2283	2762	4.919710
2283	2686	4.887419
2283	2881	4.876657
2283	2490	4.814448
2283	2712	4.744067
2283	2433	4.641858
2283	2683	4.638146
2284	589	6.751274
2284	2571	6.021448
2284	1240	5.960446
2284	457	5.763319
2284	32	5.740767
2284	2640	5.718087
2284	480	5.651014
2284	1527	5.547915
2284	110	5.441857
2284	1610	5.370288
2285	377	4.856527
2285	587	4.756693
2285	3176	4.733783
2285	457	4.666320
2285	1608	4.379283
2285	266	4.344188
2285	590	4.238002
2285	3418	4.208390
2285	1183	4.175435
2285	161	4.162758
2286	2683	6.885616
2286	2369	6.158073
2286	2805	6.125462
2286	2706	5.770359
2286	2502	5.751641
2286	2580	5.693668
2286	2336	5.648195
2286	2770	5.638151
2286	2694	5.610207
2286	2734	5.592713
2288	913	5.096962
2288	2762	5.003388
2288	2490	4.915072
2288	2396	4.804557
2288	2805	4.700628
2288	2710	4.671967
2288	1206	4.575803
2288	2013	4.498409
2288	3175	4.498374
2288	2858	4.473941
2289	1294	5.488187
2289	1028	5.192280
2289	1230	5.142354
2289	2018	5.141296
2289	34	5.079397
2289	3363	5.052868
2289	364	4.949034
2289	1265	4.935076
2289	594	4.917886
2289	916	4.912587
2290	2470	5.628196
2290	2797	5.528899
2290	2371	5.442379
2290	2746	5.349342
2290	3552	5.212534
2290	1220	5.136689
2290	2872	5.082013
2290	2406	5.071070
2290	3448	4.992684
2290	19	4.946505
2291	2011	4.516993
2291	1917	4.444778
2291	349	4.433181
2291	3489	4.342892
2291	2605	4.324865
2291	2054	4.314639
2291	2916	4.267444
2291	552	4.256745
2291	316	4.218922
2291	2115	4.202039
2293	2716	6.767834
2293	1307	6.331194
2293	1294	6.140010
2293	1947	5.644348
2293	3671	5.586842
2293	3543	5.586648
2293	3363	5.546650
2293	898	5.429249
2293	1230	5.428973
2293	3508	5.391708
2294	1	5.234406
2294	34	5.162489
2294	1136	4.840836
2294	1265	4.791765
2294	608	4.789289
2294	527	4.783346
2294	1196	4.781539
2294	260	4.679333
2294	912	4.608195
2294	3114	4.598944
2297	3471	5.670982
2297	1214	5.615785
2297	260	5.503638
2297	1240	5.418254
2297	1954	5.256598
2297	527	5.205991
2297	589	5.205975
2297	1198	5.175969
2297	1210	5.166386
2297	912	5.091856
2298	1584	5.954706
2298	1580	5.953747
2298	1466	5.714398
2298	32	5.693029
2298	1965	5.686078
2298	551	5.554151
2298	2571	5.537118
2298	457	5.504532
2298	2000	5.424190
2298	1396	5.422662
2299	1779	6.742630
2299	2808	6.575583
2299	1371	6.567138
2299	1037	6.555772
2299	3697	6.434109
2299	1644	5.943880
2299	2986	5.905550
2299	160	5.817209
2299	2054	5.793162
2299	1882	5.788054
2300	913	4.946190
2300	2762	4.735418
2300	1617	4.621896
2300	260	4.532320
2300	2987	4.410564
2300	1201	4.397747
2300	593	4.365071
2300	2858	4.356795
2300	608	4.353450
2300	1214	4.352395
2301	1960	5.952292
2301	2150	5.899523
2301	593	5.737989
2301	318	5.733961
2301	608	5.689999
2301	3448	5.671164
2301	1198	5.660373
2301	1249	5.646849
2301	1307	5.525291
2301	3552	5.494369
2302	1073	4.612796
2302	2628	4.524803
2302	2174	4.219406
2302	2797	4.211986
2302	260	4.032585
2302	1220	4.025219
2302	1097	4.014301
2302	2193	4.005093
2302	2858	3.960143
2302	2406	3.959899
2303	2858	4.558432
2303	2571	4.227722
2303	2657	4.141094
2303	589	4.126996
2303	608	4.126078
2303	1196	4.107134
2303	1197	4.034966
2303	3578	4.027082
2303	1	4.002435
2303	293	3.941795
2304	2640	6.220036
2304	2628	5.694539
2304	2916	5.687195
2304	648	5.646441
2304	1206	5.543093
2304	260	5.474168
2304	3354	5.413709
2304	1233	5.408812
2304	1573	5.404824
2304	1252	5.400109
2305	3253	6.854116
2305	1747	6.345026
2305	852	6.222364
2305	2683	6.184895
2305	1923	6.123534
2305	39	6.111549
2305	104	6.073915
2305	2706	6.059600
2305	1265	6.039713
2305	2395	5.998050
2306	1777	6.930721
2306	539	6.805801
2306	2424	6.677407
2306	17	6.127998
2306	3253	6.105182
2306	1183	6.096002
2306	357	6.044598
2306	1265	5.846386
2306	3259	5.812311
2306	708	5.703122
2307	21	5.831574
2307	1580	5.717122
2307	3160	5.614118
2307	110	5.518242
2307	2291	5.383263
2307	32	5.376485
2307	1584	5.353708
2307	1784	5.304039
2307	480	5.019644
2307	2571	4.994358
2308	1073	5.839985
2308	2193	5.822855
2308	2005	5.741017
2308	2470	5.560698
2308	3489	5.487828
2308	2161	5.414038
2308	2054	5.278316
2308	653	5.156845
2308	1291	4.984569
2308	2	4.905452
2309	32	5.409540
2309	1269	5.405273
2309	527	5.333127
2309	1196	5.326085
2309	608	5.236293
2309	1240	5.191685
2309	2858	5.188027
2309	2571	5.187094
2309	1617	5.181609
2309	1222	5.178852
2310	1265	5.631855
2310	3255	4.757642
2310	2000	4.715324
2310	2321	4.656363
2310	3751	4.620529
2310	1500	4.598909
2310	2108	4.582598
2310	1641	4.582581
2310	1923	4.563975
2310	529	4.557162
2312	589	5.192939
2312	3256	5.080102
2312	2628	5.026344
2312	3510	4.937762
2312	2001	4.769332
2312	3578	4.767089
2312	3623	4.761611
2312	648	4.757942
2312	1573	4.684243
2312	1527	4.664666
2313	589	5.523282
2313	1214	5.299441
2313	1200	5.236401
2313	1198	5.157437
2313	1210	4.935448
2313	908	4.887385
2313	1374	4.765242
2313	2640	4.763240
2313	2028	4.756863
2313	1036	4.756553
2314	2706	5.563510
2314	2490	5.508267
2314	2683	5.477089
2314	3175	5.392255
2314	24	5.336288
2314	2433	5.204894
2314	2688	5.141012
2314	2396	5.002406
2314	2699	4.897446
2314	3219	4.871740
2315	1265	5.024473
2315	2081	4.844336
2315	588	4.792428
2315	2355	4.753937
2315	2746	4.580072
2315	2797	4.574988
2315	3552	4.561923
2315	3210	4.553362
2315	2716	4.505021
2315	2329	4.487632
2316	1580	5.598184
2316	2571	5.336172
2316	480	5.302490
2316	2706	5.256589
2316	589	5.078470
2316	110	5.030851
2316	32	5.008325
2316	3176	4.943065
2316	3160	4.846704
2316	3578	4.759982
2317	2336	6.191863
2317	2688	5.999055
2317	2396	5.665210
2317	2686	5.637835
2317	3175	5.601557
2317	3219	5.403890
2317	2581	5.380113
2317	2490	5.330426
2317	2712	5.210786
2317	2013	5.165614
2318	2716	6.862336
2318	3175	6.820141
2318	2336	6.717171
2318	968	6.599629
2318	1333	5.808185
2318	1321	5.778964
2318	2688	5.739737
2318	2712	5.690614
2318	2906	5.687084
2318	2761	5.522805
2319	1307	5.832922
2319	912	5.727871
2319	1097	5.720886
2319	1197	5.679794
2319	2716	5.472107
2319	1259	5.453308
2319	260	5.446207
2319	1276	5.398749
2319	1270	5.338609
2319	1387	5.229040
2320	2369	7.055733
2320	1513	6.823795
2320	2335	6.777313
2320	500	6.743512
2320	2424	6.383006
2320	3258	6.328207
2320	1126	6.235492
2320	2717	6.200044
2320	216	6.180848
2320	231	6.169219
2321	2762	4.220565
2321	1265	4.130990
2321	2396	4.101549
2321	2395	4.006157
2321	356	4.004670
2321	2858	3.994969
2321	1073	3.978851
2321	34	3.976128
2321	367	3.939446
2321	150	3.797239
2322	1580	5.260396
2322	588	5.226811
2322	3176	5.076137
2322	457	5.012903
2322	16	4.957847
2322	1912	4.865205
2322	1584	4.786672
2322	1358	4.783503
2322	2291	4.745768
2322	32	4.709869
2323	3869	7.250218
2323	1307	6.684546
2323	3424	6.340292
2323	3362	6.289339
2323	2973	6.098045
2323	1238	6.075113
2323	2717	6.000438
2323	1080	5.991122
2323	3072	5.962797
2323	1223	5.946973
2324	1265	5.826996
2324	1269	5.310319
2324	608	5.269265
2324	1	5.259870
2324	1136	5.002842
2324	1617	4.993650
2324	1961	4.943427
2324	2858	4.751971
2324	527	4.749641
2324	1196	4.719985
2326	2716	6.193384
2326	968	5.923124
2326	1994	5.407504
2326	1321	5.379425
2326	2455	5.318253
2326	1982	5.258268
2326	1407	5.100982
2326	2723	5.100457
2326	3175	5.088827
2326	3016	5.077909
2327	1580	5.229490
2327	480	4.656252
2327	1527	4.593965
2327	3160	4.516115
2327	2699	4.457693
2327	2916	4.419449
2327	70	4.404063
2327	3408	4.383994
2327	2628	4.364338
2327	2167	4.241250
2328	3917	6.485121
2328	2288	6.426760
2328	1965	6.330371
2328	2194	6.276966
2328	2160	6.166336
2328	1350	6.115745
2328	1261	6.025457
2328	3918	5.878832
2328	589	5.808784
2328	2640	5.746070
2329	3435	7.011044
2329	919	6.498195
2329	904	6.323713
2329	1022	6.272207
2329	594	6.270756
2329	899	6.263978
2329	1204	6.183866
2329	1230	6.149366
2329	1304	6.136291
2329	1206	6.132906
2330	260	6.309661
2330	1282	6.289821
2330	1073	6.244761
2330	2968	6.114451
2330	1225	6.065298
2330	1019	5.996980
2330	2987	5.892583
2330	2087	5.840375
2330	1035	5.828683
2330	1204	5.770825
2331	2706	5.411780
2331	2355	4.955553
2331	2571	4.762931
2331	2580	4.744005
2331	2396	4.716909
2331	223	4.675833
2331	2858	4.611646
2331	1580	4.608422
2331	2762	4.572877
2331	3578	4.559978
2332	913	6.157340
2332	1304	5.564680
2332	903	5.483920
2332	1953	5.459139
2332	1276	5.397310
2332	3471	5.382050
2332	1201	5.364148
2332	260	5.299351
2332	1206	5.143808
2332	1252	5.123845
2333	1777	5.485423
2333	587	5.093179
2333	1639	4.979480
2333	539	4.948733
2333	1393	4.932779
2333	1265	4.754585
2333	597	4.701077
2333	1732	4.634673
2333	1883	4.622863
2333	3148	4.522554
2334	1947	5.774088
2334	1073	5.255890
2334	2987	5.247832
2334	912	5.176644
2334	2968	5.130775
2334	919	5.076868
2334	1208	4.946625
2334	527	4.924221
2334	260	4.896173
2334	2294	4.878622
2335	2657	5.133014
2335	968	5.019202
2335	2716	4.953563
2335	1387	4.883837
2335	1199	4.785898
2335	1077	4.746875
2335	3702	4.735880
2335	2858	4.675577
2335	1270	4.632988
2335	2288	4.597262
2337	1608	6.158552
2337	1722	6.066104
2337	1552	5.668830
2337	733	5.626671
2337	2628	5.495716
2337	648	5.482046
2337	1597	5.478935
2337	2763	5.405057
2337	3623	5.298199
2337	1805	5.270272
2338	2194	6.158849
2338	1214	6.105742
2338	1201	5.984305
2338	1954	5.855260
2338	1240	5.798502
2338	2947	5.564769
2338	1198	5.490760
2338	1206	5.434881
2338	1387	5.430934
2338	1200	5.355429
2340	1917	6.949091
2340	316	6.933118
2340	2628	6.785062
2340	1544	6.763520
2340	1527	6.709307
2340	1876	6.691960
2340	1573	6.636011
2340	2393	6.482179
2340	329	6.428775
2340	3107	6.276354
2341	2706	4.968545
2341	3160	4.898470
2341	24	4.869620
2341	2490	4.841259
2341	2723	4.839892
2341	2628	4.799528
2341	480	4.762315
2341	1580	4.608100
2341	349	4.521605
2341	1513	4.394276
2342	1304	5.223867
2342	750	5.159188
2342	608	5.116201
2342	1136	5.061718
2342	1199	4.946899
2342	1394	4.896607
2342	2858	4.884862
2342	1259	4.870400
2342	3362	4.854964
2342	1252	4.850643
2343	919	7.212226
2343	2067	6.700307
2343	2018	6.676239
2343	1294	6.632972
2343	969	6.595278
2343	916	6.358054
2343	912	6.345270
2343	914	6.335950
2343	1282	6.328763
2343	920	6.293774
2344	1961	5.342062
2344	2355	5.170159
2344	2797	5.078018
2344	1097	4.973934
2344	2791	4.816867
2344	3552	4.789758
2344	1028	4.779729
2344	2243	4.752230
2344	1	4.655419
2344	3526	4.643439
2346	349	6.317250
2346	2628	6.304464
2346	1608	6.119794
2346	1101	6.092409
2346	2916	6.082827
2346	2640	5.678972
2346	1573	5.550804
2346	480	5.429322
2346	380	5.358626
2346	292	5.327649
2348	1206	6.403713
2348	1304	5.520566
2348	1214	5.473559
2348	913	5.471346
2348	1954	5.447667
2348	904	5.403894
2348	3471	5.329707
2348	272	5.267271
2348	1240	5.253038
2348	903	5.242638
2349	1265	6.190735
2349	1028	6.112521
2349	1307	6.081197
2349	1079	5.943591
2349	34	5.924876
2349	1394	5.915069
2349	1228	5.895600
2349	1270	5.818177
2349	1288	5.750920
2349	2804	5.649408
2350	2081	5.718403
2350	17	5.553817
2350	58	5.339714
2350	105	5.266221
2350	3528	5.244235
2350	357	5.224527
2350	2687	5.211618
2350	509	5.207101
2350	1183	5.093005
2350	1265	5.089935
2351	608	5.601551
2351	1259	5.422601
2351	1240	5.398356
2351	908	5.375680
2351	541	5.218257
2351	1249	5.106587
2351	296	5.098178
2351	1196	5.058085
2351	858	5.047367
2351	1199	5.041791
2352	2279	7.757420
2352	2288	7.521012
2352	2513	7.304663
2352	3708	7.222722
2352	196	7.134648
2352	1969	6.918737
2352	3707	6.852870
2352	1327	6.712537
2352	1957	6.686572
2352	2532	6.684356
2353	3408	5.042904
2353	1101	4.918972
2353	3107	4.880889
2353	1608	4.809544
2353	1343	4.746080
2353	1580	4.719232
2353	3317	4.628177
2353	47	4.617481
2353	1645	4.573051
2353	457	4.560339
2354	480	6.666528
2354	1580	6.264299
2354	2916	6.148050
2354	589	5.968488
2354	1527	5.949054
2354	3160	5.793964
2354	1129	5.568079
2354	110	5.537527
2354	2571	5.458743
2354	2167	5.443668
2355	34	5.682022
2355	1907	5.664886
2355	364	5.491295
2355	3105	5.380641
2355	2137	5.338009
2355	1179	5.244328
2355	1358	5.181320
2355	2078	5.066168
2355	36	5.043436
2355	1013	4.928650
2358	736	5.801124
2358	2722	5.517627
2358	2699	5.383636
2358	2683	5.187140
2358	3623	5.152891
2358	3113	5.057059
2358	2716	5.054477
2358	3175	5.025662
2358	2490	4.958717
2358	3638	4.928824
2359	223	5.254432
2359	2706	5.129826
2359	2580	5.026757
2359	3174	4.827694
2359	2858	4.737034
2359	3623	4.689100
2359	2433	4.590539
2359	2997	4.589063
2359	2959	4.572869
2359	2599	4.552900
2360	2640	4.798451
2360	2858	4.503796
2360	2288	4.503407
2360	260	4.295177
2360	3471	4.276230
2360	1225	4.223256
2360	1240	4.199205
2360	1252	4.149917
2360	1196	4.104481
2360	1208	4.095386
2361	2797	5.662716
2361	3397	5.391478
2361	2003	5.370172
2361	2100	5.327612
2361	1663	5.273402
2361	19	5.192365
2361	3524	5.142443
2361	3552	5.114170
2361	3526	5.087466
2361	2174	5.038229
2362	2000	5.775243
2362	2571	5.429306
2362	2194	5.214972
2362	1213	5.150458
2362	1240	5.092292
2362	457	4.997310
2362	1089	4.964914
2362	1249	4.936772
2362	296	4.926552
2362	589	4.899069
2363	2571	6.484268
2363	457	6.470762
2363	1584	6.312863
2363	1610	6.310550
2363	2640	6.192965
2363	1240	6.173674
2363	32	6.152597
2363	2916	5.967993
2363	3702	5.888790
2363	1921	5.877424
2365	1333	6.576866
2365	969	6.278978
2365	904	6.114440
2365	2664	5.944165
2365	3435	5.882729
2365	1214	5.850181
2365	2366	5.801486
2365	1997	5.741586
2365	919	5.690305
2365	1387	5.673179
2366	2628	6.251828
2366	1917	6.012015
2366	1552	5.832588
2366	380	5.728603
2366	3623	5.683607
2366	10	5.672000
2366	648	5.592524
2366	2490	5.556395
2366	2881	5.543271
2366	2916	5.524787
2367	1573	6.550447
2367	1722	6.441182
2367	1580	6.307789
2367	1527	6.191383
2367	1552	5.820995
2367	2628	5.812630
2367	292	5.793973
2367	1356	5.732498
2367	648	5.603794
2367	1584	5.417605
2368	3257	7.958095
2368	2294	7.940059
2368	2094	7.614258
2368	2046	6.922992
2368	1615	6.854495
2368	1608	6.686877
2368	1544	6.675551
2368	376	6.648097
2368	1917	6.501395
2368	1049	6.425125
2370	912	6.057970
2370	919	5.605381
2370	1204	5.518193
2370	920	5.448033
2370	1225	5.299755
2370	913	5.290254
2370	3471	5.192275
2370	969	5.138124
2370	1073	5.121059
2370	1214	5.105221
2371	2353	5.286677
2371	3623	5.152703
2371	1580	4.900963
2371	1127	4.880764
2371	3578	4.812125
2371	1608	4.790618
2371	377	4.771455
2371	1573	4.770306
2371	733	4.731102
2371	2706	4.692872
2372	1784	6.151935
2372	1883	6.096299
2372	1393	5.906648
2372	1060	5.833591
2372	1923	5.808874
2372	1682	5.721750
2372	1641	5.613293
2372	3176	5.577047
2372	2706	5.555322
2372	3253	5.554613
2374	1370	6.457794
2374	1527	6.215867
2374	380	6.176499
2374	2353	6.124150
2374	2278	6.106495
2374	10	6.038657
2374	292	6.015214
2374	1921	5.911073
2374	589	5.909744
2374	474	5.815429
2376	1265	4.124290
2376	2762	3.966076
2376	2997	3.914275
2376	2369	3.817583
2376	2858	3.811503
2376	1961	3.757005
2376	1777	3.746096
2376	500	3.666017
2376	3450	3.656420
2376	1073	3.623683
2377	1198	5.470966
2377	296	5.310111
2377	1240	5.175579
2377	608	5.165933
2377	858	5.116642
2377	593	5.097774
2377	318	5.014855
2377	1249	4.932490
2377	2194	4.921528
2377	2028	4.912023
2378	1732	4.846018
2378	3148	4.656220
2378	3176	4.526276
2378	587	4.490407
2378	3114	4.469229
2378	2706	4.463391
2378	3408	4.375797
2378	2997	4.343092
2378	454	4.341786
2378	1883	4.310007
2380	1097	5.776467
2380	2797	5.758992
2380	1073	5.745053
2380	2950	5.462366
2380	1225	5.428640
2380	260	5.289357
2380	2174	5.255638
2380	969	5.211551
2380	919	5.169399
2380	1307	5.156627
2382	2716	6.151844
2382	2580	6.136137
2382	3174	5.718753
2382	3219	5.620880
2382	3175	5.601978
2382	2683	5.558200
2382	2490	5.434378
2382	2336	5.422477
2382	1513	5.334661
2382	223	5.332181
2383	1230	6.703489
2383	1304	6.085436
2383	1235	6.059515
2383	1294	6.038867
2383	1028	5.923086
2383	2863	5.783899
2383	1199	5.706016
2383	1077	5.705887
2383	955	5.676370
2383	1	5.675493
2384	2294	4.967262
2384	595	4.935041
2384	1608	4.876858
2384	2087	4.736040
2384	590	4.485425
2384	783	4.319238
2384	1073	4.306645
2384	2394	4.296455
2384	3489	4.225757
2384	2628	4.138226
2386	2087	7.556191
2386	1947	7.432542
2386	783	6.802215
2386	1073	6.760721
2386	1017	6.225477
2386	2018	6.199477
2386	1225	6.136335
2386	34	5.998344
2386	2384	5.959025
2386	1907	5.932094
2387	21	6.518039
2387	1784	6.313673
2387	2000	6.279410
2387	2321	6.220141
2387	3160	6.218522
2387	2355	6.006230
2387	223	5.940237
2387	3105	5.816492
2387	3253	5.790026
2387	3052	5.779625
2389	2000	6.243601
2389	3160	6.044002
2389	21	6.031101
2389	2001	5.929919
2389	3408	5.850468
2389	1580	5.815941
2389	3763	5.765737
2389	2353	5.577452
2389	110	5.560798
2389	3578	5.554929
2390	587	5.332345
2390	1883	4.860260
2390	356	4.793078
2390	357	4.756088
2390	597	4.743219
2390	539	4.736926
2390	2539	4.704530
2390	588	4.658814
2390	2671	4.646472
2390	1777	4.630357
2391	1097	5.540107
2391	2160	5.522577
2391	296	5.455676
2391	1225	5.422019
2391	2791	5.398110
2391	1259	5.372792
2391	1291	5.353137
2391	1965	5.344936
2391	908	5.300895
2391	1261	5.259613
2392	1513	6.160102
2392	2683	6.153249
2392	2490	5.973329
2392	2881	5.936223
2392	3175	5.906616
2392	3174	5.905591
2392	3219	5.880379
2392	2723	5.864473
2392	2605	5.778483
2392	2734	5.775129
2393	1617	5.595133
2393	3471	5.559015
2393	527	5.488962
2393	1214	5.387287
2393	1240	5.360765
2393	750	5.351674
2393	1206	5.293791
2393	608	5.291371
2393	1196	5.235920
2393	1210	5.166591
2394	2881	6.655218
2394	2605	6.549923
2394	2688	6.107571
2394	208	6.078171
2394	1597	6.056287
2394	1876	5.772206
2394	1722	5.727827
2394	24	5.721899
2394	2393	5.645259
2394	3082	5.612642
2395	3552	5.332347
2395	2000	5.096296
2395	1265	5.033789
2395	3526	4.967755
2395	3751	4.780756
2395	1968	4.775410
2395	608	4.762674
2395	3317	4.695480
2395	593	4.593040
2395	1961	4.582809
2396	3418	4.916388
2396	1617	4.857372
2396	377	4.791636
2396	356	4.727677
2396	1265	4.542702
2396	1747	4.499427
2396	21	4.493851
2396	32	4.437538
2396	593	4.382613
2396	3175	4.376524
2397	1265	6.106255
2397	1307	5.576815
2397	1212	5.252103
2397	2065	5.079664
2397	608	5.066124
2397	1234	5.040953
2397	1292	4.931372
2397	1201	4.913551
2397	1961	4.909697
2397	1304	4.887198
2398	480	6.753070
2398	2571	6.532835
2398	364	6.435697
2398	1358	6.258317
2398	457	6.206554
2398	110	6.196865
2398	3418	6.186712
2398	1249	6.172162
2398	2028	6.072328
2398	1673	6.070704
2400	1407	5.668775
2400	1994	5.281716
2400	1997	5.243187
2400	2617	5.123569
2400	3717	5.071973
2400	968	4.995222
2400	3638	4.911056
2400	1918	4.854376
2400	2167	4.819546
2400	3499	4.621442
2401	2490	4.927312
2401	1127	4.799566
2401	3175	4.778631
2401	2762	4.715944
2401	3623	4.709469
2401	2858	4.613852
2401	2706	4.605205
2401	2580	4.564599
2401	2916	4.544657
2401	2712	4.518471
2402	1307	8.507664
2402	3072	7.826433
2402	2716	7.696522
2402	1663	7.510878
2402	2746	7.454475
2402	3552	7.330733
2402	1962	7.219670
2402	3248	7.094612
2402	1228	6.971522
2402	1079	6.785510
2403	1876	6.078213
2403	329	5.915688
2403	674	5.611403
2403	1573	5.604246
2403	1527	5.574605
2403	648	5.514845
2403	780	5.380379
2403	1356	5.318800
2403	2393	5.291825
2403	2985	5.260972
2404	2797	6.121645
2404	1307	5.979993
2404	2243	4.761338
2404	912	4.755246
2404	1073	4.657261
2404	1220	4.644749
2404	1674	4.576681
2404	920	4.400821
2404	2858	4.341275
2404	2918	4.315228
2405	1198	5.733816
2405	1221	5.445352
2405	2804	5.427985
2405	1197	5.193809
2405	1258	5.144672
2405	1090	5.074719
2405	1962	4.966172
2405	1961	4.949850
2405	1957	4.928176
2405	3683	4.911525
2406	3528	5.657704
2406	587	5.118722
2406	3155	5.035081
2406	802	4.979843
2406	266	4.756701
2406	353	4.718014
2406	1645	4.578126
2406	2316	4.401934
2406	380	4.388777
2406	1608	4.375941
2407	1307	6.260207
2407	2797	6.052449
2407	1259	5.954480
2407	912	5.833844
2407	1394	5.817380
2407	919	5.763176
2407	2243	5.505221
2407	260	5.498978
2407	3072	5.263425
2407	1172	5.221880
2408	1370	7.611165
2408	3256	7.365269
2408	733	6.942447
2408	377	6.893357
2408	1805	6.798865
2408	1608	6.694710
2408	457	6.429984
2408	1722	6.290461
2408	1610	6.225769
2408	2763	6.212244
2409	3863	5.823274
2409	3744	5.702870
2409	3745	5.558539
2409	3793	5.300876
2409	3911	5.258079
2409	3624	5.200893
2409	3785	5.130673
2409	3555	5.106032
2409	3751	5.077969
2409	253	5.070127
2410	2571	7.407893
2410	1374	7.037096
2410	32	6.927766
2410	1249	6.548264
2410	1196	6.531649
2410	1240	6.521141
2410	150	6.497152
2410	480	6.443563
2410	2028	6.175791
2410	457	6.153110
2411	1265	5.165987
2411	2000	4.866933
2411	2100	4.711193
2411	1517	4.690728
2411	3448	4.664744
2411	2150	4.603841
2411	2371	4.577978
2411	3552	4.569747
2411	2108	4.459311
2411	104	4.434034
2412	1206	5.852319
2412	1240	5.809501
2412	2529	5.793790
2412	589	5.613816
2412	3702	5.521830
2412	1200	5.383250
2412	2571	5.323787
2412	2916	5.254409
2412	1199	5.162142
2412	610	5.093055
2414	2406	6.446745
2414	380	5.376462
2414	3753	5.165839
2414	3173	4.932748
2414	368	4.892711
2414	266	4.878041
2414	2145	4.811951
2414	2628	4.792388
2414	2100	4.784271
2414	2469	4.678529
2415	318	4.996137
2415	2028	4.984446
2415	296	4.970841
2415	593	4.951630
2415	2571	4.899278
2415	457	4.770718
2415	1249	4.760981
2415	1291	4.686344
2415	527	4.595761
2415	3793	4.553322
2416	593	4.559191
2416	266	4.526157
2416	3948	4.474640
2416	1608	4.293943
2416	2628	4.280015
2416	318	4.224900
2416	454	4.213003
2416	608	4.207007
2416	3173	4.186170
2416	587	4.139179
2418	231	6.915851
2418	1784	6.355422
2418	1265	6.191434
2418	1569	6.142136
2418	1777	6.097606
2418	3253	5.847044
2418	104	5.729310
2418	2369	5.644401
2418	3247	5.503766
2418	1923	5.427753
2419	1101	6.023024
2419	2406	5.674632
2419	380	5.300544
2419	2100	5.271430
2419	3617	5.240188
2419	3565	5.058634
2419	368	4.883961
2419	3257	4.859376
2419	266	4.844798
2419	1608	4.446714
2420	2194	6.169495
2420	1954	5.804738
2420	1198	5.507063
2420	1036	5.388115
2420	2160	5.278228
2420	3471	5.255610
2420	1206	5.239916
2420	1617	5.208017
2420	296	5.170728
2420	1387	5.117414
2421	2985	5.566630
2421	2167	5.559021
2421	253	5.486581
2421	589	5.357935
2421	2571	5.337816
2421	2916	5.245242
2421	2529	5.113477
2421	1374	5.108566
2421	3510	5.058607
2421	480	5.032405
2423	539	6.713383
2423	708	5.956011
2423	1441	5.736890
2423	3155	5.651415
2423	587	5.538722
2423	1409	5.518227
2423	1888	5.510217
2423	3528	5.408886
2423	802	5.250347
2423	236	5.244588
2424	2628	4.867723
2424	2858	4.347762
2424	1544	4.185877
2424	780	4.123854
2424	589	4.049573
2424	2640	3.941943
2424	3354	3.931867
2424	2716	3.893766
2424	2617	3.878285
2424	3175	3.853967
2425	2294	5.814387
2425	2968	5.413652
2425	2087	5.411403
2425	2987	5.349446
2425	1073	5.251616
2425	783	5.215010
2425	1907	5.201483
2425	1947	5.108746
2425	590	4.956715
2425	527	4.835873
2426	912	5.808436
2426	1207	5.721588
2426	913	5.592430
2426	260	5.419305
2426	903	5.319483
2426	1953	5.283905
2426	919	5.271019
2426	3471	5.253681
2426	1263	5.145899
2426	1208	5.127884
2427	3526	6.753039
2427	588	6.230224
2427	454	6.107569
2427	3591	5.995853
2427	364	5.785369
2427	3751	5.772712
2427	529	5.696800
2427	3317	5.672352
2427	2321	5.666718
2427	2302	5.594288
2428	1265	5.913485
2428	1307	5.579012
2428	34	5.234218
2428	1	5.064744
2428	1394	5.063031
2428	1136	4.973052
2428	1961	4.865396
2428	1294	4.860821
2428	3396	4.766302
2428	1259	4.672431
2429	3273	4.723479
2429	2054	4.672198
2429	2717	4.668180
2429	3081	4.452298
2429	1073	4.382603
2429	2701	4.261726
2429	3717	4.196051
2429	382	4.194008
2429	1644	4.173878
2429	3753	4.141953
2430	1580	5.050032
2430	1527	4.919510
2430	1573	4.898226
2430	3578	4.777169
2430	3408	4.763265
2430	2353	4.715673
2430	1917	4.664036
2430	3107	4.660491
2430	10	4.646275
2430	1608	4.644953
2432	2028	4.445382
2432	480	4.438428
2432	2628	4.369204
2432	260	4.232453
2432	3481	4.184351
2432	3510	4.175153
2432	3578	4.169751
2432	1198	4.115924
2432	1580	4.109547
2432	1374	4.067234
2433	1265	4.832046
2433	2858	4.670565
2433	2000	4.530797
2433	2797	4.389379
2433	1968	4.365981
2433	3552	4.344391
2433	2791	4.315463
2433	1500	4.289150
2433	2716	4.272272
2433	2918	4.259240
2435	1391	5.102256
2435	2094	4.856500
2435	1544	4.798414
2435	3257	4.617798
2435	1917	4.532293
2435	1101	4.489763
2435	2699	4.478089
2435	1215	4.265786
2435	1616	4.186787
2435	647	4.160180
2436	1580	6.255029
2436	3176	5.644842
2436	457	5.639488
2436	110	5.553774
2436	2706	5.433316
2436	3160	5.368323
2436	480	5.365101
2436	1584	5.344669
2436	2291	5.278185
2436	32	5.253215
2437	2571	4.993017
2437	1240	4.747890
2437	608	4.593972
2437	1210	4.519348
2437	593	4.515170
2437	296	4.415598
2437	318	4.396524
2437	260	4.358036
2437	1222	4.353169
2437	1200	4.321084
2438	2000	5.527692
2438	1265	5.464439
2438	2791	5.119557
2438	3210	4.990159
2438	34	4.826703
2438	1270	4.740530
2438	1968	4.698797
2438	1962	4.688330
2438	2918	4.630928
2438	2355	4.595839
2439	2640	6.364030
2439	3624	6.243583
2439	2628	5.871115
2439	2455	5.817525
2439	3917	5.817300
2439	589	5.785679
2439	2160	5.770513
2439	1129	5.750760
2439	1101	5.534990
2439	3173	5.514587
2444	1947	7.696490
2444	2087	7.650092
2444	2294	7.209671
2444	2384	7.076136
2444	595	6.470322
2444	17	6.289010
2444	34	6.173490
2444	2018	6.083759
2444	2394	6.025132
2444	1094	5.941796
2445	1917	8.090796
2445	153	8.083556
2445	1037	7.686788
2445	2722	7.668183
2445	1371	7.594164
2445	3257	7.535592
2445	208	7.508783
2445	2541	7.396357
2445	1909	7.389212
2445	2699	7.386852
2446	3623	4.576513
2446	3793	4.404580
2446	3408	4.291844
2446	3578	4.272877
2446	3745	4.262849
2446	3717	4.047933
2446	3753	3.980807
2446	454	3.940382
2446	3897	3.927378
2446	3751	3.859681
2447	2478	6.690797
2447	2100	6.660551
2447	2003	6.314741
2447	19	6.260906
2447	2746	6.003246
2447	2375	5.974020
2447	3752	5.876742
2447	2150	5.871585
2447	1091	5.843953
2447	3552	5.827302
2448	1265	4.838837
2448	912	4.624347
2448	1307	4.543271
2448	2858	4.512487
2448	1230	4.467633
2448	750	4.460575
2448	260	4.437875
2448	1270	4.418084
2448	608	4.384863
2448	1294	4.376360
2451	2716	5.177844
2451	2746	4.783068
2451	1333	4.415054
2451	1088	4.386232
2451	1307	4.235309
2451	1321	4.151790
2451	2081	4.095968
2451	1019	4.046857
2451	3363	4.043153
2451	3543	4.016769
2452	1580	5.601135
2452	3176	5.392391
2452	2571	5.223390
2452	3408	5.126281
2452	110	5.066014
2452	1393	5.058845
2452	3578	5.040808
2452	2706	4.989414
2452	377	4.974401
2452	1370	4.947763
2453	588	7.509978
2453	2081	7.279581
2453	364	6.823910
2453	2080	6.796121
2453	595	6.789836
2453	1032	6.539609
2453	3034	6.389496
2453	2087	6.326911
2453	2078	6.233862
2453	2085	6.104248
2454	3248	6.282603
2454	2355	5.928678
2454	2395	5.759614
2454	2324	5.660878
2454	1968	5.610567
2454	1097	5.589283
2454	2797	5.566309
2454	1265	5.417391
2454	1307	5.377269
2454	3361	5.297072
2455	1347	7.435772
2455	3869	6.746395
2455	1321	6.597998
2455	1345	6.574629
2455	1982	6.136842
2455	1339	6.114001
2455	2121	6.108564
2455	2517	6.042444
2455	1991	5.917855
2455	3708	5.898782
2456	2003	5.671936
2456	3258	5.625116
2456	2054	5.339701
2456	3264	5.330480
2456	2134	5.244041
2456	2389	5.165955
2456	719	4.954496
2456	1073	4.940586
2456	1380	4.845927
2456	3501	4.823551
2457	457	5.884168
2457	3176	5.117740
2457	1610	5.074702
2457	266	5.001285
2457	296	4.936255
2457	1912	4.900425
2457	2571	4.897408
2457	3793	4.891187
2457	3555	4.888958
2457	3893	4.881896
2458	2746	6.232642
2458	2100	5.777970
2458	2247	5.707183
2458	19	5.590533
2458	3263	5.349425
2458	3524	5.233610
2458	2375	5.107196
2458	2478	5.070313
2458	2108	5.054043
2458	2423	4.933954
2459	587	7.305067
2459	736	6.697291
2459	539	6.655690
2459	380	6.624510
2459	1777	6.510453
2459	3623	6.288875
2459	597	6.108706
2459	1711	6.055396
2459	1722	6.037613
2459	454	5.968100
2460	912	5.925188
2460	913	5.813706
2460	750	5.794716
2460	3471	5.498848
2460	2987	5.451771
2460	260	5.419225
2460	1206	5.117499
2460	1947	5.067241
2460	1230	5.054648
2460	2396	5.052948
2461	2000	5.235800
2461	1968	4.761378
2461	1961	4.646451
2461	1265	4.624206
2461	2858	4.593373
2461	296	4.563679
2461	608	4.440679
2461	1097	4.407869
2461	2797	4.335023
2461	1673	4.282041
2462	1307	6.429583
2462	3543	6.015901
2462	2716	5.964666
2462	1674	5.508827
2462	2746	5.413279
2462	1663	5.409421
2462	1294	5.401638
2462	1204	5.358201
2462	1387	5.357137
2462	2067	5.320630
2463	2001	6.131662
2463	3107	5.976887
2463	2407	5.637227
2463	3555	5.598803
2463	2628	5.589026
2463	2011	5.498113
2463	316	5.487295
2463	3744	5.483432
2463	3510	5.449582
2463	2985	5.438930
2464	1097	4.741756
2464	260	4.728013
2464	34	4.666233
2464	2797	4.654749
2464	1225	4.645534
2464	296	4.599291
2464	1028	4.560062
2464	1198	4.545039
2464	2174	4.502264
2464	1270	4.455787
2465	34	4.845521
2465	3114	4.492767
2465	2997	4.471093
2465	2804	4.426262
2465	1	4.423525
2465	3751	4.308408
2465	1028	4.235050
2465	2396	4.172172
2465	1265	4.047762
2465	1197	4.004762
2466	329	6.959105
2466	1831	6.839159
2466	674	6.765357
2466	2094	6.757061
2466	196	6.714577
2466	2393	6.523993
2466	1717	6.360377
2466	2311	6.350153
2466	2808	6.099992
2466	1917	6.054010
2468	913	6.022218
2468	1206	5.699950
2468	3471	5.627309
2468	1304	5.502326
2468	260	5.348026
2468	912	5.294146
2468	903	5.271210
2468	1953	5.201841
2468	1252	5.120214
2468	1212	5.107904
2469	1206	5.544790
2469	2571	5.314135
2469	3702	5.131940
2469	589	4.923543
2469	1240	4.893767
2469	2858	4.860744
2469	1196	4.828239
2469	1387	4.775239
2469	1127	4.726652
2469	1210	4.701209
2471	1584	5.385453
2471	1215	4.950295
2471	1921	4.910987
2471	3535	4.821568
2471	2291	4.808598
2471	6	4.767302
2471	32	4.762234
2471	2571	4.682372
2471	2791	4.649129
2471	2000	4.616738
2472	736	4.718687
2472	3623	4.664089
2472	2012	4.589160
2472	3717	4.474485
2472	1391	4.434700
2472	587	4.242074
2472	3408	4.175110
2472	253	4.111277
2472	3578	4.001001
2472	3082	3.944574
2473	2571	5.166046
2473	1240	5.000521
2473	1580	4.758947
2473	2000	4.718419
2473	2657	4.691533
2473	296	4.630792
2473	1374	4.578654
2473	3160	4.510598
2473	1270	4.506561
2473	1036	4.502765
2474	2640	4.582866
2474	1954	4.495384
2474	1240	4.484627
2474	260	4.284737
2474	1225	4.203143
2474	1206	4.166979
2474	296	4.160137
2474	2288	4.137611
2474	858	4.098011
2474	1036	4.089332
2475	1982	5.927829
2475	968	5.625847
2475	1199	5.423314
2475	2455	5.411844
2475	1350	5.287141
2475	2657	5.278062
2475	2160	5.276996
2475	1347	5.221497
2475	1387	5.205293
2475	1970	5.197917
2476	1234	5.742073
2476	1136	5.573883
2476	1276	5.573491
2476	1304	5.280250
2476	1080	5.253399
2476	1269	5.251072
2476	1230	5.082490
2476	2657	5.075214
2476	1961	5.011078
2476	1265	4.966670
2477	260	5.913271
2477	1276	5.738336
2477	1204	5.705180
2477	1304	5.625318
2477	1247	5.599550
2477	913	5.563840
2477	920	5.506724
2477	3471	5.499607
2477	3435	5.498419
2477	903	5.449447
2478	3176	5.032602
2478	2762	5.026546
2478	1721	4.985236
2478	527	4.878452
2478	590	4.742565
2478	2028	4.725688
2478	457	4.682667
2478	2763	4.615867
2478	1610	4.571958
2478	1608	4.479948
2479	913	5.189657
2479	2762	4.836744
2479	1954	4.787502
2479	1222	4.638817
2479	2194	4.618105
2479	2858	4.552231
2479	1198	4.536260
2479	318	4.470844
2479	858	4.405024
2479	2406	4.391687
2480	2858	4.348010
2480	2762	4.284137
2480	3175	4.124540
2480	2716	4.002890
2480	2997	3.995819
2480	2706	3.752972
2480	2683	3.633814
2480	3160	3.586577
2480	2395	3.571926
2480	2571	3.543890
2481	1265	6.715564
2481	1307	6.414393
2481	34	6.268335
2481	1	5.912301
2481	1028	5.813495
2481	1288	5.606165
2481	1079	5.514059
2481	1961	5.480395
2481	2918	5.446377
2481	1394	5.434811
2482	1073	4.283567
2482	2762	4.181295
2482	2692	3.876515
2482	3006	3.852554
2482	590	3.720384
2482	2396	3.711727
2482	356	3.696088
2482	367	3.677442
2482	2406	3.611358
2482	2987	3.586072
2483	1022	7.045611
2483	2968	6.926470
2483	2987	6.847828
2483	527	6.745073
2483	969	6.688461
2483	919	6.662402
2483	260	6.662105
2483	595	6.616408
2483	1282	6.531815
2483	2018	6.518528
2484	1580	6.053436
2484	1584	5.821851
2484	1921	5.652319
2484	589	5.636320
2484	1215	5.577116
2484	70	5.255158
2484	2858	5.191379
2484	3535	5.155924
2484	110	5.104295
2484	1527	5.051581
2485	2605	6.115431
2485	2881	6.105525
2485	2706	6.069916
2485	2490	6.059053
2485	3623	5.942682
2485	2683	5.868769
2485	1722	5.721387
2485	2353	5.560723
2485	3219	5.524711
2485	736	5.519236
2486	1265	5.615482
2486	34	5.027571
2486	1	4.969849
2486	2716	4.890152
2486	2997	4.812092
2486	1060	4.534691
2486	1307	4.468373
2486	3869	4.468200
2486	1784	4.436113
2486	2355	4.426360
2487	1097	4.788674
2487	1270	4.604385
2487	2797	4.479618
2487	2791	4.476096
2487	2858	4.432396
2487	2918	4.431998
2487	1259	4.339617
2487	1265	4.291581
2487	2716	4.263047
2487	260	4.184605
2489	3198	5.238774
2489	1208	5.027837
2489	905	5.005968
2489	1136	4.909267
2489	1196	4.622858
2489	1269	4.621061
2489	260	4.568187
2489	2871	4.528741
2489	1212	4.518085
2489	1953	4.455916
2491	2871	6.030743
2491	2987	5.492633
2491	1073	5.476458
2491	1019	5.359707
2491	1282	5.252476
2491	2363	5.120837
2491	1233	5.092668
2491	1225	5.015738
2491	2054	4.949365
2491	2028	4.884310
2492	1307	4.531396
2492	2858	4.417237
2492	1265	4.024937
2492	2997	3.911179
2492	2762	3.879415
2492	3175	3.823647
2492	2396	3.803001
2492	1197	3.671971
2492	3671	3.620993
2492	260	3.610363
2493	3173	5.619183
2493	2628	5.443970
2493	1580	5.349953
2493	3793	4.952390
2493	3948	4.911822
2493	3409	4.875626
2493	3893	4.856194
2493	70	4.851108
2493	1101	4.779879
2493	3510	4.778068
2494	2706	5.863261
2494	1580	5.498545
2494	2683	5.487421
2494	1500	5.464010
2494	3450	5.448168
2494	1747	5.302436
2494	1517	5.269868
2494	2395	5.254456
2494	1923	5.207322
2494	223	5.107277
2495	587	6.600210
2495	2424	6.409275
2495	2581	6.348096
2495	2688	6.271347
2495	736	6.187365
2495	2881	5.802891
2495	2369	5.714354
2495	852	5.650705
2495	337	5.644940
2495	1569	5.514425
2496	2871	5.392350
2496	1073	5.334615
2496	913	5.113065
2496	1954	5.087296
2496	3753	5.045196
2496	2762	4.980561
2496	2840	4.977875
2496	260	4.900902
2496	2628	4.810414
2496	2406	4.657155
2497	1374	6.320018
2497	2804	6.299260
2497	1198	6.248604
2497	3360	6.151583
2497	2571	6.123312
2497	1196	5.944607
2497	1221	5.935520
2497	1197	5.926811
2497	1200	5.750420
2497	2028	5.643582
2498	913	7.574407
2498	383	6.291253
2498	3494	6.241344
2498	1201	6.227042
2498	968	6.209230
2498	2951	6.201577
2498	2013	6.075470
2498	2723	5.901645
2498	3016	5.784202
2498	2688	5.746206
2499	2490	6.227227
2499	2881	6.120644
2499	1513	5.981275
2499	2605	5.927824
2499	2723	5.900607
2499	2683	5.786089
2499	2580	5.601768
2499	2720	5.514692
2499	3174	5.398109
2499	3157	5.351640
2500	2336	6.314480
2500	17	6.107995
2500	247	6.073391
2500	1094	5.962975
2500	1097	5.941851
2500	3175	5.698090
2500	1250	5.676050
2500	912	5.665070
2500	2716	5.625887
2500	265	5.592967
2501	2683	5.436368
2501	1513	5.390276
2501	2805	5.028461
2501	2694	4.967024
2501	2706	4.899358
2501	2598	4.771941
2501	2490	4.752904
2501	2395	4.737200
2501	2959	4.635373
2501	2369	4.634076
2503	3072	6.260857
2503	1962	6.239231
2503	2003	6.118203
2503	1961	6.039946
2503	1394	5.954738
2503	1307	5.882998
2503	3424	5.864727
2503	1091	5.729910
2503	2746	5.704007
2503	1228	5.694455
2504	2194	6.165355
2504	1407	5.514263
2504	2959	5.434351
2504	3639	5.426830
2504	3174	5.312824
2504	3752	5.061358
2504	3706	5.041787
2504	1954	4.985204
2504	457	4.934364
2504	2991	4.904532
2505	2028	4.736200
2505	527	4.652726
2505	589	4.569002
2505	2858	4.474693
2505	2762	4.457441
2505	2571	4.380517
2505	1196	4.335856
2505	593	4.212348
2505	3471	4.203997
2505	2916	4.198473
2506	1265	7.353090
2506	2791	6.632379
2506	3526	6.615247
2506	3210	6.510051
2506	246	6.437448
2506	1962	6.422193
2506	2329	6.395871
2506	2966	6.254154
2506	2918	6.243433
2506	162	6.232112
2507	1214	6.006463
2507	1269	5.927688
2507	1617	5.652239
2507	2194	5.615546
2507	1201	5.428408
2507	1179	5.392794
2507	1240	5.361946
2507	1954	5.268677
2507	296	5.230207
2507	1222	5.226809
2508	2683	5.886770
2508	2490	5.807882
2508	2598	5.641226
2508	2688	5.629457
2508	2881	5.521791
2508	3219	5.464533
2508	3053	5.391923
2508	2605	5.350783
2508	785	5.336087
2508	2805	5.278379
2509	2194	5.934582
2509	2571	5.555535
2509	1222	5.357796
2509	2000	5.290494
2509	1036	5.208249
2509	1213	5.178821
2509	296	5.112752
2509	1240	5.054826
2509	1673	5.015684
2509	2028	4.892464
2510	260	5.721230
2510	1198	5.512532
2510	1206	5.350962
2510	3471	5.319948
2510	1196	5.297069
2510	1221	5.210532
2510	1252	5.164503
2510	2571	5.057224
2510	2028	5.040559
2510	1210	4.976657
2512	912	5.639885
2512	260	5.522523
2512	1387	5.307467
2512	1198	5.299247
2512	858	5.195493
2512	1204	5.068955
2512	1225	5.038854
2512	1214	5.010168
2512	3471	5.007133
2512	913	5.006905
2513	1500	6.718847
2513	104	6.702776
2513	1747	6.644589
2513	3552	6.548570
2513	1307	6.436639
2513	3526	6.272115
2513	1517	6.241437
2513	3448	6.125372
2513	497	5.851299
2513	2918	5.803736
2514	457	6.980972
2514	1610	6.771543
2514	377	6.612468
2514	1206	6.553585
2514	1617	6.488471
2514	1240	6.342000
2514	32	6.317884
2514	589	6.301778
2514	2571	6.225149
2514	1954	6.163399
2515	1527	5.547442
2515	2916	5.372388
2515	589	5.263782
2515	1580	5.071577
2515	3160	4.895548
2515	32	4.743668
2515	1573	4.639269
2515	110	4.622850
2515	1127	4.569961
2515	2858	4.544571
2517	1580	5.839774
2517	480	5.787412
2517	2706	5.449903
2517	2628	5.071544
2517	3160	5.034174
2517	32	4.985717
2517	1584	4.908074
2517	110	4.814665
2517	2916	4.763001
2517	3176	4.761908
2518	1073	4.530053
2518	3753	4.353454
2518	3827	4.147200
2518	1997	4.134768
2518	1225	4.088143
2518	260	4.005054
2518	3911	3.890879
2518	3155	3.876419
2518	1088	3.846865
2518	1380	3.711452
2519	2355	5.720274
2519	2985	5.545824
2519	2761	5.511705
2519	1356	5.374847
2519	1876	5.374144
2519	3159	5.346066
2519	1408	5.320424
2519	1127	5.224867
2519	674	5.218497
2519	648	5.129643
2520	551	6.114595
2520	34	5.884287
2520	1035	5.743220
2520	36	5.491619
2520	1073	5.344471
2520	25	5.297399
2520	1225	5.277958
2520	150	5.153016
2520	2966	5.151327
2520	1265	5.148112
2521	589	5.847303
2521	2194	5.589359
2521	2455	5.356218
2521	1036	5.224987
2521	2628	5.130166
2521	2640	4.978080
2521	110	4.856614
2521	2571	4.842679
2521	3160	4.841105
2521	2858	4.832540
2522	1876	6.700722
2522	1527	6.643497
2522	329	6.347439
2522	1573	6.279992
2522	1917	6.203507
2522	316	6.141525
2522	2393	5.979974
2522	1552	5.962594
2522	2167	5.957292
2522	1676	5.934952
2523	1294	5.089228
2523	1282	5.057097
2523	920	5.031984
2523	969	5.028933
2523	2018	4.937947
2523	1230	4.923325
2523	1097	4.852109
2523	3363	4.768092
2523	260	4.761805
2523	916	4.729217
2525	1028	5.733784
2525	34	5.567862
2525	3424	5.385710
2525	1307	5.282173
2525	588	5.265704
2525	1079	5.179250
2525	1	5.165837
2525	162	5.123993
2525	3072	5.097043
2525	1270	4.962634
2526	1831	6.900254
2526	196	6.573291
2526	1037	6.156109
2526	3697	6.122257
2526	172	6.091051
2526	1391	6.085879
2526	1676	6.081988
2526	2986	5.902800
2526	1779	5.899421
2526	2167	5.885924
2528	2699	7.240768
2528	736	7.008285
2528	1391	6.866122
2528	2683	6.217565
2528	2826	6.210551
2528	2881	6.192919
2528	3623	6.191718
2528	1917	6.180954
2528	466	6.131142
2528	2490	6.114779
2529	1831	6.934032
2529	2694	6.893762
2529	2722	6.879485
2529	2431	6.797561
2529	2053	6.750745
2529	435	6.653054
2529	3638	6.610657
2529	3717	6.597607
2529	1092	6.575287
2529	2805	6.542378
2531	920	5.551233
2531	1294	5.137375
2531	1183	5.123877
2531	594	5.107424
2531	899	4.915641
2531	2081	4.763872
2531	596	4.680650
2531	590	4.572611
2531	2987	4.569521
2531	3528	4.539992
2532	969	5.725907
2532	2018	5.316754
2532	919	5.315864
2532	1282	5.210763
2532	1073	5.099541
2532	260	5.010063
2532	1035	4.995915
2532	364	4.922691
2532	34	4.897207
2532	1097	4.857748
2533	539	7.140794
2533	2424	7.105859
2533	1888	6.938202
2533	252	6.743351
2533	372	6.711552
2533	1777	6.506926
2533	339	6.443923
2533	597	6.164197
2533	586	6.059495
2533	1409	6.042230
2534	1307	7.285528
2534	1394	6.859470
2534	1238	6.311794
2534	1235	6.244044
2534	3072	6.054675
2534	1223	5.968822
2534	1136	5.899859
2534	1294	5.844207
2534	1265	5.786595
2534	3362	5.763809
2535	1269	4.924810
2535	1617	4.775737
2535	296	4.736242
2535	34	4.643001
2535	1265	4.631191
2535	1214	4.508468
2535	1912	4.484077
2535	32	4.407176
2535	1240	4.385632
2535	2291	4.356844
2536	852	6.616865
2536	252	6.550292
2536	231	6.365875
2536	372	6.245809
2536	1513	6.235949
2536	2369	6.044227
2536	367	6.002698
2536	1614	5.993480
2536	333	5.967961
2536	1409	5.859649
2537	1214	5.339885
2537	1240	4.952418
2537	2985	4.853187
2537	1407	4.785863
2537	1617	4.762623
2537	589	4.749597
2537	2761	4.698990
2537	2194	4.669750
2537	3175	4.666057
2537	1387	4.653656
2539	1240	5.666092
2539	1198	5.542534
2539	260	5.237972
2539	1617	5.097011
2539	3471	5.090907
2539	296	5.042910
2539	527	5.010765
2539	1954	4.998051
2539	1097	4.931744
2539	1196	4.895663
2540	788	7.545775
2540	153	6.543529
2540	2672	6.470933
2540	2701	6.180019
2540	3438	6.139861
2540	2541	5.928282
2540	170	5.632457
2540	2699	5.630189
2540	2694	5.527077
2540	3354	5.511560
2541	339	6.483189
2541	1777	6.317942
2541	380	6.290527
2541	1711	5.995830
2541	1569	5.823673
2541	3528	5.777287
2541	7	5.758063
2541	838	5.757552
2541	368	5.748568
2541	1735	5.562916
2544	253	5.206882
2544	1407	4.818199
2544	1339	4.805828
2544	3638	4.619023
2544	3499	4.616286
2544	3408	4.597820
2544	3100	4.417026
2544	2167	4.373291
2544	3704	4.344620
2544	2916	4.292283
2545	2959	4.817790
2545	1407	4.691123
2545	2916	4.472001
2545	2194	4.413676
2545	1959	4.403239
2545	3174	4.360181
2545	3160	4.341963
2545	1214	4.276737
2545	2571	4.270909
2545	3499	4.215687
2546	1035	5.833044
2546	1225	5.669461
2546	919	5.587715
2546	34	5.471576
2546	1073	5.417658
2546	969	5.411041
2546	2565	5.302873
2546	1282	5.286686
2546	1097	5.254296
2546	1947	5.191818
2547	1304	6.309835
2547	1230	6.233718
2547	1276	5.967512
2547	1199	5.891329
2547	1136	5.808973
2547	750	5.768645
2547	1267	5.748213
2547	1080	5.660790
2547	1234	5.620748
2547	955	5.572891
2548	2490	5.551148
2548	3175	5.321209
2548	2723	5.026060
2548	3219	5.014332
2548	2699	4.938058
2548	3113	4.891978
2548	2396	4.885957
2548	3053	4.766225
2548	2805	4.739263
2548	2541	4.718865
2550	1230	5.924728
2550	1294	5.495791
2550	3363	5.482539
2550	919	5.438505
2550	750	5.308348
2550	913	5.263265
2550	969	5.211539
2550	1276	5.187729
2550	3508	5.095864
2550	910	5.081448
2551	2433	5.433102
2551	2712	5.107166
2551	3174	4.938165
2551	2706	4.937623
2551	3408	4.848073
2551	1127	4.824183
2551	2396	4.777787
2551	2759	4.714533
2551	2997	4.710797
2551	2858	4.653243
2552	1220	4.584510
2552	296	4.565519
2552	318	4.396237
2552	2746	4.388625
2552	2194	4.345863
2552	2100	4.326794
2552	593	4.247105
2552	3751	4.159281
2552	2797	4.131861
2552	1213	4.026898
2554	1265	5.601125
2554	34	5.587242
2554	527	5.554296
2554	2797	5.422378
2554	593	5.201073
2554	551	5.117801
2554	608	5.088114
2554	296	5.077412
2554	265	5.059492
2554	2028	5.056036
2555	34	5.077210
2555	608	4.916087
2555	1213	4.894639
2555	1265	4.851607
2555	32	4.766503
2555	1374	4.762169
2555	3751	4.761813
2555	1240	4.750526
2555	2997	4.714873
2555	1704	4.679287
2556	551	5.274715
2556	36	4.713860
2556	247	4.697056
2556	1265	4.691190
2556	1035	4.594277
2556	364	4.502153
2556	162	4.482778
2556	661	4.463669
2556	588	4.256520
2556	1584	4.213765
2557	593	4.594752
2557	296	4.592568
2557	2028	4.526911
2557	34	4.523624
2557	608	4.493453
2557	2571	4.476752
2557	110	4.474155
2557	2291	4.456384
2557	1097	4.422230
2557	1210	4.398612
2558	2916	5.107730
2558	480	5.039062
2558	2628	5.012686
2558	2167	4.962379
2558	1527	4.885404
2558	2528	4.815996
2558	2640	4.810789
2558	1717	4.667864
2558	2617	4.608207
2558	329	4.587523
2559	480	6.783472
2559	1527	6.605029
2559	2916	6.419973
2559	1573	6.289720
2559	1876	6.192685
2559	1676	6.130493
2559	2628	6.041166
2559	349	5.560049
2559	1544	5.515806
2559	674	5.467120
2560	2916	5.503563
2560	457	5.331683
2560	3176	5.280289
2560	377	5.247992
2560	1580	5.205888
2560	480	5.203149
2560	32	5.128088
2560	733	5.050175
2560	16	5.001117
2560	150	4.922633
2561	1060	7.049979
2561	1265	6.971277
2561	1357	6.970871
2561	357	6.778900
2561	1883	6.572285
2561	3253	6.525998
2561	104	6.518997
2561	588	6.380652
2561	3108	6.342471
2561	1393	6.011039
2562	595	7.035982
2562	1907	6.517820
2562	1029	6.123387
2562	783	6.091420
2562	594	6.063150
2562	1022	5.918138
2562	2080	5.748717
2562	596	5.698308
2562	1294	5.403873
2562	1282	5.340992
2564	1608	6.317308
2564	1722	6.305507
2564	1573	5.999957
2564	1597	5.955198
2564	1909	5.803953
2564	380	5.680126
2564	377	5.524145
2564	454	5.495763
2564	2881	5.468925
2564	1408	5.371120
2565	2394	4.495836
2565	3081	4.432338
2565	2396	4.425046
2565	3114	4.190317
2565	2805	4.119177
2565	2716	3.985822
2565	2710	3.940117
2565	2762	3.837870
2565	2012	3.830399
2565	2699	3.754677
2566	2000	4.820126
2566	34	4.778325
2566	608	4.606209
2566	1704	4.474264
2566	2997	4.424931
2566	296	4.395775
2566	1784	4.357665
2566	3751	4.355680
2566	2858	4.295798
2566	1	4.293102
2567	527	5.288019
2567	2406	5.179948
2567	2028	5.134647
2567	912	5.114497
2567	260	5.106801
2567	920	5.087770
2567	318	5.049144
2567	593	5.000492
2567	2762	4.851701
2567	1210	4.831913
2568	2805	6.905990
2568	2581	6.360006
2568	2433	6.284915
2568	2580	6.195132
2568	2599	6.138408
2568	2541	5.955479
2568	2694	5.950992
2568	2770	5.695732
2568	2355	5.618307
2568	2710	5.566601
2569	589	7.575915
2569	1240	6.834504
2569	2640	6.736815
2569	2571	6.712142
2569	1965	6.678280
2569	1673	6.645607
2569	296	6.522990
2569	2194	6.483799
2569	1129	6.414902
2569	457	6.398828
2570	380	5.557184
2570	17	5.517785
2570	1608	5.287698
2570	1747	5.189927
2570	1722	5.182752
2570	1183	5.127658
2570	2336	5.073666
2570	3175	5.064751
2570	2671	4.917138
2570	2424	4.791245
2571	920	5.755711
2571	912	5.232177
2571	260	5.044148
2571	899	4.918132
2571	1947	4.909083
2571	1204	4.825053
2571	1073	4.800335
2571	2797	4.790720
2571	2987	4.687254
2571	2087	4.611203
2572	1387	5.721709
2572	1304	5.663842
2572	1214	5.633529
2572	1276	5.317467
2572	1221	5.265625
2572	1234	5.168791
2572	750	5.160758
2572	3671	5.127540
2572	1199	5.126162
2572	1230	5.057337
2573	1206	4.820662
2573	920	4.755963
2573	1304	4.691166
2573	260	4.590390
2573	1252	4.543601
2573	910	4.481185
2573	589	4.435081
2573	924	4.423592
2573	858	4.420183
2573	903	4.389182
2574	1240	5.883382
2574	608	5.873529
2574	1617	5.757786
2574	1214	5.650229
2574	750	5.563196
2574	1200	5.466405
2574	589	5.463872
2574	924	5.462964
2574	1304	5.438101
2574	1206	5.372660
2575	1917	7.070099
2575	1573	6.891340
2575	1676	6.699593
2575	316	6.422253
2575	648	6.351184
2575	1544	6.212410
2575	1527	6.120742
2575	1356	6.078128
2575	3697	5.848464
2575	1608	5.802746
2576	2701	7.005950
2576	2490	6.966938
2576	1562	6.825708
2576	3623	6.598436
2576	2126	6.480730
2576	1917	6.474685
2576	466	6.448156
2576	2694	6.443099
2576	1037	6.410036
2576	1779	6.389788
2577	2699	5.661473
2577	2713	5.655579
2577	2716	5.653732
2577	2490	5.395395
2577	2396	5.175875
2577	3175	5.173308
2577	2541	5.081210
2577	1909	5.018352
2577	2976	5.009820
2577	3219	4.994010
2578	32	5.573949
2578	1077	5.569100
2578	1206	5.568322
2578	3702	5.362351
2578	6	5.357328
2578	272	5.347706
2578	2433	5.276919
2578	1625	5.234031
2578	293	5.166241
2578	377	5.122808
2579	858	5.033510
2579	1198	5.025428
2579	1234	5.019330
2579	1221	4.933358
2579	919	4.932224
2579	912	4.869562
2579	111	4.849695
2579	1193	4.824241
2579	1196	4.807852
2579	608	4.801176
2580	2746	5.689712
2580	1265	5.433688
2580	1307	5.365048
2580	1569	5.195288
2580	17	4.879927
2580	2716	4.735220
2580	2424	4.726940
2580	246	4.643231
2580	339	4.598868
2580	2081	4.588929
2581	1917	4.757150
2581	2023	4.668782
2581	2628	4.652988
2581	2688	4.640488
2581	380	4.600320
2581	2490	4.593859
2581	303	4.517385
2581	165	4.499629
2581	590	4.461561
2581	260	4.458854
2583	2087	7.591232
2583	364	7.390854
2583	2294	7.179583
2583	595	7.144494
2583	783	7.012971
2583	1019	6.647974
2583	661	6.621288
2583	588	6.603939
2583	1907	6.452384
2583	2384	6.291299
2585	364	5.930148
2585	588	5.226119
2585	3684	5.075314
2585	3418	5.072921
2585	2916	5.068682
2585	1907	4.884821
2585	36	4.814377
2585	457	4.794493
2585	377	4.677285
2585	16	4.642952
2586	1265	5.889198
2586	1276	5.882394
2586	1307	5.879618
2586	1079	5.813309
2586	750	5.694780
2586	1270	5.617953
2586	1230	5.610206
2586	1077	5.609173
2586	2918	5.588992
2586	1234	5.554637
2587	1580	5.126809
2587	2858	4.775832
2587	457	4.709734
2587	2571	4.661073
2587	1921	4.547941
2587	32	4.540138
2587	593	4.451173
2587	356	4.439612
2587	608	4.420607
2587	3578	4.412207
2588	3253	6.850520
2588	1923	6.205795
2588	2108	6.082347
2588	337	6.002860
2588	2671	5.894096
2588	3174	5.759296
2588	1883	5.752051
2588	39	5.683948
2588	342	5.683709
2588	2355	5.619117
2589	1580	6.718505
2589	1584	6.352207
2589	110	6.333625
2589	589	6.258624
2589	21	6.137983
2589	2571	5.869642
2589	1921	5.818271
2589	2291	5.766344
2589	480	5.754485
2589	6	5.733133
2590	1198	6.175176
2590	1221	6.174734
2590	1197	6.079820
2590	1259	5.878534
2590	1090	5.818734
2590	1387	5.600239
2590	1394	5.578167
2590	1196	5.552037
2590	1957	5.514890
2590	260	5.494700
2591	1240	5.192466
2591	608	5.161986
2591	1249	4.957395
2591	296	4.759103
2591	260	4.720508
2591	1198	4.664649
2591	593	4.642338
2591	2028	4.566019
2591	1206	4.563887
2591	527	4.520304
2592	913	6.373055
2592	1947	6.267532
2592	912	6.150796
2592	2987	5.872538
2592	920	5.853637
2592	2336	5.703616
2592	2762	5.614252
2592	260	5.583227
2592	527	5.476145
2592	2067	5.382717
2593	589	5.190726
2593	2918	5.143546
2593	1617	4.957863
2593	608	4.927156
2593	2291	4.926301
2593	1210	4.920872
2593	3418	4.905130
2593	1265	4.891505
2593	1584	4.768119
2593	527	4.719795
2594	3510	5.221247
2594	3752	5.087066
2594	2001	5.029452
2594	3793	4.924499
2594	2194	4.721658
2594	2580	4.576795
2594	1407	4.560588
2594	3753	4.555975
2594	3763	4.537987
2594	2959	4.531927
2595	153	7.487155
2595	2717	6.809324
2595	788	6.541889
2595	2642	6.446514
2595	435	6.112427
2595	2450	6.028377
2595	1562	5.802013
2595	2421	5.772591
2595	1371	5.700807
2595	2408	5.612052
2596	1777	6.260544
2596	2424	5.885598
2596	1569	5.728543
2596	11	5.682104
2596	1747	5.581811
2596	1721	5.468665
2596	1722	5.392394
2596	357	5.361716
2596	3253	5.315788
2596	1711	5.209520
2597	539	5.855045
2597	2424	5.770541
2597	339	5.763595
2597	1777	5.503336
2597	587	5.290908
2597	1265	5.072905
2597	380	4.891086
2597	3259	4.862430
2597	357	4.826864
2597	1735	4.781096
2599	364	6.939656
2599	1029	6.516650
2599	1907	6.488752
2599	2081	6.342131
2599	1032	6.245400
2599	2687	6.201164
2599	1294	6.149528
2599	2085	6.146625
2599	2294	5.896819
2599	1028	5.849520
2600	21	6.842593
2600	1584	6.694023
2600	32	6.362516
2600	1653	6.287286
2600	377	6.238426
2600	6	6.162010
2600	1580	6.157889
2600	454	6.153401
2600	1883	6.117016
2600	1732	6.052383
2603	3176	4.991544
2603	457	4.781756
2603	377	4.534850
2603	1721	4.487631
2603	1580	4.443618
2603	3408	4.426701
2603	16	4.384417
2603	1912	4.322067
2603	2706	4.304352
2603	587	4.301535
2604	1198	5.131661
2604	260	4.930371
2604	2804	4.867449
2604	1097	4.636347
2604	1221	4.626648
2604	608	4.622075
2604	1197	4.618176
2604	1961	4.615082
2604	296	4.614003
2604	2028	4.572598
2605	260	5.707531
2605	1198	5.181670
2605	912	5.151373
2605	1259	5.006477
2605	527	4.960783
2605	1233	4.873609
2605	1225	4.796796
2605	2028	4.750376
2605	1136	4.697679
2605	1097	4.682119
2606	3671	5.196927
2606	898	5.050157
2606	1307	5.042062
2606	750	5.016296
2606	3363	5.002002
2606	1238	4.936965
2606	1276	4.802421
2606	34	4.774421
2606	1	4.764901
2606	1265	4.759914
2607	3418	4.870639
2607	296	4.815574
2607	1393	4.722462
2607	593	4.712180
2607	588	4.662614
2607	364	4.593032
2607	356	4.496147
2607	1912	4.450461
2607	25	4.436063
2607	457	4.421731
2608	1276	5.780940
2608	912	5.586879
2608	1230	5.535193
2608	1387	5.455370
2608	750	5.410575
2608	1231	5.375200
2608	1304	5.273636
2608	1207	5.263338
2608	1214	5.262208
2608	1247	5.227959
2609	1407	6.947406
2609	2916	6.179145
2609	2167	6.142463
2609	1527	6.026384
2609	3476	5.841561
2609	1997	5.817722
2609	2529	5.754840
2609	2985	5.697197
2609	2912	5.680840
2609	3702	5.670654
2610	2000	5.497403
2610	3535	5.215328
2610	3160	5.105073
2610	3450	5.074965
2610	2657	4.993912
2610	551	4.898660
2610	2858	4.842729
2610	1302	4.832185
2610	2194	4.758549
2610	1261	4.755840
2611	2683	5.882013
2611	2598	5.875775
2611	2581	5.811188
2611	2580	5.802163
2611	2716	5.755665
2611	2805	5.584151
2611	1513	5.567936
2611	2710	5.440720
2611	2433	5.396934
2611	223	5.388683
2612	39	6.098433
2612	1883	5.827224
2612	104	5.787156
2612	1784	5.751472
2612	356	5.651171
2612	11	5.588920
2612	597	5.469258
2612	1393	5.420935
2612	1357	5.408984
2612	342	5.386919
2614	2355	6.071838
2614	1097	5.950845
2614	2395	5.717482
2614	1374	5.597312
2614	1210	5.441641
2614	2712	5.408130
2614	34	5.381476
2614	2028	5.227111
2614	2396	5.201683
2614	2324	5.103437
2615	2502	5.275276
2615	2692	5.030882
2615	2763	4.779889
2615	2622	4.737304
2615	377	4.737287
2615	2686	4.726501
2615	1959	4.724669
2615	3175	4.705463
2615	2336	4.637298
2615	2706	4.590030
2616	551	5.948500
2616	2791	5.688851
2616	1265	5.667702
2616	1097	5.296762
2616	1035	5.270454
2616	1259	5.242339
2616	1965	5.177019
2616	2657	4.983572
2616	1270	4.895508
2616	296	4.887130
2617	1608	6.810974
2617	377	6.625837
2617	1580	6.242674
2617	16	6.185940
2617	454	6.174245
2617	1722	6.116727
2617	1573	6.069764
2617	1747	6.039449
2617	1393	5.951127
2617	380	5.940790
2619	1198	6.081967
2619	260	5.782576
2619	1221	5.529567
2619	1249	5.496723
2619	593	5.265429
2619	1200	5.233613
2619	1210	5.232836
2619	296	5.208454
2619	1259	5.173084
2619	318	5.168457
2620	2858	5.138060
2620	1210	5.114655
2620	527	5.080112
2620	1196	5.028125
2620	34	4.912771
2620	2028	4.849265
2620	608	4.704270
2620	3471	4.693828
2620	1617	4.657661
2620	912	4.641165
2621	1225	5.101699
2621	260	4.995537
2621	913	4.911676
2621	1073	4.867086
2621	969	4.861567
2621	953	4.840476
2621	1214	4.839552
2621	919	4.749728
2621	912	4.731155
2621	3471	4.714294
2622	539	7.340322
2622	1777	7.228827
2622	2424	6.918019
2622	339	6.785753
2622	597	6.619248
2622	1569	6.391976
2622	587	6.270050
2622	342	6.245956
2622	11	6.211749
2622	2671	5.992756
2623	1569	7.016585
2623	2581	6.762832
2623	1307	6.618653
2623	539	6.493019
2623	2369	6.481235
2623	500	6.473170
2623	3253	6.448562
2623	587	6.443839
2623	597	6.320138
2623	239	6.136660
2624	1198	6.550807
2624	2028	6.448871
2624	527	6.414666
2624	1249	6.364249
2624	318	6.347530
2624	296	6.224429
2624	593	6.196052
2624	260	6.032651
2624	1210	6.021235
2624	608	6.010880
2625	1345	8.975569
2625	1982	8.838285
2625	1347	8.694242
2625	1994	8.688508
2625	1321	8.676580
2625	2455	8.083482
2625	1407	7.772229
2625	1333	7.719609
2625	968	7.612026
2625	2167	7.409415
2627	2395	5.594345
2627	1222	4.964463
2627	2997	4.945124
2627	34	4.780383
2627	2762	4.773752
2627	1265	4.683873
2627	150	4.610966
2627	2858	4.497549
2627	2396	4.446421
2627	1196	4.433554
2628	2875	7.706924
2628	454	6.895196
2628	3528	6.493537
2628	3827	6.482752
2628	2146	6.438457
2628	1835	6.234891
2628	832	6.208880
2628	587	6.125445
2628	1092	6.099176
2628	2125	6.077888
2629	2716	4.872774
2629	1265	4.781585
2629	1201	4.737334
2629	913	4.709221
2629	1276	4.663076
2629	3671	4.660497
2629	1234	4.498287
2629	1304	4.464863
2629	1207	4.422370
2629	1222	4.417247
2630	2580	5.637845
2630	3175	5.532112
2630	2683	5.496187
2630	2490	5.380606
2630	2688	5.312226
2630	3219	5.233614
2630	2710	5.180732
2630	2433	5.151809
2630	223	5.125395
2630	2706	5.025169
2631	1307	6.218811
2631	1265	5.318163
2631	2243	5.058228
2631	1172	4.726727
2631	1394	4.672012
2631	2797	4.647585
2631	3072	4.591594
2631	3552	4.410503
2631	1960	4.242607
2631	3362	4.242319
2632	454	6.710840
2632	337	6.567215
2632	1408	6.253852
2632	2355	6.092032
2632	2881	5.908493
2632	3219	5.889445
2632	587	5.804517
2632	2433	5.770825
2632	2688	5.710178
2632	736	5.585821
2633	2688	5.661058
2633	2396	5.476881
2633	2881	5.397507
2633	2433	5.307176
2633	3219	5.182403
2633	3174	5.170283
2633	2712	5.157069
2633	2686	4.926181
2633	2581	4.839053
2633	2959	4.785868
2634	1573	6.205078
2634	1876	5.934345
2634	1527	5.687523
2634	1608	5.624248
2634	3408	5.418884
2634	10	5.396691
2634	2393	5.391156
2634	454	5.330738
2634	1917	5.323049
2634	2985	5.270862
2635	2288	7.311132
2635	3932	7.037200
2635	1261	6.655798
2635	2455	6.632756
2635	2160	6.578999
2635	2640	6.520770
2635	2948	6.352243
2635	2194	6.247471
2635	1350	6.239918
2635	1252	6.170469
2636	1500	5.291946
2636	1265	5.124012
2636	2000	4.860552
2636	293	4.854778
2636	1747	4.773494
2636	2858	4.631713
2636	1517	4.560972
2636	608	4.530290
2636	1732	4.506895
2636	39	4.404067
2637	2394	5.824384
2637	2688	5.489474
2637	1513	5.022114
2637	2724	4.998182
2637	2605	4.925292
2637	2336	4.820067
2637	2490	4.818590
2637	2881	4.796870
2637	2686	4.789696
2637	3623	4.677614
2638	968	6.407299
2638	2710	5.319456
2638	2716	5.246052
2638	3639	5.207037
2638	1339	5.041459
2638	3671	4.963310
2638	1407	4.927200
2638	1077	4.868368
2638	2699	4.751918
2638	3175	4.704873
2639	34	4.914655
2639	2355	4.721547
2639	356	4.472017
2639	39	4.447142
2639	2599	4.355817
2639	2321	4.330597
2639	2706	4.319220
2639	32	4.304908
2639	608	4.283476
2639	1704	4.219918
2641	1206	4.643706
2641	2716	4.588266
2641	3717	4.578319
2641	3044	4.567388
2641	1197	4.564981
2641	3897	4.564915
2641	1387	4.507506
2641	2997	4.445736
2641	3543	4.442189
2641	3360	4.423737
2642	1608	5.791530
2642	1580	5.751078
2642	377	5.649847
2642	1747	5.374841
2642	16	5.330618
2642	1722	5.322597
2642	3408	5.238143
2642	3176	5.161742
2642	2706	5.130711
2642	380	5.116955
2643	1374	6.987045
2643	3160	6.577938
2643	3701	6.442577
2643	2985	6.127818
2643	2916	6.118293
2643	480	5.797508
2643	32	5.618926
2643	1124	5.589896
2643	2571	5.489367
2643	592	5.471031
2645	1265	5.857439
2645	1307	5.469542
2645	587	4.797283
2645	1393	4.765250
2645	357	4.760005
2645	356	4.756870
2645	588	4.710653
2645	2150	4.653551
2645	597	4.582862
2645	3552	4.481177
2648	920	4.563203
2648	1097	4.484211
2648	1230	4.462087
2648	1259	4.448708
2648	919	4.329450
2648	912	4.321979
2648	2858	4.318932
2648	608	4.318834
2648	1247	4.260383
2648	750	4.229658
2649	589	5.386731
2649	1198	5.279143
2649	2571	5.204943
2649	1197	5.193011
2649	608	5.157642
2649	3578	5.157606
2649	3863	5.121357
2649	2858	5.119329
2649	3510	5.111444
2649	1221	5.110579
2650	34	5.171806
2650	1196	4.922389
2650	1097	4.825301
2650	2987	4.801944
2650	1	4.740590
2650	1210	4.707964
2650	3114	4.636892
2650	2396	4.623251
2650	912	4.602036
2650	1198	4.596412
2651	1101	6.721443
2651	3107	6.515991
2651	380	6.486684
2651	292	6.476125
2651	10	6.225088
2651	1608	6.082361
2651	368	6.068692
2651	1573	6.061298
2651	1391	6.055188
2651	2881	5.981431
2652	2716	5.174794
2652	1079	5.168484
2652	34	5.013568
2652	1307	5.009144
2652	1270	4.878476
2652	1077	4.819109
2652	2657	4.736696
2652	745	4.730956
2652	1136	4.632636
2652	2918	4.612212
2654	377	6.299393
2654	1747	5.943189
2654	337	5.926775
2654	1393	5.922702
2654	16	5.868513
2654	1408	5.802087
2654	1721	5.801368
2654	3176	5.740582
2654	2706	5.737818
2654	357	5.722228
2655	2710	5.264002
2655	2683	4.902398
2655	2355	4.883132
2655	2881	4.789818
2655	2976	4.724888
2655	2699	4.661427
2655	223	4.652332
2655	2713	4.651690
2655	3174	4.596130
2655	24	4.596057
2656	2628	6.368230
2656	1101	6.140563
2656	2115	5.756886
2656	2406	5.474002
2656	1573	5.414149
2656	2916	5.333138
2656	648	5.232937
2656	733	5.219688
2656	1527	5.177633
2656	10	5.172868
2658	2628	4.454549
2658	592	4.250978
2658	3160	4.125127
2658	480	4.115885
2658	2571	4.016193
2658	3510	3.919072
2658	1374	3.915037
2658	1580	3.913213
2658	2011	3.856360
2658	2105	3.827844
2659	588	6.358079
2659	17	6.114227
2659	2716	5.725400
2659	2355	5.593479
2659	1294	5.486641
2659	2384	5.483155
2659	1566	5.437157
2659	2081	5.383853
2659	34	5.364776
2659	1188	5.192280
2660	1183	5.151805
2660	588	5.001697
2660	1265	4.993016
2660	1294	4.965185
2660	2396	4.880864
2660	1094	4.860738
2660	920	4.805522
2660	2987	4.602098
2660	1	4.464903
2660	595	4.426668
2661	2100	7.074407
2661	380	6.562864
2661	2470	6.453668
2661	367	6.433572
2661	2424	6.389515
2661	1513	6.334344
2661	708	6.254548
2661	317	6.159114
2661	1569	6.073471
2661	2406	5.924633
2662	2640	5.577347
2662	32	5.438449
2662	3471	5.421463
2662	1196	5.385589
2662	2571	5.355900
2662	1240	5.340281
2662	2858	5.299452
2662	527	5.224422
2662	1252	5.149499
2662	1584	5.104293
2663	3489	5.421254
2663	1097	5.045526
2663	2628	4.966670
2663	2797	4.895564
2663	1073	4.880740
2663	153	4.676739
2663	2968	4.461385
2663	2174	4.452535
2663	2193	4.400240
2663	367	4.364993
2664	3173	6.051208
2664	2245	5.812838
2664	1101	5.784270
2664	3450	5.311765
2664	2145	5.227700
2664	2469	5.208238
2664	1912	5.161029
2664	1958	5.159610
2664	144	5.133773
2664	266	5.043805
2665	527	6.252250
2665	2628	6.059427
2665	2028	6.033593
2665	1196	5.949748
2665	3555	5.856545
2665	1233	5.842296
2665	1259	5.836359
2665	912	5.806455
2665	2640	5.801251
2665	260	5.748227
2666	1307	5.069872
2666	1230	5.023884
2666	1265	4.761208
2666	3671	4.756903
2666	1028	4.697073
2666	1235	4.627759
2666	2300	4.546119
2666	1077	4.456451
2666	750	4.420040
2666	34	4.373302
2667	595	6.220267
2667	2018	5.922196
2667	2294	5.782529
2667	2087	5.656883
2667	364	5.579901
2667	1282	5.507756
2667	661	5.507717
2667	2096	5.499570
2667	1035	5.477700
2667	1294	5.442473
2668	2424	6.923341
2668	2469	6.769576
2668	7	6.538136
2668	2100	6.315169
2668	252	6.289621
2668	1380	6.135837
2668	236	6.021301
2668	2245	5.872231
2668	539	5.862696
2668	3258	5.772694
2669	1198	5.027321
2669	296	4.791539
2669	260	4.789770
2669	1291	4.647612
2669	1240	4.582001
2669	2194	4.559065
2669	318	4.526390
2669	858	4.505968
2669	2028	4.452359
2669	3753	4.402106
2670	2746	5.705171
2670	2100	5.188034
2670	2150	5.143983
2670	2134	4.776205
2670	2406	4.720117
2670	1380	4.706175
2670	2003	4.675390
2670	3897	4.664231
2670	3524	4.649353
2670	3911	4.618936
2672	2571	6.176864
2672	1240	6.159566
2672	589	6.107891
2672	1198	5.674399
2672	457	5.610514
2672	1610	5.603941
2672	1200	5.586180
2672	2028	5.475094
2672	3702	5.309457
2672	296	5.281185
2674	2000	6.340955
2674	1259	6.271190
2674	1265	6.171389
2674	1968	6.017850
2674	296	5.938759
2674	593	5.937626
2674	3361	5.814562
2674	3317	5.690327
2674	2791	5.684806
2674	2321	5.677580
2675	2628	5.459835
2675	1073	5.431234
2675	260	5.158582
2675	2028	5.090527
2675	1291	5.037579
2675	2968	4.994461
2675	1097	4.961059
2675	1198	4.850792
2675	2406	4.807245
2675	2005	4.714710
2676	2406	5.258237
2676	1101	5.089670
2676	2100	4.929905
2676	1073	4.922364
2676	2470	4.786857
2676	2005	4.715833
2676	1608	4.619977
2676	2087	4.536411
2676	1220	4.520971
2676	1088	4.469331
2677	1407	5.613963
2677	589	5.149280
2677	457	4.872578
2677	2916	4.866981
2677	2406	4.857353
2677	1036	4.750905
2677	380	4.730620
2677	1214	4.653894
2677	1994	4.633093
2677	2023	4.567566
2678	480	5.533149
2678	1527	5.365005
2678	1240	5.320969
2678	2194	5.161057
2678	1036	5.138310
2678	110	5.130923
2678	2628	5.072634
2678	3160	4.996236
2678	2640	4.977750
2678	457	4.905515
2679	2628	6.846709
2679	589	6.422986
2679	480	6.230100
2679	1573	6.036700
2679	2640	5.962963
2679	349	5.866926
2679	1610	5.856790
2679	1101	5.677141
2679	2115	5.659569
2679	733	5.653657
2680	2598	6.912648
2680	2683	6.498878
2680	2906	6.244058
2680	2013	6.148148
2680	2336	6.127548
2680	2580	6.103728
2680	2688	6.084415
2680	2734	6.057980
2680	785	5.940176
2680	2959	5.924744
2681	2100	7.692535
2681	2470	6.595685
2681	2405	6.364062
2681	344	6.142557
2681	1381	6.113848
2681	520	5.999375
2681	367	5.982661
2681	3501	5.930893
2681	2141	5.920833
2681	203	5.887046
2682	1573	6.644235
2682	3256	6.628861
2682	1356	6.613171
2682	1909	6.578168
2682	1408	6.554170
2682	1370	6.466497
2682	1527	6.448089
2682	2433	6.234436
2682	2571	6.166223
2682	2916	6.152499
2683	104	7.202491
2683	1265	6.774167
2683	597	6.718760
2683	342	6.590813
2683	357	6.382841
2683	440	6.323069
2683	1569	6.319068
2683	1500	6.251577
2683	539	6.211418
2683	1883	6.204859
2684	1265	5.810425
2684	588	5.726177
2684	3418	5.622621
2684	1784	5.442606
2684	551	5.414432
2684	2291	5.336490
2684	17	5.316938
2684	1094	5.314586
2684	356	5.270137
2684	357	5.246693
2685	588	5.622127
2685	337	5.572915
2685	1183	5.459873
2685	3253	5.443551
2685	34	5.424824
2685	3114	5.323916
2685	3386	5.322966
2685	1	5.275763
2685	1641	5.072029
2685	1682	4.916144
2688	1265	4.880207
2688	3418	4.576811
2688	608	4.536839
2688	296	4.536651
2688	593	4.494668
2688	2858	4.389426
2688	2291	4.365035
2688	2000	4.354634
2688	1617	4.315018
2688	2791	4.296795
2689	1265	5.692344
2689	34	5.446976
2689	608	5.329904
2689	3418	5.186913
2689	588	5.169311
2689	1	5.059641
2689	2291	5.055624
2689	2791	5.017035
2689	593	4.884917
2689	1094	4.843947
2691	2692	4.927820
2691	2858	4.538915
2691	551	4.534827
2691	2640	4.534412
2691	2291	4.358766
2691	296	4.325279
2691	32	4.255228
2691	1035	4.246881
2691	2406	4.241152
2691	1073	4.229323
2692	588	6.707733
2692	357	6.294228
2692	3252	6.167697
2692	1747	6.146538
2692	3105	6.015686
2692	21	6.009001
2692	1393	5.992363
2692	1923	5.867355
2692	2355	5.812489
2692	1608	5.765326
2693	913	5.584525
2693	3471	5.204608
2693	1208	4.920085
2693	260	4.788620
2693	1953	4.755971
2693	1269	4.733696
2693	1252	4.728616
2693	1225	4.727043
2693	1263	4.724767
2693	1954	4.716986
2694	1347	5.988122
2694	1345	5.496261
2694	1994	5.494867
2694	1982	5.468851
2694	366	5.420807
2694	3535	5.354965
2694	2288	5.275368
2694	70	5.256833
2694	3869	5.195932
2694	1130	5.191065
2695	919	5.292211
2695	260	5.224307
2695	1230	5.103409
2695	1304	5.059035
2695	912	4.856064
2695	1294	4.812153
2695	34	4.802095
2695	1234	4.772608
2695	969	4.753792
2695	1276	4.671695
2697	1407	4.270500
2697	2916	3.964801
2697	2023	3.933905
2697	1206	3.849579
2697	3793	3.794623
2697	2762	3.786384
2697	1997	3.753052
2697	1127	3.734871
2697	3175	3.727484
2697	2985	3.723625
2698	1304	5.809856
2698	750	5.540595
2698	1230	5.361133
2698	1206	5.210900
2698	260	5.112661
2698	1276	5.055058
2698	3671	4.953578
2698	1234	4.836451
2698	2987	4.768420
2698	541	4.761055
2699	1097	6.220506
2699	2791	5.853848
2699	2797	5.364663
2699	2174	5.290911
2699	1259	5.283743
2699	1220	5.224976
2699	1270	5.213694
2699	1242	5.190828
2699	1210	5.154240
2699	1198	5.022334
2700	3717	4.876642
2700	3623	4.672738
2700	260	4.507385
2700	3578	4.475865
2700	1196	4.466225
2700	1198	4.440726
2700	2762	4.423696
2700	3273	4.378762
2700	3793	4.346593
2700	1197	4.335950
2701	1917	6.141977
2701	2605	5.894273
2701	434	5.822598
2701	2699	5.779433
2701	2012	5.691087
2701	153	5.622569
2701	736	5.574576
2701	2881	5.547994
2701	2723	5.440985
2701	2722	5.403150
2702	2279	5.958758
2702	1644	5.892019
2702	1690	5.856582
2702	1037	5.730087
2702	968	5.539961
2702	1388	5.499703
2702	674	5.399278
2702	3638	5.365370
2702	3708	5.340185
2702	1371	5.339562
2703	2571	6.161398
2703	110	5.957254
2703	589	5.845334
2703	1580	5.842248
2703	2000	5.749092
2703	457	5.744043
2703	3578	5.649035
2703	1673	5.556833
2703	16	5.452107
2703	3510	5.305811
2704	1225	5.559424
2704	1234	5.290838
2704	1961	5.283324
2704	1962	5.170043
2704	1073	5.089880
2704	953	5.053243
2704	260	4.920214
2704	919	4.897365
2704	2174	4.748154
2704	1097	4.738533
2708	2716	6.647280
2708	2683	6.440191
2708	2805	6.435196
2708	2581	6.415141
2708	2710	6.239440
2708	2598	6.235531
2708	2694	6.014706
2708	1513	5.946165
2708	2723	5.936118
2708	2490	5.871216
2709	1097	6.389123
2709	551	5.981885
2709	1374	5.752475
2709	34	5.724619
2709	2174	5.566016
2709	1242	5.525576
2709	296	5.435212
2709	1035	5.350328
2709	2968	5.344166
2709	1225	5.305395
2710	253	5.189029
2710	3638	4.587270
2710	3751	4.243408
2710	1092	4.208099
2710	1732	4.125206
2710	1645	4.036714
2710	3408	4.029453
2710	2012	3.916421
2710	3578	3.901744
2710	3717	3.888234
2711	589	5.714995
2711	1259	5.713638
2711	2571	5.621638
2711	480	5.372219
2711	2791	5.227225
2711	110	5.120671
2711	1270	5.103684
2711	608	5.085870
2711	1215	5.071100
2711	1580	5.064603
2712	1573	6.746758
2712	1527	6.464482
2712	1580	6.265911
2712	2916	6.035837
2712	349	5.881711
2712	1876	5.847033
2712	1356	5.679749
2712	1370	5.494751
2712	1676	5.446154
2712	1722	5.437913
2715	920	5.696836
2715	1097	5.642354
2715	919	5.606714
2715	969	5.570424
2715	260	5.563670
2715	912	5.479052
2715	1204	5.364496
2715	1225	5.262151
2715	1073	5.028186
2715	1214	4.998102
2718	2390	6.117880
2718	3253	5.662783
2718	1357	5.658738
2718	1784	5.517581
2718	2671	5.492418
2718	1367	5.334866
2718	2395	5.312121
2718	2622	5.272331
2718	17	5.229870
2718	2369	5.227643
2719	3435	7.104767
2719	1304	6.985087
2719	1230	6.753217
2719	750	6.727779
2719	260	6.628057
2719	1204	6.563586
2719	1267	6.454762
2719	1247	6.334641
2719	1952	6.258196
2719	1248	6.243652
2720	589	5.324046
2720	1580	5.295629
2720	1584	5.078296
2720	480	4.991954
2720	2640	4.880241
2720	1527	4.808514
2720	2858	4.784646
2720	2916	4.731884
2720	110	4.722162
2720	3160	4.686324
2721	588	5.294889
2721	595	5.272427
2721	34	5.182970
2721	364	5.134746
2721	3114	4.828913
2721	1	4.799188
2721	1907	4.756553
2721	2018	4.667261
2721	2294	4.607839
2721	2687	4.451299
2723	2100	6.008022
2723	2406	5.825273
2723	3448	5.637172
2723	1220	5.577103
2723	2371	5.518978
2723	2003	5.233745
2723	2792	5.226100
2723	3552	5.182765
2723	296	5.078472
2723	3317	5.078249
2724	3175	4.822280
2724	3606	4.792265
2724	902	4.692163
2724	2396	4.676711
2724	3363	4.661365
2724	1333	4.659176
2724	1566	4.653537
2724	1688	4.567170
2724	2687	4.552952
2724	2908	4.522298
2725	2657	4.890946
2725	1584	4.620989
2725	1965	4.611746
2725	608	4.569256
2725	1673	4.556528
2725	2000	4.429687
2725	2571	4.420422
2725	2640	4.395713
2725	3535	4.375709
2725	480	4.367928
2726	1276	5.523447
2726	912	5.474508
2726	260	5.252374
2726	919	5.201192
2726	1230	5.152017
2726	1097	5.075059
2726	1136	4.980351
2726	953	4.918793
2726	1035	4.914571
2726	1247	4.892924
2727	480	6.998729
2727	2628	6.669972
2727	1097	5.941636
2727	2193	5.816071
2727	1374	5.722993
2727	1580	5.717504
2727	1544	5.670944
2727	2968	5.652995
2727	2916	5.597030
2727	589	5.559253
2728	2628	4.927728
2728	2490	4.847797
2728	2881	4.648720
2728	1909	4.623381
2728	3354	4.614081
2728	648	4.593410
2728	1580	4.575256
2728	2762	4.531173
2728	1917	4.493969
2728	2396	4.491684
2730	1198	5.008829
2730	608	4.976621
2730	260	4.921692
2730	1196	4.875533
2730	296	4.868714
2730	1240	4.825970
2730	593	4.726374
2730	2028	4.674666
2730	1249	4.664349
2730	1259	4.625288
2731	2407	5.717589
2731	2371	5.297054
2731	3524	4.888011
2731	3210	4.755891
2731	2105	4.751555
2731	3704	4.584378
2731	592	4.580547
2731	3897	4.577637
2731	1994	4.535769
2731	3397	4.509601
2732	2628	5.724468
2732	480	5.591745
2732	2916	5.383721
2732	589	5.269515
2732	1527	5.132870
2732	1097	5.058444
2732	2985	5.008991
2732	2571	4.942501
2732	648	4.908079
2732	1127	4.827296
2733	21	6.082417
2733	1265	5.478598
2733	1747	5.414333
2733	110	5.358478
2733	1784	5.345357
2733	3160	5.301235
2733	1580	5.278894
2733	2000	5.208621
2733	1584	5.110611
2733	32	5.007394
2734	2087	6.374644
2734	919	6.109507
2734	1073	5.694999
2734	1282	5.660171
2734	2018	5.530130
2734	2987	5.528760
2734	34	5.478049
2734	899	5.418158
2734	1225	5.383275
2734	1208	5.334950
2736	1265	6.423302
2736	1333	6.151779
2736	1962	5.919487
2736	162	5.753355
2736	2248	5.610510
2736	34	5.570348
2736	2918	5.568974
2736	2065	5.532024
2736	1270	5.486518
2736	2791	5.479906
2737	3617	6.112091
2737	2150	5.688245
2737	2262	5.630337
2737	3911	5.591213
2737	2100	5.498327
2737	587	5.481948
2737	3824	5.384505
2737	594	5.371268
2737	3505	5.193685
2737	3897	5.133748
2738	1883	7.170631
2738	1747	7.138452
2738	2321	7.115509
2738	1393	7.025640
2738	1584	6.840548
2738	39	6.777026
2738	1271	6.744059
2738	357	6.717355
2738	588	6.677219
2738	161	6.652540
2739	2710	5.039287
2739	2336	4.917501
2739	2396	4.875519
2739	968	4.868133
2739	2599	4.864275
2739	2428	4.788701
2739	223	4.771925
2739	2490	4.707367
2739	2433	4.669270
2739	2580	4.538957
2740	2628	5.738256
2740	480	5.416367
2740	2571	5.155394
2740	2916	5.141962
2740	648	5.130348
2740	1356	5.088823
2740	1580	5.051636
2740	1573	4.984603
2740	1527	4.973345
2740	2115	4.848914
2741	1370	5.572082
2741	3510	5.520096
2741	1580	5.344212
2741	3793	5.323234
2741	3623	5.307007
2741	2001	5.232415
2741	3256	5.163065
2741	1805	5.050312
2741	3176	5.019628
2741	2278	5.015603
2742	3489	5.686121
2742	2406	5.510293
2742	1220	5.223912
2742	2470	5.180580
2742	1126	4.881193
2742	1291	4.867722
2742	3157	4.844439
2742	2968	4.718617
2742	2872	4.692926
2742	2028	4.641055
2743	2701	7.449126
2743	3273	7.152209
2743	2840	6.941132
2743	1513	6.879771
2743	2694	6.669170
2743	2723	6.396972
2743	3623	6.238573
2743	2713	6.198094
2743	2805	6.142806
2743	3717	6.078700
2744	3508	7.472270
2744	2288	6.910537
2744	3037	6.735461
2744	3093	6.564136
2744	1219	6.456621
2744	1267	6.414254
2744	1201	6.353471
2744	3365	6.291454
2744	1972	6.283233
2744	1327	6.281222
2745	1580	6.427532
2745	589	6.315876
2745	2628	6.262600
2745	1101	6.072892
2745	1610	6.000381
2745	1921	5.869471
2745	3555	5.772765
2745	474	5.729886
2745	1608	5.688010
2745	1370	5.653528
2746	1265	5.821691
2746	1777	5.431247
2746	1307	5.298102
2746	1747	4.969945
2746	587	4.934180
2746	1569	4.874259
2746	597	4.857785
2746	104	4.795403
2746	356	4.784150
2746	2424	4.758317
2747	34	5.842892
2747	1094	5.669677
2747	588	5.535658
2747	2396	5.408455
2747	2987	5.341256
2747	1294	5.241841
2747	1	5.211048
2747	2078	5.144755
2747	920	5.096149
2747	17	5.065159
2748	2294	7.767903
2748	2384	7.543371
2748	783	7.205280
2748	2394	7.094921
2748	34	6.932216
2748	2702	6.903200
2748	1688	6.825305
2748	986	6.780769
2748	1947	6.648106
2748	1357	6.634888
2749	260	5.450972
2749	1198	5.225309
2749	924	5.102284
2749	919	5.063047
2749	1247	4.876653
2749	1304	4.861104
2749	593	4.761044
2749	608	4.758958
2749	318	4.701239
2749	3435	4.700737
2750	1220	5.967847
2750	2797	5.461671
2750	2791	5.417117
2750	246	5.330466
2750	1265	5.228178
2750	551	5.154024
2750	608	5.088016
2750	36	5.050390
2750	2174	5.030443
2750	1259	5.029705
2751	3911	5.533989
2751	318	5.511648
2751	3949	5.460620
2751	2375	5.388566
2751	3617	5.347402
2751	296	5.347272
2751	1222	5.240131
2751	1198	5.227722
2751	1961	5.224172
2751	3893	5.196793
2752	1610	8.162304
2752	589	7.989827
2752	3418	7.969864
2752	3256	7.963094
2752	457	7.875861
2752	474	7.712950
2752	377	7.650508
2752	16	7.593385
2752	110	7.558602
2752	2571	7.506450
2753	1196	6.715838
2753	1221	6.698115
2753	2804	6.552715
2753	260	6.541660
2753	2987	6.330127
2753	2300	6.283725
2753	1234	6.073093
2753	1198	6.041924
2753	1961	6.008313
2753	1206	5.994795
2754	500	5.013328
2754	2145	4.915851
2754	2371	4.910943
2754	367	4.852223
2754	2150	4.843092
2754	3809	4.795048
2754	3623	4.757077
2754	1777	4.753100
2754	2108	4.706592
2754	141	4.633708
2756	3578	5.018183
2756	1747	4.976767
2756	2858	4.820773
2756	1500	4.820299
2756	356	4.698012
2756	587	4.619421
2756	3623	4.599619
2756	3448	4.575987
2756	1517	4.526546
2756	2150	4.522327
2757	3624	6.125487
2757	3555	5.695778
2757	858	5.562748
2757	1089	5.467286
2757	1252	5.408941
2757	3755	5.407813
2757	608	5.377571
2757	1953	5.360499
2757	3897	5.337005
2757	3535	5.333491
2760	3418	4.796981
2760	2291	4.664776
2760	457	4.630996
2760	608	4.365049
2760	377	4.335684
2760	296	4.333095
2760	3386	4.294989
2760	1617	4.236577
2760	3751	4.217672
2760	1912	4.212847
2761	2717	5.759369
2761	1961	5.633511
2761	1265	5.383794
2761	1021	5.199305
2761	231	5.146684
2761	3263	4.918234
2761	3258	4.914884
2761	344	4.843091
2761	500	4.791778
2761	2369	4.735597
2762	589	5.790018
2762	1198	5.667226
2762	1214	5.591479
2762	3702	5.515177
2762	2160	5.381171
2762	1221	5.189747
2762	2455	5.077393
2762	1210	4.968127
2762	260	4.947259
2762	858	4.918964
2764	1333	5.961816
2764	2746	5.913754
2764	1265	5.496448
2764	1088	5.487534
2764	2081	5.319610
2764	2065	5.250984
2764	2716	5.190647
2764	1777	5.151785
2764	597	5.146948
2764	2633	5.129389
2765	2628	5.978476
2765	1101	5.832723
2765	1544	5.613196
2765	1391	5.474831
2765	1377	5.474179
2765	3257	5.210134
2765	3697	5.200636
2765	380	5.139410
2765	316	5.121760
2765	3623	5.115741
2766	2987	5.252099
2766	260	5.087557
2766	969	4.628496
2766	1073	4.621604
2766	1097	4.611796
2766	2396	4.595764
2766	919	4.550851
2766	3114	4.448356
2766	1198	4.437045
2766	2762	4.346824
2768	1197	5.684109
2768	1387	5.579108
2768	1259	5.494562
2768	1079	5.413004
2768	1198	5.372808
2768	1394	5.367715
2768	1221	5.262992
2768	1210	5.164340
2768	608	5.145687
2768	750	5.073186
2769	1073	5.575558
2769	1947	5.297146
2769	1380	4.798040
2769	2987	4.645417
2769	3438	4.505218
2769	912	4.463488
2769	919	4.438498
2769	260	4.420136
2769	1225	4.271618
2769	2087	4.264276
2770	589	6.354886
2770	2571	5.714786
2770	110	5.536494
2770	2640	5.458346
2770	2858	5.409502
2770	1240	5.350777
2770	3702	5.344059
2770	2194	5.259840
2770	1036	5.212673
2770	1965	5.199222
2771	1917	7.212892
2771	3697	6.539215
2771	1391	6.347625
2771	1544	6.326633
2771	2393	6.293554
2771	2628	6.184225
2771	316	6.182349
2771	2808	6.004499
2771	1876	5.911992
2771	1831	5.850651
2772	70	5.324970
2772	1580	5.287100
2772	589	5.196249
2772	1215	5.068540
2772	1527	4.861355
2772	2858	4.746974
2772	780	4.721828
2772	2826	4.664717
2772	1921	4.661577
2772	2571	4.654893
2773	34	5.289487
2773	296	4.968671
2773	1097	4.889599
2773	1035	4.835736
2773	1225	4.787499
2773	1265	4.755395
2773	527	4.732466
2773	260	4.660944
2773	2791	4.612805
2773	608	4.607553
2774	1276	4.713422
2774	1304	4.693589
2774	2858	4.632599
2774	1136	4.588436
2774	1207	4.573030
2774	913	4.564910
2774	1212	4.467925
2774	912	4.299155
2774	3362	4.287156
2774	260	4.275101
2776	1676	6.834147
2776	1876	6.691320
2776	329	6.500090
2776	674	6.473059
2776	2094	6.194423
2776	1375	6.134560
2776	2393	6.133466
2776	1831	5.911981
2776	3698	5.895117
2776	1371	5.738950
2777	1367	8.860077
2777	2431	8.679223
2777	2953	8.634914
2777	344	8.403058
2777	2100	7.964577
2777	1307	7.855783
2777	2088	7.836965
2777	1760	7.830615
2777	1588	7.753370
2777	2471	7.703843
2778	588	7.038199
2778	1265	6.780946
2778	1	6.357698
2778	1188	6.071567
2778	34	5.939324
2778	595	5.924206
2778	357	5.844965
2778	1094	5.792764
2778	1307	5.606300
2778	594	5.541986
2779	1952	6.249867
2779	1304	6.245065
2779	904	6.031583
2779	1212	5.979116
2779	3435	5.929017
2779	1219	5.878458
2779	1207	5.839457
2779	903	5.827800
2779	1234	5.825044
2779	913	5.800771
2780	2433	5.756634
2780	2396	5.640657
2780	2336	5.490491
2780	2683	5.368015
2780	968	5.289877
2780	2706	5.212314
2780	2710	5.180598
2780	3253	5.147269
2780	2333	5.137343
2780	2395	5.025945
2781	2706	5.006130
2781	2762	4.984624
2781	2490	4.951649
2781	1370	4.924753
2781	2683	4.911392
2781	3176	4.886719
2781	1805	4.847824
2781	2580	4.815909
2781	3578	4.808662
2781	2858	4.770622
2782	1777	7.545414
2782	539	6.959273
2782	852	6.692003
2782	2369	6.501613
2782	339	6.343706
2782	2671	6.209827
2782	1513	6.135583
2782	2683	6.091802
2782	7	5.750503
2782	3614	5.725815
2783	589	6.746626
2783	480	6.511342
2783	2916	6.510968
2783	457	6.195413
2783	3418	6.162450
2783	1240	6.059058
2783	110	5.988066
2783	1580	5.855282
2783	1610	5.845562
2783	1129	5.727693
2784	1230	5.891678
2784	1304	5.812303
2784	1276	5.631254
2784	1952	5.502435
2784	1219	5.451562
2784	1387	5.317453
2784	3654	5.297746
2784	1234	5.254141
2784	1201	5.234844
2784	904	5.205670
2785	1307	6.430290
2785	1961	6.097967
2785	2797	5.939346
2785	2953	5.918877
2785	2431	5.916781
2785	3248	5.683786
2785	3479	5.570630
2785	2471	5.517076
2785	2395	5.502983
2785	1126	5.428022
2786	2150	4.815979
2786	2406	4.650609
2786	3623	4.528320
2786	3752	4.231418
2786	2858	4.227751
2786	2746	4.208162
2786	3578	4.167117
2786	180	4.145649
2786	2762	4.131952
2786	3448	4.056019
2787	1732	4.825057
2787	2997	4.783980
2787	2571	4.663352
2787	1265	4.639252
2787	2858	4.603537
2787	3160	4.585355
2787	293	4.554087
2787	608	4.552620
2787	223	4.473816
2787	3052	4.449696
2788	1294	6.051755
2788	1230	6.048259
2788	1304	5.983081
2788	2300	5.778027
2788	3435	5.622828
2788	904	5.577070
2788	608	5.561151
2788	912	5.503048
2788	260	5.464743
2788	899	5.447197
2789	2194	5.863728
2789	1198	5.668518
2789	2571	5.576935
2789	1240	5.532127
2789	1210	5.430370
2789	1214	5.389386
2789	913	5.349943
2789	1036	5.346628
2789	1221	5.220133
2789	260	5.208927
2790	589	6.768455
2790	2916	6.531223
2790	2571	6.218148
2790	32	6.119555
2790	1527	6.062271
2790	457	5.981398
2790	1240	5.922064
2790	1653	5.820398
2790	110	5.747116
2790	1610	5.654236
2791	1207	6.199092
2791	1225	6.088562
2791	1276	5.893939
2791	919	5.812918
2791	1084	5.811026
2791	2797	5.658827
2791	1234	5.654055
2791	1299	5.651426
2791	1035	5.613810
2791	2303	5.607766
2792	1265	5.304489
2792	2858	4.674961
2792	2997	4.665965
2792	2716	4.551380
2792	3253	4.347852
2792	1784	4.306407
2792	2000	4.244749
2792	2369	4.235963
2792	1777	4.233126
2792	356	4.169859
2793	353	6.299627
2793	1101	6.154959
2793	1573	5.989413
2793	1527	5.978612
2793	292	5.836734
2793	2273	5.613250
2793	2916	5.544462
2793	2167	5.542300
2793	1608	5.530419
2793	780	5.485984
2794	162	5.799407
2794	246	5.343848
2794	3418	5.229809
2794	36	5.203182
2794	3526	5.147166
2794	608	5.024778
2794	296	4.891459
2794	2248	4.842204
2794	2291	4.816673
2794	2918	4.810325
2795	913	7.234588
2795	1206	6.312292
2795	3471	6.098149
2795	912	5.817187
2795	903	5.810205
2795	1252	5.767228
2795	3508	5.716469
2795	260	5.658056
2795	1204	5.576366
2795	750	5.521885
2796	364	6.771856
2796	661	6.220520
2796	1907	6.138918
2796	783	5.964157
2796	588	5.601309
2796	1035	5.560656
2796	36	5.470851
2796	2018	5.466357
2796	2087	5.393371
2796	34	5.379375
2797	2791	5.615636
2797	2657	5.318160
2797	3160	5.280616
2797	1374	5.193075
2797	2288	5.160015
2797	2640	5.115204
2797	589	5.107589
2797	1584	5.023236
2797	32	4.997833
2797	2858	4.947520
2798	1269	5.983224
2798	34	5.330295
2798	1035	5.320456
2798	1136	5.160618
2798	1234	5.026266
2798	908	5.020364
2798	2657	4.969352
2798	1240	4.920446
2798	32	4.830078
2798	1304	4.826657
2800	380	6.092486
2800	587	6.080889
2800	1777	5.999551
2800	539	5.761992
2800	368	5.690088
2800	1721	5.260219
2800	1711	5.247676
2800	852	5.157103
2800	1747	5.089366
2800	1569	4.953775
2801	2688	6.636667
2801	2881	6.461280
2801	3219	6.450633
2801	2683	6.328775
2801	2723	6.032087
2801	2605	5.950978
2801	2906	5.848360
2801	3175	5.622317
2801	2959	5.558079
2801	2433	5.495647
2802	1213	5.584106
2802	1240	5.495566
2802	1089	5.494218
2802	2194	5.460946
2802	3897	5.460895
2802	608	5.435648
2802	2000	5.256584
2802	1222	5.156626
2802	2529	5.002591
2802	296	5.000007
2803	296	4.721836
2803	608	4.415686
2803	593	4.399623
2803	3751	4.392213
2803	1617	4.257545
2803	1265	4.125294
2803	858	4.113993
2803	2762	4.011301
2803	1240	3.973694
2803	3006	3.962092
2804	2355	5.939042
2804	588	5.860230
2804	1	5.675919
2804	34	5.558954
2804	1294	5.555313
2804	2396	5.449000
2804	1028	5.167149
2804	3543	5.141454
2804	3114	5.084233
2804	2716	5.012899
2805	1265	6.155860
2805	1307	6.121115
2805	1294	5.985284
2805	1028	5.939183
2805	1394	5.758696
2805	2064	5.733722
2805	1230	5.653526
2805	34	5.535647
2805	1270	5.325149
2805	2918	5.318021
2806	588	5.562306
2806	3418	5.278004
2806	1393	5.207213
2806	356	5.179073
2806	377	5.136903
2806	1608	5.004572
2806	1183	5.000902
2806	364	4.906100
2806	3386	4.898175
2806	1408	4.871101
2807	2916	6.448546
2807	2571	6.010186
2807	3702	5.861031
2807	1527	5.776470
2807	32	5.719363
2807	2160	5.671875
2807	1214	5.628155
2807	1129	5.581288
2807	457	5.474846
2807	1584	5.367579
2808	260	5.099276
2808	1196	4.828772
2808	1198	4.815295
2808	1221	4.665382
2808	608	4.648024
2808	858	4.640081
2808	1259	4.558452
2808	1304	4.544262
2808	3624	4.534890
2808	1197	4.529396
2809	1265	5.470370
2809	3362	4.599791
2809	2858	4.591088
2809	1307	4.588176
2809	593	4.581326
2809	1394	4.526422
2809	2918	4.480928
2809	296	4.436988
2809	3535	4.389213
2809	2657	4.325140
2810	2916	5.918483
2810	1356	5.865251
2810	1909	5.758874
2810	648	5.540761
2810	1573	5.497529
2810	1527	5.477858
2810	1876	5.250452
2810	2985	5.212876
2810	1653	5.183099
2810	350	4.907415
2811	899	6.287882
2811	916	6.108418
2811	910	5.879665
2811	919	5.808829
2811	1394	5.800080
2811	1294	5.707563
2811	1019	5.703774
2811	920	5.660429
2811	2863	5.626290
2811	955	5.601588
2812	3253	6.425799
2812	1265	6.273951
2812	597	6.057759
2812	1923	5.945592
2812	39	5.941037
2812	3255	5.870834
2812	3108	5.844390
2812	342	5.756110
2812	1500	5.612505
2812	587	5.488162
2814	380	6.786090
2814	1722	6.372623
2814	587	6.068774
2814	368	5.923161
2814	377	5.640219
2814	1597	5.628330
2814	1721	5.591139
2814	266	5.456578
2814	292	5.336689
2814	353	5.332477
2815	3408	4.850978
2815	587	4.692432
2815	3044	4.596675
2815	3578	4.541959
2815	1092	4.494410
2815	293	4.404399
2815	736	4.342200
2815	3623	4.300058
2815	337	4.261489
2815	2355	4.249703
2817	588	6.082291
2817	1408	5.758705
2817	337	5.706413
2817	1721	5.702395
2817	356	5.634681
2817	357	5.568534
2817	1393	5.557424
2817	2396	5.414947
2817	1608	5.414419
2817	3252	5.331783
2818	372	5.860943
2818	788	5.742391
2818	2431	5.727006
2818	216	5.622978
2818	252	5.608738
2818	1569	5.332676
2818	1265	5.298123
2818	153	5.226192
2818	3263	5.222895
2818	1485	5.192009
2820	1265	4.743096
2820	2000	4.283924
2820	1307	4.139364
2820	3751	4.117846
2820	2858	4.058454
2820	2997	4.005224
2820	1961	3.959743
2820	1968	3.939439
2820	3552	3.878817
2820	3608	3.847470
2821	1240	5.743634
2821	2571	5.741876
2821	589	5.719287
2821	2791	5.691863
2821	1965	5.592118
2821	296	5.542803
2821	2000	5.512627
2821	1374	5.444459
2821	908	5.358232
2821	1196	5.296295
2822	1307	6.131974
2822	3362	5.917749
2822	1961	5.878364
2822	1212	5.761188
2822	1265	5.658143
2822	1238	5.525687
2822	1136	5.489680
2822	1394	5.396320
2822	1080	5.386455
2822	1222	5.163619
2823	1923	5.992747
2823	2000	5.758422
2823	3105	5.673053
2823	2706	5.482196
2823	3255	5.448278
2823	3174	5.401996
2823	21	5.348399
2823	3176	5.320667
2823	3052	5.218496
2823	2959	5.162319
2824	1391	6.369247
2824	2002	5.751641
2824	2699	5.702355
2824	2826	5.584884
2824	736	5.557588
2824	2012	5.489347
2824	316	5.366485
2824	3623	5.334061
2824	1580	5.325536
2824	466	5.161074
2825	1304	6.620439
2825	1199	6.311219
2825	608	6.231925
2825	1219	6.185451
2825	1267	6.146999
2825	3624	6.100053
2825	2300	5.778121
2825	50	5.741992
2825	1252	5.724813
2825	1249	5.717946
2826	2657	4.957789
2826	3362	4.949261
2826	1080	4.912229
2826	1302	4.817128
2826	1234	4.808047
2826	2000	4.581616
2826	1394	4.569427
2826	3897	4.565655
2826	608	4.470801
2826	3751	4.470559
2827	2716	5.355056
2827	2710	5.148761
2827	2858	4.740384
2827	2699	4.653960
2827	968	4.455919
2827	3175	4.367259
2827	2826	4.317596
2827	2997	4.306420
2827	2532	4.298011
2827	1387	4.274136
2828	2000	5.641609
2828	1222	5.481029
2828	2194	5.221841
2828	2858	5.102551
2828	2791	4.948011
2828	1968	4.863305
2828	1961	4.746801
2828	1673	4.719480
2828	296	4.663434
2828	1302	4.636922
2829	1263	6.969409
2829	3362	6.939764
2829	912	6.692132
2829	750	6.639054
2829	1267	6.522429
2829	1196	6.408926
2829	1136	6.366433
2829	1084	6.329854
2829	1238	6.218197
2829	1222	6.133555
2830	589	5.783504
2830	2571	5.691381
2830	296	5.362893
2830	2028	5.310352
2830	1210	5.297708
2830	1617	5.125383
2830	457	5.075115
2830	1954	4.944540
2830	1374	4.929452
2830	1097	4.928898
2831	1196	5.313591
2831	1210	5.248512
2831	2028	5.191821
2831	527	5.174644
2831	2571	5.153278
2831	1240	4.949812
2831	1097	4.912274
2831	1198	4.810293
2831	1617	4.796980
2831	260	4.786305
2832	1259	5.874439
2832	919	5.798004
2832	260	5.794997
2832	1207	5.785823
2832	111	5.764805
2832	1263	5.646829
2832	908	5.569519
2832	858	5.560504
2832	1225	5.532099
2832	296	5.508275
2833	3174	6.051520
2833	2598	5.998620
2833	1513	5.841440
2833	2336	5.784202
2833	2688	5.782666
2833	2581	5.693561
2833	2683	5.661391
2833	3175	5.596666
2833	785	5.544344
2833	2959	5.511664
2835	2000	6.606958
2835	2791	6.280980
2835	1965	6.015327
2835	1968	5.755782
2835	1079	5.570322
2835	110	5.507774
2835	1259	5.484210
2835	2918	5.480455
2835	1171	5.462065
2835	1270	5.430749
2837	2355	6.189673
2837	1909	5.706344
2837	2706	5.569012
2837	1527	5.481400
2837	1580	5.459670
2837	3175	5.381399
2837	1356	5.367615
2837	2712	5.328176
2837	480	5.320838
2837	3160	5.230187
2838	1304	5.346457
2838	924	5.320389
2838	1221	5.305503
2838	1394	5.291007
2838	1247	5.188077
2838	1387	5.148597
2838	1197	5.134374
2838	1219	5.094034
2838	1259	5.050804
2838	1276	4.989040
2839	2688	5.107687
2839	3174	5.002843
2839	2580	4.999792
2839	3175	4.891551
2839	2581	4.889994
2839	2881	4.846441
2839	2805	4.831716
2839	2599	4.771103
2839	2396	4.744575
2839	2433	4.721906
2840	1580	6.857489
2840	480	6.624117
2840	110	6.090305
2840	2571	6.037383
2840	589	5.996145
2840	3160	5.759444
2840	1673	5.556239
2840	1527	5.521413
2840	2628	5.488436
2840	32	5.473572
2841	2406	5.573536
2841	266	5.425261
2841	3617	4.808210
2841	368	4.762248
2841	1380	4.721593
2841	3420	4.629134
2841	2109	4.619277
2841	380	4.548898
2841	1101	4.488709
2841	858	4.378820
2842	1917	6.297806
2842	2881	5.944249
2842	3623	5.758187
2842	1391	5.650606
2842	466	5.559470
2842	2699	5.318288
2842	736	5.303609
2842	2012	5.269886
2842	3697	5.237848
2842	2490	5.177683
2843	2000	5.804678
2843	2791	5.801347
2843	3160	5.416647
2843	1265	5.235951
2843	1968	5.231021
2843	1784	5.172808
2843	110	5.029110
2843	551	5.020027
2843	2324	4.948602
2843	2858	4.905203
2844	3256	7.089863
2844	1573	6.534715
2844	589	6.505834
2844	1370	6.498745
2844	2985	6.401680
2844	2571	6.217021
2844	733	6.151091
2844	648	6.147109
2844	2916	6.140786
2844	1356	5.956846
2845	2028	5.196843
2845	480	5.190001
2845	2628	5.058945
2845	1073	4.960406
2845	1291	4.927910
2845	527	4.886434
2845	1097	4.799337
2845	2762	4.791725
2845	2858	4.766828
2845	2702	4.729060
2846	2502	4.992789
2846	1777	4.849953
2846	2959	4.827585
2846	3105	4.668527
2846	3174	4.649852
2846	2762	4.591743
2846	785	4.590838
2846	337	4.567124
2846	3253	4.489103
2846	2396	4.470872
2847	788	7.144784
2847	1917	7.037147
2847	3438	7.011082
2847	434	6.752176
2847	1371	6.589038
2847	2701	6.567268
2847	168	6.453454
2847	3489	6.382082
2847	208	6.360267
2847	2672	6.315256
2848	1294	6.025861
2848	2396	5.909554
2848	588	5.828862
2848	2355	5.316259
2848	1183	5.289883
2848	34	5.273443
2848	2081	5.273052
2848	3114	5.267137
2848	1	5.236940
2848	595	5.190604
2849	1265	6.502826
2849	1569	5.219654
2849	2081	5.193696
2849	1294	5.188787
2849	246	5.165272
2849	357	5.138162
2849	2716	5.089811
2849	597	4.995942
2849	356	4.930323
2849	2746	4.926806
2850	2628	6.233780
2850	1527	5.834503
2850	480	5.749501
2850	329	5.514882
2850	1573	5.280117
2850	1580	5.192158
2850	112	5.179812
2850	1544	5.149936
2850	1097	5.060636
2850	1917	5.035328
2851	2686	6.559141
2851	2581	6.452985
2851	2396	6.375428
2851	2688	6.349544
2851	3174	6.044708
2851	2433	5.954687
2851	3175	5.859305
2851	3219	5.850683
2851	2502	5.827924
2851	2805	5.772277
2852	1971	7.746558
2852	1970	7.542075
2852	2288	7.382592
2852	1327	7.228914
2852	1972	7.009022
2852	1347	6.989442
2852	1982	6.920952
2852	1974	6.916774
2852	1345	6.878862
2852	2459	6.838488
2853	1265	6.273963
2853	497	5.756539
2853	2100	5.578249
2853	1517	5.493990
2853	3448	5.401492
2853	3552	5.393310
2853	356	5.374213
2853	1747	5.276302
2853	104	5.266753
2853	1777	5.190422
2854	2490	6.638998
2854	2716	6.615935
2854	2013	6.487436
2854	968	6.174751
2854	3053	6.054702
2854	2713	6.025730
2854	2336	6.025607
2854	2906	5.997997
2854	2581	5.979181
2854	3175	5.968698
2855	3744	6.510444
2855	3893	6.128609
2855	253	6.110849
2855	3897	5.953638
2855	454	5.858342
2855	3745	5.732216
2855	3863	5.620212
2855	3510	5.491843
2855	3793	5.436006
2855	1645	5.413250
2856	588	5.983432
2856	16	5.709228
2856	1408	5.452323
2856	1608	5.448821
2856	364	5.420307
2856	733	5.300436
2856	3252	5.293201
2856	62	5.266978
2856	1393	5.204044
2856	1120	5.189076
2857	1	5.509695
2857	1732	5.448657
2857	235	5.440710
2857	1682	5.334929
2857	39	4.863720
2857	32	4.811793
2857	3060	4.785743
2857	3948	4.769733
2857	788	4.762058
2857	1196	4.761005
2858	1307	6.108211
2858	1265	5.357063
2858	1569	5.304901
2858	2100	5.197688
2858	597	5.097614
2858	500	5.090161
2858	588	5.044009
2858	2243	5.001249
2858	2081	4.788780
2858	236	4.757824
2859	3174	5.934186
2859	3253	5.813362
2859	2355	5.546012
2859	223	5.482700
2859	1923	5.398663
2859	2396	5.370307
2859	2572	5.346163
2859	3175	5.307934
2859	2706	5.301814
2859	2580	5.301159
2860	457	5.687128
2860	3176	5.216610
2860	2406	5.175131
2860	3753	5.147779
2860	1912	5.094978
2860	377	5.062667
2860	1610	5.018575
2860	3418	4.987091
2860	296	4.931053
2860	2194	4.790217
2861	2716	6.615146
2861	223	6.556948
2861	2683	6.222102
2861	2355	6.109700
2861	2712	5.958802
2861	2706	5.862302
2861	3174	5.684096
2861	2710	5.671904
2861	2433	5.636072
2861	2699	5.453302
2862	912	5.700435
2862	260	5.590036
2862	750	5.422004
2862	919	5.383426
2862	1304	5.318700
2862	1230	5.317550
2862	1136	5.286887
2862	1394	5.207079
2862	1307	5.029837
2862	541	4.983445
2863	588	5.916344
2863	1265	5.762382
2863	454	5.473211
2863	1188	5.375652
2863	1	5.205916
2863	1183	5.176181
2863	838	5.145676
2863	587	5.103196
2863	597	5.043068
2863	105	4.988078
2864	2683	5.912540
2864	3175	5.883699
2864	2336	5.743168
2864	2723	5.700705
2864	2581	5.583103
2864	2881	5.387324
2864	2688	5.384428
2864	223	5.368199
2864	2580	5.353512
2864	2013	5.288889
2865	2791	6.000103
2865	2194	5.614492
2865	1965	5.474995
2865	296	5.193861
2865	1270	5.160197
2865	1213	5.127237
2865	608	5.111468
2865	908	4.870256
2865	3210	4.861218
2865	2804	4.859104
2866	1265	6.469569
2866	1094	5.303716
2866	588	5.300848
2866	497	5.254698
2866	2396	5.182096
2866	1183	5.144288
2866	34	5.105849
2866	2716	4.966946
2866	1569	4.939087
2866	3253	4.826203
2868	2394	5.578227
2868	3005	5.171870
2868	2762	5.126102
2868	2686	5.066701
2868	2688	5.055290
2868	3157	4.925388
2868	1127	4.870708
2868	2336	4.823279
2868	2013	4.775571
2868	2490	4.775211
2869	36	4.814073
2869	2746	4.686521
2869	1333	4.615074
2869	2081	4.592377
2869	364	4.566664
2869	3418	4.516369
2869	1088	4.508608
2869	3006	4.336092
2869	296	4.320933
2869	3751	4.294658
2870	588	6.585629
2870	1641	6.451649
2870	1784	6.382827
2870	3255	6.338108
2870	1883	6.309124
2870	1923	6.220964
2870	357	6.148853
2870	3253	6.080008
2870	1060	6.017240
2870	2355	5.893545
2872	1265	7.808739
2872	3108	7.349948
2872	3255	7.250121
2872	1500	7.107460
2872	1641	7.032306
2872	1747	6.838118
2872	588	6.694658
2872	104	6.634073
2872	529	6.547989
2872	1393	6.457229
2873	1019	6.462670
2873	595	6.179982
2873	2294	5.996170
2873	3489	5.843434
2873	661	5.684855
2873	2968	5.587100
2873	588	5.577456
2873	2797	5.355369
2873	1073	5.184996
2873	2628	5.182865
2874	903	5.925678
2874	1230	5.837949
2874	1214	5.737147
2874	1304	5.654299
2874	1201	5.631096
2874	1953	5.397859
2874	1219	5.368794
2874	1267	5.304134
2874	1292	5.204794
2874	1276	5.199646
2875	589	5.779181
2875	527	5.545169
2875	1269	5.316593
2875	2028	5.295683
2875	1617	5.200812
2875	2858	5.138453
2875	1584	5.137912
2875	608	5.120292
2875	1200	5.051664
2875	3702	5.015632
2876	1291	5.739912
2876	2628	5.724984
2876	2028	5.493569
2876	2005	5.442809
2876	1097	5.426394
2876	3489	5.409814
2876	480	5.359727
2876	527	5.148095
2876	260	5.061176
2876	1198	4.924189
2877	2628	4.082965
2877	2858	4.001323
2877	2012	3.996349
2877	780	3.939009
2877	2699	3.882503
2877	3408	3.877464
2877	1580	3.859038
2877	1544	3.830912
2877	3578	3.744860
2877	1377	3.480708
2878	3448	6.106794
2878	246	5.537623
2878	2406	5.395210
2878	1101	5.383931
2878	3552	5.358936
2878	2100	5.303908
2878	593	5.253056
2878	2150	5.115465
2878	1960	5.099775
2878	608	4.995286
2880	296	5.102504
2880	2871	5.053103
2880	260	5.004713
2880	1233	4.892328
2880	919	4.807227
2880	457	4.722004
2880	1240	4.718239
2880	1912	4.710611
2880	527	4.702123
2880	1249	4.629020
2881	3424	5.502857
2881	3328	5.052062
2881	2791	4.920195
2881	3362	4.637151
2881	1544	4.554039
2881	1259	4.516321
2881	3707	4.515519
2881	2174	4.433108
2881	3791	4.416905
2881	1394	4.393287
2882	3623	4.363712
2882	3717	4.205908
2882	2683	4.105966
2882	3752	4.074645
2882	2997	4.065884
2882	2716	3.979953
2882	3273	3.928715
2882	2369	3.863515
2882	2431	3.859564
2882	2762	3.830176
2883	3701	6.114722
2883	3704	5.646545
2883	2716	5.448619
2883	2407	5.431422
2883	2985	5.256221
2883	329	5.221727
2883	1587	5.154730
2883	2746	4.963403
2883	1321	4.951211
2883	2455	4.897525
2885	3247	6.390799
2885	500	6.268136
2885	3893	5.999809
2885	587	5.846517
2885	2150	5.832425
2885	3617	5.802018
2885	2335	5.782119
2885	1777	5.756005
2885	3752	5.617882
2885	3263	5.599579
2886	1917	7.816331
2886	1690	7.314369
2886	2808	7.303923
2886	3638	7.288955
2886	736	7.212299
2886	2688	7.175119
2886	3257	6.905767
2886	303	6.733839
2886	1320	6.703240
2886	3697	6.699981
2887	3861	6.103490
2887	2105	5.787744
2887	3484	5.765504
2887	3591	5.750282
2887	2470	5.730519
2887	2011	5.657125
2887	2145	5.599656
2887	19	5.442921
2887	3397	5.428143
2887	3087	5.424812
2888	1321	5.186601
2888	2167	5.128366
2888	1982	5.061684
2888	2160	4.758692
2888	3708	4.711081
2888	2288	4.708716
2888	1345	4.684704
2888	968	4.659834
2888	2617	4.642549
2888	1994	4.600666
2889	899	5.857570
2889	1282	5.524853
2889	260	5.483997
2889	2018	5.436066
2889	2087	5.415536
2889	1073	5.338651
2889	1225	5.330422
2889	920	5.312574
2889	1035	5.234632
2889	1230	5.168927
2890	1391	6.637962
2890	353	6.382291
2890	1876	6.293912
2890	1573	6.287967
2890	1370	6.075259
2890	1552	6.054638
2890	3697	5.960751
2890	292	5.957489
2890	2273	5.890535
2890	380	5.885750
2891	2683	5.955556
2891	2688	5.794823
2891	2598	5.720484
2891	3175	5.603306
2891	2710	5.527731
2891	2723	5.376426
2891	3219	5.374711
2891	2906	5.314049
2891	2433	5.306685
2891	2336	5.304264
2892	1230	4.531665
2892	919	4.455818
2892	260	4.440033
2892	1294	4.396749
2892	899	4.248859
2892	920	4.219128
2892	1304	4.199475
2892	2987	4.162303
2892	3363	4.092465
2892	912	4.086826
2894	1917	7.010109
2894	3697	6.903428
2894	2722	6.816597
2894	1831	6.785161
2894	185	6.530974
2894	1037	6.523300
2894	2808	6.507571
2894	1391	6.506071
2894	1779	6.439455
2894	3638	6.434999
2895	1997	5.109314
2895	3751	4.798567
2895	2746	4.594863
2895	1333	4.535350
2895	1088	4.525999
2895	3911	4.505989
2895	3499	4.476196
2895	253	4.400728
2895	3893	4.398548
2895	1407	4.271351
2896	3623	4.376641
2896	788	4.371281
2896	367	4.265813
2896	2628	4.157100
2896	2762	4.077677
2896	2012	4.035713
2896	3489	4.020289
2896	3578	3.959180
2896	1920	3.874451
2896	2858	3.855691
2897	2571	5.309363
2897	589	5.241720
2897	3702	5.131155
2897	2858	4.960765
2897	1240	4.815119
2897	1206	4.813333
2897	32	4.787176
2897	1222	4.736292
2897	1196	4.567016
2897	1580	4.531192
2898	253	4.775572
2898	3510	4.772111
2898	3763	4.723295
2898	3638	4.511989
2898	3717	4.505810
2898	3863	4.495288
2898	3408	4.493989
2898	3704	4.481198
2898	3897	4.428713
2898	2858	4.408655
2899	1527	6.780344
2899	1573	6.692852
2899	1917	6.560694
2899	1552	6.533447
2899	3107	6.455374
2899	380	6.348169
2899	2628	6.296736
2899	1608	6.267838
2899	1385	6.167840
2899	1876	6.119209
2900	364	6.496382
2900	3418	5.724395
2900	595	5.494856
2900	1358	5.426734
2900	34	5.394196
2900	1912	5.323034
2900	296	5.261736
2900	1907	5.190424
2900	36	5.179859
2900	457	5.088057
2901	150	5.679529
2901	34	5.495673
2901	1358	5.250406
2901	1784	5.095312
2901	1704	5.067674
2901	1912	5.011854
2901	588	4.995046
2901	1682	4.964076
2901	3418	4.909973
2901	36	4.877463
2903	153	5.160434
2903	788	5.095081
2903	435	4.959880
2903	2699	4.939797
2903	2012	4.876084
2903	1391	4.854719
2903	2706	4.657483
2903	2710	4.528736
2903	1371	4.499538
2903	1676	4.399256
2904	3948	5.987428
2904	527	5.981090
2904	1249	5.900232
2904	608	5.790849
2904	1196	5.790117
2904	2028	5.729907
2904	593	5.676173
2904	3617	5.426363
2904	318	5.203788
2904	3555	5.201432
2905	3418	5.796837
2905	1097	5.521607
2905	34	5.304376
2905	3175	5.163115
2905	1094	5.002155
2905	2336	4.915763
2905	920	4.879215
2905	17	4.874170
2905	2968	4.858261
2905	2140	4.849713
2906	2005	5.823430
2906	260	5.489870
2906	969	5.360870
2906	1225	5.311009
2906	2987	5.296799
2906	1291	5.222216
2906	1097	5.187982
2906	1287	5.129315
2906	2470	5.102528
2906	1282	4.918593
2907	380	5.143342
2907	2746	4.994578
2907	3623	4.943207
2907	2369	4.808773
2907	1378	4.747267
2907	2406	4.718007
2907	368	4.616839
2907	2100	4.602126
2907	1101	4.572236
2907	553	4.512416
2909	1500	5.804479
2909	1265	5.781600
2909	104	5.535078
2909	2000	5.249143
2909	3263	5.184789
2909	500	5.088127
2909	3450	5.085336
2909	1393	4.961924
2909	3535	4.884518
2909	1747	4.843926
2910	2193	7.030200
2910	1261	6.784542
2910	2021	6.723012
2910	1327	6.719047
2910	3917	6.606227
2910	1973	6.492244
2910	1544	6.411263
2910	2640	6.273378
2910	2288	6.262152
2910	1225	6.219160
2911	2396	4.106038
2911	2762	4.085862
2911	2858	3.985496
2911	3114	3.917049
2911	34	3.803952
2911	32	3.798952
2911	2997	3.738885
2911	356	3.736028
2911	150	3.694044
2911	3176	3.631406
2912	25	5.030699
2912	3006	4.713680
2912	2329	4.695895
2912	36	4.692389
2912	364	4.671414
2912	3418	4.591334
2912	2470	4.590103
2912	3105	4.564664
2912	2692	4.519030
2912	1358	4.489904
2913	551	6.683054
2913	1265	5.866426
2913	1580	5.757757
2913	2291	5.624460
2913	1188	5.605828
2913	2791	5.565082
2913	247	5.508764
2913	1673	5.242702
2913	2918	5.201295
2913	1041	5.113517
2914	1394	5.786456
2914	1961	5.423717
2914	1	5.140206
2914	3072	4.991850
2914	3868	4.970841
2914	2918	4.959132
2914	34	4.901283
2914	3362	4.882747
2914	1197	4.844125
2914	1259	4.831097
2915	589	4.880105
2915	2028	4.831530
2915	3176	4.828145
2915	1408	4.720937
2915	2858	4.629791
2915	457	4.629124
2915	1610	4.570596
2915	1127	4.548248
2915	2396	4.519555
2915	527	4.465070
2916	231	6.850600
2916	1784	6.387360
2916	500	6.365698
2916	1265	6.249594
2916	3450	6.110804
2916	2539	5.875944
2916	2395	5.813482
2916	370	5.715831
2916	104	5.608684
2916	1569	5.602618
2917	1304	6.003073
2917	3362	5.759015
2917	1084	5.727637
2917	1136	5.667545
2917	1235	5.524629
2917	1953	5.499467
2917	1199	5.411498
2917	858	5.275625
2917	1394	5.229188
2917	1234	5.207676
2918	380	5.171537
2918	70	4.941636
2918	3753	4.871501
2918	368	4.841944
2918	266	4.819613
2918	1377	4.779095
2918	2012	4.760797
2918	2628	4.749914
2918	3623	4.732710
2918	1580	4.576538
2919	1073	6.763096
2919	2987	6.316477
2919	2797	6.125693
2919	1097	6.111992
2919	1287	6.024788
2919	912	6.000781
2919	1198	5.848504
2919	1225	5.813484
2919	1090	5.739894
2919	3479	5.735351
2921	1831	7.295451
2921	3638	6.653711
2921	2722	6.649827
2921	1590	6.559249
2921	196	6.231680
2921	1037	6.174350
2921	2699	5.931813
2921	2710	5.884247
2921	3717	5.839671
2921	1876	5.805231
2922	1909	5.167013
2922	2116	5.159786
2922	1092	4.878731
2922	3114	4.875543
2922	1653	4.846498
2922	2916	4.832194
2922	364	4.820424
2922	595	4.707819
2922	253	4.704503
2922	454	4.687971
2924	2683	5.847482
2924	3081	5.515447
2924	2881	5.464378
2924	2710	5.438853
2924	2369	5.367367
2924	2490	5.296854
2924	24	5.224356
2924	736	5.198346
2924	2694	5.188109
2924	2805	5.174057
2926	2369	6.659061
2926	736	6.553279
2926	2699	6.533581
2926	3081	6.369581
2926	2710	6.297937
2926	2683	6.113247
2926	2012	6.031457
2926	2723	5.788710
2926	2805	5.746013
2926	2581	5.620901
2927	1073	4.688097
2927	2762	4.614110
2927	2987	4.579440
2927	2628	4.399672
2927	733	4.358863
2927	2028	4.338163
2927	527	4.267838
2927	364	4.210787
2927	2396	4.205957
2927	1608	4.177719
2928	1307	5.832405
2928	1	5.577518
2928	34	5.314116
2928	2355	5.215432
2928	1238	4.939512
2928	3114	4.874779
2928	2396	4.828716
2928	1028	4.798009
2928	1394	4.770894
2928	588	4.636701
2929	3257	5.668769
2929	1917	5.435796
2929	2628	5.048364
2929	3617	5.000815
2929	3623	4.987500
2929	3354	4.816065
2929	1479	4.785973
2929	648	4.634303
2929	3438	4.559797
2929	380	4.538626
2931	1037	6.489320
2931	2710	6.450824
2931	2699	6.429156
2931	2976	6.362749
2931	1544	6.360055
2931	153	6.217530
2931	2713	6.154805
2931	1372	6.097070
2931	2716	5.907708
2931	2722	5.904630
2933	2571	5.147296
2933	2858	4.997397
2933	589	4.988210
2933	608	4.881457
2933	1240	4.748364
2933	1210	4.726241
2933	2028	4.659842
2933	2000	4.641117
2933	1617	4.604692
2933	110	4.580390
2934	3489	7.222934
2934	380	6.275388
2934	349	6.052622
2934	2470	6.014086
2934	2115	5.918429
2934	2628	5.893833
2934	2394	5.885146
2934	1722	5.822570
2934	317	5.772446
2934	1101	5.770892
2935	1391	7.104992
2935	2722	6.600686
2935	1917	6.579882
2935	3697	6.357398
2935	1372	6.078158
2935	2710	6.044378
2935	3113	6.026913
2935	2002	6.010726
2935	1590	5.994327
2935	379	5.981755
2936	551	6.241251
2936	1035	6.140451
2936	2294	5.576646
2936	986	5.556497
2936	1688	5.487180
2936	1380	5.325869
2936	1713	5.263540
2936	1947	5.236127
2936	1208	5.114932
2936	1682	5.034629
2937	587	5.750825
2937	368	5.324648
2937	1580	5.287693
2937	1722	5.261556
2937	1608	5.236120
2937	1721	5.166426
2937	1711	5.089165
2937	3176	5.051538
2937	736	5.049950
2937	539	4.965417
2938	1265	5.233595
2938	162	4.237234
2938	36	4.181587
2938	3751	4.120253
2938	2065	4.043471
2938	1307	4.005072
2938	2245	3.959260
2938	3006	3.903690
2938	34	3.867777
2938	2746	3.825964
2939	2353	6.639392
2939	1573	6.490909
2939	474	6.364715
2939	454	6.238842
2939	1343	6.237958
2939	1580	6.218160
2939	1527	6.185191
2939	1608	6.049037
2939	1805	5.938122
2939	457	5.889782
2940	2395	4.800818
2940	2762	4.636909
2940	2396	4.602177
2940	150	4.558519
2940	32	4.501306
2940	356	4.495200
2940	3175	4.462639
2940	3160	4.451440
2940	3176	4.410851
2940	2692	4.350440
2941	2087	6.407056
2941	2078	6.181497
2941	595	6.040767
2941	2081	5.986950
2941	1947	5.930363
2941	1022	5.879267
2941	2987	5.821672
2941	588	5.700654
2941	364	5.629802
2941	919	5.583233
2942	1394	6.454231
2942	1259	6.277521
2942	1136	5.954858
2942	1307	5.852359
2942	1230	5.774958
2942	1304	5.722165
2942	1	5.710726
2942	1234	5.709957
2942	608	5.681234
2942	1276	5.606768
2943	589	6.530146
2943	1240	5.967548
2943	3527	5.961502
2943	2985	5.679045
2943	110	5.580941
2943	608	5.514999
2943	2791	5.428217
2943	1580	5.407956
2943	457	5.353099
2943	908	5.342969
2944	364	4.933685
2944	1019	4.249495
2944	2087	4.078121
2944	1282	3.934005
2944	2080	3.898858
2944	1088	3.833494
2944	1073	3.826922
2944	1032	3.818306
2944	260	3.786524
2944	919	3.779512
2945	3253	5.435276
2945	223	5.317647
2945	1784	5.289377
2945	3160	5.285731
2945	1923	5.250858
2945	3174	5.120439
2945	2997	5.042811
2945	2706	5.020531
2945	34	5.010885
2945	2355	4.926104
2946	1831	7.834738
2946	2722	7.377249
2946	1917	7.233735
2946	2393	7.230840
2946	185	6.828207
2946	3697	6.800348
2946	1779	6.617145
2946	1375	6.592887
2946	2881	6.515665
2946	1882	6.494948
2947	1265	5.479953
2947	608	5.203950
2947	3317	5.034261
2947	1089	4.928168
2947	2000	4.782929
2947	3948	4.752120
2947	293	4.649385
2947	50	4.597888
2947	1213	4.585386
2947	2291	4.549938
2948	1307	6.717928
2948	2746	6.563558
2948	2100	6.077413
2948	1380	5.609911
2948	1265	5.509000
2948	3072	5.267829
2948	2797	5.259313
2948	2150	5.137091
2948	3552	5.064405
2948	2243	5.048252
2949	2581	6.213318
2949	2598	6.044725
2949	3219	5.932340
2949	2881	5.861338
2949	2336	5.817957
2949	2580	5.733604
2949	2683	5.657144
2949	913	5.610434
2949	2686	5.484871
2949	2433	5.406095
2950	587	7.500279
2950	339	7.353453
2950	7	7.069562
2950	852	7.003288
2950	597	6.587295
2950	1888	6.555690
2950	1711	6.451751
2950	2671	6.361653
2950	380	6.231108
2950	1457	6.113205
2951	2858	4.689374
2951	1307	4.627146
2951	1265	4.499221
2951	2716	4.462610
2951	3578	4.226796
2951	2762	4.178423
2951	2997	4.113133
2951	1500	4.104344
2951	356	4.098123
2951	2355	4.045080
2952	3535	6.390628
2952	589	6.259833
2952	3624	6.224943
2952	608	6.099393
2952	2000	6.018166
2952	2571	6.011944
2952	1673	5.885568
2952	1089	5.800042
2952	3948	5.742223
2952	6	5.740042
2953	1513	7.394922
2953	2683	6.277229
2953	2336	6.178711
2953	2369	6.106257
2953	2581	6.073205
2953	785	6.035811
2953	2395	5.876795
2953	2906	5.771218
2953	2485	5.740211
2953	2959	5.715684
2954	2805	5.800175
2954	2433	5.564993
2954	2580	5.499454
2954	2688	5.464598
2954	2490	5.441590
2954	2881	5.437248
2954	2396	5.371517
2954	3219	5.368110
2954	2599	5.319219
2954	2541	5.163804
2955	2716	6.236353
2955	3175	6.151111
2955	2336	6.073929
2955	2580	5.937956
2955	3174	5.668400
2955	2881	5.644885
2955	2490	5.591652
2955	2734	5.548345
2955	2683	5.495541
2955	223	5.433751
2957	1374	5.894839
2957	1097	5.716150
2957	2355	5.683832
2957	34	5.556289
2957	2791	5.489193
2957	2716	5.350396
2957	1270	5.207901
2957	1079	4.920338
2957	1265	4.898897
2957	2712	4.850993
2958	2688	6.276586
2958	2396	6.216924
2958	2013	5.718204
2958	2686	5.551810
2958	2710	5.372471
2958	2713	5.322341
2958	2987	5.252285
2958	1093	5.183051
2958	2881	5.165517
2958	2355	5.108060
2959	2858	4.473093
2959	3578	4.428955
2959	466	4.210414
2959	3408	4.121018
2959	3535	4.083369
2959	1101	4.008781
2959	2406	4.006516
2959	593	4.000630
2959	2628	3.988852
2959	2918	3.941458
2960	1304	5.381713
2960	260	5.220799
2960	1387	5.141793
2960	1199	5.120237
2960	1206	5.091156
2960	1136	5.088569
2960	541	5.057477
2960	2657	4.933047
2960	1196	4.849244
2960	1252	4.839226
2961	2791	5.556052
2961	2194	5.528142
2961	2000	5.473349
2961	3160	5.245849
2961	110	5.221291
2961	2858	5.128767
2961	2571	5.084854
2961	1374	5.052693
2961	1965	5.022151
2961	1097	4.986291
2962	3257	6.905718
2962	1917	6.722704
2962	1573	6.620066
2962	1676	6.395659
2962	1876	6.285853
2962	1909	6.284182
2962	736	6.211016
2962	648	6.165381
2962	95	6.097296
2962	454	6.081133
2963	260	4.872979
2963	1198	4.675742
2963	318	4.489177
2963	2028	4.369306
2963	2762	4.322062
2963	912	4.311340
2963	527	4.302035
2963	1210	4.264541
2963	858	4.248125
2963	2987	4.242588
2964	750	6.092464
2964	3471	5.805532
2964	1252	5.590401
2964	1304	5.572821
2964	920	5.491303
2964	260	5.412441
2964	1214	5.343350
2964	541	5.278244
2964	1136	5.266951
2964	3435	5.207229
2966	2395	5.974602
2966	1784	5.480949
2966	231	5.408634
2966	1923	5.308866
2966	1265	5.268161
2966	3253	5.238566
2966	2539	5.193101
2966	2706	5.013083
2966	2683	4.975368
2966	356	4.721788
2967	1962	6.448575
2967	34	6.408711
2967	36	6.342052
2967	1269	6.183170
2967	1035	6.054726
2967	1265	5.925809
2967	551	5.864479
2967	2791	5.616894
2967	1234	5.606214
2967	1965	5.556588
2968	539	6.918453
2968	339	6.886597
2968	1569	6.530570
2968	597	6.428274
2968	736	6.249775
2968	587	6.161566
2968	1777	6.091106
2968	7	5.951071
2968	236	5.818863
2968	368	5.719038
2969	2194	5.487253
2969	2000	4.712779
2969	1036	4.492157
2969	2858	4.421167
2969	3160	4.383986
2969	2762	4.096207
2969	3752	4.064971
2969	2997	4.058416
2969	3174	4.053856
2969	1222	4.036161
2970	1580	5.267433
2970	2291	5.031342
2970	3160	4.931525
2970	21	4.902804
2970	2706	4.899111
2970	32	4.830618
2970	356	4.803796
2970	1673	4.783973
2970	1747	4.668589
2970	2571	4.659395
2971	3424	6.954813
2971	1	6.370156
2971	1265	6.099563
2971	3783	5.980641
2971	235	5.926393
2971	2146	5.904455
2971	34	5.868716
2971	1148	5.853657
2971	3507	5.771006
2971	551	5.712210
2972	2513	6.720510
2972	3708	6.688205
2972	1327	6.389499
2972	1644	6.356657
2972	2976	6.337702
2972	1037	6.260340
2972	2717	6.259884
2972	2672	6.210178
2972	611	6.148304
2972	2713	6.140183
2973	2723	6.756174
2973	2598	6.701816
2973	2688	6.582175
2973	2683	6.515911
2973	2490	6.499436
2973	2716	6.261178
2973	2881	6.164023
2973	3175	6.130581
2973	2336	6.095439
2973	2369	6.057828
2974	1265	5.229404
2974	2997	4.989693
2974	39	4.982593
2974	1500	4.863379
2974	1732	4.796048
2974	223	4.740778
2974	2706	4.734707
2974	2599	4.711892
2974	2858	4.689579
2974	3253	4.621270
2975	750	6.734570
2975	1304	6.575232
2975	1136	6.502680
2975	1077	6.475590
2975	1230	6.448853
2975	1	6.211752
2975	745	6.154863
2975	1235	6.142334
2975	1276	6.038293
2975	3671	6.014654
2976	2716	5.814195
2976	1265	5.564804
2976	1307	5.532417
2976	1079	5.446856
2976	2355	5.060906
2976	2918	4.988612
2976	2791	4.897400
2976	34	4.875952
2976	1961	4.831372
2976	3868	4.780220
2978	260	6.795924
2978	919	6.667641
2978	1208	6.649631
2978	969	6.630933
2978	1225	6.564692
2978	3471	6.417795
2978	2565	6.386963
2978	2987	6.360749
2978	1947	6.247966
2978	1073	6.200535
2979	1265	5.298964
2979	1094	5.043738
2979	2384	4.991491
2979	17	4.986931
2979	1784	4.880876
2979	357	4.823123
2979	2797	4.798159
2979	2539	4.797187
2979	1357	4.787351
2979	356	4.764448
2980	589	5.867079
2980	457	5.842125
2980	1921	5.607527
2980	1610	5.432657
2980	1240	5.424720
2980	1584	5.313392
2980	1748	5.187116
2980	608	5.171590
2980	50	5.156140
2980	266	5.146258
2981	593	4.008212
2981	2762	3.954098
2981	2406	3.898535
2981	3578	3.857285
2981	2797	3.819116
2981	1198	3.782717
2981	296	3.754195
2981	3623	3.712473
2981	2028	3.684273
2981	2100	3.680212
2983	1917	7.295154
2983	1527	7.172774
2983	1573	6.758384
2983	316	6.689478
2983	70	6.663133
2983	1544	6.612597
2983	1372	6.519107
2983	2617	6.508698
2983	1385	6.462358
2983	1792	6.428488
2985	2054	5.098882
2985	1019	4.914284
2985	674	4.816855
2985	2987	4.807350
2985	260	4.721249
2985	2394	4.595766
2985	2053	4.502212
2985	2080	4.379612
2985	1371	4.356985
2985	673	4.336103
2986	2716	4.864568
2986	3175	4.547287
2986	2100	4.438787
2986	1265	4.364254
2986	1307	4.261706
2986	2396	4.142822
2986	356	4.114318
2986	2881	4.105898
2986	3408	4.100772
2986	1517	4.069514
2987	2858	4.499080
2987	2716	4.295084
2987	2762	4.237387
2987	2683	4.139671
2987	1265	4.113557
2987	3578	4.017667
2987	2706	4.012374
2987	2395	3.941996
2987	3175	3.897657
2987	1517	3.802222
2988	2683	5.986676
2988	2490	5.724734
2988	2723	5.685906
2988	2706	5.386514
2988	2013	5.320417
2988	3175	5.318229
2988	2369	5.258381
2988	2395	5.249615
2988	2581	5.236839
2988	2336	5.114493
2989	2916	5.321662
2989	2571	5.197832
2989	589	5.183453
2989	1527	4.990375
2989	2985	4.882402
2989	1580	4.713002
2989	3510	4.676152
2989	1240	4.638386
2989	648	4.627665
2989	1573	4.546175
2990	2424	6.530011
2990	539	6.409733
2990	7	6.061210
2990	1777	6.026578
2990	339	5.932999
2990	380	5.675841
2990	1721	5.652732
2990	3528	5.617006
2990	586	5.605120
2990	468	5.504676
2991	912	5.591232
2991	919	5.498604
2991	1230	5.349769
2991	260	5.346086
2991	1304	5.132290
2991	1276	5.100902
2991	1947	5.071397
2991	1294	5.063626
2991	920	4.927610
2991	2987	4.871406
2992	1101	5.578214
2992	3744	5.348051
2992	3753	5.307303
2992	1391	5.185385
2992	2628	5.129121
2992	3844	5.085605
2992	3624	5.052922
2992	3409	4.976762
2992	3623	4.828109
2992	3510	4.815307
2993	2791	4.577890
2993	2003	4.447630
2993	1220	4.421816
2993	2193	4.330501
2993	2628	4.309474
2993	1097	4.292384
2993	2746	4.131142
2993	1225	4.106558
2993	551	4.069137
2993	2406	4.019358
2994	2722	8.124488
2994	2605	7.887406
2994	3113	7.687271
2994	2881	7.686662
2994	2716	7.436314
2994	2688	7.069040
2994	2699	7.052752
2994	1562	6.951798
2994	2710	6.919562
2994	2713	6.779372
2995	1333	5.168426
2995	3638	5.055386
2995	1321	4.883620
2995	968	4.543343
2995	1717	4.452513
2995	2407	4.440284
2995	3704	4.337099
2995	1387	4.328249
2995	2311	4.327213
2995	3499	4.249963
2996	2797	6.370420
2996	2355	6.228236
2996	1307	6.018139
2996	2100	5.953872
2996	2243	5.920247
2996	1265	5.915320
2996	1367	5.804757
2996	588	5.712897
2996	1663	5.669760
2996	3552	5.573611
2997	2406	7.464892
2997	1101	6.659416
2997	2100	6.166748
2997	380	5.347542
2997	2115	5.155344
2997	2005	5.061048
2997	3623	4.950470
2997	2872	4.897858
2997	2161	4.796958
2997	1073	4.731861
2998	1265	5.644378
2998	1784	5.543140
2998	1569	5.265618
2998	104	5.172325
2998	357	5.125778
2998	1357	5.095967
2998	1485	5.086974
2998	500	4.959986
2998	1923	4.935832
2998	2108	4.900587
2999	2394	7.722315
2999	2087	7.200104
2999	3479	7.039437
2999	2100	6.748726
2999	1947	6.672618
2999	1367	6.577210
2999	2336	6.527876
2999	2081	6.476231
2999	3489	6.466969
2999	2987	6.377204
3000	2628	6.355716
3000	1608	5.775571
3000	1917	5.738356
3000	1101	5.640240
3000	3623	5.534264
3000	3489	5.472291
3000	653	5.462210
3000	1552	5.387898
3000	1377	5.306315
3000	1573	5.185055
3001	2194	5.887826
3001	2455	5.642539
3001	1036	5.455740
3001	589	5.453229
3001	2628	5.433263
3001	1407	5.398443
3001	2167	5.323400
3001	2985	5.282729
3001	2916	5.232329
3001	2617	5.214843
3002	1265	5.664350
3002	235	5.568640
3002	1	5.539402
3002	34	5.398725
3002	2997	5.372801
3002	39	5.360556
3002	1961	5.259583
3002	2321	5.154658
3002	3114	5.108721
3002	1732	5.056760
3003	2628	6.499215
3003	2455	6.345547
3003	1097	5.696168
3003	2011	5.560763
3003	1129	5.502612
3003	2985	5.450577
3003	1374	5.351461
3003	349	5.329735
3003	3160	5.308621
3003	329	5.306981
3004	377	6.642381
3004	1777	6.456076
3004	3155	6.253081
3004	539	6.167406
3004	3176	6.083302
3004	802	6.003599
3004	587	5.695712
3004	457	5.649387
3004	852	5.512547
3004	1645	5.460499
3005	1527	6.880558
3005	2167	6.513836
3005	2455	6.340375
3005	2916	6.216639
3005	480	6.215876
3005	1544	6.134644
3005	316	6.115715
3005	1580	6.091848
3005	2985	6.017059
3005	329	6.013924
3006	2706	4.994138
3006	2858	4.927313
3006	223	4.882684
3006	1580	4.795568
3006	3160	4.670345
3006	2355	4.441161
3006	1500	4.438480
3006	3408	4.367596
3006	2997	4.309805
3006	2599	4.257137
3007	2100	6.118932
3007	2470	5.275365
3007	367	5.225486
3007	3157	5.207932
3007	2797	5.163718
3007	2716	5.093169
3007	1513	5.058431
3007	3623	4.680813
3007	317	4.659248
3007	2683	4.542226
3008	589	5.839795
3008	2916	5.450244
3008	1573	5.361723
3008	3256	5.303207
3008	1610	5.302419
3008	457	5.289808
3008	1370	5.254877
3008	733	5.146489
3008	648	5.120208
3008	3510	5.082381
3010	1676	6.035473
3010	3704	5.948356
3010	1831	5.675099
3010	780	5.673040
3010	2985	5.654390
3010	3638	5.505766
3010	2167	5.456991
3010	648	5.390790
3010	610	5.375669
3010	1527	5.369837
3011	457	6.219776
3011	1240	6.149969
3011	1610	5.925490
3011	1617	5.679708
3011	2529	5.614655
3011	3702	5.494280
3011	1200	5.437562
3011	608	5.381488
3011	1653	5.319346
3011	2916	5.207310
3012	2707	5.910778
3012	2710	5.616580
3012	3827	5.426923
3012	2699	5.352433
3012	2694	5.277439
3012	1092	5.201738
3012	2701	5.167390
3012	3176	5.164342
3012	736	5.069634
3012	3354	5.066419
3013	1092	4.062289
3013	3751	4.015659
3013	2762	4.015544
3013	3155	4.013977
3013	3753	4.006017
3013	1645	3.988086
3013	1266	3.982379
3013	3793	3.975960
3013	1997	3.941347
3013	587	3.937592
3014	1265	5.373153
3014	34	5.104504
3014	1393	4.972200
3014	588	4.823968
3014	356	4.794385
3014	1682	4.668039
3014	1784	4.658535
3014	357	4.584127
3014	1704	4.542711
3014	150	4.532361
3015	1291	7.066173
3015	2005	6.790656
3015	1967	6.652429
3015	3489	6.623393
3015	2968	6.488089
3015	1097	6.371949
3015	2028	6.285963
3015	3479	6.192095
3015	2105	6.133155
3015	2628	6.060617
3016	3175	5.088355
3016	2396	5.018379
3016	2712	4.961863
3016	2433	4.953502
3016	2710	4.819792
3016	2716	4.818574
3016	2355	4.745472
3016	1909	4.727336
3016	2580	4.697523
3016	2858	4.669407
3017	1220	5.542033
3017	1198	5.164026
3017	296	5.134738
3017	1097	5.111144
3017	2140	5.002641
3017	2797	4.908463
3017	2194	4.854058
3017	260	4.808167
3017	318	4.745749
3017	2011	4.723825
3018	1201	7.448653
3018	3639	7.352075
3018	1407	7.039818
3018	3016	7.025568
3018	3508	6.642743
3018	913	6.483093
3018	2921	6.367446
3018	1387	6.203678
3018	1219	6.108467
3018	1994	6.090496
3020	1294	5.434585
3020	2081	5.431660
3020	920	5.348530
3020	916	5.090214
3020	588	4.962343
3020	914	4.959772
3020	246	4.803215
3020	1307	4.771214
3020	2746	4.749445
3020	3363	4.749090
3022	1527	7.924568
3022	2353	7.249620
3022	1385	7.238132
3022	1552	7.204596
3022	2278	7.174420
3022	10	7.124115
3022	1876	7.122872
3022	3107	7.071723
3022	2916	7.004604
3022	1356	6.830338
3023	2881	5.942267
3023	2723	5.870381
3023	2805	5.859676
3023	2581	5.852365
3023	2683	5.733572
3023	2598	5.591783
3023	2013	5.580787
3023	2336	5.532612
3023	3053	5.526266
3023	2710	5.513757
3024	1391	6.632547
3024	1876	6.480305
3024	1676	6.315814
3024	316	6.127298
3024	1603	5.974134
3024	3638	5.932562
3024	1372	5.861611
3024	2094	5.859170
3024	1573	5.641256
3024	1590	5.612565
3025	1947	7.015416
3025	2746	6.814901
3025	3508	6.501097
3025	1073	6.387543
3025	2716	6.380832
3025	1081	6.339128
3025	2015	6.101097
3025	3467	6.073002
3025	1974	5.799758
3025	3363	5.723909
3026	2431	8.611873
3026	2471	7.511534
3026	1663	7.493780
3026	1307	7.468222
3026	3263	7.453689
3026	1760	7.367082
3026	520	7.136926
3026	2088	7.132813
3026	355	7.068236
3026	344	6.998256
3028	1265	6.088594
3028	588	5.721467
3028	497	5.278623
3028	3552	5.255406
3028	1307	5.225681
3028	3526	5.164670
3028	17	5.029934
3028	357	5.023150
3028	2243	5.016097
3028	246	4.888496
3029	3263	6.622907
3029	1777	6.527018
3029	2247	6.194750
3029	597	6.070229
3029	344	6.046035
3029	2431	5.970462
3029	2108	5.904466
3029	539	5.854810
3029	1265	5.836789
3029	2424	5.827424
3031	2826	7.051844
3031	2002	6.686682
3031	70	6.426674
3031	1580	6.423086
3031	1918	6.037462
3031	2001	5.961250
3031	1372	5.859894
3031	316	5.821811
3031	466	5.784922
3031	2699	5.775508
3032	653	9.029956
3032	2193	8.849193
3032	2628	8.185856
3032	2640	7.688453
3032	2528	7.465937
3032	2617	7.345228
3032	2840	7.207964
3032	2115	7.148003
3032	2672	7.145775
3032	3438	6.954981
3033	1580	4.576168
3033	1608	4.520664
3033	2628	4.473172
3033	2916	4.279763
3033	3176	4.176615
3033	3408	4.152167
3033	648	4.146991
3033	480	4.103482
3033	3623	4.045037
3033	380	4.032973
3035	34	4.398667
3035	1265	4.339797
3035	588	4.205699
3035	1097	4.201997
3035	2396	4.199080
3035	2858	4.173530
3035	356	4.134808
3035	3114	4.113956
3035	3408	4.113927
3035	1	4.032770
3036	1387	5.834863
3036	1214	5.670191
3036	2664	5.303167
3036	1206	5.285017
3036	2716	5.262590
3036	1270	5.253501
3036	750	5.232178
3036	1304	5.166866
3036	1077	5.135861
3036	3671	5.114697
3037	1393	6.794211
3037	1271	6.654826
3037	3060	6.615004
3037	588	6.582659
3037	1883	6.490638
3037	45	6.449391
3037	357	6.298844
3037	356	6.233062
3037	3252	6.196449
3037	1784	6.159464
3038	969	5.943205
3038	1214	5.741857
3038	2366	5.636354
3038	1240	5.453687
3038	260	5.351590
3038	1282	5.330910
3038	919	5.249062
3038	1035	5.156603
3038	1997	5.142411
3038	1206	5.125750
3039	913	10.533323
3039	3508	10.370474
3039	1201	9.311760
3039	1947	9.217528
3039	2067	8.331614
3039	911	7.983733
3039	3074	7.880779
3039	3654	7.855450
3039	2401	7.809118
3039	2202	7.741764
3041	1092	6.658679
3041	3744	6.185234
3041	3617	5.930264
3041	1754	5.799404
3041	454	5.606621
3041	3483	5.535810
3041	1645	5.424074
3041	3793	5.393844
3041	3745	5.366687
3041	1205	5.334383
3042	21	7.358923
3042	1747	7.224804
3042	1580	6.650502
3042	1883	6.642368
3042	454	6.531598
3042	16	6.509300
3042	1923	6.364657
3042	1641	6.288596
3042	357	6.221538
3042	3386	6.140509
3044	1377	6.945238
3044	1917	6.888117
3044	3257	6.800329
3044	1391	6.362890
3044	1544	6.256002
3044	3697	6.080046
3044	1101	5.854643
3044	2617	5.848137
3044	3452	5.842091
3044	2808	5.784550
3045	1214	6.329130
3045	1206	6.243756
3045	1240	6.225916
3045	1198	6.184590
3045	904	6.177577
3045	3654	6.130983
3045	903	6.094389
3045	924	6.078245
3045	1201	5.917682
3045	1304	5.912091
3046	380	5.410099
3046	2763	4.974661
3046	1721	4.897426
3046	1513	4.894064
3046	590	4.823178
3046	2701	4.778146
3046	2013	4.774523
3046	2805	4.753684
3046	1959	4.749704
3046	913	4.630318
3047	1249	5.524692
3047	608	5.480205
3047	1196	5.386522
3047	2571	5.203146
3047	3948	4.942722
3047	1240	4.931836
3047	527	4.914999
3047	593	4.907418
3047	1	4.898284
3047	2028	4.887624
3048	1374	5.646266
3048	2571	5.321684
3048	1097	5.222585
3048	608	4.979412
3048	589	4.974671
3048	1196	4.939147
3048	1270	4.931084
3048	34	4.900654
3048	1259	4.855907
3048	1210	4.825117
3049	2396	6.465293
3049	1265	6.231812
3049	3253	6.176398
3049	1777	6.127889
3049	587	6.053727
3049	2805	6.018992
3049	356	5.960638
3049	2581	5.886298
3049	1683	5.881285
3049	2599	5.871879
3050	589	6.133490
3050	480	6.077892
3050	2640	5.858932
3050	1580	5.736863
3050	2455	5.614728
3050	1129	5.533780
3050	2571	5.408677
3050	2167	5.392370
3050	2985	5.304891
3050	1584	5.291345
3051	3744	4.437459
3051	3753	4.264820
3051	3565	4.252642
3051	2054	4.251780
3051	3623	4.198713
3051	3618	4.179743
3051	1101	4.143224
3051	2470	4.092605
3051	3861	4.036832
3051	3793	3.992812
3052	610	5.918976
3052	2167	5.568704
3052	2985	5.409854
3052	3704	5.356168
3052	3863	5.207690
3052	2011	5.203196
3052	2407	5.076510
3052	3510	4.894671
3052	1240	4.882175
3052	2628	4.877517
3053	2355	6.496049
3053	3543	6.451500
3053	3654	6.232861
3053	2761	6.220601
3053	3552	5.940676
3053	1224	5.813577
3053	2716	5.783054
3053	3210	5.693848
3053	1270	5.674900
3053	1387	5.666884
3054	608	5.110964
3054	1265	4.836893
3054	3751	4.739140
3054	1394	4.612508
3054	593	4.607895
3054	296	4.578911
3054	1259	4.544806
3054	1249	4.473504
3054	1307	4.378638
3054	3948	4.337307
3055	1831	5.923737
3055	1544	5.919972
3055	196	5.776061
3055	185	5.738225
3055	1690	5.659810
3055	1320	5.450065
3055	1037	5.326847
3055	3697	5.281332
3055	3638	5.243593
3055	1917	5.196893
3056	2470	4.938931
3056	1073	4.935032
3056	2406	4.642563
3056	1220	4.544711
3056	1291	4.447322
3056	1198	4.407672
3056	318	4.356619
3056	260	4.318369
3056	2762	4.261440
3056	1097	4.174287
3057	2997	4.358558
3057	3717	4.352951
3057	3176	4.335187
3057	3623	4.311303
3057	3510	4.257570
3057	1206	4.235625
3057	2710	4.233547
3057	2762	4.191719
3057	2706	4.135202
3057	3578	4.113537
3058	2406	4.833028
3058	2746	4.459481
3058	1302	4.456083
3058	2000	4.337071
3058	2858	4.279563
3058	1994	4.256754
3058	2792	4.236267
3058	1265	4.211084
3058	2692	4.193119
3058	1220	4.148207
3059	260	5.614570
3059	919	5.486106
3059	912	5.381459
3059	1304	5.256441
3059	1136	5.241188
3059	111	5.204637
3059	1196	5.198460
3059	908	5.143756
3059	1198	5.117299
3059	608	5.104307
3060	1608	6.395100
3060	3418	6.367993
3060	457	6.312788
3060	1580	6.212204
3060	1573	6.091660
3060	3256	6.088423
3060	161	6.086537
3060	589	5.972405
3060	377	5.919870
3060	2427	5.852361
3061	2762	4.417191
3061	318	4.167706
3061	593	4.004893
3061	3623	3.997401
3061	2858	3.881629
3061	2100	3.800259
3061	2028	3.794046
3061	2987	3.791570
3061	1073	3.695625
3061	3578	3.660543
3062	1676	4.584035
3062	1371	4.466711
3062	435	4.256622
3062	2094	4.231858
3062	3791	4.184507
3062	2012	4.134308
3062	3861	4.132912
3062	3114	4.103582
3062	153	4.043253
3062	1391	4.027249
3063	2628	3.765012
3063	3408	3.722944
3063	2407	3.715382
3063	1101	3.654713
3063	3175	3.604732
3063	2011	3.585850
3063	3753	3.471856
3063	780	3.463872
3063	2916	3.459759
3063	593	3.413229
3064	3175	5.080785
3064	1127	4.834814
3064	1097	4.789246
3064	2712	4.786570
3064	2716	4.761591
3064	2858	4.713506
3064	2916	4.660092
3064	1210	4.602192
3064	2571	4.487282
3064	480	4.456722
3065	919	5.489188
3065	2087	5.411949
3065	2987	5.191641
3065	1294	5.188018
3065	1028	5.099588
3065	260	5.044334
3065	1947	5.009248
3065	969	4.945204
3065	1032	4.932973
3065	1282	4.930860
3066	1580	5.322416
3066	2706	5.226610
3066	3408	5.001185
3066	3175	4.909583
3066	1527	4.738045
3066	2699	4.712487
3066	2353	4.674596
3066	3160	4.671921
3066	1722	4.644072
3066	21	4.636355
3067	1947	7.610750
3067	913	7.278970
3067	2067	7.021371
3067	899	6.979656
3067	1230	6.952700
3067	920	6.710623
3067	3508	6.607815
3067	919	6.585250
3067	1294	6.441508
3067	1201	6.337204
3069	2145	5.724275
3069	3448	5.677045
3069	2000	5.511450
3069	1101	5.414810
3069	3535	5.385287
3069	2371	5.345513
3069	2406	5.319368
3069	3173	5.276447
3069	3450	5.223006
3069	3317	5.202514
3070	1304	6.236501
3070	1199	5.968091
3070	1259	5.870500
3070	3362	5.748041
3070	608	5.702474
3070	1136	5.681687
3070	1230	5.668290
3070	3671	5.640831
3070	908	5.630744
3070	2918	5.616755
3072	1097	4.587039
3072	2628	4.252104
3072	2987	4.003119
3072	674	3.957886
3072	1073	3.954580
3072	2916	3.941974
3072	364	3.936584
3072	2028	3.869924
3072	3114	3.867248
3072	648	3.865567
3073	608	5.099420
3073	589	4.972038
3073	2657	4.833801
3073	2571	4.784864
3073	32	4.777318
3073	1196	4.700028
3073	1136	4.672559
3073	1617	4.592395
3073	1214	4.558103
3073	1199	4.490410
3074	3450	4.922517
3074	266	4.918538
3074	1580	4.767361
3074	380	4.648620
3074	1101	4.612356
3074	3535	4.554636
3074	1393	4.494100
3074	3173	4.461553
3074	587	4.405722
3074	1747	4.345845
3075	1374	7.674428
3075	2355	7.661106
3075	2000	7.500075
3075	1097	7.435798
3075	1968	7.276116
3075	2791	7.208197
3075	3552	7.196638
3075	1224	7.100820
3075	1961	7.045260
3075	1179	7.025578
3077	594	6.335702
3077	595	6.240599
3077	1022	6.219572
3077	2078	5.824007
3077	1	5.332350
3077	2096	5.268627
3077	1907	5.260867
3077	34	5.152255
3077	2080	5.146783
3077	1032	4.994258
3078	1304	6.041970
3078	1394	5.656737
3078	1199	5.595330
3078	1230	5.577261
3078	2300	5.490733
3078	1235	5.406928
3078	3897	5.356470
3078	2863	5.294938
3078	608	5.176492
3078	1234	5.175570
3079	589	6.110188
3079	1240	5.943125
3079	1198	5.891804
3079	2194	5.807426
3079	1214	5.553882
3079	260	5.550292
3079	527	5.519596
3079	1196	5.484211
3079	1200	5.463071
3079	858	5.452770
3080	2247	6.932258
3080	2717	6.648573
3080	3263	6.296354
3080	2375	6.167596
3080	3949	5.675574
3080	2416	5.656979
3080	2413	5.636075
3080	2134	5.568324
3080	3536	5.558220
3080	3146	5.541536
3081	2791	4.395453
3081	2174	4.283571
3081	2797	4.265540
3081	1307	4.172647
3081	1265	4.135317
3081	2858	4.124465
3081	2716	4.054917
3081	1097	4.026713
3081	2918	3.951305
3081	1270	3.917066
3082	2396	4.005519
3082	2699	3.940874
3082	3175	3.931445
3082	2858	3.930230
3082	2628	3.884718
3082	1580	3.850273
3082	2710	3.822812
3082	2916	3.806866
3082	2640	3.745701
3082	3114	3.732470
3083	2716	5.932704
3083	3175	5.666264
3083	2396	5.462226
3083	968	5.342368
3083	2336	5.194910
3083	2908	5.109740
3083	34	5.066621
3083	902	5.037643
3083	1566	4.939849
3083	1333	4.808614
3084	3893	7.200506
3084	3624	7.006807
3084	1089	6.849164
3084	3555	6.543154
3084	3863	6.298408
3084	3744	6.278267
3084	3897	6.157248
3084	457	6.121194
3084	6	6.054901
3084	454	6.005614
3085	1527	6.245607
3085	380	6.136045
3085	1917	6.114726
3085	1573	5.945767
3085	2628	5.884683
3085	292	5.882365
3085	70	5.847990
3085	353	5.846353
3085	1101	5.725895
3085	349	5.711730
3086	3107	5.887701
3086	2353	5.800146
3086	3100	5.741146
3086	1580	5.739349
3086	3408	5.624195
3086	3105	5.564066
3086	1747	5.491742
3086	3160	5.438719
3086	1343	5.362254
3086	377	5.361963
3087	1653	7.774612
3087	32	7.686674
3087	1584	7.589524
3087	1682	7.313745
3087	1912	6.545050
3087	524	6.468051
3087	480	6.399428
3087	457	6.389499
3087	3148	6.368545
3087	1269	6.342464
3088	588	5.127395
3088	364	4.819202
3088	1	4.812071
3088	595	4.637505
3088	1097	4.600477
3088	3114	4.562376
3088	32	4.506661
3088	150	4.494915
3088	1094	4.435737
3088	2294	4.414489
3089	1527	6.158568
3089	1573	6.142010
3089	1580	6.103401
3089	2916	5.820767
3089	1909	5.796940
3089	1356	5.786525
3089	480	5.771791
3089	1876	5.471653
3089	1584	5.469814
3089	2706	5.348883
3090	608	6.270697
3090	750	5.838957
3090	1617	5.688052
3090	1259	5.583734
3090	1304	5.566295
3090	1394	5.514848
3090	858	5.483683
3090	3362	5.426846
3090	111	5.408647
3090	593	5.393643
3091	2167	5.349878
3091	2916	5.037455
3091	1645	4.895067
3091	610	4.763971
3091	353	4.703277
3091	1101	4.628011
3091	589	4.553379
3091	1997	4.549033
3091	1527	4.547174
3091	3555	4.519111
3092	1269	7.344699
3092	589	6.809742
3092	2916	6.772520
3092	480	6.594232
3092	2640	6.583231
3092	1240	6.444394
3092	1035	6.291831
3092	2571	6.205872
3092	1129	6.159366
3092	1527	6.104523
3093	3617	5.562962
3093	3893	5.381205
3093	3745	4.859868
3093	3751	4.843247
3093	3949	4.813489
3093	3755	4.808481
3093	3863	4.802855
3093	3555	4.753964
3093	3556	4.716042
3093	3624	4.696693
3094	2706	5.238181
3094	2433	5.186730
3094	2712	5.185025
3094	2580	5.176113
3094	2396	5.125459
3094	3174	5.090496
3094	2683	5.013636
3094	3160	4.820682
3094	2395	4.802061
3094	2959	4.747111
3095	2243	5.117111
3095	1663	4.963092
3095	2100	4.891328
3095	1265	4.836783
3095	3448	4.763928
3095	1394	4.635543
3095	1960	4.615892
3095	2150	4.601488
3095	1961	4.587773
3095	3072	4.553371
3096	1777	5.932405
3096	337	5.645406
3096	380	5.496482
3096	852	5.313194
3096	597	5.295409
3096	2683	5.193869
3096	3253	5.158813
3096	2706	4.994217
3096	2805	4.959795
3096	1711	4.948098
3097	356	5.398534
3097	17	5.212730
3097	1094	5.086656
3097	1183	4.720980
3097	2396	4.663648
3097	34	4.568198
3097	1747	4.564625
3097	357	4.540310
3097	265	4.525852
3097	588	4.474981
3098	1918	5.966239
3098	2012	5.886121
3098	2369	5.782184
3098	1391	5.467324
3098	736	5.441851
3098	2002	5.417794
3098	3717	5.304646
3098	2699	5.296988
3098	2683	5.289846
3098	2710	5.262464
3099	1527	7.192393
3099	1876	6.976143
3099	1676	6.442946
3099	1573	6.425953
3099	2393	6.314945
3099	780	6.252913
3099	1320	6.225856
3099	1372	6.161955
3099	1831	6.118089
3099	316	6.097237
3100	2355	5.521355
3100	2396	4.868867
3100	34	4.800444
3100	1	4.794680
3100	2321	4.770009
3100	1265	4.753542
3100	2571	4.711813
3100	608	4.686976
3100	3408	4.685565
3100	1408	4.675221
3101	1225	5.626402
3101	1073	5.598763
3101	260	5.406416
3101	1097	5.330460
3101	1967	5.131099
3101	1220	5.034278
3101	1198	4.999488
3101	2968	4.932437
3101	2872	4.815234
3101	1259	4.777403
3102	1580	5.723061
3102	1527	5.535632
3102	480	5.465664
3102	589	5.392527
3102	2916	5.299235
3102	1584	5.241331
3102	1573	5.012513
3102	1356	4.949497
3102	110	4.860366
3102	2571	4.824926
3103	1240	5.763868
3103	1617	5.481137
3103	1214	5.435981
3103	1249	5.314177
3103	457	5.283423
3103	1206	5.259509
3103	1213	5.239705
3103	296	5.159124
3103	1089	5.149267
3103	904	5.087574
3105	1097	5.861435
3105	260	5.428132
3105	1198	5.270177
3105	1196	5.269134
3105	1231	5.250844
3105	1957	5.246495
3105	1210	5.242746
3105	912	5.203705
3105	1242	5.162996
3105	1270	5.151889
3106	296	4.855942
3106	608	4.701072
3106	593	4.676629
3106	260	4.472498
3106	1249	4.466640
3106	318	4.440660
3106	1196	4.432767
3106	858	4.398208
3106	2858	4.252628
3106	1240	4.250491
3107	329	6.285259
3107	2393	5.726660
3107	2985	5.602140
3107	1587	5.598181
3107	2605	5.555700
3107	3701	5.549122
3107	1876	5.446830
3107	316	5.430131
3107	1375	5.228588
3107	2355	5.203604
3108	377	6.179165
3108	380	5.783402
3108	590	5.709050
3108	2686	5.479638
3108	1722	5.437406
3108	913	5.320356
3108	2336	5.304882
3108	1721	5.252861
3108	2688	5.235958
3108	1608	5.027312
3109	2791	4.340190
3109	592	4.305558
3109	2011	4.177147
3109	296	4.131763
3109	2174	4.104939
3109	2628	4.088931
3109	3948	4.061513
3109	2000	4.006407
3109	3863	3.995329
3109	1213	3.962733
3110	608	5.828973
3110	1240	5.719410
3110	1617	5.596892
3110	1214	5.432125
3110	1269	5.407029
3110	2571	5.355795
3110	32	5.327858
3110	589	5.326790
3110	2529	5.191325
3110	1196	5.129827
3111	1307	7.087954
3111	2100	6.817013
3111	2797	6.161079
3111	1380	6.105759
3111	1367	5.842434
3111	2746	5.827456
3111	2253	5.729320
3111	2717	5.702709
3111	3248	5.641636
3111	1381	5.587375
3112	608	5.527825
3112	3751	5.188549
3112	3418	5.140964
3112	457	5.050861
3112	1617	5.036033
3112	296	4.970056
3112	1240	4.967513
3112	1213	4.928482
3112	2391	4.900190
3112	593	4.861729
3113	3174	5.356826
3113	337	5.340008
3113	3623	5.316817
3113	2683	5.266420
3113	3044	5.189069
3113	587	5.140258
3113	2959	5.135415
3113	736	5.010283
3113	785	4.975803
3113	1777	4.930177
3114	2431	6.417711
3114	3263	5.859091
3114	1961	5.697835
3114	3253	5.678345
3114	1923	5.558967
3114	500	5.535534
3114	231	5.519611
3114	2683	5.460714
3114	1307	5.400293
3114	2108	5.297743
3115	3510	5.109291
3115	2916	4.971215
3115	1527	4.925022
3115	110	4.836546
3115	2985	4.814725
3115	3408	4.810149
3115	3578	4.805327
3115	1573	4.767352
3115	457	4.718413
3115	3704	4.692516
3116	457	5.193157
3116	296	5.028460
3116	3753	5.007469
3116	589	4.929362
3116	2628	4.886013
3116	318	4.853799
3116	110	4.686813
3116	1291	4.671274
3116	593	4.648698
3116	1580	4.546342
3117	1221	5.739337
3117	1196	5.615520
3117	1198	5.570132
3117	260	5.549622
3117	1222	5.423483
3117	858	5.380561
3117	608	5.336951
3117	1259	5.301017
3117	912	5.284016
3117	1242	5.278901
3118	3098	6.069064
3118	1961	5.754984
3118	3654	5.683391
3118	1213	5.596008
3118	3751	5.555498
3118	2804	5.508171
3118	1179	5.441132
3118	940	5.375876
3118	1222	5.357072
3118	1234	5.226690
3119	1527	5.626712
3119	3175	5.044374
3119	589	5.042266
3119	2716	4.988550
3119	2881	4.982543
3119	2699	4.974803
3119	2710	4.953532
3119	2858	4.891507
3119	2490	4.879744
3119	3354	4.855386
3120	3175	5.408334
3120	2433	5.401774
3120	2396	5.132779
3120	2716	5.089099
3120	2706	5.072337
3120	2580	5.036387
3120	2599	4.950956
3120	2355	4.919962
3120	2881	4.869934
3120	223	4.744332
3121	2881	6.500209
3121	2688	6.470025
3121	2490	6.425905
3121	2581	6.321341
3121	2710	6.177569
3121	2683	6.131410
3121	2713	6.108988
3121	2722	5.960336
3121	2805	5.945851
3121	2699	5.832804
3123	1391	7.112138
3123	196	6.955591
3123	435	6.768432
3123	172	6.750198
3123	3638	6.506282
3123	2986	6.395724
3123	185	6.237324
3123	2699	6.136273
3123	2002	6.112334
3123	1882	6.093264
3125	736	6.100740
3125	1391	5.858926
3125	597	5.389912
3125	2094	5.308979
3125	2012	5.223402
3125	454	5.165643
3125	587	5.055088
3125	3082	4.935641
3125	3408	4.883324
3125	1917	4.847061
3126	1921	7.299757
3126	1573	7.278175
3126	1527	7.166857
3126	1580	7.157855
3126	1370	7.065250
3126	1584	6.672734
3126	292	6.647045
3126	589	6.486802
3126	1608	6.461692
3126	70	6.401498
3127	1265	5.630910
3127	1307	5.054789
3127	356	4.951415
3127	2797	4.826660
3127	588	4.768064
3127	34	4.725395
3127	2355	4.705784
3127	246	4.613727
3127	2716	4.453396
3127	265	4.384195
3128	500	5.523920
3128	3450	5.295856
3128	3869	5.270669
3128	231	5.023667
3128	3263	4.857342
3128	2369	4.852052
3128	370	4.755272
3128	1777	4.619857
3128	2717	4.605547
3128	3809	4.546459
3129	2706	6.445351
3129	3176	6.174587
3129	1923	5.937672
3129	3623	5.872617
3129	2353	5.818489
3129	16	5.736957
3129	1580	5.634734
3129	3105	5.626365
3129	2502	5.600922
3129	1805	5.573384
3130	1374	5.104414
3130	2997	4.862924
3130	968	4.789288
3130	2716	4.758459
3130	3702	4.618434
3130	3160	4.600326
3130	3175	4.520947
3130	2858	4.458624
3130	3114	4.327566
3130	1214	4.295785
3131	2355	6.267027
3131	34	6.200073
3131	1265	6.013127
3131	1094	5.907162
3131	1	5.670812
3131	2396	5.603543
3131	1307	5.576507
3131	1210	5.502884
3131	588	5.490709
3131	1097	5.462614
3134	1527	6.870961
3134	2628	6.398195
3134	1552	6.381089
3134	1608	6.329944
3134	3107	6.316919
3134	2916	6.253265
3134	1876	6.097516
3134	316	6.092509
3134	1101	6.039839
3134	648	6.012338
3135	588	7.818406
3135	364	6.859016
3135	34	6.710958
3135	2321	6.552040
3135	2355	6.366128
3135	595	6.352427
3135	1028	6.301623
3135	3526	6.124849
3135	2081	5.818087
3135	1265	5.762680
3136	589	5.801908
3136	2571	5.633151
3136	1200	5.571199
3136	3471	5.305985
3136	1198	5.211682
3136	2529	5.163061
3136	1617	5.124210
3136	1210	5.073461
3136	2028	5.064429
3136	608	5.026404
3137	2336	6.372581
3137	2013	6.320221
3137	2581	6.286807
3137	2490	6.205094
3137	2683	5.992859
3137	3175	5.956320
3137	2723	5.864841
3137	2716	5.739164
3137	2805	5.733684
3137	3219	5.733623
3138	266	4.598699
3138	2628	4.520640
3138	1608	4.455098
3138	380	4.428406
3138	457	4.399646
3138	2406	4.392507
3138	3753	4.354908
3138	3555	4.184559
3138	590	4.162137
3138	1580	3.982451
3139	1259	6.184828
3139	1957	6.119808
3139	1198	6.048955
3139	260	5.978449
3139	1196	5.975920
3139	1097	5.936850
3139	1221	5.914669
3139	1090	5.839870
3139	1293	5.732166
3139	1961	5.707613
3140	588	6.370752
3140	1028	5.762759
3140	2081	5.688277
3140	364	5.671543
3140	2146	5.484437
3140	1265	5.450757
3140	1033	5.320598
3140	595	5.257896
3140	594	5.106214
3140	3034	5.047888
3141	2716	5.674355
3141	2355	5.350319
3141	3175	5.174585
3141	2605	5.035178
3141	2699	4.889381
3141	2881	4.878225
3141	1562	4.748070
3141	2712	4.709085
3141	2706	4.660411
3141	2599	4.471085
3142	1197	5.851040
3142	1221	5.528834
3142	1387	5.513796
3142	1097	5.447754
3142	1270	5.357600
3142	1394	5.338480
3142	260	5.330229
3142	1231	5.199937
3142	1079	5.192076
3142	1957	5.150620
3143	3418	5.910099
3143	527	5.621071
3143	1617	5.407672
3143	589	5.321553
3143	2028	5.233265
3143	377	5.169057
3143	1210	5.131378
3143	3471	5.113767
3143	1214	5.008119
3143	920	4.980309
3144	3510	5.295544
3144	3623	5.120052
3144	3897	5.062274
3144	3745	5.061614
3144	3617	4.851491
3144	3578	4.806370
3144	3863	4.795725
3144	3893	4.731368
3144	253	4.639779
3144	3751	4.556148
3145	1265	4.246965
3145	593	4.144436
3145	296	4.097402
3145	2858	4.082323
3145	608	4.069105
3145	1097	4.023886
3145	2797	3.990226
3145	34	3.862863
3145	318	3.832019
3145	1270	3.805808
3146	2858	5.241998
3146	3702	4.861670
3146	1214	4.829530
3146	2997	4.792079
3146	2716	4.771835
3146	913	4.730230
3146	3471	4.680469
3146	1077	4.629833
3146	32	4.589686
3146	1206	4.584466
3147	1573	6.105642
3147	1370	6.069281
3147	1608	5.987868
3147	1722	5.857341
3147	1356	5.720577
3147	349	5.692073
3147	1805	5.565554
3147	457	5.547019
3147	2763	5.484123
3147	589	5.416683
3148	593	4.807829
3148	318	4.640775
3148	608	4.601352
3148	296	4.553384
3148	2028	4.531980
3148	3418	4.443024
3148	527	4.419595
3148	260	4.353047
3148	1198	4.197738
3148	1210	4.178696
3150	2000	5.283180
3150	1302	5.173769
3150	3751	4.669459
3150	1213	4.661547
3150	1171	4.511774
3150	1265	4.505505
3150	2791	4.377212
3150	2194	4.314219
3150	1962	4.288358
3150	3499	4.265847
3151	260	4.560328
3151	1617	4.522778
3151	920	4.449917
3151	1214	4.440373
3151	924	4.394540
3151	593	4.392922
3151	1674	4.386818
3151	2858	4.380001
3151	1265	4.358306
3151	1210	4.354992
3152	2054	4.340929
3152	1073	4.226482
3152	2470	4.152513
3152	2011	4.086516
3152	3753	4.006202
3152	3793	3.930899
3152	1088	3.829297
3152	3510	3.819281
3152	1019	3.814932
3152	3785	3.792944
3153	104	5.861010
3153	3552	5.824979
3153	1500	5.781866
3153	2243	5.564784
3153	357	5.352111
3153	1517	5.327913
3153	500	5.310128
3153	597	5.192151
3153	2108	5.132956
3153	3108	5.101508
3154	1370	6.468335
3154	3256	6.363700
3154	2433	6.200197
3154	1909	6.154108
3154	2580	6.149138
3154	454	6.121194
3154	3044	6.112790
3154	1408	5.932392
3154	3219	5.915754
3154	1127	5.636361
3155	3418	5.290523
3155	2692	4.966078
3155	2762	4.883370
3155	1617	4.719869
3155	1210	4.672125
3155	1220	4.654871
3155	2028	4.638733
3155	913	4.589907
3155	1214	4.575190
3155	2406	4.572108
3156	2023	6.503884
3156	1370	6.357993
3156	1573	6.352297
3156	1876	6.349755
3156	2881	6.274646
3156	1385	6.245268
3156	2617	6.235246
3156	2985	6.233519
3156	1552	6.216397
3156	1917	6.203315
3157	589	5.943053
3157	480	5.909614
3157	1527	5.760285
3157	2571	5.680642
3157	2985	5.385919
3157	1580	5.170758
3157	1240	5.116377
3157	2628	5.038004
3157	3702	5.029002
3157	2528	5.022707
3158	2321	6.853175
3158	1883	6.580099
3158	1393	6.401433
3158	1060	6.341058
3158	39	6.057867
3158	1500	6.048029
3158	3108	6.016478
3158	1265	5.821188
3158	34	5.803489
3158	3060	5.744679
3159	3408	4.819878
3159	2302	4.745322
3159	2108	4.718356
3159	1265	4.587119
3159	3751	4.560202
3159	3105	4.539451
3159	2124	4.504363
3159	2000	4.439596
3159	597	4.427726
3159	1923	4.418917
3161	1265	5.103420
3161	2000	5.025063
3161	2194	4.781212
3161	2716	4.689827
3161	2791	4.654272
3161	1387	4.629488
3161	1270	4.624346
3161	608	4.511067
3161	1214	4.342259
3161	1333	4.279653
3162	1527	7.106880
3162	1573	6.967840
3162	1876	6.661145
3162	349	6.625985
3162	2393	6.586014
3162	2916	6.516221
3162	2985	6.475820
3162	2628	6.461157
3162	1917	6.447436
3162	648	6.373735
3163	1394	5.009187
3163	2657	4.781693
3163	908	4.702501
3163	1304	4.682107
3163	1276	4.627452
3163	608	4.606700
3163	1259	4.582777
3163	1136	4.541734
3163	1219	4.470815
3163	111	4.468698
3164	1374	4.543586
3164	2710	4.516370
3164	3578	4.463598
3164	3408	4.459564
3164	2716	4.431155
3164	2395	4.378653
3164	2599	4.345151
3164	3160	4.341130
3164	3114	4.324566
3164	1732	4.296276
3165	1265	5.504312
3165	1500	5.275398
3165	2858	4.903177
3165	1222	4.846565
3165	2997	4.826741
3165	3052	4.777775
3165	1732	4.667043
3165	3608	4.660053
3165	2918	4.652077
3165	3763	4.626464
3166	1240	4.798208
3166	1198	4.785924
3166	260	4.778860
3166	296	4.703930
3166	1214	4.698591
3166	858	4.542262
3166	1196	4.492779
3166	2194	4.474521
3166	1221	4.467389
3166	608	4.423052
3167	1221	6.433109
3167	1196	6.391521
3167	608	6.193893
3167	1240	6.160459
3167	1198	6.151765
3167	1200	6.135639
3167	1259	6.070244
3167	1197	6.047463
3167	1249	5.933557
3167	908	5.926834
3168	3219	5.984624
3168	2716	5.811131
3168	2605	5.796080
3168	2722	5.692144
3168	2490	5.645318
3168	3113	5.565791
3168	2580	5.537347
3168	2761	5.457705
3168	2827	5.438597
3168	2713	5.408255
3169	1037	5.783832
3169	185	5.754221
3169	1371	5.598607
3169	2021	5.485704
3169	1544	5.456464
3169	1373	5.354821
3169	2528	5.332461
3169	1779	5.323422
3169	1644	5.130626
3169	1374	5.065952
3170	2791	5.289370
3170	1265	5.108812
3170	1270	5.094266
3170	2918	5.073791
3170	608	5.063104
3170	1097	5.053828
3170	3210	4.971613
3170	3552	4.877496
3170	1079	4.848309
3170	1259	4.834364
3171	3535	5.846644
3171	3624	5.516569
3171	608	5.392670
3171	3948	5.196216
3171	2000	5.054835
3171	593	4.964267
3171	3317	4.961936
3171	1222	4.909237
3171	3893	4.879550
3171	50	4.871998
3172	1584	5.097672
3172	1580	4.853239
3172	2710	4.763429
3172	32	4.655458
3172	2858	4.543655
3172	1653	4.416710
3172	780	4.399398
3172	2396	4.215042
3172	480	4.210297
3172	2716	4.208978
3173	1198	6.482546
3173	2194	6.300790
3173	1221	6.025115
3173	260	5.997419
3173	1954	5.990900
3173	858	5.841275
3173	1240	5.719137
3173	1242	5.695951
3173	2028	5.624943
3173	1291	5.614231
3174	1370	5.917929
3174	377	5.879676
3174	3176	5.665699
3174	1909	5.633893
3174	2916	5.557627
3174	1721	5.490518
3174	1408	5.476086
3174	337	5.441959
3174	1597	5.392954
3174	1805	5.384260
3175	750	6.149564
3175	1276	5.841223
3175	1387	5.782027
3175	1197	5.707262
3175	1270	5.680075
3175	1221	5.600399
3175	1136	5.506149
3175	1097	5.506105
3175	541	5.453075
3175	1304	5.446229
3177	2000	6.143312
3177	1222	5.729348
3177	1968	5.297526
3177	2194	5.289632
3177	2858	5.252031
3177	3763	5.036179
3177	2571	5.027257
3177	2791	4.957075
3177	3535	4.931615
3177	2918	4.917489
3178	1097	5.323425
3178	912	5.292283
3178	1259	5.244411
3178	260	5.114989
3178	1196	4.930490
3178	1197	4.898662
3178	1270	4.848194
3178	1210	4.847772
3178	527	4.808375
3178	1394	4.757847
3180	1909	8.355743
3180	1527	7.550257
3180	1573	7.504809
3180	1653	7.351696
3180	1597	7.340096
3180	1552	7.059818
3180	1722	7.018718
3180	2916	6.746080
3180	1356	6.735138
3180	1608	6.510464
3182	3861	4.002296
3182	1092	3.995799
3182	1197	3.922050
3182	260	3.853251
3182	1307	3.806438
3182	3948	3.785238
3182	3638	3.728756
3182	2012	3.705896
3182	3751	3.667750
3182	2300	3.646059
3183	2628	6.724802
3183	589	6.659314
3183	1527	6.471799
3183	2916	6.411192
3183	2985	6.371780
3183	480	6.176188
3183	2115	6.020999
3183	1356	6.007366
3183	112	5.839157
3183	1573	5.789770
3184	1673	5.286024
3184	32	5.180157
3184	2000	5.073885
3184	2291	5.026045
3184	2858	4.893677
3184	2571	4.892922
3184	1580	4.851294
3184	1784	4.795455
3184	150	4.734325
3184	589	4.721313
3185	608	5.747673
3185	2571	5.442288
3185	1249	5.178001
3185	2321	5.137049
3185	293	5.117903
3185	1	5.113936
3185	1089	5.086658
3185	2000	5.059716
3185	1213	4.981163
3185	1732	4.974244
3186	1204	7.705190
3186	1254	7.276224
3186	903	6.998987
3186	260	6.942805
3186	1198	6.936755
3186	858	6.875267
3186	912	6.841312
3186	919	6.804750
3186	924	6.497050
3186	1201	6.484724
3189	380	6.427184
3189	339	6.187951
3189	2424	6.089033
3189	1608	5.803490
3189	1777	5.710331
3189	587	5.598865
3189	1569	5.579715
3189	1722	5.544394
3189	3259	5.543521
3189	597	5.412927
3190	3160	4.929012
3190	1784	4.734135
3190	2000	4.693507
3190	2706	4.651348
3190	110	4.591683
3190	1580	4.574966
3190	2858	4.542734
3190	1265	4.520206
3190	2324	4.438732
3190	2395	4.423637
3191	1569	6.985268
3191	380	6.815692
3191	1101	6.749537
3191	2100	6.711431
3191	1081	6.680823
3191	1608	6.491682
3191	2424	6.418877
3191	339	6.222502
3191	539	5.988015
3191	1917	5.956579
3192	2762	4.715186
3192	2997	4.677562
3192	1222	4.474761
3192	318	4.249675
3192	2395	4.249051
3192	3751	4.218502
3192	2959	4.194436
3192	1732	4.165629
3192	1961	4.140221
3192	593	4.126121
3193	1831	7.003602
3193	3697	6.735589
3193	2094	6.573576
3193	172	6.551067
3193	185	6.539607
3193	1037	6.534042
3193	2808	6.468612
3193	2699	6.399338
3193	1676	6.250356
3193	1371	6.202526
3194	2683	5.918642
3194	2716	5.789710
3194	2598	5.771332
3194	2581	5.768992
3194	223	5.677822
3194	1513	5.608477
3194	2433	5.537616
3194	2395	5.537156
3194	3174	5.374361
3194	2396	5.365385
3195	2717	6.676223
3195	1307	5.293617
3195	788	5.230159
3195	3072	4.771659
3195	2054	4.770726
3195	1961	4.693364
3195	3949	4.691112
3195	3258	4.544330
3195	2375	4.526762
3195	3861	4.518749
3196	2717	6.249512
3196	2369	5.426796
3196	1441	5.215822
3196	3264	5.090504
3196	2389	4.939134
3196	1377	4.913563
3196	3081	4.906543
3196	3258	4.899166
3196	1918	4.819275
3196	2012	4.762926
3197	3535	7.370506
3197	2406	7.366670
3197	466	6.392594
3197	1101	6.384379
3197	2001	6.308251
3197	3624	6.222010
3197	3555	5.860977
3197	3893	5.857701
3197	3450	5.823112
3197	368	5.822326
3198	968	6.739229
3198	2288	6.520126
3198	1345	6.440964
3198	3635	6.251710
3198	3365	6.177623
3198	1327	6.042415
3198	1982	5.729030
3198	3639	5.602698
3198	913	5.524167
3198	1972	5.513447
3199	1370	6.542800
3199	474	6.198135
3199	3623	6.143498
3199	1805	6.050614
3199	380	5.983550
3199	1573	5.933012
3199	70	5.837422
3199	2058	5.747346
3199	2278	5.733243
3199	1722	5.614297
3200	2746	5.004406
3200	2470	4.734252
3200	1101	4.684463
3200	318	4.400541
3200	1220	4.334899
3200	2150	4.324613
3200	3617	4.271914
3200	3505	4.235581
3200	1088	4.233740
3200	3753	4.151229
3201	1206	4.958117
3201	2300	4.806682
3201	3617	4.565204
3201	1196	4.541902
3201	3897	4.473134
3201	2762	4.467453
3201	1304	4.448513
3201	1221	4.444565
3201	1148	4.416375
3201	608	4.409487
3202	317	5.670990
3202	3157	5.652688
3202	2502	5.641589
3202	1513	5.587584
3202	2100	5.525895
3202	2395	5.424380
3202	2396	5.341816
3202	2336	5.247113
3202	2762	5.127223
3202	2686	5.048863
3203	2396	4.752944
3203	3114	4.676781
3203	34	4.506878
3203	2987	4.342538
3203	1	4.290664
3203	1682	4.048081
3203	2997	4.042175
3203	2762	4.013317
3203	1073	3.917209
3203	32	3.886580
3204	2716	5.226053
3204	34	5.153642
3204	2918	5.069567
3204	1079	4.912219
3204	1	4.761996
3204	1270	4.697276
3204	1188	4.687886
3204	2355	4.661843
3204	17	4.536363
3204	2289	4.503467
3205	1206	5.361696
3205	919	5.143819
3205	2987	5.078550
3205	1204	5.040946
3205	969	4.907960
3205	1022	4.907382
3205	1304	4.882379
3205	3435	4.840035
3205	1617	4.836842
3205	904	4.821923
3206	2716	7.150070
3206	2598	6.267296
3206	968	6.245955
3206	3175	5.870749
3206	2013	5.760473
3206	2713	5.740898
3206	2712	5.679247
3206	1513	5.631519
3206	2369	5.426099
3206	913	5.382794
3207	1717	6.405659
3207	3638	6.288321
3207	1088	6.071674
3207	2311	6.040368
3207	1690	5.933489
3207	2717	5.877589
3207	1321	5.839292
3207	2167	5.801771
3207	3708	5.633678
3207	2409	5.631369
3208	1373	7.200044
3208	2642	7.024221
3208	153	6.981704
3208	2355	6.826956
3208	3248	6.641966
3208	2421	6.441796
3208	2797	6.359780
3208	1307	6.208164
3208	1663	6.167940
3208	3552	6.166730
3209	1831	6.585440
3209	3717	6.385489
3209	3697	6.258124
3209	1391	6.254198
3209	1917	6.120684
3209	1544	6.100748
3209	2826	5.963756
3209	327	5.914798
3209	1779	5.889865
3209	3638	5.874082
3210	551	7.580996
3210	1967	7.136157
3210	1220	7.078917
3210	2406	7.023668
3210	2797	6.779319
3210	1719	6.738244
3210	1673	6.600901
3210	246	6.485764
3210	3450	6.441882
3210	2791	6.433475
3211	1265	5.200319
3211	34	4.725353
3211	1	4.561049
3211	608	4.556657
3211	356	4.406464
3211	593	4.361252
3211	1617	4.313808
3211	296	4.244215
3211	2858	4.195364
3211	2396	4.177714
3213	454	6.422323
3213	1580	5.896647
3213	1573	5.806813
3213	1370	5.542435
3213	736	5.404457
3213	1909	5.399779
3213	2706	5.395277
3213	3408	5.369603
3213	587	5.364937
3213	1722	5.349436
3214	1035	7.025025
3214	783	6.299429
3214	2968	6.290037
3214	1073	6.081612
3214	2294	6.073774
3214	661	5.867530
3214	986	5.749401
3214	1947	5.712130
3214	1208	5.711270
3214	551	5.532338
3215	1265	5.609600
3215	588	5.332083
3215	597	5.241739
3215	3253	5.238010
3215	39	5.008798
3215	1883	4.965168
3215	2321	4.890304
3215	345	4.886587
3215	1784	4.861483
3215	2671	4.799232
3216	1179	6.654085
3216	1617	6.339959
3216	608	6.174597
3216	3654	6.151697
3216	1222	6.141164
3216	1240	6.074425
3216	164	6.006364
3216	2571	5.954036
3216	1249	5.894147
3216	1214	5.842392
3217	647	4.891025
3217	368	4.880680
3217	266	4.872058
3217	1183	4.855381
3217	3528	4.832194
3217	2875	4.810053
3217	587	4.639719
3217	1188	4.542481
3217	838	4.524997
3217	1277	4.457188
3218	2581	5.779194
3218	3175	5.739623
3218	2369	5.660671
3218	1513	5.659012
3218	2683	5.521826
3218	2396	5.204244
3218	2688	5.166864
3218	3081	4.986827
3218	785	4.973048
3218	2013	4.934023
3219	3176	5.546747
3219	3623	5.209556
3219	2706	5.125036
3219	2763	4.944974
3219	2762	4.944621
3219	2028	4.858059
3219	3578	4.821928
3219	1721	4.782283
3219	1580	4.720503
3219	318	4.715082
3220	1304	5.312337
3220	913	5.257086
3220	904	5.239599
3220	903	5.114296
3220	3435	5.041330
3220	2871	4.905922
3220	1954	4.783824
3220	3471	4.772561
3220	919	4.738093
3220	858	4.728022
3221	589	6.769640
3221	1921	6.250713
3221	2571	6.109590
3221	1527	6.091263
3221	1610	5.854858
3221	2985	5.697022
3221	1356	5.673324
3221	2278	5.665199
3221	474	5.559068
3221	480	5.459264
3223	1513	6.347374
3223	2683	6.274910
3223	2581	5.732932
3223	2369	5.697153
3223	2706	5.424156
3223	3175	5.359393
3223	2805	5.343124
3223	2013	5.316640
3223	2710	5.299719
3223	2959	5.093132
3224	3751	5.535555
3224	1235	5.321534
3224	3317	5.242161
3224	608	5.167472
3224	1304	5.124922
3224	3556	5.069260
3224	3893	4.958773
3224	3911	4.942297
3224	2065	4.913972
3224	50	4.832126
3226	1374	6.161479
3226	32	6.011759
3226	3160	5.516266
3226	34	5.439867
3226	1214	5.426744
3226	1240	5.385603
3226	110	5.379948
3226	1210	5.250050
3226	1200	5.159811
3226	2712	5.129867
3227	2369	6.800489
3227	2335	6.459347
3227	500	6.215042
3227	2805	5.809288
3227	2717	5.784263
3227	2431	5.773847
3227	3263	5.729625
3227	231	5.678435
3227	1777	5.613519
3227	1614	5.603891
3228	2336	6.550498
3228	2712	6.343163
3228	968	6.309975
3228	2598	6.199668
3228	2688	6.193493
3228	2581	6.108064
3228	2013	5.991006
3228	2713	5.776411
3228	2428	5.769146
3228	2723	5.723035
3229	1230	7.395381
3229	1276	7.002596
3229	898	6.863712
3229	1294	6.862822
3229	1304	6.795297
3229	955	6.741548
3229	899	6.740159
3229	1234	6.723295
3229	1947	6.717677
3229	1136	6.710354
3230	350	5.727181
3230	648	5.724710
3230	3176	5.636733
3230	1580	5.524415
3230	1356	5.439970
3230	3249	5.402111
3230	1370	5.322941
3230	480	5.321022
3230	2571	5.293025
3230	1092	5.276711
3231	2571	5.869275
3231	1222	5.768807
3231	1036	5.450683
3231	2858	5.420465
3231	1610	5.343490
3231	3578	5.328083
3231	2001	5.255400
3231	2028	5.188950
3231	110	5.095107
3231	1240	5.093751
3232	1265	6.802642
3232	2321	6.527351
3232	1923	6.509603
3232	2000	6.462193
3232	3253	6.426801
3232	529	6.307034
3232	3255	6.182045
3232	21	6.147206
3232	2108	6.131145
3232	1171	6.023315
3233	1307	5.616473
3233	1265	5.362616
3233	1394	5.355272
3233	1136	5.291445
3233	1234	5.165688
3233	1	5.115809
3233	1961	5.079467
3233	1028	5.045367
3233	919	5.037585
3233	2243	4.975812
3235	2805	5.741976
3235	2396	5.356393
3235	2598	5.195342
3235	2395	5.138055
3235	1513	5.119108
3235	2706	4.951120
3235	2762	4.943165
3235	3053	4.920744
3235	2013	4.916466
3235	2580	4.900690
3237	21	5.738651
3237	377	5.703750
3237	3386	5.453744
3237	1393	5.362128
3237	3105	5.346493
3237	3176	5.242199
3237	1641	5.229015
3237	588	5.221832
3237	3418	5.214663
3237	2706	5.210524
3238	1079	5.759602
3238	2918	5.731494
3238	1307	5.726293
3238	2791	5.723135
3238	1270	5.716366
3238	1097	5.682427
3238	1228	5.539382
3238	1259	5.506639
3238	2797	5.483221
3238	1197	5.425279
3239	539	7.255062
3239	339	6.981089
3239	597	6.660199
3239	7	6.398211
3239	852	6.018432
3239	500	5.969875
3239	440	5.876768
3239	1409	5.869912
3239	2671	5.729557
3239	342	5.670996
3240	6	5.764073
3240	110	5.728184
3240	1580	5.702859
3240	608	5.671519
3240	3176	5.632611
3240	3418	5.626045
3240	1610	5.586895
3240	454	5.584509
3240	2291	5.467670
3240	21	5.463574
3241	1265	6.081098
3241	1500	5.729044
3241	39	5.597918
3241	293	5.543733
3241	223	5.381804
3241	3253	5.358997
3241	2997	5.343352
3241	3255	5.244136
3241	1883	5.125473
3241	1923	5.099766
3242	1917	7.648124
3242	1831	7.375422
3242	2393	7.344288
3242	1676	7.080540
3242	1876	7.016944
3242	1603	6.854484
3242	329	6.828551
3242	3697	6.802548
3242	1375	6.718820
3242	2808	6.713946
3243	587	6.558103
3243	7	5.462076
3243	736	5.457411
3243	236	5.452194
3243	1721	5.419747
3243	1569	5.380880
3243	1888	5.316593
3243	852	5.277546
3243	337	5.264183
3243	1711	5.249832
3245	3744	5.639327
3245	1101	5.456655
3245	3911	5.098942
3245	3893	5.067480
3245	3755	4.839462
3245	3753	4.734153
3245	454	4.732315
3245	3897	4.664478
3245	3745	4.653475
3245	266	4.635481
3246	1917	7.137726
3246	1722	6.839994
3246	1573	6.653943
3246	2490	6.627748
3246	1552	6.622441
3246	2881	6.513612
3246	1597	6.353892
3246	2699	6.177588
3246	3257	6.112288
3246	95	6.097944
3248	920	5.949662
3248	1220	5.038544
3248	246	5.007714
3248	1035	4.817384
3248	3418	4.735229
3248	1674	4.730346
3248	1214	4.721373
3248	1265	4.718734
3248	1201	4.716384
3248	1207	4.700598
3249	2396	4.855217
3249	1265	4.809541
3249	2716	4.371310
3249	3671	4.272663
3249	34	4.243060
3249	1	4.228599
3249	3114	4.208630
3249	1077	4.184808
3249	3668	4.184351
3249	1292	4.161047
3250	1580	6.794587
3250	480	6.580842
3250	110	6.390209
3250	589	6.222487
3250	3160	6.203277
3250	1673	6.072119
3250	2571	5.764271
3250	2628	5.608575
3250	457	5.570107
3250	1610	5.558161
3251	1304	5.948804
3251	1230	5.787523
3251	1276	5.681699
3251	1269	5.239796
3251	904	5.238751
3251	1953	5.108114
3251	955	5.035993
3251	1206	5.028412
3251	1292	5.016218
3251	919	4.999275
3252	2580	5.110930
3252	2683	5.030686
3252	2712	5.011154
3252	223	5.006232
3252	968	4.907567
3252	2599	4.755090
3252	2490	4.702567
3252	2723	4.693731
3252	2355	4.691361
3252	2605	4.664094
3253	21	6.376834
3253	2291	6.347968
3253	3418	6.315245
3253	589	6.016075
3253	1584	5.991352
3253	1747	5.876714
3253	608	5.816799
3253	32	5.792062
3253	1265	5.775100
3253	1214	5.771455
3255	539	7.141703
3255	339	6.741803
3255	2424	6.708142
3255	1569	6.165341
3255	337	6.137699
3255	342	6.030153
3255	440	6.023606
3255	1183	5.945058
3255	11	5.944339
3255	497	5.937719
3256	2762	4.807488
3256	2396	4.695538
3256	1210	4.648532
3256	2987	4.613104
3256	260	4.543963
3256	2355	4.518364
3256	1196	4.487211
3256	527	4.447230
3256	1127	4.329278
3256	3114	4.324105
3257	3671	4.858281
3257	1304	4.784918
3257	1212	4.647610
3257	1201	4.638026
3257	1387	4.538723
3257	1206	4.468663
3257	750	4.427104
3257	1080	4.378725
3257	1278	4.300763
3257	1219	4.258745
3258	1265	5.756430
3258	1394	5.593832
3258	608	5.570337
3258	1079	5.407120
3258	2918	5.302180
3258	1961	5.193367
3258	1	5.184153
3258	1197	5.168360
3258	1259	4.977729
3258	1968	4.950742
3259	2571	6.321846
3259	110	5.907117
3259	1240	5.897471
3259	480	5.819122
3259	1580	5.640252
3259	2194	5.590262
3259	457	5.479584
3259	1036	5.428218
3259	32	5.424798
3259	1610	5.358514
3260	2762	4.884076
3260	913	4.628097
3260	3623	4.439803
3260	2406	4.433455
3260	3617	4.288416
3260	2987	4.176590
3260	587	4.125949
3260	318	4.087934
3260	260	4.048625
3260	2858	3.967468
3261	1265	6.812648
3261	1784	6.529104
3261	1641	6.113248
3261	3253	6.037794
3261	34	6.008927
3261	357	5.997671
3261	1060	5.898472
3261	1923	5.885826
3261	588	5.772880
3261	2329	5.687399
3262	1265	5.745485
3262	500	5.654456
3262	1569	5.653125
3262	1409	5.631767
3262	339	5.293083
3262	440	5.229465
3262	2108	5.049120
3262	7	4.991528
3262	1541	4.949833
3262	357	4.870429
3263	589	7.291507
3263	1610	6.373790
3263	2640	5.966918
3263	2858	5.820260
3263	3702	5.815265
3263	1385	5.768516
3263	2406	5.746077
3263	1921	5.733196
3263	1954	5.723795
3263	2194	5.699484
3265	1291	6.697210
3265	260	6.534562
3265	1198	6.284978
3265	2028	6.225112
3265	3861	6.068004
3265	3489	6.020733
3265	527	5.878194
3265	1196	5.730615
3265	1204	5.717634
3265	2054	5.698001
3266	454	5.785298
3266	1089	5.695868
3266	3751	5.529146
3266	1393	5.472611
3266	1883	5.430010
3266	1249	5.291124
3266	3148	5.289179
3266	608	5.280130
3266	2391	5.190574
3266	457	5.188136
3267	1265	6.660097
3267	104	6.350414
3267	1784	6.105055
3267	1883	6.001115
3267	2321	5.827019
3267	1747	5.811480
3267	3255	5.731090
3267	1641	5.448560
3267	597	5.416769
3267	3052	5.345915
3268	2716	5.177004
3268	1307	4.908599
3268	2355	4.744301
3268	1079	4.674399
3268	2858	4.517253
3268	1961	4.510641
3268	1270	4.425110
3268	2918	4.317735
3268	3361	4.174047
3268	34	4.135335
3269	3897	5.631136
3269	3751	5.020219
3269	3785	4.880000
3269	3911	4.852040
3269	3893	4.716094
3269	3863	4.714927
3269	3745	4.693986
3269	3744	4.613464
3269	3510	4.585732
3269	3949	4.556305
3270	3552	5.318619
3270	3751	5.239492
3270	3897	4.968945
3270	3654	4.928905
3270	2150	4.788206
3270	2746	4.768877
3270	3317	4.758613
3270	3105	4.737885
3270	2108	4.711263
3270	1663	4.702037
3271	587	5.740253
3271	736	5.154044
3271	372	5.001236
3271	539	4.989053
3271	2875	4.943276
3271	2424	4.935451
3271	7	4.904485
3271	3155	4.901147
3271	1092	4.842590
3271	1835	4.821223
3272	2100	7.518246
3272	2405	7.168634
3272	1378	7.025757
3272	2406	6.837757
3272	3617	6.702016
3272	3565	6.696242
3272	1007	6.694996
3272	415	6.670263
3272	466	6.608817
3272	1379	6.577165
3274	2987	5.097614
3274	260	5.095832
3274	2053	4.951157
3274	1073	4.863178
3274	2762	4.849889
3274	2797	4.834260
3274	1307	4.829510
3274	3273	4.806910
3274	2253	4.765463
3274	3617	4.703458
3277	1265	5.034604
3277	912	4.935972
3277	608	4.819973
3277	1197	4.735694
3277	3543	4.716184
3277	1	4.660738
3277	2918	4.643495
3277	1270	4.636648
3277	1674	4.620754
3277	593	4.592171
3278	750	7.325873
3278	1238	7.314194
3278	745	7.295397
3278	3362	6.647207
3278	1304	6.494012
3278	1394	6.408514
3278	1199	6.357299
3278	1230	6.189249
3278	3671	6.063896
3278	1172	5.954424
3279	2716	5.989045
3279	1307	4.597152
3279	2710	4.511941
3279	2858	4.472117
3279	153	4.243396
3279	2713	4.173952
3279	788	4.165964
3279	2976	4.161968
3279	2699	4.147245
3279	3175	4.065904
3280	736	6.415412
3280	1391	6.115220
3280	3623	6.012180
3280	1917	5.958598
3280	2012	5.947331
3280	380	5.750309
3280	1377	5.345812
3280	2699	5.300002
3280	2683	5.167475
3280	3082	5.148241
3281	1307	7.071841
3281	1265	6.528984
3281	1	5.964990
3281	2243	5.677084
3281	1394	5.670919
3281	588	5.507815
3281	1028	5.486703
3281	34	5.466029
3281	1288	5.456226
3281	1294	5.346470
3283	913	6.465463
3283	2406	6.036407
3283	2951	5.799078
3283	1201	5.767246
3283	380	5.634268
3283	303	5.338416
3283	1954	5.290776
3283	3623	5.290476
3283	3617	5.240590
3283	1206	4.980472
3284	1265	5.030359
3284	2858	4.640618
3284	34	4.579652
3284	2791	4.565298
3284	2657	4.402418
3284	1	4.394068
3284	2000	4.314876
3284	2291	4.298245
3284	1270	4.282533
3284	32	4.275316
3285	1527	7.064847
3285	1909	6.721531
3285	1580	6.484058
3285	2916	6.366933
3285	1584	6.109977
3285	2433	6.091436
3285	480	6.047238
3285	2707	6.019869
3285	1573	5.976127
3285	2706	5.948997
3289	1210	5.296863
3289	2396	5.290391
3289	3471	5.285168
3289	32	5.238850
3289	3418	5.236616
3289	1584	5.162145
3289	2987	5.094990
3289	920	5.077430
3289	34	5.071611
3289	1617	4.973675
3290	253	6.480812
3290	1391	6.323077
3290	3638	6.230404
3290	435	5.912102
3290	2012	5.811445
3290	2717	5.782996
3290	532	5.740379
3290	3717	5.696417
3290	2468	5.554177
3290	3189	5.529663
3292	2406	6.213617
3292	380	6.110201
3292	2692	5.645864
3292	1101	5.635138
3292	377	5.497995
3292	1608	5.434921
3292	457	5.237095
3292	3753	5.135423
3292	590	5.085732
3292	733	5.004127
3293	3608	5.107045
3293	1500	5.091060
3293	293	5.070534
3293	3578	4.911010
3293	2997	4.801156
3293	223	4.707446
3293	3408	4.648103
3293	1265	4.622374
3293	2000	4.571453
3293	3052	4.564420
3294	2826	7.249274
3294	466	6.644634
3294	1391	6.453194
3294	1215	6.427624
3294	316	6.230873
3294	1580	6.094762
3294	1372	6.002165
3294	3578	5.987740
3294	2699	5.863872
3294	3763	5.845460
3295	2490	5.504572
3295	3623	5.176866
3295	380	5.113590
3295	2394	5.073920
3295	2840	5.071790
3295	2763	5.062567
3295	2881	5.062483
3295	2805	5.018821
3295	2723	4.945273
3295	2688	4.913551
3296	2683	6.426381
3296	2598	6.421162
3296	2581	6.321656
3296	1513	6.199421
3296	2490	6.022158
3296	3174	6.004522
3296	2605	5.992654
3296	2336	5.982404
3296	2712	5.968456
3296	3175	5.869937
3297	380	5.882159
3297	377	5.764960
3297	1722	5.658236
3297	2706	5.358123
3297	1777	5.253004
3297	736	5.230688
3297	3176	5.188148
3297	3408	5.122643
3297	474	5.103465
3297	2353	5.052868
3298	2694	6.440180
3298	223	5.996023
3298	2805	5.947454
3298	2395	5.798021
3298	3174	5.715287
3298	1513	5.538811
3298	2710	5.526885
3298	2598	5.414286
3298	2770	5.400732
3298	2433	5.287702
3299	1387	6.930862
3299	1214	6.389634
3299	968	6.324185
3299	2664	6.284327
3299	1201	6.257634
3299	1206	5.857218
3299	2716	5.821400
3299	3654	5.745256
3299	1219	5.728054
3299	1230	5.720456
3300	1235	5.961651
3300	1148	5.628304
3300	1307	5.619959
3300	745	5.593773
3300	3671	5.397242
3300	1304	5.347218
3300	2300	5.289896
3300	1394	5.289697
3300	1223	5.063628
3300	1199	4.947729
3301	2716	5.417591
3301	3175	5.075102
3301	223	4.783658
3301	2355	4.776057
3301	2706	4.622790
3301	1097	4.483637
3301	2683	4.472621
3301	1374	4.435285
3301	2858	4.407453
3301	2395	4.303930
3302	1732	4.881651
3302	2706	4.430329
3302	2997	4.416527
3302	3408	4.391138
3302	1883	4.327978
3302	3578	4.323063
3302	3176	4.271422
3302	3148	4.262304
3302	39	4.215133
3302	1265	4.194557
3304	919	6.966002
3304	2018	6.920475
3304	594	6.649463
3304	969	6.448152
3304	1230	6.415801
3304	1294	6.166168
3304	260	6.095330
3304	2078	6.084859
3304	1029	5.945653
3304	2087	5.906944
3305	3253	6.293076
3305	357	6.236963
3305	1747	6.221523
3305	3255	6.056371
3305	337	5.926365
3305	21	5.892912
3305	1777	5.861969
3305	1641	5.851899
3305	1923	5.757410
3305	3386	5.743611
3306	919	5.866399
3306	912	5.864412
3306	1196	5.566202
3306	969	5.558134
3306	3471	5.493380
3306	527	5.409367
3306	1022	5.398998
3306	1204	5.371755
3306	750	5.306916
3306	34	5.266119
3308	380	6.052585
3308	3257	5.850015
3308	736	5.719346
3308	1608	5.409783
3308	2875	5.363535
3308	2763	5.328899
3308	1721	5.268609
3308	587	5.268523
3308	1917	5.254625
3308	1597	5.254576
3309	1967	6.774123
3309	1073	6.728865
3309	2005	6.511895
3309	2968	6.198585
3309	2161	6.152093
3309	2087	5.964000
3309	2470	5.723625
3309	1097	5.581631
3309	3438	5.565903
3309	1225	5.429427
3310	1	5.318964
3310	608	5.141175
3310	1617	5.139506
3310	1269	5.043526
3310	2396	4.884785
3310	1214	4.797672
3310	32	4.786147
3310	2997	4.722588
3310	800	4.700721
3310	1704	4.696104
3311	913	8.286663
3311	1513	8.225867
3311	3617	7.056296
3311	2840	6.862367
3311	415	6.836709
3311	2805	6.784890
3311	2724	6.772773
3311	1457	6.718476
3311	2369	6.635425
3311	2701	6.558081
3312	3448	5.268561
3312	1517	4.926054
3312	2406	4.827583
3312	2000	4.820552
3312	2150	4.799828
3312	2100	4.785835
3312	3552	4.753085
3312	1265	4.702527
3312	2858	4.637846
3312	1747	4.626904
3313	589	6.648199
3313	3624	6.479561
3313	3555	6.142863
3313	2628	5.941096
3313	2571	5.935732
3313	2640	5.913087
3313	1240	5.693236
3313	2028	5.530313
3313	1036	5.520788
3313	3755	5.514690
3314	1101	7.644965
3314	2469	7.158231
3314	2111	6.504561
3314	2003	6.280637
3314	2100	6.251661
3314	2746	6.196441
3314	2406	6.141212
3314	3173	5.902232
3314	3524	5.874103
3314	3	5.843513
3315	2541	5.255452
3315	380	5.179467
3315	788	5.170873
3315	2699	5.091174
3315	466	5.089135
3315	153	5.073748
3315	736	5.017756
3315	367	4.999004
3315	2012	4.986813
3315	587	4.941863
3316	3489	6.008311
3316	2028	5.754359
3316	527	5.687792
3316	2797	5.642633
3316	2628	5.487672
3316	1967	5.470118
3316	1291	5.311731
3316	260	5.258376
3316	3479	5.220892
3316	2140	5.061764
3317	1917	6.698004
3317	3638	6.663982
3317	172	6.533998
3317	185	6.513217
3317	2808	6.495521
3317	1690	6.474293
3317	1876	5.925807
3317	1375	5.832755
3317	2699	5.818732
3317	2722	5.815519
3318	920	6.652270
3318	912	6.627558
3318	910	6.560418
3318	1084	6.489992
3318	3435	6.397441
3318	1104	6.316908
3318	899	6.310313
3318	750	6.298289
3318	1230	6.272266
3318	919	6.114504
3319	1028	6.121571
3319	3526	6.066208
3319	364	5.930498
3319	36	5.755457
3319	2352	5.745021
3319	2174	5.647194
3319	1282	5.515904
3319	588	5.449239
3319	661	5.406598
3319	2791	5.366446
3320	1345	8.128992
3320	1321	7.926071
3320	1962	7.547046
3320	1970	7.504369
3320	1983	7.323119
3320	1982	7.286941
3320	1971	7.201181
3320	2160	7.071917
3320	1225	7.007545
3320	1350	6.974686
3321	1307	5.908747
3321	1394	5.225123
3321	2918	5.147849
3321	1265	4.811472
3321	1674	4.703895
3321	1079	4.697245
3321	1197	4.655683
3321	3072	4.646981
3321	1387	4.632402
3321	1228	4.621622
3322	457	5.753482
3322	1370	5.571902
3322	377	5.542061
3322	454	5.444096
3322	3256	5.352371
3322	474	5.324981
3322	16	5.315890
3322	3176	5.195774
3322	1610	5.110693
3322	1580	5.071082
3323	913	5.569858
3323	1387	5.336909
3323	2804	5.074113
3323	260	5.025728
3323	1198	4.983956
3323	2997	4.893189
3323	1197	4.842176
3323	3654	4.811668
3323	1961	4.790746
3323	1222	4.789779
3326	1124	5.227163
3326	592	5.106587
3326	2011	5.079789
3326	364	5.078830
3326	1213	4.877333
3326	296	4.862556
3326	2571	4.846598
3326	1240	4.800090
3326	1374	4.795998
3326	3699	4.709772
3327	1527	5.540874
3327	316	5.487251
3327	780	5.342833
3327	2699	5.315689
3327	1917	5.292433
3327	1580	5.288508
3327	1391	5.259724
3327	1544	5.186584
3327	1372	5.170090
3327	2826	5.102818
3328	2688	6.922488
3328	736	6.619063
3328	2881	6.571843
3328	2605	6.292351
3328	380	6.259797
3328	10	6.229633
3328	2943	5.814631
3328	2023	5.766156
3328	2006	5.683171
3328	329	5.660091
3329	1394	6.153408
3329	1265	6.097726
3329	1307	6.033697
3329	750	5.826748
3329	1079	5.722760
3329	1136	5.682976
3329	1077	5.655879
3329	3671	5.651189
3329	2918	5.651014
3329	1	5.528789
3331	3861	5.175822
3331	2054	4.971143
3331	1375	4.613935
3331	1676	4.588081
3331	3623	4.549803
3331	3273	4.488144
3331	2628	4.307067
3331	3510	4.274196
3331	434	4.225552
3331	3793	4.207163
3332	3623	5.418272
3332	1127	5.038146
3332	2761	4.925023
3332	3273	4.797785
3332	3717	4.792353
3332	1198	4.612113
3332	2023	4.586680
3332	2959	4.483124
3332	3219	4.464213
3332	1387	4.446066
3333	2762	4.901966
3333	2997	4.818659
3333	2395	4.735626
3333	913	4.726151
3333	1196	4.696694
3333	1222	4.635257
3333	2858	4.490452
3333	2396	4.473373
3333	2987	4.443593
3333	260	4.409810
3334	454	6.641982
3334	1580	6.236208
3334	1584	5.858161
3334	1732	5.826618
3334	1625	5.821058
3334	293	5.780654
3334	1921	5.578345
3334	457	5.571417
3334	3255	5.520836
3334	1747	5.471571
3336	2160	6.332104
3336	1644	6.194095
3336	1225	6.079862
3336	1997	6.049699
3336	2717	5.940648
3336	2366	5.849324
3336	1983	5.630541
3336	1717	5.614911
3336	2389	5.555770
3336	2009	5.547415
3337	260	4.791508
3337	2871	4.770101
3337	2987	4.741046
3337	527	4.715928
3337	913	4.625315
3337	1073	4.579312
3337	3471	4.447654
3337	3354	4.408220
3337	2028	4.378565
3337	1233	4.309706
3338	1307	6.013541
3338	3543	5.854438
3338	1265	5.743031
3338	1394	5.533213
3338	1079	5.243399
3338	750	5.212781
3338	1230	5.171936
3338	1077	5.143337
3338	2248	5.119246
3338	1294	5.107716
3339	2706	5.031140
3339	1682	4.923174
3339	1732	4.853042
3339	3253	4.819558
3339	1923	4.764359
3339	3160	4.747489
3339	2997	4.687298
3339	150	4.685136
3339	39	4.633666
3339	1580	4.626721
3340	2881	7.218746
3340	2605	6.670876
3340	2688	6.415136
3340	1917	6.060979
3340	3175	5.838512
3340	2490	5.799605
3340	329	5.756669
3340	2716	5.618977
3340	24	5.570817
3340	2393	5.563964
3341	21	6.828210
3341	3255	6.645126
3341	2321	6.461240
3341	1500	6.188849
3341	1923	6.172829
3341	223	6.120071
3341	293	6.076307
3341	1747	6.066081
3341	39	6.014003
3341	2000	5.946150
3342	2688	6.273476
3342	2683	6.071498
3342	2881	5.988014
3342	2710	5.974311
3342	3219	5.920537
3342	2013	5.748143
3342	2805	5.654646
3342	3113	5.562663
3342	2580	5.517402
3342	2605	5.495508
3343	2797	6.101349
3343	1265	6.085862
3343	2243	5.917492
3343	1094	5.829233
3343	527	5.765762
3343	1307	5.733036
3343	356	5.649490
3343	3361	5.583133
3343	1259	5.574797
3343	1097	5.518641
3344	527	5.350993
3344	1196	5.255160
3344	593	5.195336
3344	296	4.978222
3344	1233	4.977688
3344	1259	4.941713
3344	2028	4.914805
3344	912	4.740789
3344	1198	4.717245
3344	1617	4.710436
3345	913	5.376871
3345	466	5.045171
3345	2401	5.029491
3345	2406	4.862057
3345	2404	4.840408
3345	3623	4.799023
3345	2762	4.783162
3345	3617	4.777690
3345	2858	4.715478
3345	1201	4.674928
3346	2716	6.963754
3346	2355	6.796578
3346	1231	6.620978
3346	34	6.303584
3346	1387	6.244105
3346	3543	6.226448
3346	1224	6.101840
3346	1228	6.082646
3346	1197	6.035103
3346	2804	5.984480
3347	1408	5.234707
3347	1721	4.988592
3347	587	4.834794
3347	2396	4.792819
3347	2987	4.572166
3347	2706	4.523374
3347	3114	4.520999
3347	337	4.505802
3347	1092	4.446295
3347	2763	4.421803
3348	1294	5.458174
3348	2065	5.167582
3348	2396	5.041593
3348	539	4.919301
3348	1777	4.918278
3348	1380	4.908643
3348	48	4.893136
3348	339	4.892265
3348	597	4.870153
3348	1307	4.830647
3349	2706	5.899039
3349	2763	5.520008
3349	356	5.498319
3349	380	5.495401
3349	2395	5.446432
3349	1580	5.358615
3349	1747	5.353086
3349	2683	5.278582
3349	2502	5.275977
3349	1513	5.204571
3350	3253	6.517404
3350	2395	6.223225
3350	1682	5.876469
3350	2706	5.725966
3350	2321	5.650308
3350	235	5.649388
3350	231	5.635552
3350	3060	5.558184
3350	150	5.542312
3350	1357	5.499308
3352	2513	8.003307
3352	1345	7.637065
3352	1347	7.616283
3352	2288	7.314338
3352	1983	7.129257
3352	1982	7.085731
3352	1321	6.986372
3352	2279	6.921127
3352	1971	6.692252
3352	1975	6.653169
3353	1265	6.288103
3353	3526	5.878199
3353	2243	5.617804
3353	2321	5.592723
3353	3448	5.367741
3353	588	5.349827
3353	3361	5.299058
3353	2797	5.280098
3353	1663	5.230318
3353	1079	5.130370
3354	1240	5.142259
3354	2571	5.119121
3354	3702	5.051488
3354	2529	4.787112
3354	3354	4.693467
3354	2916	4.692597
3354	2858	4.658444
3354	1304	4.471224
3354	457	4.453645
3354	1617	4.383242
3355	527	6.098874
3355	1196	5.685132
3355	1210	5.431368
3355	912	5.283939
3355	589	5.217617
3355	2858	5.213353
3355	2571	5.094619
3355	1259	5.065001
3355	2628	5.054283
3355	1233	4.996006
3356	2571	5.192682
3356	1240	5.071738
3356	296	4.947882
3356	589	4.730854
3356	32	4.729299
3356	1213	4.715467
3356	2028	4.686210
3356	1954	4.668408
3356	1196	4.591352
3356	1198	4.589752
3357	2571	4.949644
3357	2000	4.943182
3357	3418	4.832952
3357	296	4.740868
3357	3160	4.709364
3357	2291	4.698349
3357	1240	4.657949
3357	3751	4.556366
3357	2194	4.548525
3357	1580	4.510009
3358	1917	7.157530
3358	1573	7.126363
3358	1876	6.932960
3358	1527	6.804327
3358	1391	6.663456
3358	316	6.517770
3358	1544	6.509799
3358	780	6.276663
3358	648	6.262257
3358	3697	6.260159
3359	2706	5.771622
3359	1784	5.674778
3359	1747	5.624335
3359	11	5.578560
3359	2671	5.526212
3359	1393	5.503987
3359	357	5.391687
3359	587	5.303329
3359	1777	5.291210
3359	539	5.288388
3360	1265	5.586720
3360	1183	5.550423
3360	588	5.364890
3360	2396	5.213246
3360	509	4.949156
3360	1307	4.947115
3360	2336	4.769455
3360	1294	4.646501
3360	1747	4.600124
3360	2355	4.537371
3361	3354	5.637734
3361	368	5.518453
3361	1370	5.419534
3361	1206	5.334557
3361	383	5.331023
3361	3623	5.283444
3361	1379	5.251436
3361	3555	5.146027
3361	380	5.081886
3361	303	5.075948
3362	1569	6.356185
3362	1265	6.053390
3362	104	5.959962
3362	597	5.885673
3362	440	5.782963
3362	1500	5.602334
3362	852	5.583872
3362	11	5.534631
3362	3253	5.506761
3362	342	5.470949
3363	266	5.435983
3363	353	5.428362
3363	2875	5.308690
3363	380	5.180030
3363	1101	5.150866
3363	3257	5.051607
3363	3617	4.939288
3363	368	4.864769
3363	587	4.741164
3363	1092	4.707454
3364	1777	6.868502
3364	3253	6.615601
3364	1265	6.596598
3364	539	6.390873
3364	3255	6.258907
3364	104	6.099492
3364	497	5.899632
3364	356	5.895693
3364	39	5.874158
3364	587	5.857439
3365	788	6.471108
3365	1126	6.452399
3365	500	6.429831
3365	2100	6.281524
3365	367	6.203432
3365	370	5.898955
3365	153	5.799206
3365	1091	5.764767
3365	2335	5.689402
3365	3263	5.647544
3367	1265	6.108198
3367	1307	6.002415
3367	1394	5.498870
3367	3868	5.258098
3367	2716	5.181013
3367	3424	4.892724
3367	3072	4.888239
3367	3526	4.705056
3367	2797	4.673528
3367	3362	4.670068
3368	3623	4.855920
3368	3578	4.816840
3368	2028	4.791871
3368	1222	4.744933
3368	2571	4.724713
3368	3753	4.647665
3368	2406	4.644853
3368	2762	4.632414
3368	589	4.554678
3368	318	4.511479
3369	1387	5.249047
3369	912	5.057354
3369	1247	4.969823
3369	924	4.964482
3369	1197	4.849297
3369	1231	4.841351
3369	919	4.788621
3369	1234	4.768332
3369	1196	4.744785
3369	1214	4.736378
3370	2000	5.400486
3370	1374	5.368460
3370	34	5.201129
3370	1961	5.084985
3370	2791	5.054174
3370	2321	5.039707
3370	1265	4.978714
3370	1968	4.975318
3370	3160	4.798698
3370	2804	4.789867
3371	1097	5.613605
3371	2174	5.366333
3371	2797	5.207593
3371	1962	5.192005
3371	2791	5.163896
3371	2011	5.107911
3371	364	4.994173
3371	1028	4.977863
3371	1663	4.943830
3371	296	4.931714
3372	2987	5.803881
3372	1206	5.622151
3372	2762	5.427177
3372	3471	5.393267
3372	2871	5.307191
3372	1266	5.124872
3372	2396	4.966505
3372	2202	4.955387
3372	1214	4.918404
3372	1954	4.787778
3373	2571	6.205062
3373	457	6.187980
3373	1584	6.049538
3373	32	5.963377
3373	1580	5.819459
3373	1240	5.795987
3373	2916	5.762722
3373	1653	5.666481
3373	2529	5.489709
3373	1921	5.486400
3374	2000	5.456169
3374	2571	5.398336
3374	608	5.320902
3374	1240	4.979682
3374	2804	4.879111
3374	1968	4.842672
3374	2858	4.825655
3374	1196	4.822138
3374	1270	4.816201
3374	1249	4.792319
3377	1779	7.250776
3377	172	7.074008
3377	185	7.010760
3377	1831	6.873375
3377	2808	6.762396
3377	1037	6.717363
3377	1644	6.655612
3377	1371	6.619722
3377	3697	6.423595
3377	196	6.393839
3378	3617	6.298182
3378	3861	5.294069
3378	3618	5.184290
3378	3744	5.109656
3378	3911	4.846527
3378	3755	4.755303
3378	3948	4.709008
3378	3555	4.633326
3378	3793	4.476080
3378	3949	4.462360
3379	2355	6.002905
3379	2716	5.828414
3379	2580	5.623627
3379	3175	5.532759
3379	2396	5.512824
3379	2336	5.373554
3379	2605	5.343783
3379	2683	5.231079
3379	223	5.184236
3379	3174	5.148261
3380	1101	4.819251
3380	2746	4.789828
3380	1088	4.578635
3380	2406	4.306998
3380	3753	4.038837
3380	3524	4.006571
3380	1994	3.946188
3380	2407	3.940719
3380	1407	3.898270
3380	380	3.875673
3382	1747	6.383241
3382	1265	6.231549
3382	357	5.817254
3382	356	5.733997
3382	39	5.721368
3382	1923	5.706630
3382	2706	5.592145
3382	21	5.513437
3382	104	5.501031
3382	223	5.462104
3383	2000	6.109568
3383	3751	5.601917
3383	1265	5.547237
3383	608	5.457151
3383	3608	5.395022
3383	1968	5.364987
3383	1961	5.286663
3383	3897	5.171710
3383	293	5.056287
3383	1213	5.023037
3384	1101	4.883488
3384	920	4.554176
3384	1081	4.474151
3384	2406	4.383217
3384	1073	4.321249
3384	2797	4.312552
3384	1380	4.295283
3384	2628	4.277855
3384	1967	3.813059
3384	247	3.806797
3385	3510	5.202183
3385	3717	5.088308
3385	3608	4.915581
3385	3785	4.796806
3385	3897	4.770843
3385	3751	4.703031
3385	3704	4.698524
3385	3578	4.641882
3385	3408	4.619895
3385	3793	4.511497
3386	1198	5.548352
3386	1249	5.456979
3386	3510	5.310275
3386	1291	5.191116
3386	3745	5.154783
3386	3624	4.993684
3386	260	4.984825
3386	3744	4.936887
3386	3897	4.921964
3386	1089	4.900395
3387	1	4.879388
3387	2300	4.724508
3387	750	4.646369
3387	1136	4.635276
3387	608	4.634433
3387	594	4.594002
3387	260	4.540849
3387	912	4.458815
3387	1304	4.458709
3387	1233	4.399429
3389	3638	7.234125
3389	2530	7.019831
3389	2532	6.975168
3389	253	6.881861
3389	1037	6.335861
3389	2986	6.316622
3389	2531	6.260601
3389	2710	6.236822
3389	185	6.227425
3389	1391	6.185773
3390	2355	5.579110
3390	1307	5.368298
3390	2396	5.363136
3390	588	5.278695
3390	3543	4.955096
3390	1265	4.912376
3390	497	4.839640
3390	1183	4.724236
3390	337	4.699140
3390	2987	4.604699
3391	3081	4.632516
3391	2012	4.388143
3391	2369	4.189299
3391	2683	4.111363
3391	2539	4.095630
3391	1441	4.083427
3391	520	4.083420
3391	367	4.081910
3391	1377	4.020568
3391	2054	3.886359
3392	3717	5.178295
3392	3623	5.155174
3392	3753	4.989204
3392	2012	4.948681
3392	3752	4.753895
3392	1918	4.648831
3392	3273	4.596193
3392	3827	4.582086
3392	3744	4.454591
3392	3510	4.420966
3393	1206	6.256556
3393	2288	6.091664
3393	2640	5.739721
3393	3702	5.583047
3393	3471	5.526877
3393	1214	5.399572
3393	2527	5.392952
3393	1199	5.376042
3393	1252	5.337006
3393	750	5.289330
3394	1307	6.051644
3394	1265	5.430389
3394	1294	5.422676
3394	34	5.134961
3394	1028	5.103181
3394	1674	5.066680
3394	3543	5.050709
3394	2716	5.048409
3394	2355	5.035923
3394	1097	4.958468
3395	2598	6.221401
3395	2683	6.176158
3395	1513	5.988864
3395	2710	5.879405
3395	2723	5.794403
3395	2369	5.630504
3395	2713	5.534667
3395	3174	5.523754
3395	2719	5.453654
3395	2688	5.437047
3398	21	6.279644
3398	1580	5.786017
3398	1784	5.731120
3398	2291	5.674409
3398	3252	5.604066
3398	1584	5.536231
3398	3160	5.485792
3398	1747	5.459871
3398	551	5.424326
3398	588	5.207337
3399	2018	7.063300
3399	2087	6.728314
3399	2078	6.690688
3399	1022	6.653631
3399	2096	6.646035
3399	1029	6.335996
3399	1032	6.280155
3399	2085	6.073510
3399	34	6.044784
3399	2081	6.009790
3400	1222	5.796808
3400	2000	5.247584
3400	1240	5.246468
3400	2858	5.140530
3400	2571	5.135755
3400	3702	5.008131
3400	1221	4.950075
3400	2194	4.939765
3400	2529	4.901867
3400	589	4.887880
3401	2406	6.097668
3401	466	6.079870
3401	2858	5.668141
3401	2628	5.629081
3401	707	5.561976
3401	3203	5.521299
3401	2872	5.500635
3401	2193	5.278354
3401	2422	5.230080
3401	2194	5.163119
3402	34	6.613751
3402	1907	6.218798
3402	783	6.066419
3402	2294	6.012330
3402	364	5.798484
3402	2018	5.793287
3402	595	5.747771
3402	36	5.665636
3402	1035	5.558686
3402	1013	5.436817
3403	1907	7.225779
3403	2018	7.052275
3403	2078	6.669696
3403	2087	6.668074
3403	1022	6.607752
3403	2096	6.563734
3403	1032	6.459873
3403	1029	6.391420
3403	2080	6.044660
3403	1282	5.989769
3405	296	4.438646
3405	608	4.430161
3405	2657	4.399032
3405	1240	4.302902
3405	858	4.237505
3405	1196	4.156088
3405	1213	4.131177
3405	593	4.107397
3405	1234	4.005735
3405	908	3.984403
3406	2797	4.901110
3406	1394	4.842393
3406	1265	4.698936
3406	608	4.648607
3406	1960	4.595487
3406	2243	4.529125
3406	260	4.507896
3406	2918	4.487192
3406	3552	4.477224
3406	1197	4.442452
3408	1019	6.061873
3408	364	6.018860
3408	2087	5.979534
3408	595	5.708466
3408	661	5.572827
3408	919	5.372771
3408	1028	5.210290
3408	594	5.196387
3408	260	4.943543
3408	969	4.910883
3409	1370	6.888690
3409	1573	6.442811
3409	1608	6.273038
3409	457	6.154160
3409	2916	6.059796
3409	474	5.935093
3409	1580	5.929339
3409	1610	5.867642
3409	3623	5.759291
3409	1722	5.746763
3410	2194	5.385977
3410	3893	5.112915
3410	1213	5.095933
3410	2000	5.094308
3410	3751	4.962770
3410	3897	4.912187
3410	3753	4.903550
3410	1302	4.865425
3410	1089	4.854367
3410	47	4.776418
3411	2858	4.016706
3411	2716	4.014032
3411	3751	3.927097
3411	3578	3.914313
3411	3510	3.877588
3411	3608	3.820953
3411	1197	3.798851
3411	2997	3.783565
3411	3717	3.776602
3411	1387	3.760243
3412	34	5.499275
3412	2791	5.393586
3412	1265	5.201429
3412	1270	5.127338
3412	2716	4.968583
3412	1962	4.935429
3412	1214	4.830948
3412	2918	4.576041
3412	2858	4.555154
3412	3175	4.505089
3413	296	4.857668
3413	457	4.682287
3413	1240	4.478794
3413	593	4.462033
3413	589	4.448767
3413	2571	4.447226
3413	318	4.355393
3413	2028	4.327506
3413	1617	4.314213
3413	608	4.281666
3414	587	6.593906
3414	539	5.797554
3414	597	5.602522
3414	1711	5.393214
3414	3259	5.337473
3414	266	5.228196
3414	3044	5.208712
3414	2424	5.151757
3414	802	5.143694
3414	380	5.120589
3415	3552	5.438802
3415	2000	5.280667
3415	2791	5.139943
3415	1270	5.011253
3415	608	4.985842
3415	593	4.826327
3415	2194	4.812217
3415	296	4.790065
3415	1968	4.777299
3415	3448	4.752322
3416	1092	5.614964
3416	736	5.538897
3416	3148	5.511548
3416	1271	5.340609
3416	2875	5.330227
3416	3176	5.287261
3416	3155	5.286454
3416	1645	5.153622
3416	1597	5.134149
3416	2094	5.054699
3417	1961	6.728242
3417	1228	6.512397
3417	1394	6.417705
3417	2804	6.376956
3417	1197	6.351018
3417	1234	6.201398
3417	1307	5.989009
3417	1288	5.870840
3417	3098	5.864378
3417	3360	5.776834
3418	2018	7.677777
3418	1029	7.283690
3418	595	7.224608
3418	594	7.104486
3418	919	7.073669
3418	364	6.824752
3418	969	6.716373
3418	2087	6.682932
3418	1032	6.587396
3418	596	6.461236
3419	589	5.611765
3419	3418	5.582939
3419	1580	5.123875
3419	480	5.122800
3419	2628	5.103407
3419	2028	5.100692
3419	110	5.083617
3419	527	5.028964
3419	296	4.969226
3419	1097	4.949077
3420	1214	5.387199
3420	1269	5.385150
3420	1230	5.293252
3420	968	5.273153
3420	1304	5.233187
3420	1292	5.180746
3420	2648	5.154349
3420	1997	5.150293
3420	3668	5.122357
3420	1266	5.092764
3422	2797	8.857810
3422	1961	8.685223
3422	1663	8.551130
3422	1307	8.216956
3422	2243	8.187541
3422	3552	8.123929
3422	19	7.943307
3422	1962	7.384092
3422	2100	7.340849
3422	2174	7.124981
3423	1777	6.189523
3423	539	5.871827
3423	587	5.664276
3423	597	5.557347
3423	2424	5.236607
3423	337	5.217598
3423	585	5.080432
3423	3263	5.033797
3423	1639	5.032805
3423	3809	4.914004
3424	3176	5.352382
3424	2706	5.286019
3424	1393	5.259015
3424	3408	4.896023
3424	356	4.807466
3424	1883	4.803276
3424	1747	4.797464
3424	16	4.757073
3424	1923	4.734994
3424	457	4.691499
3425	466	5.526207
3425	2421	5.056773
3425	2872	4.921909
3425	327	4.843269
3425	1307	4.777926
3425	2797	4.767705
3425	2105	4.756220
3425	1391	4.693138
3425	3717	4.643516
3425	788	4.512590
3426	1573	5.931336
3426	1527	5.706156
3426	1608	5.536620
3426	1580	5.477471
3426	1370	5.383914
3426	2916	5.246338
3426	380	5.227542
3426	2628	5.172693
3426	292	5.170854
3426	3107	5.156502
3427	589	5.400916
3427	2194	5.161817
3427	296	5.011326
3427	1617	4.947797
3427	1214	4.917552
3427	1213	4.885654
3427	2529	4.859061
3427	1198	4.844988
3427	1249	4.841548
3427	3702	4.771440
3428	588	5.906235
3428	357	5.264699
3428	364	5.001086
3428	3252	4.993847
3428	1265	4.916332
3428	17	4.884946
3428	597	4.877383
3428	539	4.858977
3428	509	4.835059
3428	1393	4.826808
3429	539	4.863632
3429	3528	4.827488
3429	339	4.689898
3429	3259	4.663869
3429	802	4.648367
3429	2424	4.584986
3429	597	4.566658
3429	380	4.505542
3429	587	4.465802
3429	1777	4.408809
3430	1380	5.121165
3430	1307	5.115160
3430	3424	4.903014
3430	1028	4.895987
3430	3363	4.861435
3430	3072	4.856366
3430	919	4.783405
3430	1294	4.710161
3430	1225	4.707289
3430	1265	4.685579
3431	2716	6.133432
3431	3175	5.490723
3431	2881	5.021568
3431	780	4.720462
3431	329	4.611606
3431	1097	4.475160
3431	2428	4.457962
3431	2336	4.439629
3431	1527	4.369809
3431	2712	4.277376
3432	2100	6.953725
3432	2145	6.458524
3432	2247	6.418500
3432	2746	6.285370
3432	19	6.232538
3432	3087	6.149548
3432	2003	6.092967
3432	2150	6.049280
3432	3911	6.035952
3432	3618	5.976117
3433	2858	4.675791
3433	858	4.380899
3433	1222	4.360563
3433	1221	4.298131
3433	1394	4.296712
3433	1304	4.271377
3433	1270	4.180273
3433	260	4.176165
3433	1197	4.144274
3433	2657	4.143756
3434	1265	5.367891
3434	1923	5.329673
3434	1784	5.326725
3434	1517	5.071714
3434	104	5.048155
3434	3253	5.047639
3434	2108	4.932992
3434	367	4.835261
3434	231	4.778539
3434	500	4.733059
3435	1088	4.752991
3435	1214	4.453802
3435	1201	4.448676
3435	590	4.415898
3435	930	4.373384
3435	3508	4.370805
3435	1333	4.352988
3435	969	4.318944
3435	599	4.284160
3435	1345	4.274182
3436	3617	7.164849
3436	3744	5.539641
3436	2701	5.499897
3436	3623	5.483752
3436	3354	5.319802
3436	788	5.319462
3436	1379	5.309435
3436	3753	5.236913
3436	2672	5.228451
3436	3555	5.210308
3437	3448	5.508755
3437	1307	5.453393
3437	3552	5.332147
3437	2100	5.241176
3437	1265	5.186041
3437	2243	4.887805
3437	246	4.729282
3437	1220	4.715733
3437	1961	4.687496
3437	2150	4.631452
3438	2571	5.141065
3438	3702	5.016767
3438	1580	4.998999
3438	2858	4.991897
3438	474	4.856996
3438	3578	4.856360
3438	457	4.808174
3438	32	4.695039
3438	2194	4.595190
3438	1610	4.548718
3439	2194	6.178976
3439	2001	5.773906
3439	3510	5.669868
3439	3785	5.653334
3439	2407	5.371501
3439	2000	5.327088
3439	1036	5.165714
3439	2872	5.111765
3439	2003	5.111334
3439	3525	4.988264
3441	3617	6.847835
3441	3911	6.671148
3441	3744	6.476890
3441	3893	5.838624
3441	3755	5.401481
3441	3565	5.391517
3441	3083	5.390757
3441	3745	5.386219
3441	3624	5.345105
3441	2474	5.243942
3442	1206	5.667568
3442	1240	5.216872
3442	1214	4.998965
3442	924	4.955018
3442	260	4.952537
3442	858	4.877945
3442	589	4.839738
3442	3435	4.805186
3442	1198	4.781313
3442	1304	4.779502
3444	1777	7.708080
3444	539	7.426702
3444	1569	7.374323
3444	7	7.335770
3444	500	7.195232
3444	852	7.111141
3444	708	6.834150
3444	339	6.805456
3444	252	6.756151
3444	231	6.695458
3445	1307	4.314610
3445	1961	4.004249
3445	2762	3.970118
3445	367	3.926222
3445	1265	3.841138
3445	2987	3.832903
3445	3114	3.813311
3445	2100	3.808745
3445	2997	3.779832
3445	34	3.763284
3446	2194	6.631806
3446	968	6.624701
3446	1201	6.530940
3446	3702	6.507412
3446	3639	6.497643
3446	3635	5.960357
3446	1954	5.816083
3446	913	5.760231
3446	2948	5.723357
3446	2901	5.681127
3447	2571	5.084093
3447	2858	4.827488
3447	527	4.784820
3447	1196	4.743492
3447	1653	4.700019
3447	457	4.679862
3447	1617	4.661865
3447	2028	4.613354
3447	1214	4.597211
3447	1210	4.589015
3449	1221	5.889543
3449	1304	5.767206
3449	1214	5.639585
3449	1222	5.404698
3449	1954	5.387915
3449	608	5.386602
3449	1269	5.372782
3449	750	5.369565
3449	260	5.324649
3449	1252	5.312626
3450	1608	7.333282
3450	380	7.232725
3450	1101	6.960490
3450	368	6.848062
3450	353	6.766657
3450	1722	6.721632
3450	3257	6.617055
3450	1370	6.484050
3450	288	6.460602
3450	95	6.275105
3451	1265	6.602545
3451	1784	6.401137
3451	231	6.344784
3451	1777	6.293953
3451	1682	6.256895
3451	3253	6.053331
3451	11	5.788709
3451	1569	5.658051
3451	235	5.641092
3451	597	5.588945
3452	2571	4.607755
3452	32	4.559542
3452	1374	4.537457
3452	34	4.502851
3452	1580	4.362611
3452	1	4.147303
3452	1240	4.129009
3452	2858	4.124421
3452	589	4.120906
3452	608	4.120761
3453	3160	4.859906
3453	2716	4.815890
3453	2712	4.775402
3453	2396	4.732728
3453	2336	4.668549
3453	2706	4.531638
3453	3081	4.456431
3453	2683	4.454027
3453	24	4.386627
3453	2959	4.364767
3454	3861	5.118546
3454	3257	4.881293
3454	1920	4.838561
3454	3249	4.708084
3454	3489	4.695964
3454	1608	4.650035
3454	282	4.392114
3454	587	4.373753
3454	3452	4.328584
3454	1676	4.313171
3456	2528	6.047303
3456	2617	5.894528
3456	1037	5.836100
3456	185	5.729884
3456	2628	5.676125
3456	1717	5.555119
3456	2193	5.470735
3456	1779	5.462547
3456	2167	5.427757
3456	2021	5.423833
3457	2000	6.360272
3457	21	6.192912
3457	2194	5.727772
3457	3160	5.585886
3457	3210	5.501635
3457	2291	5.450672
3457	110	5.392642
3457	3418	5.387123
3457	1747	5.307675
3457	2001	5.276666
3458	2394	6.475365
3458	818	6.414061
3458	1588	6.214858
3458	1367	6.175134
3458	344	6.095411
3458	520	6.005908
3458	317	6.000638
3458	2100	5.993961
3458	2369	5.972458
3458	2717	5.962065
3460	750	6.205188
3460	1230	5.775620
3460	1304	5.652380
3460	3671	5.487272
3460	1387	5.483831
3460	920	5.361816
3460	912	5.298449
3460	1201	5.274343
3460	1276	5.251611
3460	1214	5.220467
3461	1240	6.063875
3461	2571	5.836515
3461	1200	5.629006
3461	1206	5.556984
3461	1954	5.546464
3461	3471	5.542165
3461	2194	5.531989
3461	1617	5.489010
3461	1196	5.349892
3461	2529	5.329544
3462	3751	4.840514
3462	3793	4.688645
3462	3146	4.599694
3462	3481	4.572196
3462	1089	4.568492
3462	1213	4.557552
3462	3745	4.523269
3462	3893	4.513806
3462	3785	4.491207
3462	2413	4.483317
3463	3552	5.898638
3463	1265	5.618605
3463	1307	5.611201
3463	3210	5.392751
3463	1961	5.387789
3463	2918	5.268475
3463	3608	5.228568
3463	1968	5.147540
3463	3751	5.081840
3463	1079	5.069789
3464	2762	5.011911
3464	3623	4.926418
3464	1291	4.831774
3464	2470	4.815848
3464	1073	4.792678
3464	2028	4.739868
3464	2628	4.689010
3464	2406	4.658675
3464	318	4.613903
3464	3176	4.577872
3465	364	5.435321
3465	1282	5.152325
3465	595	5.084529
3465	1022	5.069220
3465	34	4.993822
3465	608	4.883022
3465	260	4.780959
3465	296	4.777097
3465	527	4.753438
3465	1249	4.740019
3466	2571	6.259044
3466	1374	6.030545
3466	1210	5.905231
3466	2028	5.861345
3466	1196	5.861163
3466	1240	5.858216
3466	589	5.839372
3466	1198	5.795248
3466	1200	5.627277
3466	1242	5.602584
3467	913	5.068425
3467	1221	5.012438
3467	1387	4.947898
3467	1304	4.935213
3467	1196	4.829835
3467	1276	4.826276
3467	1206	4.813713
3467	3471	4.776355
3467	750	4.684819
3467	1198	4.683408
3468	1230	6.136609
3468	1035	5.706227
3468	920	5.620119
3468	3363	5.495927
3468	955	5.487210
3468	916	5.450331
3468	910	5.422212
3468	1294	5.376507
3468	908	5.373562
3468	919	5.336570
3469	1304	4.971691
3469	260	4.895022
3469	913	4.806339
3469	2300	4.802421
3469	3471	4.798359
3469	2987	4.792043
3469	1240	4.721274
3469	1214	4.695148
3469	1200	4.629217
3469	1196	4.624839
3470	3253	6.278292
3470	597	6.075178
3470	2671	5.873119
3470	539	5.843756
3470	2369	5.743842
3470	500	5.677813
3470	1265	5.671599
3470	2683	5.601691
3470	2424	5.415340
3470	440	5.286990
3471	1265	5.738034
3471	608	5.541550
3471	3386	5.361500
3471	1	5.329629
3471	2291	5.143120
3471	1584	5.118582
3471	1617	5.082784
3471	293	4.939465
3471	32	4.902963
3471	1188	4.880660
3472	34	5.299725
3472	2804	5.179131
3472	1234	5.030184
3472	260	4.987656
3472	1197	4.980772
3472	1	4.950664
3472	1028	4.933598
3472	1270	4.851686
3472	1097	4.814153
3472	1276	4.802685
3473	2100	6.144089
3473	2406	5.992257
3473	2245	5.446168
3473	2797	5.185920
3473	1220	5.097223
3473	2746	5.067035
3473	1967	4.825952
3473	3565	4.736793
3473	3173	4.701166
3473	2005	4.614793
3474	1307	7.302658
3474	1294	6.419098
3474	2716	6.003869
3474	914	6.002482
3474	1183	5.767532
3474	2396	5.718367
3474	1944	5.652843
3474	3543	5.649602
3474	239	5.467127
3474	2355	5.433298
3475	2406	4.236936
3475	2858	3.969063
3475	368	3.865682
3475	266	3.797860
3475	50	3.778957
3475	3753	3.653592
3475	2762	3.623721
3475	3897	3.622811
3475	593	3.604172
3475	457	3.583879
3476	2617	7.886054
3476	2389	7.664144
3476	2193	7.608432
3476	3635	7.589322
3476	2995	7.244399
3476	2991	7.104841
3476	1377	7.023626
3476	2901	6.995296
3476	1982	6.862002
3476	2701	6.857897
3477	3363	6.612728
3477	1230	6.562867
3477	1294	6.510160
3477	2565	6.504314
3477	1276	6.459300
3477	919	6.436643
3477	1307	6.340657
3477	1225	6.325708
3477	916	6.296143
3477	899	6.235975
3478	1230	7.057394
3478	750	7.017357
3478	1304	6.672485
3478	919	6.659317
3478	3435	6.592629
3478	899	6.587322
3478	912	6.445498
3478	541	6.340230
3478	3471	6.334008
3478	1136	6.272773
3479	1	5.474473
3479	34	5.462547
3479	1265	5.454560
3479	608	5.091017
3479	32	4.819841
3479	1617	4.789564
3479	1077	4.737918
3479	2396	4.729523
3479	588	4.578321
3479	3114	4.573302
3480	899	5.652796
3480	1294	5.581898
3480	2987	5.580963
3480	2396	5.357799
3480	2067	5.309426
3480	595	5.269661
3480	916	5.256695
3480	919	5.153818
3480	1230	5.152238
3480	1909	5.123297
3481	1265	4.723385
3481	2858	4.437121
3481	1214	4.419318
3481	2716	4.347664
3481	1201	4.315180
3481	608	4.207891
3481	2918	4.180519
3481	1387	4.178949
3481	1270	4.145704
3481	3671	4.138289
3482	260	4.623814
3482	919	4.518766
3482	34	4.515881
3482	608	4.408662
3482	2987	4.400290
3482	1294	4.369065
3482	924	4.328750
3482	1	4.322429
3482	1282	4.270462
3482	1022	4.261008
3483	1732	6.170381
3483	1682	6.029721
3483	1777	5.854134
3483	3198	5.779588
3483	3148	5.693612
3483	1625	5.630846
3483	150	5.537118
3483	272	5.530230
3483	1639	5.515800
3483	3176	5.501512
3484	367	5.891845
3484	1569	5.868040
3484	2424	5.784498
3484	500	5.731414
3484	2100	5.672546
3484	1777	5.500652
3484	344	5.374784
3484	1513	5.372990
3484	2369	5.270866
3484	539	5.256863
3485	260	6.661729
3485	912	6.553170
3485	919	6.317066
3485	969	6.232010
3485	3471	6.188843
3485	1198	6.088998
3485	1196	5.975048
3485	1214	5.893376
3485	1097	5.887013
3485	1221	5.858136
3486	1073	6.552965
3486	1088	6.212167
3486	317	5.958340
3486	1947	5.938610
3486	2087	5.647599
3486	1225	5.606265
3486	783	5.554471
3486	1021	5.365588
3486	1688	5.347659
3486	2015	5.144863
3487	1584	5.557869
3487	457	5.551626
3487	608	5.385312
3487	3418	5.346462
3487	589	5.294060
3487	1240	5.256040
3487	1617	5.204270
3487	296	5.068799
3487	32	5.037215
3487	1921	4.966585
3489	260	4.666859
3489	32	4.588399
3489	2028	4.552630
3489	3471	4.524401
3489	527	4.512352
3489	150	4.491832
3489	2858	4.431730
3489	1073	4.326548
3489	1206	4.323189
3489	2871	4.315430
3490	913	7.323151
3490	1179	6.269471
3490	2396	6.254981
3490	2987	6.191084
3490	3471	6.116375
3490	2395	6.044474
3490	2686	5.926881
3490	2670	5.923176
3490	1210	5.920955
3490	2762	5.909498
3491	3717	6.612259
3491	3623	6.482137
3491	1918	6.412735
3491	3638	6.360222
3491	3177	6.332027
3491	1378	6.299401
3491	3744	6.295015
3491	1407	6.155219
3491	2617	6.089859
3491	2746	6.088616
3492	1235	6.040810
3492	1212	5.950843
3492	1304	5.753303
3492	1265	5.746333
3492	1136	5.635750
3492	1394	5.621127
3492	1	5.605970
3492	1148	5.498730
3492	1234	5.432012
3492	1294	5.362399
3493	589	5.393369
3493	1387	5.298357
3493	1127	5.250368
3493	1210	5.238708
3493	2858	5.156049
3493	1198	5.083794
3493	1200	4.992611
3493	2985	4.869520
3493	2028	4.852139
3493	1240	4.840003
3494	3174	5.076193
3494	2599	5.050826
3494	2605	4.989183
3494	2710	4.958462
3494	2396	4.921786
3494	2580	4.826535
3494	3408	4.754446
3494	3175	4.726605
3494	736	4.612666
3494	3253	4.587446
3497	2300	5.942441
3497	1294	5.853951
3497	1307	5.813189
3497	594	5.805541
3497	1230	5.764528
3497	920	5.664315
3497	3545	5.637671
3497	1394	5.586135
3497	1947	5.520601
3497	750	5.463934
3498	1573	6.965206
3498	1580	6.953306
3498	2916	6.291418
3498	1370	6.075309
3498	480	6.055735
3498	1552	6.032481
3498	1876	6.022097
3498	454	5.980318
3498	1645	5.755954
3498	733	5.706761
3499	2804	6.343306
3499	1957	6.159326
3499	1197	5.977400
3499	1234	5.771967
3499	3683	5.729619
3499	1221	5.716440
3499	1198	5.693720
3499	908	5.600326
3499	3360	5.585287
3499	1387	5.581800
3500	1210	5.266836
3500	1097	5.236009
3500	2858	5.107969
3500	260	5.044119
3500	589	5.017099
3500	750	5.002271
3500	2571	4.892136
3500	608	4.888523
3500	2028	4.835475
3500	1242	4.792685
3501	1201	6.314086
3501	1214	5.531521
3501	903	5.453562
3501	750	5.432417
3501	1387	5.340893
3501	3471	5.326431
3501	912	5.249395
3501	1206	5.044516
3501	858	5.042711
3501	924	5.031945
3502	2000	4.747523
3502	1265	4.701986
3502	608	4.613314
3502	1961	4.564324
3502	1968	4.465039
3502	593	4.421496
3502	1197	4.317395
3502	3751	4.309480
3502	2804	4.275655
3502	3552	4.234175
3503	1101	5.007175
3503	3617	4.969417
3503	3624	4.847043
3503	3555	4.816536
3503	2406	4.783423
3503	3753	4.780555
3503	3893	4.779592
3503	1997	4.749599
3503	3911	4.707507
3503	3827	4.689316
3504	587	4.922824
3504	3948	4.639358
3504	266	4.570067
3504	1393	4.491336
3504	593	4.461009
3504	608	4.422378
3504	356	4.371024
3504	50	4.327074
3504	1732	4.258576
3504	1089	4.240442
3505	1747	6.350425
3505	1265	6.110108
3505	3255	5.809963
3505	39	5.678336
3505	356	5.509745
3505	1500	5.469698
3505	293	5.332147
3505	2599	5.302692
3505	357	5.198770
3505	1183	5.179969
3506	608	5.191996
3506	1	5.121945
3506	34	5.021195
3506	2858	4.611311
3506	1196	4.504249
3506	1617	4.498223
3506	1961	4.489563
3506	2657	4.461270
3506	296	4.460459
3506	593	4.441799
3507	1831	8.487634
3507	1371	8.349374
3507	1037	8.281715
3507	1644	8.141733
3507	196	7.988556
3507	674	7.985066
3507	1717	7.787599
3507	185	7.599046
3507	1499	7.537854
3507	1779	7.464645
3508	2916	5.325691
3508	32	4.965340
3508	457	4.820436
3508	3418	4.715969
3508	1610	4.550468
3508	3471	4.547999
3508	480	4.539410
3508	2396	4.530141
3508	1617	4.506999
3508	377	4.491720
3509	2028	5.861306
3509	2571	5.555151
3509	318	5.436903
3509	1198	5.310752
3509	1222	5.308012
3509	527	5.273299
3509	3578	5.265354
3509	1196	5.258297
3509	593	5.256736
3509	3793	5.235015
3510	2716	5.424210
3510	2710	5.168122
3510	1238	5.085655
3510	2355	4.940064
3510	2599	4.829597
3510	2094	4.824710
3510	2396	4.802432
3510	153	4.737354
3510	780	4.700747
3510	2642	4.653824
3511	1230	6.153710
3511	1304	5.960176
3511	1276	5.850743
3511	750	5.798540
3511	903	5.663975
3511	912	5.582133
3511	1267	5.496893
3511	1136	5.466137
3511	1207	5.407244
3511	920	5.405015
3512	1374	5.978289
3512	2000	5.894546
3512	2571	5.866790
3512	110	5.594609
3512	3160	5.509873
3512	608	5.342722
3512	2321	5.262862
3512	589	5.245960
3512	32	5.226293
3512	1673	5.197236
3513	539	6.330866
3513	2424	5.671059
3513	337	5.634254
3513	3105	5.567923
3513	3253	5.557205
3513	587	5.496617
3513	339	5.454899
3513	2502	5.426032
3513	597	5.413514
3513	852	5.374410
3514	1221	6.362174
3514	1240	6.269427
3514	858	6.137524
3514	1198	6.120552
3514	1214	6.112788
3514	1196	6.088567
3514	1263	6.044738
3514	908	6.031141
3514	1267	6.020106
3514	1200	6.009803
3515	920	4.963109
3515	1097	4.467465
3515	34	4.409329
3515	1035	4.407825
3515	912	4.404471
3515	2858	4.393588
3515	3175	4.224848
3515	3363	4.205648
3515	2396	4.204116
3515	3471	4.197213
3516	2470	6.456695
3516	2406	6.028687
3516	1073	5.839662
3516	3489	5.532964
3516	2105	5.465706
3516	2100	5.458844
3516	1291	5.424928
3516	2797	5.319408
3516	1220	5.214169
3516	1381	5.021768
3517	1265	6.333114
3517	1784	5.493111
3517	357	5.422360
3517	1747	5.350244
3517	356	5.232817
3517	1777	5.176932
3517	17	5.063607
3517	1517	5.060017
3517	1923	5.027085
3517	497	4.891794
3518	1265	5.536121
3518	162	5.333184
3518	1307	4.932602
3518	1188	4.625541
3518	1235	4.617794
3518	2065	4.609603
3518	2747	4.497785
3518	1380	4.493795
3518	3685	4.423339
3518	1294	4.244420
3519	1101	6.155920
3519	2406	6.151632
3519	3450	5.756703
3519	3	5.341202
3519	266	5.297052
3519	380	5.249125
3519	3173	5.182495
3519	368	5.169247
3519	3535	5.115233
3519	804	4.998220
3520	1088	5.309559
3520	2622	4.722008
3520	1321	4.698543
3520	1339	4.688663
3520	2746	4.585235
3520	36	4.556557
3520	1345	4.526044
3520	1441	4.516174
3520	3499	4.514665
3520	2692	4.472041
3521	1961	7.492131
3521	2717	7.210982
3521	1962	6.987617
3521	3098	6.864118
3521	2804	6.443058
3521	3388	6.172092
3521	2375	6.140262
3521	2088	6.064957
3521	3688	5.918994
3521	1091	5.868147
3522	2167	6.138848
3522	2916	5.844369
3522	1527	5.771579
3522	2991	5.578268
3522	1645	5.456620
3522	70	5.394711
3522	3476	5.321229
3522	3623	5.267440
3522	2628	5.256014
3522	2009	5.185579
3523	1206	5.301898
3523	1214	5.259784
3523	3702	5.250571
3523	1200	5.069805
3523	260	5.024521
3523	3471	4.974128
3523	1954	4.955696
3523	1196	4.797948
3523	1221	4.759195
3523	1036	4.741248
3524	2490	6.886733
3524	3053	6.551930
3524	2686	6.329166
3524	2013	6.266866
3524	2688	6.230474
3524	2336	6.175054
3524	2580	6.155225
3524	2395	6.018173
3524	2694	5.907839
3524	2770	5.863116
3525	3160	5.065118
3525	1580	4.906940
3525	3148	4.888803
3525	2706	4.877636
3525	2710	4.864398
3525	1732	4.855756
3525	1584	4.761535
3525	1909	4.681428
3525	2997	4.668671
3525	2707	4.657438
3526	3173	7.264935
3526	3249	6.973172
3526	3257	6.953483
3526	3861	6.940348
3526	1920	6.934269
3526	3489	6.606975
3526	1027	6.283606
3526	2628	5.973424
3526	1676	5.952599
3526	1608	5.805506
3527	3623	4.631377
3527	3408	4.599661
3527	3578	4.583507
3527	2683	4.314862
3527	3510	4.277646
3527	2997	4.248047
3527	2706	4.212117
3527	2710	4.193893
3527	253	4.172480
3527	2858	4.156644
3528	2717	9.398981
3528	1238	8.102060
3528	1223	7.603256
3528	2513	7.379620
3528	1974	6.994314
3528	3504	6.864578
3528	2004	6.819487
3528	1234	6.747085
3528	3764	6.728831
3528	1226	6.588888
3529	1917	6.261115
3529	185	5.922870
3529	329	5.883006
3529	1876	5.728661
3529	1037	5.597081
3529	1372	5.594475
3529	2699	5.582759
3529	1690	5.568347
3529	1603	5.406876
3529	2617	5.399563
3531	1265	5.011754
3531	608	4.850344
3531	1259	4.680451
3531	3552	4.665898
3531	1394	4.627156
3531	3751	4.591733
3531	2918	4.586109
3531	3210	4.517099
3531	593	4.510509
3531	296	4.452623
3532	380	6.613085
3532	587	6.128388
3532	736	5.934002
3532	3623	5.753642
3532	368	5.609604
3532	1101	5.602543
3532	1391	5.447208
3532	1722	5.443751
3532	266	5.329289
3532	2424	5.328361
3533	2706	5.906293
3533	1580	5.643382
3533	3176	5.458154
3533	3623	5.440632
3533	3578	5.176153
3533	2763	5.064473
3533	480	4.870303
3533	2571	4.847779
3533	2683	4.837486
3533	3408	4.793831
3534	2571	6.123941
3534	2194	5.938372
3534	32	5.856289
3534	1214	5.801035
3534	3471	5.485652
3534	1222	5.397010
3534	110	5.291739
3534	1617	5.263311
3534	1206	5.221346
3534	2858	5.205354
3536	1101	6.521945
3536	2628	6.048834
3536	1608	5.826235
3536	1573	5.806229
3536	1917	5.672014
3536	648	5.586375
3536	3107	5.509741
3536	2115	5.419812
3536	353	5.336730
3536	1876	5.335120
3537	3897	7.138494
3537	3744	6.727978
3537	1249	6.360235
3537	2300	6.307965
3537	3948	6.203407
3537	3893	6.113525
3537	3949	6.079644
3537	3745	6.074582
3537	3819	6.057688
3537	3911	5.999757
3538	21	6.937607
3538	377	6.682761
3538	3386	6.579144
3538	337	6.450901
3538	2391	6.400770
3538	62	6.344022
3538	3105	6.271293
3538	1641	6.142029
3538	588	6.112692
3538	1653	6.069467
3539	1084	5.603432
3539	3093	5.276060
3539	945	5.243292
3539	3508	5.196826
3539	1283	5.188768
3539	3037	5.156751
3539	1304	5.036890
3539	899	4.873542
3539	3735	4.852393
3539	3467	4.818397
3540	3173	5.010905
3540	3481	4.827861
3540	3861	4.744057
3540	592	4.526555
3540	3948	4.504355
3540	3753	4.445777
3540	480	4.399977
3540	2628	4.391273
3540	3844	4.340123
3540	3176	4.325003
3541	1222	5.492386
3541	2194	5.276597
3541	1198	5.263357
3541	1387	5.050631
3541	1210	5.041719
3541	1196	5.003375
3541	1240	4.958555
3541	1242	4.876991
3541	2000	4.869482
3541	2028	4.845982
3543	1206	6.965026
3543	913	6.922701
3543	3471	6.861075
3543	1252	6.853294
3543	903	6.821387
3543	1201	6.798004
3543	1267	6.679562
3543	1214	6.661912
3543	1954	6.601957
3543	750	6.568228
3546	1747	8.740519
3546	21	8.466498
3546	3255	8.022102
3546	1265	7.906993
3546	497	7.773148
3546	2918	7.705019
3546	1095	7.691763
3546	3210	7.575776
3546	3526	7.429725
3546	1641	7.332961
3547	608	5.712534
3547	1249	5.623277
3547	1196	5.611463
3547	1617	5.605151
3547	527	5.541599
3547	1304	5.415740
3547	260	5.304438
3547	1233	5.303554
3547	2300	5.280265
3547	50	5.272009
3549	1307	6.111392
3549	1265	6.040097
3549	1028	5.333968
3549	1961	5.320836
3549	2243	5.288802
3549	1	5.282532
3549	1394	5.124494
3549	2797	4.931729
3549	3424	4.850141
3549	588	4.809412
3550	2701	4.755951
3550	3623	4.713153
3550	788	4.599163
3550	1379	4.597597
3550	3717	4.541659
3550	2012	4.531885
3550	2406	4.387736
3550	1377	4.369130
3550	3752	4.256855
3550	3273	4.197129
3551	588	6.061148
3551	1357	6.047435
3551	1784	5.617391
3551	2294	5.531369
3551	3252	5.508542
3551	2384	5.482620
3551	357	5.371204
3551	1682	5.360814
3551	356	5.182958
3551	1393	5.168558
3553	1527	6.422968
3553	1722	6.278534
3553	2628	5.940008
3553	1580	5.902626
3553	10	5.895166
3553	1597	5.863341
3553	3623	5.791353
3553	1876	5.757739
3553	316	5.731484
3553	2881	5.625075
3554	1197	5.225122
3554	608	5.118994
3554	1304	4.921013
3554	1196	4.886933
3554	1	4.846522
3554	1270	4.659623
3554	1234	4.573572
3554	2858	4.565006
3554	750	4.558979
3554	1307	4.551090
3555	153	7.946562
3555	434	6.375856
3555	2253	6.336184
3555	2605	6.253431
3555	2054	6.125135
3555	1371	6.021405
3555	1882	5.943477
3555	2153	5.923851
3555	788	5.906227
3555	3489	5.822613
3556	589	4.997291
3556	527	4.965629
3556	2028	4.958092
3556	3418	4.938321
3556	3471	4.876983
3556	1214	4.819769
3556	1617	4.812496
3556	2858	4.762170
3556	913	4.707049
3556	2571	4.688364
3557	1673	6.204555
3557	2028	5.809854
3557	2194	5.748652
3557	2000	5.634084
3557	110	5.587720
3557	2571	5.431372
3557	150	5.404967
3557	480	5.354457
3557	2395	5.349356
3557	1222	5.322407
3558	21	5.486233
3558	3160	5.419738
3558	34	5.390280
3558	32	5.385386
3558	1784	5.162509
3558	1265	5.068944
3558	110	4.984143
3558	1374	4.974656
3558	1060	4.886966
3558	2571	4.821478
3559	1321	4.655266
3559	1333	4.326316
3559	2366	4.299796
3559	3638	4.287603
3559	968	4.270391
3559	1644	4.240534
3559	1339	4.208876
3559	2167	4.147035
3559	2717	4.103860
3559	3081	4.063376
3560	1265	5.527320
3560	588	5.059665
3560	3526	4.949479
3560	1307	4.698855
3560	3751	4.612848
3560	2243	4.587080
3560	34	4.585715
3560	3552	4.450530
3560	3072	4.374677
3560	1961	4.356206
3561	2640	5.789177
3561	2628	5.778245
3561	3173	5.728466
3561	296	5.655332
3561	589	5.617584
3561	3070	5.571510
3561	1291	5.390101
3561	1240	5.334261
3561	2571	5.282367
3561	2028	5.233977
3562	2875	4.698353
3562	1682	4.326619
3562	1584	4.288274
3562	2294	4.129481
3562	1580	4.096334
3562	3155	4.053697
3562	2396	4.003238
3562	3257	3.997645
3562	3114	3.993354
3562	1653	3.988127
3563	2105	5.661468
3563	2470	5.540292
3563	2011	5.509830
3563	2407	5.203888
3563	2872	5.107021
3563	1198	5.102771
3563	1291	5.053716
3563	1220	5.027968
3563	2746	4.825737
3563	296	4.790929
3564	2858	4.946688
3564	2710	4.793796
3564	70	4.639180
3564	2640	4.623366
3564	589	4.621759
3564	3635	4.595530
3564	480	4.573538
3564	2571	4.572225
3564	1580	4.522518
3564	1544	4.485806
3565	1917	7.135104
3565	2393	6.454760
3565	329	6.445057
3565	1876	6.291884
3565	1544	6.115500
3565	3697	6.112277
3565	185	6.028925
3565	2628	5.986298
3565	2808	5.961049
3565	316	5.874444
3566	260	5.546005
3566	1198	5.067100
3566	2987	4.957541
3566	969	4.884238
3566	924	4.877313
3566	904	4.807410
3566	1304	4.803602
3566	1247	4.762046
3566	1282	4.743791
3566	1230	4.590885
3567	608	5.204366
3567	2657	5.004765
3567	908	4.964804
3567	1199	4.920209
3567	1259	4.919611
3567	1136	4.908880
3567	1304	4.887210
3567	1	4.727440
3567	1197	4.669537
3567	1234	4.664214
3568	589	7.113168
3568	3702	6.696401
3568	480	6.487502
3568	2571	6.460519
3568	2160	6.233194
3568	2529	6.130953
3568	1240	6.088880
3568	2640	6.057025
3568	2985	5.993650
3568	2194	5.953204
3569	2470	6.574372
3569	2005	6.159581
3569	2145	5.988909
3569	3301	5.460675
3569	2003	5.399331
3569	3753	5.390155
3569	2054	5.366492
3569	2161	5.257680
3569	3501	5.254469
3569	367	5.124073
3571	253	5.318115
3571	3744	5.123359
3571	1391	4.975506
3571	1645	4.964388
3571	454	4.838869
3571	3623	4.765834
3571	3638	4.761663
3571	2012	4.733686
3571	736	4.711596
3571	3827	4.689829
3572	1249	5.682647
3572	1393	5.630202
3572	593	5.270048
3572	1	5.232914
3572	296	5.149725
3572	527	5.111397
3572	34	5.089482
3572	1883	5.059443
3572	3176	5.028623
3572	1089	5.009053
3573	1240	5.526803
3573	527	5.312162
3573	1617	5.311782
3573	3471	5.280666
3573	2028	5.279197
3573	1206	5.102493
3573	2987	5.058420
3573	1097	4.992686
3573	608	4.980975
3573	34	4.937471
3574	2717	6.095253
3574	1962	5.814951
3574	3174	5.573837
3574	2959	5.313407
3574	1333	5.274617
3574	2716	5.259436
3574	3717	5.195765
3574	3146	5.192816
3574	2369	5.182675
3574	3081	5.142437
3575	2455	5.990416
3575	1321	5.672067
3575	2533	5.528336
3575	1971	5.490975
3575	1994	5.459113
3575	2121	5.240047
3575	3763	5.174566
3575	2791	5.163343
3575	2826	5.144030
3575	3708	5.125292
3576	912	6.626760
3576	1196	6.539223
3576	260	6.427701
3576	1097	6.390328
3576	2968	6.291413
3576	527	6.255982
3576	3471	6.149098
3576	2987	6.132911
3576	1208	6.118425
3576	541	6.000517
3577	587	6.250229
3577	539	5.944442
3577	736	5.700672
3577	2424	5.654636
3577	339	5.320134
3577	337	5.273126
3577	1777	5.270661
3577	597	5.252918
3577	802	5.161194
3577	1721	5.026109
3578	2470	5.512911
3578	2406	5.210750
3578	1101	4.893300
3578	2005	4.888813
3578	3753	4.806842
3578	2628	4.796853
3578	1220	4.666179
3578	2011	4.534554
3578	2105	4.464476
3578	296	4.462023
3579	2428	8.281132
3579	2713	8.148578
3579	3717	7.539332
3579	2995	7.533502
3579	1037	7.522944
3579	2153	7.522512
3579	1831	7.462749
3579	1717	7.398808
3579	2986	7.380336
3579	2722	7.356732
3580	2628	5.710707
3580	1375	5.535527
3580	2985	5.533327
3580	1831	5.527837
3580	2105	5.409088
3580	2571	5.368142
3580	589	5.324257
3580	648	5.270899
3580	3510	5.214979
3580	1676	5.202700
3581	589	5.945573
3581	2571	5.552062
3581	2194	5.033831
3581	110	5.018188
3581	32	4.977442
3581	1036	4.976960
3581	2858	4.913544
3581	3160	4.865078
3581	1214	4.853508
3581	1200	4.785480
3582	3489	6.712331
3582	1562	6.710198
3582	2054	6.529322
3582	2253	5.939127
3582	2153	5.909348
3582	3273	5.909219
3582	2605	5.873140
3582	3438	5.565781
3582	1073	5.557149
3582	2394	5.526077
3583	2396	5.225290
3583	1307	5.020821
3583	1183	4.928241
3583	1294	4.827636
3583	2987	4.810153
3583	17	4.746342
3583	2336	4.726392
3583	2716	4.483646
3583	2762	4.449649
3583	1265	4.441664
3584	1391	6.563164
3584	466	6.479323
3584	2699	6.118958
3584	2826	6.078788
3584	736	5.870451
3584	2012	5.780348
3584	3623	5.742676
3584	380	5.693940
3584	1580	5.521438
3584	1917	5.456699
3585	3148	6.852939
3585	3176	6.849895
3585	150	6.557780
3585	1682	6.550717
3585	32	6.161630
3585	272	6.051135
3585	1732	6.008042
3585	1625	5.861817
3585	457	5.693696
3585	1678	5.692732
3586	1947	6.312128
3586	1183	6.038032
3586	2424	5.678208
3586	1721	5.642971
3586	2396	5.584180
3586	3528	5.579538
3586	590	5.357651
3586	356	5.313012
3586	377	5.245883
3586	2987	5.236026
3587	1370	5.897609
3587	3256	5.598954
3587	1573	5.515767
3587	454	5.429180
3587	377	5.273278
3587	1909	5.267740
3587	1527	5.168120
3587	2916	5.106083
3587	1608	5.076898
3587	648	5.026507
3588	1307	6.330007
3588	1394	5.830478
3588	1265	5.586931
3588	912	5.437506
3588	2918	5.206032
3588	750	5.177712
3588	1259	5.167850
3588	1136	5.133618
3588	1276	5.105507
3588	1294	5.095735
3589	1101	6.456827
3589	2406	5.694411
3589	2628	5.183323
3589	3555	5.131264
3589	3624	5.030137
3589	266	4.875433
3589	292	4.809182
3589	3753	4.808603
3589	368	4.788752
3589	3535	4.740163
3590	3827	5.245670
3590	1721	5.031414
3590	266	4.950952
3590	272	4.950680
3590	587	4.915175
3590	1092	4.913803
3590	1625	4.878632
3590	3155	4.859198
3590	32	4.794166
3590	1206	4.785058
3591	3861	5.977660
3591	2054	5.785237
3591	3489	5.189580
3591	2797	5.187299
3591	2105	5.169962
3591	2193	4.889342
3591	2161	4.811887
3591	3452	4.808844
3591	1019	4.767764
3591	2628	4.741177
3592	1	4.558567
3592	3173	4.496600
3592	551	4.444015
3592	595	4.397074
3592	2875	4.343343
3592	1584	4.333931
3592	2294	4.297737
3592	3257	4.267340
3592	1172	4.188759
3592	364	4.176112
3593	1265	6.371589
3593	1500	5.778775
3593	1747	5.769638
3593	2355	5.716182
3593	39	5.560926
3593	1517	5.462518
3593	2599	5.261098
3593	1307	5.244896
3593	2321	5.225779
3593	104	5.186813
3594	1912	4.826433
3594	364	4.632230
3594	34	4.444816
3594	1682	4.403572
3594	32	4.395455
3594	150	4.365732
3594	457	4.347585
3594	1584	4.314710
3594	296	4.201201
3594	2294	4.197364
3595	1097	5.204375
3595	1374	5.048312
3595	1197	4.838161
3595	2791	4.838069
3595	2804	4.597057
3595	2716	4.554085
3595	1090	4.418571
3595	2858	4.348117
3595	2000	4.270079
3595	1079	4.229693
3596	34	5.487172
3596	1682	5.308651
3596	1265	5.144842
3596	1136	5.041984
3596	3424	5.035418
3596	551	4.972228
3596	608	4.895608
3596	1269	4.773237
3596	1961	4.748825
3596	150	4.671711
3597	2294	5.255973
3597	364	4.545038
3597	2916	4.528658
3597	2628	4.519822
3597	595	4.519413
3597	1608	4.389673
3597	1584	4.378823
3597	349	4.352097
3597	590	4.349364
3597	1035	4.305917
3598	34	6.061250
3598	527	5.449537
3598	1097	5.386802
3598	1094	5.264755
3598	150	5.136557
3598	2968	5.105052
3598	2028	5.047180
3598	3114	5.042295
3598	1	5.037481
3598	588	5.025000
3599	1573	7.276188
3599	353	7.198554
3599	1917	6.920638
3599	1608	6.912086
3599	1527	6.844976
3599	380	6.841632
3599	3107	6.779699
3599	1101	6.754392
3599	1876	6.565507
3599	1722	6.554713
3600	2394	7.472354
3600	3489	6.867767
3600	2702	6.712784
3600	2087	6.471540
3600	2294	6.383105
3600	60	6.310219
3600	1920	6.274930
3600	3479	6.249567
3600	1073	6.169207
3600	1367	6.103829
3601	1235	5.491138
3601	594	5.487650
3601	1265	4.883323
3601	2065	4.794158
3601	1307	4.754091
3601	596	4.746714
3601	2875	4.737999
3601	1541	4.730145
3601	3034	4.624577
3601	1294	4.607946
3602	2997	4.430838
3602	1387	4.418997
3602	2194	4.326581
3602	2858	4.239832
3602	1222	4.059934
3602	2000	4.032084
3602	2959	4.030623
3602	913	3.997379
3602	2762	3.965625
3602	1214	3.860799
3603	2640	7.337446
3603	2528	6.783240
3603	589	6.485334
3603	480	6.362963
3603	2288	6.328366
3603	185	6.317478
3603	1129	6.273950
3603	1527	6.223785
3603	2628	6.220457
3603	2916	6.197327
3605	589	5.689619
3605	2791	5.507261
3605	2571	5.498211
3605	1673	5.483238
3605	1965	5.378412
3605	296	5.313226
3605	3535	5.266298
3605	1240	5.234120
3605	1259	5.233611
3605	1249	5.114947
3606	3160	4.617104
3606	1097	4.597145
3606	296	4.537668
3606	2000	4.458663
3606	2791	4.453065
3606	34	4.444753
3606	3418	4.440134
3606	2571	4.438369
3606	2858	4.422222
3606	2291	4.394128
3607	185	6.904328
3607	1779	6.699858
3607	1037	6.519395
3607	1831	6.340858
3607	2672	6.207798
3607	1371	6.088574
3607	3354	5.959601
3607	2701	5.959238
3607	172	5.916423
3607	880	5.865653
3608	1569	6.857173
3608	1777	6.536398
3608	539	6.494094
3608	852	6.462734
3608	2369	6.439290
3608	2805	6.433212
3608	1513	6.325011
3608	339	6.306053
3608	587	6.216962
3608	500	6.077530
3609	1513	6.509560
3609	2424	6.371363
3609	367	6.175052
3609	2100	6.030425
3609	252	5.879835
3609	344	5.869971
3609	500	5.867264
3609	1569	5.828016
3609	1126	5.690507
3609	2369	5.683529
3610	2366	8.373848
3610	1956	8.194017
3610	2018	7.934688
3610	2664	7.819835
3610	2565	7.570437
3610	1333	7.459196
3610	953	7.457812
3610	3168	7.345478
3610	1230	7.323051
3610	1974	7.285406
3611	588	6.246114
3611	1265	5.414331
3611	364	5.295110
3611	345	5.257757
3611	595	4.970710
3611	3252	4.948021
3611	36	4.905280
3611	1357	4.886163
3611	34	4.841922
3611	3100	4.809244
3612	1754	6.720592
3612	648	5.902370
3612	1917	5.896128
3612	1370	5.834431
3612	288	5.807364
3612	1573	5.793628
3612	3744	5.765447
3612	1608	5.725053
3612	1597	5.720559
3612	2393	5.641184
3613	457	5.085844
3613	1580	5.027815
3613	1673	5.004859
3613	3450	4.971106
3613	2291	4.789435
3613	296	4.656220
3613	110	4.653103
3613	3535	4.653023
3613	2858	4.649540
3613	3176	4.633270
3614	1265	5.189392
3614	1097	4.875399
3614	1259	4.833074
3614	3552	4.749226
3614	2918	4.665638
3614	2355	4.661108
3614	608	4.607561
3614	1961	4.562423
3614	593	4.561095
3614	1197	4.520919
3615	2797	6.497998
3615	1097	6.200204
3615	1073	6.185706
3615	1967	6.069059
3615	1225	6.065018
3615	673	5.545123
3615	2968	5.308303
3615	1019	5.133621
3615	1220	5.078171
3615	2015	5.074898
3617	1221	6.014023
3617	1214	5.870883
3617	1198	5.847147
3617	1206	5.831867
3617	1387	5.751453
3617	3702	5.678000
3617	260	5.569527
3617	3471	5.472979
3617	589	5.381347
3617	1196	5.358157
3618	2716	6.662406
3618	2746	6.590903
3618	3508	6.588817
3618	3016	6.580522
3618	968	6.552453
3618	913	6.510567
3618	2901	6.365789
3618	1333	6.256801
3618	1513	6.042080
3618	1088	6.031538
3619	3578	4.842410
3619	3717	4.831207
3619	2571	4.742308
3619	3510	4.710075
3619	2858	4.569106
3619	2710	4.534686
3619	2997	4.474447
3619	293	4.463641
3619	3702	4.458522
3619	3408	4.426160
3620	3617	6.336149
3620	3911	5.009595
3620	3753	4.953563
3620	2470	4.854401
3620	3301	4.790181
3620	3623	4.747368
3620	3893	4.734371
3620	2145	4.604573
3620	2054	4.595789
3620	3798	4.580838
3621	2100	6.626853
3621	3448	5.534865
3621	19	5.398002
3621	2406	5.260387
3621	3039	5.250278
3621	246	5.112676
3621	2423	5.079261
3621	2243	5.078804
3621	3210	5.016837
3621	2144	5.010395
3622	2424	5.210674
3622	2369	5.087541
3622	2805	4.822905
3622	1457	4.760405
3622	587	4.696923
3622	380	4.623144
3622	3081	4.600174
3622	2762	4.558351
3622	2724	4.556258
3622	1888	4.533143
3624	1573	7.471293
3624	1597	7.153039
3624	1527	7.068547
3624	1876	7.006167
3624	1608	6.682961
3624	1917	6.470817
3624	165	6.467881
3624	454	6.384131
3624	736	6.365465
3624	648	6.303914
3625	153	6.699630
3625	2699	6.321054
3625	434	6.212059
3625	1544	6.049145
3625	2012	5.926502
3625	2002	5.773849
3625	316	5.702791
3625	2826	5.619691
3625	1377	5.607105
3625	2094	5.595426
3626	1387	5.401027
3626	2791	5.361837
3626	1962	5.248275
3626	2194	5.195724
3626	1957	5.168010
3626	2716	5.026054
3626	1302	5.018585
3626	1231	4.955134
3626	1961	4.935283
3626	2000	4.905056
3627	1265	5.544967
3627	1212	5.451328
3627	1234	5.367657
3627	2997	5.289449
3627	1961	5.055088
3627	3751	5.045254
3627	1223	4.973455
3627	1080	4.923480
3627	1304	4.865756
3627	2065	4.758587
3628	2710	5.637817
3628	2396	5.559335
3628	2716	5.519403
3628	2805	5.348828
3628	2713	5.300139
3628	2688	5.064964
3628	2712	5.053890
3628	2976	5.041977
3628	3175	5.031095
3628	2580	4.924092
3629	919	6.480278
3629	2366	6.450667
3629	3435	6.425262
3629	903	6.364771
3629	2186	6.128274
3629	1035	6.118430
3629	1254	6.097563
3629	260	6.052232
3629	1230	6.014623
3629	1214	6.004549
3630	2571	5.900360
3630	1198	5.651411
3630	3510	5.644011
3630	589	5.628584
3630	1291	5.498719
3630	2105	5.458344
3630	1240	5.382630
3630	2628	5.366653
3630	3793	5.349561
3630	480	5.097929
3631	1214	5.068525
3631	480	5.049528
3631	1200	4.944233
3631	32	4.927811
3631	2858	4.920318
3631	2529	4.857372
3631	1374	4.828277
3631	1198	4.777366
3631	2916	4.750794
3631	3160	4.696486
3635	3543	6.816499
3635	1294	6.732458
3635	2716	6.697644
3635	2081	6.252676
3635	2746	5.887868
3635	3516	5.721778
3635	2336	5.572125
3635	1333	5.568450
3635	497	5.521797
3635	2761	5.504037
3637	2683	6.143394
3637	2716	5.980295
3637	3175	5.840162
3637	1513	5.818867
3637	223	5.687316
3637	2712	5.614210
3637	2734	5.494634
3637	2959	5.481036
3637	2706	5.374905
3637	2336	5.354489
3638	2628	6.548831
3638	1967	6.097220
3638	2193	6.012144
3638	1097	5.953998
3638	3489	5.564868
3638	2005	5.384598
3638	2140	5.232846
3638	2028	5.206698
3638	589	5.179331
3638	1220	5.129003
3639	1265	5.554518
3639	2108	4.670145
3639	597	4.624505
3639	1307	4.623218
3639	500	4.542057
3639	104	4.505447
3639	2997	4.496123
3639	1923	4.474468
3639	367	4.402487
3639	356	4.401734
3640	1391	7.681872
3640	3869	7.611274
3640	2699	6.896786
3640	2826	6.731158
3640	736	6.512090
3640	2012	6.466982
3640	3638	6.414106
3640	1918	6.404740
3640	70	6.209451
3640	316	6.206605
3641	2571	5.309281
3641	1580	5.299483
3641	480	5.215542
3641	457	4.998122
3641	589	4.994478
3641	1673	4.979922
3641	110	4.979460
3641	3176	4.810073
3641	1610	4.728451
3641	3753	4.700064
3643	1221	6.010485
3643	2028	5.430364
3643	858	5.300322
3643	1240	5.242075
3643	912	5.213896
3643	1200	5.197266
3643	1206	5.191859
3643	1222	5.124715
3643	2571	5.117057
3643	608	5.106392
3644	39	6.581120
3644	2706	6.491772
3644	1060	6.308922
3644	1784	6.297948
3644	1747	6.117800
3644	356	5.933678
3644	45	5.901693
3644	223	5.878599
3644	1580	5.836459
3644	1357	5.832652
3645	2406	4.893505
3645	2858	4.759240
3645	2762	4.629335
3645	2028	4.553110
3645	2628	4.500418
3645	1073	4.418142
3645	1210	4.380377
3645	260	4.347156
3645	1220	4.285021
3645	318	4.243356
3646	610	5.710671
3646	2366	5.694526
3646	2916	5.665434
3646	589	5.617363
3646	1214	5.603479
3646	2985	5.582732
3646	2455	5.534787
3646	1206	5.478144
3646	2288	5.387209
3646	1240	5.364172
3647	1304	6.589707
3647	1206	6.474426
3647	1267	6.245837
3647	1252	6.017418
3647	903	5.919590
3647	1953	5.907398
3647	1997	5.904269
3647	3435	5.842998
3647	1219	5.733182
3647	904	5.618084
3648	2247	6.875142
3648	3949	6.427238
3648	2375	6.345142
3648	3263	6.322468
3648	2717	6.179174
3648	2431	6.163578
3648	2796	6.023153
3648	3617	5.816862
3648	3618	5.790782
3648	3861	5.760369
3649	2791	5.127320
3649	1079	5.121927
3649	1961	5.107062
3649	1307	5.092582
3649	1259	5.011270
3649	1197	4.949331
3649	1957	4.803668
3649	1276	4.783732
3649	1234	4.743292
3649	2174	4.731165
3650	912	6.368670
3650	260	6.051151
3650	1221	5.988089
3650	1198	5.912345
3650	1299	5.812799
3650	1204	5.780003
3650	1247	5.658485
3650	1252	5.623856
3650	1304	5.609480
3650	903	5.591717
3651	3257	5.803864
3651	1391	5.705854
3651	1876	5.645606
3651	288	5.587627
3651	2167	5.568239
3651	3555	5.453549
3651	1573	5.425523
3651	1676	5.400509
3651	1754	5.400098
3651	1544	5.385905
3652	364	6.070797
3652	2018	6.049816
3652	595	5.959453
3652	661	5.571735
3652	1282	5.478171
3652	2294	5.472088
3652	969	5.309411
3652	1029	5.200299
3652	2687	5.153386
3652	1035	5.111156
3653	383	5.977487
3653	380	5.719397
3653	3623	5.715207
3653	2401	5.708951
3653	3016	5.478886
3653	1918	5.252076
3653	2723	5.157764
3653	466	5.143796
3653	2369	5.069699
3653	1513	4.853749
3654	589	5.412834
3654	2194	5.097543
3654	296	5.045165
3654	1240	5.000072
3654	1036	4.997673
3654	2028	4.895226
3654	2571	4.872082
3654	1097	4.862343
3654	1210	4.813853
3654	2858	4.768033
3655	2470	5.898174
3655	3157	5.562530
3655	2406	5.270390
3655	2628	5.239086
3655	1967	5.219701
3655	317	5.219472
3655	1291	5.195012
3655	2702	5.017893
3655	2115	4.962009
3655	2054	4.948555
3656	253	7.340876
3656	2717	6.826656
3656	3717	5.980464
3656	532	5.923227
3656	435	5.904632
3656	3189	5.826641
3656	3638	5.803550
3656	3146	5.645587
3656	3608	5.500469
3656	3827	5.418340
3657	1527	6.062578
3657	480	5.503147
3657	1584	5.401137
3657	1370	5.211177
3657	3408	5.141674
3657	2628	5.120397
3657	1876	5.083456
3657	70	5.083204
3657	457	5.079117
3657	589	5.076491
3658	1212	6.178383
3658	1292	5.582172
3658	2288	5.304894
3658	1269	5.153418
3658	913	5.143371
3658	968	4.988910
3658	3639	4.976587
3658	3167	4.929478
3658	745	4.894912
3658	2858	4.833313
3659	3418	5.356452
3659	2291	4.794944
3659	593	4.771414
3659	608	4.664949
3659	1617	4.591631
3659	1265	4.551615
3659	2000	4.528954
3659	318	4.522969
3659	2858	4.502175
3659	1220	4.492895
3660	589	6.233974
3660	2640	6.006861
3660	1240	5.600299
3660	2571	5.561992
3660	32	5.560581
3660	1584	5.405000
3660	1214	5.315805
3660	1129	5.251141
3660	3471	5.194982
3660	457	5.161991
3661	1387	6.359176
3661	2194	6.103064
3661	1333	5.882486
3661	1201	5.681154
3661	1214	5.642918
3661	3763	5.398949
3661	3702	5.354524
3661	2664	5.221163
3661	2948	5.121006
3661	3671	5.103896
3662	1183	7.449421
3662	1265	7.171624
3662	1188	7.077412
3662	2396	6.980107
3662	17	6.973759
3662	588	6.924778
3662	151	6.823329
3662	1307	6.780823
3662	1357	6.762197
3662	1683	6.727187
3663	2628	5.682696
3663	1573	5.617395
3663	1676	5.547515
3663	1527	5.544030
3663	1356	5.535161
3663	480	5.413482
3663	1580	5.394744
3663	1876	5.303824
3663	3354	5.096589
3663	2916	5.041538
3664	2762	4.578843
3664	367	4.423151
3664	1073	4.248063
3664	788	4.244210
3664	587	4.063816
3664	3623	3.940568
3664	2100	3.887556
3664	356	3.861174
3664	3617	3.823078
3664	2858	3.807675
3665	1391	6.370692
3665	2699	6.142265
3665	736	6.082692
3665	1917	5.949863
3665	380	5.557089
3665	2722	5.490098
3665	1616	5.449462
3665	3697	5.390702
3665	2881	5.360870
3665	3623	5.354877
3666	260	5.951061
3666	913	5.731163
3666	1240	5.728838
3666	3471	5.639097
3666	1200	5.552282
3666	1204	5.511120
3666	1206	5.437155
3666	1196	5.336512
3666	2194	5.334584
3666	2944	5.324018
3667	3157	6.448513
3667	2797	6.191405
3667	2395	6.059959
3667	317	5.977657
3667	2336	5.930448
3667	1073	5.873128
3667	1097	5.663816
3667	2100	5.519245
3667	1947	5.420359
3667	2716	5.409161
3668	260	5.556009
3668	1198	5.277402
3668	1221	5.149085
3668	1304	5.064295
3668	858	4.991932
3668	1206	4.964633
3668	1204	4.901371
3668	924	4.848622
3668	912	4.760859
3668	919	4.734158
3669	2987	5.290589
3669	2396	5.260299
3669	3471	5.192439
3669	260	4.809885
3669	3114	4.565534
3669	912	4.535286
3669	2686	4.504544
3669	2858	4.499067
3669	3175	4.485024
3669	1196	4.461134
3670	1831	5.908607
3670	3717	5.764812
3670	2421	5.655389
3670	1373	5.468748
3670	1779	5.284033
3670	3510	5.169995
3670	2105	5.148371
3670	435	5.122521
3670	327	5.082146
3670	2021	5.041144
3671	2628	6.135740
3671	1608	6.097516
3671	2916	5.964492
3671	648	5.881706
3671	1527	5.872136
3671	10	5.849230
3671	1356	5.662872
3671	3107	5.641624
3671	1552	5.485600
3671	589	5.352707
3672	2692	5.579868
3672	1101	5.173962
3672	1073	5.059415
3672	1220	5.026012
3672	380	4.904981
3672	2005	4.844160
3672	2628	4.775003
3672	3753	4.773145
3672	367	4.617493
3672	1954	4.572841
3673	1304	6.496206
3673	1267	6.088577
3673	1276	6.083905
3673	1219	5.854576
3673	1234	5.797240
3673	1953	5.771760
3673	1212	5.684678
3673	1252	5.651546
3673	1080	5.637286
3673	903	5.600710
3674	480	5.799619
3674	1580	5.695783
3674	32	5.549592
3674	2571	5.530106
3674	2858	5.480938
3674	2640	5.464656
3674	1584	5.216678
3674	110	5.157620
3674	3354	5.111750
3674	2628	5.023675
3675	2717	8.269217
3675	2369	7.058706
3675	1380	6.280931
3675	3258	6.137485
3675	520	6.102165
3675	2335	6.063647
3675	500	6.014164
3675	2746	5.966616
3675	3264	5.924788
3675	2247	5.796862
3676	364	5.489802
3676	1282	5.404440
3676	1240	5.342653
3676	1022	5.329524
3676	1214	5.302954
3676	1230	5.218905
3676	2018	5.164531
3676	1200	5.131087
3676	595	5.115211
3676	2985	5.108800
3677	1876	6.826907
3677	1917	6.587371
3677	2393	6.533328
3677	1573	6.443302
3677	648	6.291945
3677	1754	6.269937
3677	3623	6.203964
3677	1370	6.151692
3677	1676	6.002708
3677	329	5.932565
3678	2571	5.905636
3678	1196	5.695442
3678	2529	5.671443
3678	1374	5.582490
3678	589	5.479818
3678	1197	5.320166
3678	1240	5.265259
3678	32	5.235128
3678	608	5.135150
3678	2019	5.129687
3679	1307	6.207827
3679	2100	5.928625
3679	2918	5.909901
3679	2746	5.738836
3679	3210	5.691823
3679	1960	5.587559
3679	2797	5.559224
3679	3039	5.520287
3679	246	5.500365
3679	2872	5.442640
3680	36	5.870166
3680	296	5.557880
3680	3418	5.252238
3680	2000	5.155494
3680	1265	5.147239
3680	1213	5.134905
3680	551	5.120663
3680	1912	5.064366
3680	2791	5.007359
3680	1220	4.991190
3681	1307	4.729856
3681	2150	4.113313
3681	2858	4.097146
3681	3948	4.016398
3681	1265	3.992321
3681	2012	3.841792
3681	3949	3.837660
3681	788	3.814681
3681	2797	3.737705
3681	2100	3.702734
3682	1265	5.492643
3682	597	5.349221
3682	3253	5.332866
3682	17	5.243922
3682	1777	4.986378
3682	588	4.983571
3682	2716	4.797238
3682	2424	4.658352
3682	339	4.605930
3682	2396	4.578243
3683	788	7.288403
3683	435	7.224650
3683	2642	7.182582
3683	153	7.179733
3683	1371	6.673536
3683	2450	6.656646
3683	2408	6.600092
3683	2694	6.593851
3683	2643	6.416505
3683	3760	6.249573
3684	2581	5.371627
3684	2805	5.360914
3684	2840	5.316932
3684	2490	5.280550
3684	913	5.217613
3684	2336	5.190779
3684	2686	5.148879
3684	3081	5.044705
3684	2688	5.016742
3684	3175	4.992158
3685	3751	4.799032
3685	3897	4.666885
3685	3893	4.535945
3685	253	4.474791
3685	1089	4.456363
3685	2000	4.447333
3685	3578	4.375887
3685	3408	4.349279
3685	3510	4.304289
3685	1213	4.212624
3686	1269	5.473943
3686	1206	5.340569
3686	3471	5.256175
3686	1136	5.092775
3686	541	5.055613
3686	1196	4.932881
3686	750	4.908083
3686	1214	4.854923
3686	260	4.775078
3686	1584	4.713380
3687	912	6.365046
3687	1230	6.183300
3687	920	6.166632
3687	919	6.076919
3687	1380	5.928267
3687	1307	5.922669
3687	1225	5.893018
3687	899	5.842974
3687	1231	5.797549
3687	3363	5.785594
3688	913	6.301143
3688	1214	5.869501
3688	3471	5.609671
3688	1206	5.598700
3688	1617	5.417001
3688	904	5.405707
3688	1954	5.359337
3688	1269	5.352887
3688	1179	5.350496
3688	260	5.277388
3689	2722	7.766339
3689	2713	7.383615
3689	2710	7.001559
3689	2699	6.937816
3689	3113	6.783899
3689	2701	6.754235
3689	153	6.738637
3689	2723	6.675429
3689	2428	6.521478
3689	2881	6.470946
3690	1644	6.766819
3690	2672	5.569307
3690	382	5.413133
3690	2840	5.407331
3690	1371	5.380379
3690	1717	5.304088
3690	2701	5.267167
3690	3257	5.135842
3690	1037	5.093656
3690	1092	5.050585
3691	1909	5.356733
3691	1676	5.229639
3691	1653	5.226404
3691	589	5.187690
3691	1580	5.184533
3691	1584	5.133182
3691	480	5.060057
3691	2571	5.058685
3691	780	5.026904
3691	2916	5.007587
3692	968	6.909120
3692	599	6.389224
3692	1201	6.285661
3692	913	6.221923
3692	2921	6.117956
3692	3365	6.104440
3692	3016	5.848393
3692	2901	5.683787
3692	1266	5.675678
3692	3639	5.622741
3693	588	5.744810
3693	34	5.297085
3693	1682	5.227276
3693	595	5.145291
3693	1	4.978380
3693	364	4.971717
3693	3114	4.811626
3693	1393	4.637987
3693	3060	4.629056
3693	1357	4.620477
3694	1265	5.983085
3694	1079	5.728500
3694	1	5.438931
3694	2321	5.374992
3694	2918	5.356589
3694	2791	5.257906
3694	34	5.248846
3694	2355	5.227034
3694	1307	5.161633
3694	608	5.116150
3695	2100	5.815943
3695	2406	5.457559
3695	317	4.836964
3695	2762	4.776442
3695	380	4.775072
3695	2424	4.657699
3695	367	4.501024
3695	1513	4.457850
3695	913	4.417293
3695	2470	4.284372
3696	21	6.841287
3696	1923	6.621558
3696	3160	6.353734
3696	1784	6.130246
3696	2353	6.067179
3696	2706	5.974570
3696	1120	5.919024
3696	3253	5.809664
3696	2329	5.764055
3696	1747	5.623515
3697	260	5.006301
3697	1198	4.816428
3697	1225	4.811947
3697	1291	4.477208
3697	2028	4.461098
3697	1287	4.442775
3697	1220	4.396829
3697	296	4.372438
3697	1036	4.315419
3697	2968	4.293581
3698	2723	6.226612
3698	2490	6.106341
3698	2394	5.826678
3698	2336	5.753249
3698	24	5.671121
3698	1513	5.649084
3698	2688	5.625282
3698	2683	5.527183
3698	3175	5.516301
3698	2805	5.463632
3699	912	7.225420
3699	1204	6.765012
3699	3435	6.745790
3699	919	6.673157
3699	1230	6.671377
3699	1267	6.401170
3699	899	6.398991
3699	3471	6.395878
3699	913	6.386819
3699	260	6.381889
3700	2706	7.058453
3700	3253	6.803666
3700	1923	6.762905
3700	3176	6.747604
3700	377	6.678600
3700	1747	6.546103
3700	1777	6.452729
3700	1784	6.441712
3700	2502	6.357585
3700	2433	6.304654
3701	1097	5.590827
3701	1210	4.778671
3701	34	4.662060
3701	260	4.648067
3701	2028	4.611495
3701	1374	4.597244
3701	2355	4.543055
3701	1198	4.481656
3701	2968	4.432486
3701	2797	4.389578
3702	32	6.423969
3702	1269	5.802485
3702	1214	5.778811
3702	3471	5.645303
3702	480	5.556114
3702	2640	5.477609
3702	3702	5.445896
3702	2916	5.426995
3702	457	5.420801
3702	1617	5.369780
3703	1265	5.799071
3703	1	5.503394
3703	1394	5.350820
3703	1961	5.171128
3703	1079	5.137576
3703	1288	5.112492
3703	3751	5.110002
3703	1234	5.098311
3703	1270	5.075582
3703	1307	5.053241
3704	2571	5.866312
3704	1249	5.595770
3704	1673	5.457233
3704	608	5.378042
3704	110	5.311267
3704	1089	5.261351
3704	3481	5.185293
3704	32	5.095071
3704	1196	5.084978
3704	3948	5.057668
3705	356	5.215875
3705	587	5.165589
3705	2396	5.120722
3705	2762	5.046661
3705	2395	4.941693
3705	1721	4.803028
3705	3114	4.773849
3705	2502	4.682836
3705	1265	4.649161
3705	586	4.571417
3706	34	5.658913
3706	1097	5.461583
3706	1265	5.309510
3706	1270	5.228721
3706	2716	5.219616
3706	1	5.183622
3706	2396	4.989864
3706	2918	4.909867
3706	1210	4.828839
3706	2858	4.696657
3707	1391	7.719466
3707	2002	7.007442
3707	2012	6.417987
3707	3869	6.296666
3707	2826	6.236261
3707	466	6.025248
3707	70	5.951690
3707	2699	5.881782
3707	1544	5.697952
3707	3534	5.655827
3708	1265	6.269533
3708	1	6.076905
3708	34	5.628113
3708	1307	5.605455
3708	608	5.387306
3708	1288	5.191385
3708	588	5.113561
3708	1028	5.103912
3708	1394	5.089184
3708	2289	5.076752
3709	968	7.511145
3709	1321	6.714203
3709	1333	6.481415
3709	1974	6.421670
3709	1345	6.312623
3709	1971	6.074062
3709	1962	6.018372
3709	2513	5.893697
3709	2288	5.825066
3709	1982	5.822076
3710	2002	6.289063
3710	153	5.872875
3710	2012	5.774531
3710	223	5.713197
3710	1500	5.657944
3710	2826	5.614131
3710	788	5.546632
3710	500	5.525229
3710	2710	5.402693
3710	2716	5.340806
3711	1028	5.189253
3711	2080	5.164609
3711	1282	5.032697
3711	2116	5.009068
3711	1022	4.933810
3711	594	4.815354
3711	1029	4.786126
3711	674	4.721726
3711	2985	4.668737
3711	1032	4.621400
3712	3489	6.725478
3712	2628	6.433050
3712	3438	6.035542
3712	1544	5.888038
3712	653	5.781855
3712	1917	5.626067
3712	2115	5.355426
3712	2161	5.321909
3712	153	5.310946
3712	1073	5.204320
3713	745	5.740971
3713	1265	5.711503
3713	1294	5.673101
3713	1394	5.666815
3713	1077	5.641318
3713	1304	5.635435
3713	1	5.615239
3713	1307	5.541472
3713	1199	5.261901
3713	750	5.207164
3714	3751	4.884768
3714	3897	4.511229
3714	1265	4.469099
3714	1	4.440806
3714	608	4.354928
3714	1148	4.350126
3714	2997	4.279217
3714	253	4.207709
3714	3114	4.079119
3714	454	4.003057
3715	2716	5.257216
3715	1073	5.057040
3715	2396	4.706910
3715	2067	4.678499
3715	1294	4.627104
3715	3363	4.619960
3715	969	4.577304
3715	260	4.480830
3715	912	4.470638
3715	1307	4.457466
3716	1580	6.777563
3716	2826	5.541372
3716	2628	5.537541
3716	1573	5.534944
3716	1527	5.509593
3716	316	5.490274
3716	3107	5.449443
3716	3160	5.402121
3716	480	5.370044
3716	70	5.339898
3717	1097	5.036360
3717	2716	4.845310
3717	34	4.759047
3717	1374	4.744493
3717	2791	4.449604
3717	1270	4.415397
3717	2174	4.313185
3717	1387	4.270944
3717	1073	4.241620
3717	2804	4.240536
3718	1610	5.939432
3718	3471	5.737083
3718	2571	5.726902
3718	457	5.620384
3718	32	5.564049
3718	2916	5.520824
3718	1617	5.485039
3718	1210	5.446400
3718	1200	5.346585
3718	1584	5.301096
3719	2683	5.690653
3719	3175	5.630718
3719	2336	5.412740
3719	2580	5.340639
3719	2396	5.317280
3719	2706	5.304295
3719	2490	5.154463
3719	2881	5.123556
3719	2598	5.103339
3719	2712	5.071716
3720	1608	7.388738
3720	454	6.675822
3720	1722	6.665624
3720	380	6.576308
3720	3257	6.553141
3720	832	6.552051
3720	1573	6.539144
3720	736	6.469552
3720	1917	6.411505
3720	1597	6.404126
3721	3174	5.354605
3721	3763	5.342839
3721	2000	5.274994
3721	2355	5.239025
3721	3052	5.016016
3721	1265	4.947198
3721	1968	4.869701
3721	1923	4.814009
3721	1961	4.699833
3721	1374	4.697724
3722	366	5.470669
3722	2657	5.359224
3722	2532	5.279333
3722	1215	5.238982
3722	1394	5.207044
3722	2826	5.166614
3722	2716	5.155296
3722	1971	5.145390
3722	3362	5.142554
3722	1969	5.111188
3723	2716	5.296298
3723	2396	5.215796
3723	3175	5.084795
3723	2712	4.995818
3723	2706	4.992849
3723	2599	4.992500
3723	2395	4.850878
3723	2997	4.776315
3723	2580	4.763952
3723	2858	4.759947
3724	1653	5.218471
3724	1584	5.199644
3724	3418	5.110538
3724	2916	5.023460
3724	457	4.956979
3724	589	4.948614
3724	1617	4.849621
3724	1909	4.837325
3724	377	4.834867
3724	1240	4.828410
3726	356	5.498773
3726	2671	5.440694
3726	1722	5.316810
3726	357	5.303722
3726	1608	5.281543
3726	2340	5.242168
3726	380	5.220809
3726	1569	5.211157
3726	587	5.196320
3726	1747	5.192301
3727	3753	4.808734
3727	3844	4.756689
3727	253	4.664286
3727	3510	4.643981
3727	3793	4.624795
3727	3717	4.602605
3727	3827	4.521108
3727	2167	4.346498
3727	3623	4.294610
3727	3785	4.255336
3728	913	5.259944
3728	2013	5.072704
3728	2841	4.986061
3728	1073	4.948799
3728	1513	4.940147
3728	2724	4.857309
3728	2702	4.735437
3728	2396	4.688263
3728	2686	4.556194
3728	590	4.548450
3729	2997	3.785116
3729	3751	3.779791
3729	2716	3.736911
3729	1333	3.675110
3729	1997	3.619657
3729	1387	3.552881
3729	2959	3.529694
3729	3897	3.527752
3729	2858	3.464797
3729	260	3.416949
3731	1391	7.487499
3731	196	7.440652
3731	3638	7.310134
3731	2826	7.206853
3731	2002	7.034599
3731	3717	6.869270
3731	1373	6.847111
3731	3704	6.753120
3731	253	6.747290
3731	1544	6.668702
3732	1265	5.774430
3732	608	5.643875
3732	2000	5.599444
3732	34	5.453567
3732	296	5.382545
3732	1617	5.319980
3732	2791	5.304792
3732	2291	5.246326
3732	3418	5.058629
3732	1240	5.019496
3733	2571	4.811911
3733	1732	4.780869
3733	2706	4.774931
3733	3176	4.635223
3733	2997	4.631930
3733	3578	4.538412
3733	3114	4.279031
3733	1196	4.246844
3733	2762	4.246257
3733	1374	4.200121
3734	1391	5.211996
3734	2710	5.171494
3734	2012	5.165597
3734	435	5.162369
3734	2699	5.115047
3734	2826	5.064607
3734	3717	5.047970
3734	2716	4.907340
3734	196	4.751518
3734	2986	4.515360
3735	3248	7.733785
3735	1961	7.519454
3735	1126	6.988806
3735	1307	6.937254
3735	3688	6.899146
3735	2953	6.827531
3735	2797	6.680572
3735	3877	6.484020
3735	2421	6.409757
3735	2375	6.313861
3736	480	5.483611
3736	1073	5.184084
3736	2395	5.068807
3736	2640	5.022213
3736	2840	5.019244
3736	1374	4.922495
3736	3160	4.830665
3736	2628	4.788070
3736	2	4.659497
3736	788	4.553868
3737	2881	6.521049
3737	1573	6.340856
3737	3107	6.306250
3737	10	6.240836
3737	2353	6.225088
3737	316	6.083843
3737	1722	5.863901
3737	380	5.780073
3737	1876	5.717514
3737	349	5.607212
3738	2716	5.152648
3738	3175	4.730915
3738	920	4.535931
3738	2858	4.463194
3738	3671	4.395403
3738	2918	4.278480
3738	3516	4.138015
3738	2747	4.081325
3738	780	4.024604
3738	1265	4.023853
3740	1673	5.482284
3740	296	5.149874
3740	34	5.139684
3740	1249	5.122849
3740	1393	5.122661
3740	150	5.117780
3740	608	5.072696
3740	593	5.058882
3740	527	4.936330
3740	2321	4.936188
3741	3489	5.152959
3741	2628	5.109266
3741	480	4.924900
3741	2797	4.884060
3741	592	4.756437
3741	3160	4.727478
3741	2028	4.719462
3741	2968	4.633103
3741	2174	4.532198
3741	1291	4.521978
3742	1673	5.684862
3742	110	5.382729
3742	150	5.352762
3742	2000	5.311470
3742	2571	5.224884
3742	3160	5.218343
3742	1374	5.137337
3742	2194	5.113883
3742	480	4.985686
3742	2028	4.982461
3743	1777	5.717377
3743	252	5.009207
3743	586	4.994992
3743	2245	4.894759
3743	1569	4.829221
3743	11	4.786529
3743	587	4.782926
3743	1409	4.781681
3743	372	4.735512
3743	597	4.708396
3744	919	5.679593
3744	1035	5.564789
3744	1073	5.413334
3744	2018	5.338819
3744	260	5.202981
3744	1282	5.189765
3744	1947	5.044994
3744	661	5.024060
3744	920	4.995151
3744	1097	4.991932
3745	2424	7.906009
3745	7	7.676988
3745	372	7.542807
3745	852	7.171046
3745	1409	7.169541
3745	1777	7.135501
3745	252	7.101852
3745	2369	6.960788
3745	539	6.793714
3745	1569	6.734488
3746	3753	4.269307
3746	457	4.160495
3746	3623	4.105796
3746	3893	4.058458
3746	1089	4.047795
3746	1645	4.023040
3746	3176	4.003792
3746	50	3.977046
3746	2762	3.933805
3746	3897	3.877276
3747	2395	4.809545
3747	2762	4.756306
3747	2502	4.600606
3747	2997	4.575514
3747	34	4.452321
3747	2336	4.372561
3747	3174	4.257597
3747	2706	4.233823
3747	2987	4.219534
3747	150	4.135000
3748	1307	5.321482
3748	2355	5.312617
3748	1265	5.087200
3748	3361	4.727660
3748	34	4.704191
3748	1197	4.667995
3748	2716	4.646019
3748	1097	4.608013
3748	1	4.576638
3748	1079	4.566524
3749	2424	6.927941
3749	1569	6.673903
3749	1777	6.526997
3749	500	6.326760
3749	1409	6.325039
3749	333	6.001066
3749	852	5.995151
3749	597	5.841179
3749	11	5.741731
3749	586	5.680919
3750	1097	5.628312
3750	2968	5.217902
3750	2396	5.046206
3750	1094	5.018367
3750	527	4.978233
3750	912	4.965594
3750	2355	4.932367
3750	2384	4.880079
3750	356	4.766781
3750	2716	4.753930
3751	2194	6.274408
3751	2406	6.091584
3751	1610	5.832821
3751	457	5.664703
3751	589	5.616851
3751	2571	5.456205
3751	110	5.410718
3751	2628	5.309046
3751	296	5.251891
3751	1673	5.248564
3752	3176	4.561897
3752	2762	4.231542
3752	150	4.125147
3752	3114	4.108253
3752	1721	4.099779
3752	3148	4.057210
3752	3753	4.018942
3752	1393	3.972498
3752	318	3.959846
3752	3793	3.905230
3753	34	4.297457
3753	2858	4.034104
3753	2797	4.004228
3753	1097	3.948184
3753	593	3.918498
3753	2396	3.918264
3753	2997	3.828365
3753	356	3.760825
3753	318	3.752115
3753	1073	3.748588
3754	1994	7.898315
3754	1347	6.847717
3754	2746	6.804897
3754	1982	6.787436
3754	2003	6.772042
3754	1407	6.597707
3754	1918	6.506706
3754	2371	6.504230
3754	366	6.246033
3754	1101	6.163724
3755	913	6.392863
3755	912	6.028390
3755	1207	5.716254
3755	260	5.701101
3755	903	5.582557
3755	919	5.530965
3755	3435	5.451396
3755	1204	5.429188
3755	3471	5.352819
3755	1304	5.339401
3756	153	7.666141
3756	788	6.547757
3756	3248	6.286308
3756	2384	5.928625
3756	2094	5.752542
3756	2717	5.719246
3756	434	5.632683
3756	1307	5.465202
3756	673	5.424610
3756	3869	5.382124
3757	2699	5.073831
3757	1909	4.747370
3757	1527	4.730692
3757	1215	4.721440
3757	1580	4.698051
3757	1391	4.576862
3757	293	4.449439
3757	454	4.292868
3757	2094	4.279036
3757	3175	4.258567
3758	3418	4.959851
3758	2291	4.865442
3758	589	4.760594
3758	1584	4.728050
3758	457	4.689281
3758	32	4.651655
3758	1240	4.601154
3758	2858	4.483619
3758	1214	4.419025
3758	1580	4.410982
3759	1307	5.112018
3759	367	4.909416
3759	2369	4.853336
3759	2100	4.734213
3759	1265	4.494899
3759	231	4.408591
3759	1569	4.368931
3759	2012	4.350719
3759	3263	4.328412
3759	2431	4.312721
3760	920	5.424950
3760	2858	5.221866
3760	912	5.194900
3760	913	5.131646
3760	2762	5.123685
3760	2406	5.100637
3760	707	4.858013
3760	1210	4.814618
3760	2336	4.797616
3760	527	4.737595
3761	1240	5.986045
3761	2571	5.954193
3761	1214	5.947335
3761	589	5.921692
3761	3702	5.810504
3761	1954	5.727572
3761	1200	5.486339
3761	32	5.442130
3761	3471	5.403234
3761	1374	5.332201
3762	733	6.782039
3762	1608	6.642414
3762	350	6.532739
3762	590	6.519126
3762	1783	6.474475
3762	1370	6.451137
3762	1408	6.387216
3762	2803	6.314687
3762	1356	6.188897
3762	648	6.160749
3763	1265	6.692351
3763	1394	5.306168
3763	1	5.172761
3763	1188	4.960684
3763	2289	4.884042
3763	34	4.868599
3763	1961	4.854210
3763	2243	4.830120
3763	3072	4.770261
3763	3361	4.766370
3766	2369	6.498427
3766	2335	5.779479
3766	2805	5.710580
3766	2683	5.680961
3766	500	5.458212
3766	2717	5.392098
3766	2012	5.375601
3766	2701	5.151364
3766	3081	5.126933
3766	3752	5.092701
3767	1747	6.517646
3767	356	6.439322
3767	377	6.238235
3767	1393	6.000971
3767	3386	5.868643
3767	45	5.820236
3767	1721	5.813852
3767	1408	5.800144
3767	161	5.635554
3767	357	5.540594
3768	2628	5.715985
3768	3624	5.712736
3768	2640	5.536469
3768	3070	5.461790
3768	3555	5.444686
3768	1544	5.369056
3768	2455	5.333583
3768	2193	5.138274
3768	3527	5.112128
3768	2105	5.077446
3769	2003	6.311309
3769	2746	6.298875
3769	19	6.212742
3769	2100	6.170126
3769	2478	6.016102
3769	3552	5.940545
3769	2247	5.877361
3769	2371	5.806113
3769	2150	5.801620
3769	2470	5.672065
3770	539	6.970818
3770	357	6.820961
3770	1777	6.686327
3770	588	6.681395
3770	597	6.623016
3770	339	6.605791
3770	1183	6.493309
3770	3259	6.482726
3770	2424	6.274188
3770	3253	6.273464
3771	2881	7.333451
3771	2605	7.248863
3771	2722	7.032942
3771	1917	6.915604
3771	2490	6.863638
3771	3623	6.840152
3771	3005	6.221499
3771	2699	6.216864
3771	736	6.190630
3771	466	6.181208
3772	1265	5.607481
3772	2108	5.235005
3772	357	5.220433
3772	597	5.136086
3772	3105	5.128375
3772	1784	5.109958
3772	3253	4.944323
3772	1777	4.932065
3772	36	4.834441
3772	1641	4.828951
3773	1265	6.854588
3773	1307	6.240920
3773	3072	5.559447
3773	2108	5.558930
3773	1961	5.529533
3773	3552	5.507254
3773	3526	5.324644
3773	529	5.217970
3773	3263	5.197274
3773	597	5.139582
3774	1784	5.142492
3774	21	4.932909
3774	2291	4.932153
3774	1580	4.926861
3774	34	4.877081
3774	2321	4.860825
3774	1393	4.851752
3774	3160	4.820300
3774	32	4.815804
3774	1584	4.797566
3775	1265	6.064839
3775	597	5.678984
3775	1569	5.213872
3775	2108	5.062318
3775	357	4.992683
3775	1777	4.904131
3775	104	4.887909
3775	1307	4.867430
3775	1747	4.825801
3775	539	4.784226
3776	1307	5.760389
3776	1265	5.200991
3776	1961	5.049307
3776	2243	5.011062
3776	2100	4.892455
3776	593	4.816873
3776	1960	4.764368
3776	318	4.704232
3776	1968	4.686696
3776	2915	4.500871
3777	1307	5.969610
3777	920	5.684081
3777	1294	5.100341
3777	912	4.984188
3777	1944	4.890829
3777	2797	4.693798
3777	1265	4.638951
3777	914	4.437310
3777	2716	4.408652
3777	3543	4.406688
3778	597	7.050465
3778	1569	6.771037
3778	1777	6.386029
3778	838	6.382152
3778	1265	6.252197
3778	539	6.198166
3778	339	6.150918
3778	2108	6.121321
3778	3253	6.090923
3778	3255	6.090081
3779	2716	6.431596
3779	1265	6.143813
3779	1294	5.658374
3779	1569	5.599917
3779	2355	5.427210
3779	914	5.404425
3779	1188	5.379328
3779	3543	5.356046
3779	1183	5.345345
3779	2396	5.261288
3780	34	4.281059
3780	2396	4.042804
3780	3114	4.026614
3780	260	3.984944
3780	1265	3.902785
3780	2987	3.883141
3780	2762	3.843459
3780	588	3.841790
3780	364	3.819582
3780	1	3.795294
3781	588	6.028259
3781	357	5.659445
3781	1393	5.639356
3781	3252	5.538467
3781	356	5.519572
3781	377	5.494072
3781	1608	5.338059
3781	1183	5.333576
3781	1747	5.264255
3781	1721	5.187509
3782	1962	6.118514
3782	2746	5.202951
3782	1961	5.026128
3782	1333	4.841505
3782	2000	4.733330
3782	1265	4.721334
3782	3098	4.560656
3782	2716	4.488406
3782	2194	4.470263
3782	1307	4.362710
3784	2395	4.885723
3784	39	4.859853
3784	3253	4.748115
3784	1393	4.694739
3784	1060	4.689886
3784	1923	4.647759
3784	2706	4.618552
3784	1732	4.572994
3784	1682	4.544885
3784	235	4.539814
3785	2762	4.602981
3785	260	4.572018
3785	2987	4.565916
3785	318	4.522945
3785	3159	4.448593
3785	593	4.268601
3785	1198	4.166256
3785	1721	4.150482
3785	1092	4.142238
3785	3512	4.059689
3786	21	5.912023
3786	1923	5.519210
3786	3105	5.301359
3786	1747	5.291968
3786	3418	5.287561
3786	2000	5.264082
3786	1784	5.251475
3786	2291	5.218409
3786	2706	5.188169
3786	1580	5.121229
3789	1222	4.454819
3789	1732	4.258173
3789	3578	4.145756
3789	3763	4.029974
3789	2762	3.996853
3789	2000	3.930813
3789	2710	3.868149
3789	608	3.854519
3789	293	3.845039
3789	2571	3.822219
3790	1307	7.328387
3790	1394	7.294802
3790	1265	7.208385
3790	1079	7.141556
3790	1028	6.947319
3790	1223	6.544393
3790	3072	6.509415
3790	1288	6.444895
3790	3526	6.413619
3790	2918	6.368719
3791	587	7.693753
3791	1777	7.544365
3791	539	7.531124
3791	337	7.230434
3791	3259	6.820273
3791	597	6.816419
3791	11	6.771571
3791	1883	6.736359
3791	357	6.684348
3791	1721	6.552238
3792	3623	5.775497
3792	1917	5.351576
3792	2100	5.285281
3792	466	4.923157
3792	3565	4.873027
3792	380	4.806136
3792	1391	4.771830
3792	2012	4.689946
3792	736	4.689236
3792	1101	4.651395
3793	2478	7.993452
3793	1091	7.708982
3793	19	7.630088
3793	2100	7.421306
3793	1126	7.063585
3793	2431	7.056715
3793	2470	7.042343
3793	2375	7.033896
3793	2794	6.965149
3793	3752	6.883245
3794	2683	5.870480
3794	3175	5.744389
3794	2580	5.663625
3794	2598	5.649259
3794	2581	5.573003
3794	1513	5.543148
3794	2336	5.534527
3794	2433	5.523626
3794	2490	5.520939
3794	2712	5.345584
3796	1269	6.605493
3796	32	6.440474
3796	1214	6.332924
3796	3471	6.100201
3796	1240	5.849916
3796	1035	5.780848
3796	3418	5.727158
3796	969	5.649111
3796	1301	5.577960
3796	457	5.553408
3798	2194	5.564375
3798	3785	5.230095
3798	2000	5.135571
3798	1222	4.792761
3798	1198	4.766338
3798	3510	4.764821
3798	1302	4.761064
3798	1036	4.681932
3798	3717	4.658974
3798	3897	4.617044
3799	1265	5.820832
3799	1307	5.072383
3799	1500	5.039355
3799	3526	4.760665
3799	1883	4.641808
3799	104	4.609116
3799	3552	4.604419
3799	2302	4.560188
3799	293	4.458122
3799	588	4.443721
3800	2628	5.983182
3800	2193	5.310653
3800	1101	5.113153
3800	2115	5.031969
3800	2406	5.020156
3800	2105	4.887301
3800	589	4.730937
3800	1917	4.689887
3800	2640	4.678417
3800	1544	4.661163
3801	1974	8.107970
3801	2513	7.917939
3801	1983	7.643421
3801	1276	7.559097
3801	968	7.481649
3801	3365	7.457429
3801	2901	7.272813
3801	1231	7.216730
3801	1975	6.973028
3801	913	6.927566
3804	2717	6.778287
3804	2279	6.569141
3804	3708	6.385225
3804	2513	6.232505
3804	1974	6.193441
3804	2456	6.021340
3804	1644	5.882204
3804	3264	5.827706
3804	742	5.759083
3804	1995	5.726651
3805	1206	5.642498
3805	3702	5.282945
3805	1214	5.192873
3805	1222	5.183506
3805	2571	5.140806
3805	1221	4.986760
3805	2194	4.923927
3805	1387	4.903608
3805	1200	4.890789
3805	3897	4.880683
3806	1974	8.332421
3806	2513	8.151498
3806	1983	8.129004
3806	1231	7.904050
3806	1276	7.893269
3806	1976	7.828933
3806	953	7.664262
3806	1225	7.572589
3806	1975	7.502698
3806	1957	7.441731
3807	316	6.439697
3807	1876	6.288499
3807	1527	6.171576
3807	1573	5.989801
3807	1917	5.924897
3807	3704	5.921850
3807	2985	5.775563
3807	2826	5.717582
3807	2628	5.716309
3807	1372	5.705169
3808	110	5.603348
3808	1673	5.541277
3808	150	5.453027
3808	3418	5.435615
3808	480	5.335434
3808	1580	5.308214
3808	2291	5.289321
3808	32	5.271323
3808	2571	5.241953
3808	3160	5.233918
3809	1954	6.393597
3809	1198	6.091275
3809	1240	6.031262
3809	1214	5.947056
3809	1221	5.862825
3809	1222	5.805351
3809	858	5.733909
3809	296	5.732138
3809	2160	5.654302
3809	2948	5.568292
3810	750	6.172135
3810	3471	5.934731
3810	913	5.796135
3810	260	5.686094
3810	2987	5.433953
3810	1208	5.352114
3810	1136	5.351396
3810	541	5.284380
3810	919	5.235667
3810	1207	5.149917
3811	1269	5.818379
3811	3198	5.447931
3811	1196	5.252185
3811	1234	5.207373
3811	1212	5.178354
3811	1080	5.176684
3811	1953	5.087234
3811	1206	5.067543
3811	3471	5.040859
3811	1304	5.031658
3812	2490	6.014625
3812	2628	5.791434
3812	480	5.615549
3812	349	5.320574
3812	2640	5.265120
3812	589	5.246687
3812	24	5.169197
3812	1527	5.106201
3812	653	5.080065
3812	3354	5.059966
3813	1240	5.133521
3813	608	4.936174
3813	1214	4.871121
3813	1617	4.844672
3813	1206	4.808518
3813	1304	4.715289
3813	296	4.686019
3813	457	4.683284
3813	1089	4.642090
3813	32	4.635107
3814	1265	6.440568
3814	3608	5.801300
3814	1223	5.788820
3814	3751	5.536261
3814	293	5.490696
3814	2716	5.486676
3814	3897	5.345191
3814	2997	5.344950
3814	1077	5.326762
3814	253	5.293574
3815	500	5.874990
3815	2150	5.559163
3815	2424	5.379154
3815	1265	5.352590
3815	1777	5.265087
3815	3263	5.170380
3815	597	5.150931
3815	367	5.146855
3815	344	5.114350
3815	539	5.014205
3816	2054	5.787560
3816	3861	5.637181
3816	2133	5.612801
3816	2470	5.587257
3816	2005	5.503575
3816	1920	5.302965
3816	1073	5.099453
3816	3173	5.029670
3816	520	4.922820
3816	3479	4.884152
3817	608	6.557467
3817	1249	6.534461
3817	296	6.058595
3817	1259	5.947293
3817	593	5.925222
3817	1240	5.727618
3817	1673	5.627489
3817	589	5.606242
3817	1617	5.550702
3817	457	5.485693
3818	2716	6.862399
3818	1513	6.097345
3818	2683	5.991989
3818	2688	5.787345
3818	2734	5.700974
3818	2712	5.594520
3818	2369	5.581568
3818	2723	5.569034
3818	2336	5.549233
3818	785	5.521433
3819	2000	5.658637
3819	1784	5.155780
3819	1265	5.080824
3819	3052	4.958724
3819	3160	4.954305
3819	2706	4.914150
3819	1968	4.873391
3819	2324	4.788905
3819	1517	4.745640
3819	1673	4.643042
3820	589	6.010902
3820	2571	5.629321
3820	32	5.429603
3820	1584	5.278700
3820	110	5.216217
3820	457	5.027084
3820	2529	4.976465
3820	1374	4.974984
3820	1200	4.868383
3820	3702	4.806929
3821	920	5.936788
3821	3334	5.743787
3821	903	5.637241
3821	3435	5.506274
3821	919	5.438495
3821	2406	5.340456
3821	1104	5.261475
3821	1953	5.228811
3821	1284	5.221090
3821	1101	5.217467
3822	1732	4.469004
3822	3148	4.264254
3822	3450	4.150440
3822	3827	4.110986
3822	2012	3.940068
3822	3751	3.917484
3822	1265	3.861200
3822	2997	3.837833
3822	1580	3.830657
3822	3869	3.827870
3823	588	5.504556
3823	2081	4.737273
3823	595	4.549226
3823	597	4.462339
3823	539	4.455846
3823	2396	4.425688
3823	337	4.329535
3823	357	4.312945
3823	587	4.255841
3823	3114	4.241977
3824	1580	6.157634
3824	2826	6.007999
3824	2002	5.809320
3824	3160	5.808156
3824	70	5.575631
3824	480	5.440900
3824	2000	5.210916
3824	110	5.202243
3824	3578	5.135104
3824	2706	5.103529
3825	153	6.885982
3825	788	6.775641
3825	1544	6.599203
3825	1377	6.476463
3825	434	6.466751
3825	1917	6.222040
3825	1391	5.873105
3825	2012	5.854239
3825	2672	5.831526
3825	1371	5.797087
3827	592	5.727821
3827	2628	5.681060
3827	1580	5.621142
3827	480	5.505819
3827	3160	5.480962
3827	1673	5.271629
3827	2194	5.103347
3827	2105	5.049188
3827	2000	5.025893
3827	2011	4.986351
3828	1584	6.285176
3828	1240	5.579107
3828	457	5.482732
3828	1653	5.440974
3828	1580	5.402711
3828	480	5.352174
3828	1610	5.300701
3828	2640	5.276391
3828	110	5.245144
3828	3471	5.244212
3829	3499	4.859203
3829	2011	4.839947
3829	1088	4.827574
3829	3897	4.787269
3829	3524	4.698588
3829	2407	4.683030
3829	1101	4.640854
3829	2746	4.588293
3829	3911	4.582369
3829	36	4.458960
3830	3744	5.845042
3830	253	5.687081
3830	1391	5.436251
3830	3893	5.306927
3830	3897	5.208414
3830	3911	5.049719
3830	3638	5.044913
3830	3189	5.009983
3830	3863	5.008864
3830	3844	4.889770
3831	1073	3.903984
3831	1997	3.852435
3831	2746	3.799958
3831	1088	3.728713
3831	3751	3.721380
3831	260	3.563369
3831	2997	3.538232
3831	3785	3.517244
3831	2762	3.516409
3831	1962	3.480355
3832	1269	4.660165
3832	1214	4.603241
3832	32	4.597836
3832	3114	4.583885
3832	1077	4.572415
3832	1270	4.534513
3832	1374	4.494159
3832	3471	4.458448
3832	2657	4.442887
3832	1097	4.410669
3833	260	5.214173
3833	1198	5.137633
3833	1240	4.683888
3833	858	4.576376
3833	924	4.542228
3833	318	4.475208
3833	593	4.451125
3833	1206	4.444912
3833	296	4.443082
3833	919	4.409309
3834	1673	7.190457
3834	3450	6.890089
3834	480	6.862592
3834	150	6.668721
3834	1466	6.349970
3834	2702	6.210461
3834	2194	6.206185
3834	3176	6.122301
3834	2622	6.062464
3834	1580	6.025226
3835	32	5.299111
3835	1584	4.929264
3835	377	4.825081
3835	1580	4.800989
3835	2291	4.754308
3835	150	4.712481
3835	3418	4.703449
3835	2396	4.698612
3835	3176	4.667582
3835	356	4.629674
3836	2717	6.297346
3836	1997	5.060450
3836	2389	4.541442
3836	3708	4.351759
3836	1234	4.305107
3836	3081	4.300074
3836	1073	4.284110
3836	1225	4.275363
3836	1644	4.260943
3836	2668	4.217916
3837	21	6.638018
3837	1923	6.254714
3837	1747	6.177755
3837	3105	6.034410
3837	1517	5.968081
3837	1777	5.855853
3837	2000	5.829515
3837	3174	5.802900
3837	3253	5.785555
3837	1784	5.745294
3839	788	7.256618
3839	3257	6.730980
3839	1917	6.356611
3839	434	6.319154
3839	2012	6.281231
3839	2699	6.163983
3839	1391	6.098965
3839	168	6.009833
3839	2723	5.932988
3839	2672	5.897794
3840	1073	5.182488
3840	2005	4.862912
3840	2406	4.636125
3840	2470	4.583239
3840	260	4.550270
3840	318	4.525388
3840	296	4.408621
3840	2762	4.399054
3840	1220	4.357164
3840	2871	4.333840
3841	913	7.051507
3841	2402	6.767744
3841	2951	6.652613
3841	1201	6.630237
3841	3623	6.625637
3841	2406	6.555709
3841	707	6.512440
3841	1222	6.512165
3841	1378	6.473413
3841	3717	6.391577
3842	2100	7.531447
3842	2406	6.581389
3842	367	6.362776
3842	1777	6.024187
3842	2470	5.994886
3842	1513	5.976534
3842	1569	5.879098
3842	708	5.826410
3842	2692	5.737188
3842	2329	5.650814
3843	2683	5.797072
3843	500	5.752986
3843	3253	5.555157
3843	2395	5.502725
3843	2671	5.404015
3843	2369	5.395174
3843	1569	5.384082
3843	2706	5.315068
3843	2694	5.266042
3843	2805	5.251330
3844	196	7.988681
3844	1690	7.635499
3844	1831	6.941355
3844	1037	6.883110
3844	1544	6.812159
3844	2094	6.799288
3844	185	6.786872
3844	3638	6.604981
3844	1371	6.503443
3844	1644	6.455404
3845	593	4.775505
3845	1220	4.762180
3845	2028	4.651419
3845	2797	4.646038
3845	260	4.513529
3845	1259	4.511131
3845	2858	4.458912
3845	1198	4.428346
3845	1210	4.367027
3845	2791	4.307459
3846	1265	5.225911
3846	2791	5.187969
3846	1259	5.152527
3846	1394	5.144537
3846	1307	5.072126
3846	2797	5.018652
3846	3210	4.922082
3846	1961	4.901240
3846	2918	4.844982
3846	3072	4.838297
3847	1388	6.841951
3847	2710	6.423526
3847	1320	6.391563
3847	1690	6.342821
3847	3638	6.209925
3847	3032	5.948308
3847	2722	5.851597
3847	1644	5.835171
3847	674	5.825658
3847	2976	5.693410
3848	1380	6.663711
3848	2717	5.794457
3848	1207	5.762917
3848	3258	5.558882
3848	3735	5.555796
3848	1084	5.544935
3848	1073	5.444360
3848	788	5.428563
3848	905	5.307736
3848	1976	5.234686
3849	2916	6.226273
3849	1527	6.017570
3849	1876	5.720318
3849	610	5.706211
3849	480	5.620555
3849	1356	5.525055
3849	2628	5.489062
3849	674	5.472221
3849	2167	5.466854
3849	2455	5.388847
3850	1249	5.110703
3850	3751	5.065088
3850	3949	5.039849
3850	1213	4.984596
3850	1961	4.963717
3850	1198	4.868218
3850	1089	4.840201
3850	296	4.809729
3850	608	4.794113
3850	3897	4.794088
3851	2683	5.716672
3851	3175	5.355419
3851	2706	5.309997
3851	2336	5.065220
3851	2716	5.038154
3851	2013	5.026793
3851	2710	5.018339
3851	2369	4.983753
3851	2805	4.942963
3851	2770	4.830580
3852	1304	6.315545
3852	3435	6.131766
3852	1267	6.037438
3852	1219	5.955342
3852	903	5.944323
3852	260	5.799922
3852	912	5.787677
3852	1230	5.759380
3852	1387	5.682542
3852	1252	5.680078
3853	1644	5.144533
3853	1206	4.963469
3853	2456	4.898185
3853	260	4.726585
3853	2389	4.713188
3853	1997	4.662430
3853	1221	4.654620
3853	1957	4.555357
3853	3702	4.444301
3853	1196	4.402189
3854	1265	4.276444
3854	593	4.257601
3854	2762	4.220587
3854	3578	4.185939
3854	2858	4.151349
3854	587	4.089621
3854	608	4.074804
3854	50	3.949982
3854	3408	3.909037
3854	1393	3.908051
3855	589	6.217798
3855	1573	5.984089
3855	2571	5.768158
3855	1580	5.752638
3855	1527	5.738599
3855	3256	5.685190
3855	3555	5.655887
3855	3578	5.543968
3855	3510	5.533061
3855	2001	5.515805
3856	2100	6.259633
3856	2470	6.170313
3856	2054	5.688739
3856	3861	5.649934
3856	3501	5.596895
3856	2405	5.518726
3856	3565	5.462144
3856	3591	5.452143
3856	1381	5.408770
3856	2746	5.390922
3857	1265	5.262290
3857	1517	4.623284
3857	2108	4.500118
3857	1923	4.471876
3857	104	4.425012
3857	1747	4.400398
3857	3052	4.330756
3857	597	4.306756
3857	2000	4.213229
3857	1777	4.131687
3858	1073	5.238758
3858	1097	5.045979
3858	1287	4.799658
3858	3157	4.566894
3858	2762	4.546641
3858	260	4.503433
3858	3175	4.432862
3858	2968	4.430639
3858	2987	4.392470
3858	1225	4.345004
3859	1917	8.725909
3859	3697	7.988783
3859	2722	7.930452
3859	1037	7.723512
3859	2808	7.618192
3859	1831	7.607281
3859	1391	7.383329
3859	2605	7.360475
3859	2881	7.357751
3859	434	7.348271
3860	920	7.070042
3860	1960	6.758519
3860	2406	6.613499
3860	912	6.336551
3860	2797	6.092500
3860	1307	6.072386
3860	246	5.932469
3860	2100	5.768642
3860	1172	5.629948
3860	1220	5.613666
3861	3623	4.961249
3861	3510	4.824631
3861	2001	4.772345
3861	3793	4.572942
3861	3753	4.497495
3861	2194	4.435032
3861	3408	4.425648
3861	2406	4.388987
3861	2858	4.338663
3861	2628	4.304947
3862	1213	4.654457
3862	1249	4.651765
3862	1089	4.639943
3862	296	4.627248
3862	3897	4.597625
3862	1240	4.533577
3862	593	4.482899
3862	2000	4.379003
3862	3481	4.281083
3862	50	4.269547
3864	1088	4.561596
3864	3006	4.467452
3864	1380	4.353015
3864	2018	4.265100
3864	364	4.211990
3864	919	4.152630
3864	783	4.147595
3864	1073	4.093069
3864	36	4.006284
3864	590	3.940716
3865	1407	6.616459
3865	3623	6.276018
3865	1918	6.201187
3865	1645	5.818321
3865	3752	5.807385
3865	3753	5.723069
3865	380	5.716758
3865	2001	5.593198
3865	3499	5.434540
3865	2617	5.412405
3866	1206	4.611503
3866	913	4.573273
3866	1266	4.331925
3866	1954	4.291567
3866	3753	4.259574
3866	2762	4.228865
3866	1997	4.213374
3866	553	4.199885
3866	380	3.986736
3866	2858	3.951319
3867	364	5.645177
3867	1282	5.440426
3867	260	5.290381
3867	1097	5.239931
3867	2916	5.073287
3867	2028	5.054506
3867	1198	5.028068
3867	2363	5.026027
3867	2628	5.008709
3867	595	4.986694
3868	380	7.800025
3868	1552	7.018940
3868	353	6.990377
3868	368	6.578191
3868	736	6.447302
3868	292	6.429408
3868	1370	6.407280
3868	377	6.380346
3868	1527	6.279146
3868	1573	6.259403
3869	367	5.108192
3869	3489	4.945987
3869	2470	4.528477
3869	1073	4.420502
3869	2100	4.406028
3869	317	4.381831
3869	2005	4.352943
3869	2628	4.282947
3869	552	4.225030
3869	2797	4.216914
3871	2100	5.828061
3871	1569	5.412847
3871	500	5.136693
3871	2746	5.099149
3871	597	4.820780
3871	1265	4.699623
3871	1307	4.698665
3871	539	4.514823
3871	2797	4.511361
3871	2405	4.437833
3872	1580	5.031166
3872	1393	4.747617
3872	1784	4.725494
3872	3176	4.657013
3872	1682	4.572815
3872	2706	4.495896
3872	150	4.495020
3872	3148	4.456942
3872	1584	4.400135
3872	3160	4.399305
3873	1073	5.331010
3873	3081	5.089010
3873	2840	4.856627
3873	1380	4.718030
3873	2369	4.667209
3873	2560	4.591650
3873	1947	4.432593
3873	3606	4.423116
3873	2396	4.297452
3873	2013	4.189015
3874	2716	5.651548
3874	1388	5.632941
3874	2428	5.127283
3874	1831	5.117252
3874	2722	5.027892
3874	750	4.987934
3874	1206	4.931606
3874	3763	4.894396
3874	2827	4.832321
3874	3360	4.772205
3875	2581	6.515136
3875	1513	6.480330
3875	2598	6.413488
3875	2336	6.181207
3875	2683	6.148263
3875	2805	5.772169
3875	2688	5.754938
3875	3174	5.711014
3875	785	5.602454
3875	1911	5.574716
3876	3897	5.759123
3876	3317	5.649434
3876	2000	5.452545
3876	3535	5.450967
3876	2194	5.348333
3876	2001	5.247181
3876	3751	5.115512
3876	3893	5.061586
3876	608	4.991733
3876	3578	4.873465
3878	597	5.175850
3878	1333	5.084951
3878	1265	5.009699
3878	1339	4.985419
3878	2717	4.912039
3878	3034	4.899797
3878	2369	4.839630
3878	48	4.838784
3878	2065	4.762069
3878	1032	4.679658
3879	435	5.395515
3879	3189	5.268407
3879	3717	5.263554
3879	3844	5.239137
3879	3704	5.154835
3879	1391	5.074146
3879	3608	5.030857
3879	2012	5.009479
3879	2717	4.914035
3879	3408	4.742303
3880	2355	5.787597
3880	2000	5.541923
3880	21	5.476739
3880	1374	5.318320
3880	1265	5.313071
3880	34	5.258406
3880	1179	5.253244
3880	2571	5.121005
3880	3160	5.101924
3880	608	5.085378
3881	3448	5.897386
3881	3552	5.409286
3881	1500	5.291464
3881	180	5.251071
3881	1517	5.230595
3881	1222	5.092592
3881	2858	5.032483
3881	1307	4.997322
3881	3578	4.932295
3881	1265	4.851591
3882	2875	6.927425
3882	368	6.845628
3882	2424	6.688764
3882	236	6.603677
3882	380	6.578219
3882	516	6.570044
3882	587	6.494012
3882	252	6.372773
3882	3274	6.235351
3882	3	6.035344
3884	1379	6.647256
3884	3623	6.507992
3884	2701	6.266402
3884	2694	6.206842
3884	466	6.170380
3884	3617	5.926328
3884	2012	5.909524
3884	1513	5.844676
3884	1918	5.729359
3884	485	5.688123
3885	912	6.521787
3885	1947	6.182800
3885	920	6.115008
3885	1230	5.989733
3885	750	5.979441
3885	919	5.818991
3885	1276	5.763058
3885	3471	5.761975
3885	1207	5.680088
3885	913	5.623313
3886	1270	4.454097
3886	2791	4.323201
3886	1079	4.295614
3886	1197	4.290248
3886	253	4.268116
3886	2716	4.256331
3886	1	4.174136
3886	2657	4.173086
3886	2311	4.154895
3886	1215	4.114172
3887	2395	6.926543
3887	3253	6.813538
3887	1923	6.598588
3887	3174	6.444074
3887	1777	6.414925
3887	2683	6.183936
3887	223	6.183817
3887	2706	6.072972
3887	1732	6.035306
3887	2997	5.899817
3888	356	5.311776
3888	527	5.065856
3888	2858	5.000101
3888	1617	4.990843
3888	608	4.980048
3888	1210	4.972943
3888	593	4.902744
3888	1307	4.897584
3888	2396	4.896406
3888	2762	4.888510
3889	1222	6.489614
3889	1221	6.116037
3889	858	6.016601
3889	1201	5.791495
3889	1198	5.769564
3889	608	5.716515
3889	1240	5.709689
3889	1954	5.650811
3889	1196	5.512416
3889	1617	5.493168
3890	1265	6.358608
3890	1500	6.292342
3890	39	5.676206
3890	3108	5.412708
3890	293	5.375258
3890	104	5.331082
3890	1307	5.276911
3890	1883	5.259001
3890	2321	5.243112
3890	356	5.189181
3891	1213	4.233959
3891	296	4.082918
3891	34	3.950678
3891	3148	3.917495
3891	1089	3.863738
3891	1704	3.840540
3891	2000	3.814975
3891	2997	3.773350
3891	608	3.767591
3891	3114	3.763991
3892	1513	7.886557
3892	2485	7.248640
3892	2724	7.161602
3892	1959	7.093324
3892	317	6.999688
3892	2502	6.963810
3892	2470	6.638554
3892	2841	6.466010
3892	2702	6.447511
3892	2394	6.409811
3893	3893	8.011906
3893	3897	6.866565
3893	3911	6.655453
3893	2110	6.403509
3893	3556	6.399406
3893	3785	6.306450
3893	1089	6.233697
3893	3535	6.195375
3893	1302	6.127152
3893	3317	6.102139
3894	1265	4.820165
3894	2716	4.404900
3894	1270	4.349857
3894	2918	4.263568
3894	1	4.209597
3894	608	4.143812
3894	2657	4.100870
3894	3751	4.091355
3894	2858	4.061788
3894	34	4.059400
3895	2424	7.400035
3895	539	7.286467
3895	1777	6.796601
3895	7	6.608239
3895	852	6.419607
3895	380	6.346401
3895	587	6.190858
3895	1888	6.182580
3895	2369	6.146548
3895	597	6.027164
3896	1917	6.929968
3896	1391	6.471138
3896	1676	6.298424
3896	2699	6.230071
3896	316	6.175410
3896	2094	6.077770
3896	1573	6.023082
3896	1372	5.916754
3896	329	5.852041
3896	780	5.823224
3898	1077	5.667524
3898	1265	5.653899
3898	1214	5.605650
3898	608	5.590539
3898	1617	5.446311
3898	1230	5.348429
3898	3671	5.267297
3898	2918	5.239980
3898	34	5.232686
3898	1304	5.227508
3899	2336	6.397444
3899	3175	6.089087
3899	2013	6.013550
3899	2581	5.879372
3899	1513	5.784800
3899	2734	5.610827
3899	2906	5.541814
3899	2396	5.513762
3899	2369	5.502839
3899	2683	5.351144
3900	1961	6.631205
3900	2797	6.407071
3900	1220	6.228826
3900	2794	6.219558
3900	2000	6.202041
3900	2005	6.177167
3900	1962	6.155648
3900	2194	6.133348
3900	2174	6.093823
3900	2792	6.072489
3901	3623	5.033884
3901	2959	4.660866
3901	3717	4.558428
3901	3752	4.554866
3901	2762	4.503419
3901	3793	4.491449
3901	3174	4.431405
3901	3510	4.369329
3901	2502	4.306676
3901	2478	4.289449
3902	1373	7.287983
3902	1831	7.033514
3902	1882	6.960552
3902	434	6.879565
3902	2716	6.874510
3902	1391	6.749621
3902	2699	6.663537
3902	2153	6.591536
3902	1556	6.502210
3902	2722	6.470251
3903	1387	6.204548
3903	2716	6.114429
3903	2872	6.007348
3903	327	5.863275
3903	2003	5.843224
3903	2746	5.754373
3903	1258	5.728065
3903	366	5.539534
3903	2407	5.536711
3903	1394	5.432147
3904	1358	4.797182
3904	3105	4.688228
3904	592	4.668098
3904	2571	4.589473
3904	3160	4.521444
3904	588	4.520101
3904	34	4.480891
3904	2391	4.463886
3904	3176	4.459996
3904	1374	4.452012
3905	296	4.378059
3905	608	4.373387
3905	593	4.312869
3905	3751	4.296991
3905	318	4.247103
3905	1265	4.197457
3905	1617	4.163621
3905	2762	4.092735
3905	1213	4.044006
3905	2858	4.040603
3906	589	6.489142
3906	2571	6.280420
3906	2194	6.170940
3906	1610	6.097694
3906	457	6.054409
3906	1240	5.902589
3906	1954	5.758052
3906	1036	5.594528
3906	480	5.535115
3906	1407	5.324696
3907	2706	6.920035
3907	3176	6.901859
3907	1747	6.723648
3907	1721	6.599451
3907	2502	6.515008
3907	2395	6.486950
3907	356	6.484753
3907	337	6.375565
3907	45	6.362034
3907	3253	6.198269
3908	1307	6.148827
3908	3543	6.123959
3908	2716	5.801401
3908	3671	5.319283
3908	2918	5.296195
3908	1079	5.204812
3908	1294	5.181050
3908	1265	5.180436
3908	2355	5.000513
3908	1230	4.992531
3909	3751	5.246537
3909	3897	5.015894
3909	3408	4.902687
3909	3148	4.752770
3909	293	4.748688
3909	1089	4.744206
3909	1092	4.632117
3909	608	4.576611
3909	3863	4.567971
3909	3745	4.567609
3910	912	5.982237
3910	2797	5.423243
3910	260	5.305257
3910	2028	5.247483
3910	1097	5.205254
3910	1210	5.162190
3910	2858	5.160830
3910	1073	5.152258
3910	1196	5.056337
3910	1242	5.044181
3912	1206	4.788697
3912	3702	4.688352
3912	913	4.656297
3912	1214	4.643090
3912	2194	4.544527
3912	1222	4.543506
3912	1240	4.522949
3912	2858	4.500533
3912	1387	4.413700
3912	2571	4.397943
3913	1527	5.675511
3913	2916	5.628812
3913	2985	5.278281
3913	1580	5.069484
3913	2167	4.976671
3913	1573	4.923382
3913	480	4.803551
3913	780	4.783887
3913	1876	4.759710
3913	2628	4.710667
3914	589	5.907618
3914	2455	5.891918
3914	2791	5.339896
3914	1097	5.228541
3914	2858	5.105920
3914	1527	5.105352
3914	2985	5.078183
3914	1270	5.063260
3914	780	4.937866
3914	2916	4.928554
3916	253	6.687979
3916	2000	6.354900
3916	1580	5.986344
3916	6	5.963064
3916	1171	5.790729
3916	3160	5.777506
3916	1732	5.697104
3916	555	5.652642
3916	2001	5.611652
3916	293	5.601783
3917	357	6.505058
3917	539	6.454154
3917	3253	6.211507
3917	587	5.907446
3917	2424	5.779584
3917	440	5.736054
3917	1883	5.677489
3917	339	5.634185
3917	588	5.578309
3917	1747	5.547076
3919	2396	4.594138
3919	2762	4.396955
3919	2997	4.369060
3919	2706	4.279788
3919	2805	4.279146
3919	2683	4.273096
3919	2599	4.097471
3919	587	4.037547
3919	2694	4.011827
3919	2355	4.003928
3920	2716	4.799962
3920	1387	4.337656
3920	2858	4.228819
3920	3175	4.118846
3920	1197	4.115664
3920	260	4.105920
3920	2396	4.077033
3920	2997	4.056497
3920	2355	4.031271
3920	1206	3.978664
3921	1883	6.952785
3921	2321	6.292176
3921	1393	6.251933
3921	1500	6.211118
3921	1747	6.123086
3921	3255	6.097849
3921	1265	6.083326
3921	3108	6.073630
3921	357	6.024739
3921	1732	5.985531
3922	589	6.449594
3922	2571	6.104302
3922	2194	5.948794
3922	1374	5.755845
3922	1240	5.741419
3922	480	5.691815
3922	3702	5.495459
3922	1097	5.281738
3922	2858	5.206621
3922	2455	5.203530
3923	1394	6.270660
3923	750	5.719925
3923	1388	5.673451
3923	1079	5.618706
3923	1307	5.469679
3923	2642	5.450194
3923	3671	5.440196
3923	2973	5.434430
3923	1238	5.279071
3923	1199	5.133845
3924	589	5.668023
3924	1214	5.326664
3924	1617	5.260841
3924	32	5.147550
3924	3418	5.057917
3924	2858	4.974329
3924	1584	4.962167
3924	2291	4.940774
3924	3702	4.799303
3924	2194	4.758851
3925	1682	4.409430
3925	150	4.341102
3925	1784	4.013866
3925	2997	4.012548
3925	2396	3.961954
3925	1265	3.951869
3925	3148	3.854325
3925	2706	3.853592
3925	32	3.755137
3925	2858	3.751674
3926	2717	4.990282
3926	435	4.533757
3926	3717	4.528432
3926	2311	4.517583
3926	3844	4.402368
3926	196	4.360531
3926	3608	4.334803
3926	3791	4.325134
3926	2668	4.309667
3926	3704	4.306309
3927	1357	6.488823
3927	1784	6.412652
3927	1580	6.349870
3927	551	6.147887
3927	1584	6.142886
3927	1265	5.831660
3927	3450	5.774731
3927	1747	5.755501
3927	356	5.554705
3927	1060	5.518521
3929	1831	7.987789
3929	1373	7.463069
3929	196	7.274991
3929	1388	7.062558
3929	2722	7.010884
3929	1037	6.942288
3929	2710	6.742975
3929	435	6.697229
3929	2642	6.656589
3929	185	6.616847
3930	920	6.869508
3930	2336	6.455156
3930	912	6.391287
3930	2716	5.992264
3930	913	5.990904
3930	1944	5.975945
3930	1210	5.894502
3930	1947	5.887131
3930	2067	5.775673
3930	2396	5.773350
3931	480	5.936383
3931	3160	5.622395
3931	589	5.455613
3931	2571	5.319089
3931	329	5.020936
3931	32	5.020271
3931	110	5.005214
3931	2167	4.924644
3931	2628	4.832251
3931	780	4.825928
3932	913	6.539358
3932	968	5.550406
3932	3365	5.527625
3932	3074	5.467112
3932	2901	5.431689
3932	3016	5.322769
3932	3037	5.320996
3932	1266	5.307545
3932	903	5.253096
3932	3682	5.213437
3934	2193	7.983699
3934	653	7.973488
3934	2617	7.470647
3934	1779	7.340819
3934	3273	7.192056
3934	1644	7.153775
3934	1917	7.116510
3934	2528	7.090146
3934	2628	7.024219
3934	2115	7.011544
3935	339	6.539458
3935	1569	6.447838
3935	539	6.184769
3935	708	6.184089
3935	2100	5.827710
3935	1380	5.653869
3935	852	5.476679
3935	597	5.415244
3935	7	5.366070
3935	1265	5.306375
3936	1265	4.907870
3936	1	4.873378
3936	2997	4.573538
3936	1732	4.440111
3936	356	4.193759
3936	2858	4.190305
3936	1961	4.186878
3936	235	4.181193
3936	608	4.146460
3936	1500	4.074821
3937	1097	5.619938
3937	1225	5.322909
3937	912	5.218765
3937	2968	4.836420
3937	1259	4.649578
3937	1090	4.609554
3937	1967	4.522567
3937	969	4.520170
3937	1204	4.517928
3937	1258	4.485694
3938	913	5.935562
3938	599	5.710226
3938	368	5.692957
3938	2921	5.346156
3938	1212	5.241745
3938	2369	5.118088
3938	3639	5.024657
3938	380	5.011897
3938	3016	4.983658
3938	1206	4.929513
3940	162	4.879490
3940	1265	4.813778
3940	36	4.647737
3940	2065	4.510022
3940	3386	4.476741
3940	3100	4.346409
3940	1286	4.329244
3940	1095	4.249563
3940	58	4.248973
3940	3006	4.247586
3941	3638	5.997185
3941	2167	5.973491
3941	3791	5.856358
3941	1717	5.837344
3941	2094	5.835491
3941	1831	5.833605
3941	1644	5.821953
3941	1320	5.784200
3941	1690	5.705957
3941	329	5.650061
3942	253	5.784366
3942	1407	5.166368
3942	3408	5.036309
3942	3704	5.011371
3942	3638	4.991233
3942	1527	4.956496
3942	3160	4.894684
3942	3701	4.893589
3942	2167	4.815768
3942	780	4.726303
3943	2395	4.770273
3943	1265	4.727465
3943	2762	4.604176
3943	2858	4.586914
3943	2706	4.482136
3943	2324	4.412112
3943	367	4.387133
3943	2028	4.350434
3943	1704	4.287553
3943	1500	4.282490
3944	2003	5.840954
3944	3524	5.268323
3944	1088	5.143616
3944	2134	5.109726
3944	2470	5.053076
3944	2717	4.679482
3944	2416	4.628114
3944	3501	4.567770
3944	3949	4.567639
3944	2375	4.435189
3945	1380	5.253441
3945	2424	4.897465
3945	1569	4.641934
3945	2875	4.314431
3945	1265	4.310626
3945	236	4.264584
3945	1409	4.242194
3945	587	4.238316
3945	788	4.152147
3945	252	4.149097
3946	1732	4.726755
3946	1265	4.599892
3946	2321	4.567671
3946	1	4.541714
3946	293	4.501701
3946	1883	4.325288
3946	2997	4.248768
3946	235	4.202327
3946	3408	4.200687
3946	253	4.195315
3947	1206	4.863540
3947	260	4.551515
3947	1240	4.525093
3947	1198	4.507511
3947	1221	4.452892
3947	2858	4.344410
3947	3863	4.328630
3947	1304	4.326778
3947	589	4.312564
3947	2571	4.256211
3948	1307	7.719989
3948	1265	6.666839
3948	3072	6.217658
3948	2243	5.962273
3948	1394	5.961006
3948	1294	5.635008
3948	1028	5.593640
3948	2716	5.528946
3948	1079	5.475343
3948	1663	5.434717
3949	2490	6.722727
3949	707	6.157720
3949	3005	6.085660
3949	3053	5.964719
3949	913	5.947365
3949	3219	5.839016
3949	2881	5.737160
3949	3623	5.714373
3949	2580	5.685235
3949	1127	5.635117
3950	1923	6.072904
3950	1517	5.717603
3950	3809	5.523444
3950	2108	5.500805
3950	1500	5.483196
3950	223	5.475193
3950	3174	5.399504
3950	2706	5.397555
3950	1784	5.382407
3950	1265	5.358583
3951	2628	5.344685
3951	1019	4.880489
3951	1073	4.866378
3951	2193	4.789871
3951	1917	4.631215
3951	2115	4.564548
3951	2105	4.497396
3951	653	4.411818
3951	673	4.373901
3951	2005	4.361257
3952	783	5.931344
3952	1035	5.896695
3952	1269	5.401986
3952	1225	5.329242
3952	969	5.311224
3952	3359	5.262325
3952	1682	5.199281
3952	1073	5.139485
3952	36	5.077707
3952	1907	5.069992
3953	3081	4.948143
3953	2717	4.706177
3953	1339	4.693618
3953	3638	4.339384
3953	1717	4.313471
3953	3264	4.284565
3953	253	4.239617
3953	2369	4.214949
3953	2710	4.096205
3953	2716	4.031871
3954	1527	5.896234
3954	2916	5.727949
3954	1876	5.294040
3954	589	5.227686
3954	2571	5.093364
3954	648	5.043819
3954	2985	5.026908
3954	1584	4.962635
3954	329	4.922668
3954	1909	4.864552
3955	3638	7.819467
3955	2808	7.696529
3955	172	7.623039
3955	3697	7.542168
3955	185	7.501421
3955	196	7.437734
3955	2722	7.402740
3955	1779	7.339750
3955	1690	7.325235
3955	1037	7.255047
3956	2997	4.308014
3956	3408	3.991228
3956	3623	3.985649
3956	2000	3.973558
3956	3510	3.967973
3956	1732	3.895530
3956	2762	3.852571
3956	3052	3.823878
3956	3717	3.807986
3956	2706	3.800706
3957	1088	6.633726
3957	1380	6.342494
3957	1073	6.326134
3957	1947	6.231856
3957	1225	6.097039
3957	969	5.941008
3957	919	5.860940
3957	899	5.781649
3957	3363	5.662304
3957	1019	5.471678
3958	2294	7.054922
3958	364	6.950221
3958	1584	6.848909
3958	551	6.480380
3958	1653	6.413039
3958	595	6.393733
3958	1573	6.366758
3958	524	6.341953
3958	661	6.202424
3958	1580	6.179709
3961	366	5.688797
3961	2716	5.677597
3961	1321	5.627411
3961	1333	5.494030
3961	2367	5.319004
3961	1380	5.310821
3961	1982	5.225556
3961	2121	5.212814
3961	1081	5.048501
3961	196	5.015821
3962	2406	6.391387
3962	2872	5.665120
3962	3623	5.403538
3962	2100	5.222160
3962	1198	5.152263
3962	2193	5.118697
3962	3753	5.083886
3962	1291	5.049313
3962	2628	4.988187
3962	2194	4.979364
3963	913	8.711098
3963	3471	6.888354
3963	1214	6.732405
3963	2944	6.684283
3963	912	6.656095
3963	1276	6.582266
3963	1952	6.443482
3963	1206	6.429052
3963	1387	6.421756
3963	1212	6.417987
3964	2628	5.647127
3964	2617	5.444757
3964	3623	5.263018
3964	2193	5.101538
3964	589	5.047040
3964	2985	5.030996
3964	2023	5.026072
3964	2105	4.983027
3964	3510	4.961762
3964	3753	4.912795
3965	2421	5.644052
3965	2105	5.596114
3965	3717	5.460813
3965	1391	5.447738
3965	3510	5.385585
3965	2054	5.327400
3965	153	5.269009
3965	485	5.145132
3965	3623	5.100945
3965	435	5.099923
3966	2762	4.496123
3966	2858	4.373508
3966	1222	4.295196
3966	3753	4.213001
3966	2406	4.171087
3966	3578	4.161185
3966	2028	4.067932
3966	3623	4.063486
3966	296	4.039093
3966	3176	3.997739
3967	1339	6.505511
3967	3155	6.213081
3967	1645	5.993951
3967	353	5.947258
3967	2167	5.771832
3967	1835	5.580036
3967	3827	5.470507
3967	736	5.221740
3967	380	5.153524
3967	802	5.098737
3968	1690	6.408564
3968	1917	6.356619
3968	1391	6.341643
3968	2699	6.167077
3968	736	5.846501
3968	316	5.842139
3968	3638	5.765318
3968	1372	5.547921
3968	2012	5.464322
3968	1544	5.443272
3970	1387	5.219653
3970	1394	5.075292
3970	2918	5.014083
3970	1079	4.944342
3970	1197	4.876704
3970	2791	4.867190
3970	2716	4.803577
3970	1228	4.742051
3970	608	4.666072
3970	1276	4.570873
3971	457	5.532479
3971	608	5.108886
3971	1089	5.099325
3971	1249	5.047161
3971	296	4.941641
3971	593	4.873955
3971	50	4.859412
3971	1240	4.771827
3971	3176	4.749758
3971	1213	4.722023
3973	1222	5.225555
3973	2858	5.120277
3973	608	5.043977
3973	1265	5.029071
3973	1080	4.960283
3973	2997	4.864260
3973	3362	4.810693
3973	2657	4.806775
3973	1500	4.638943
3973	1968	4.608471
3974	3911	4.895008
3974	2245	4.821481
3974	3755	4.728018
3974	1172	4.712673
3974	162	4.689210
3974	3948	4.590971
3974	3624	4.586850
3974	3173	4.585373
3974	3424	4.583190
3974	3555	4.559645
3975	457	5.122498
3975	2571	4.851812
3975	608	4.665119
3975	1240	4.651542
3975	296	4.498807
3975	1617	4.490404
3975	1089	4.477148
3975	50	4.472257
3975	3418	4.470458
3975	3176	4.455530
3976	1265	6.976701
3976	34	6.288221
3976	1060	5.911607
3976	2355	5.645794
3976	1	5.566719
3976	1307	5.351468
3976	1961	5.289096
3976	1357	5.245417
3976	357	5.224795
3976	39	5.160911
3977	593	4.012706
3977	1097	3.932566
3977	318	3.912847
3977	2571	3.899523
3977	2858	3.892210
3977	1240	3.861409
3977	1198	3.840936
3977	260	3.824386
3977	3751	3.802347
3977	1213	3.779461
3978	1333	5.670904
3978	1962	5.508594
3978	2918	5.326355
3978	2791	5.307919
3978	2746	5.234535
3978	3210	5.220104
3978	1219	5.125491
3978	1270	5.036224
3978	1994	4.925096
3978	2407	4.844497
3979	2087	7.011269
3979	595	6.104104
3979	588	5.923425
3979	364	5.722123
3979	2080	5.626121
3979	2797	5.591028
3979	1023	5.590929
3979	1033	5.466398
3979	34	5.464449
3979	1022	5.427767
3980	196	7.154076
3980	1644	6.773467
3980	3638	6.482742
3980	1320	6.379579
3980	2279	6.233768
3980	3708	6.012494
3980	2409	6.002661
3980	2094	5.822195
3980	2311	5.803693
3980	2710	5.676043
3981	1206	7.052328
3981	913	6.978381
3981	3471	6.926641
3981	1196	6.899025
3981	1221	6.597186
3981	527	6.465980
3981	1214	6.453792
3981	260	6.416442
3981	1200	6.416206
3981	2987	6.338755
3982	608	5.602727
3982	1	5.572817
3982	1259	5.348764
3982	1249	5.286789
3982	1265	5.189790
3982	593	5.170032
3982	527	5.129728
3982	1136	5.128331
3982	594	4.986402
3982	1196	4.984903
3983	1835	6.074289
3983	7	5.958543
3983	3155	5.918261
3983	539	5.878894
3983	339	5.820372
3983	3528	5.681563
3983	368	5.303711
3983	587	5.302562
3983	2469	5.261797
3983	708	5.261589
3984	1573	6.048186
3984	1527	5.846658
3984	1580	5.832577
3984	466	5.585307
3984	380	5.581157
3984	3623	5.568640
3984	1370	5.500995
3984	1722	5.463505
3984	648	5.423852
3984	1391	5.414569
3985	1625	6.679053
3985	587	6.531004
3985	1732	6.310219
3985	1089	6.262405
3985	3893	6.188026
3985	50	5.914851
3985	2231	5.904552
3985	272	5.900968
3985	457	5.873719
3985	3044	5.868884
3986	1747	5.963698
3986	1500	5.845701
3986	104	5.744223
3986	1265	5.713637
3986	1883	5.639348
3986	39	5.617226
3986	2706	5.435133
3986	11	5.416666
3986	597	5.404891
3986	356	5.324235
3987	2683	6.611731
3987	2706	6.277328
3987	2580	5.950625
3987	1513	5.870003
3987	2433	5.832526
3987	2598	5.830676
3987	2770	5.686346
3987	2581	5.655308
3987	2694	5.543022
3987	3175	5.525890
3988	592	5.468110
3988	36	5.371394
3988	1213	5.280897
3988	364	5.236481
3988	1358	5.221872
3988	1958	5.161081
3988	2133	5.093480
3988	296	5.058920
3988	1246	4.991220
3988	3006	4.964151
3989	788	5.256356
3989	2369	5.124051
3989	3258	4.885327
3989	2335	4.828977
3989	3617	4.773972
3989	2717	4.573898
3989	1380	4.531683
3989	333	4.520419
3989	1461	4.515552
3989	500	4.513834
3990	1307	4.881687
3990	260	4.569533
3990	912	4.490950
3990	1304	4.472873
3990	1234	4.396691
3990	1276	4.303401
3990	1961	4.095798
3990	1084	4.081170
3990	1207	4.067665
3990	919	4.019737
3991	2683	5.615022
3991	2699	5.495457
3991	2580	5.231038
3991	3623	5.190029
3991	2716	5.169995
3991	2433	5.135005
3991	3174	4.978206
3991	2706	4.963796
3991	736	4.950356
3991	3578	4.902712
3992	587	6.138967
3992	380	6.030789
3992	539	5.948589
3992	1777	5.884708
3992	1747	5.639606
3992	1722	5.520431
3992	736	5.454250
3992	597	5.423913
3992	1569	5.367222
3992	2424	5.349557
3993	2628	6.010906
3993	1101	5.992224
3993	2406	5.848081
3993	2115	5.757960
3993	2193	5.727196
3993	653	5.277950
3993	3623	5.240181
3993	2105	5.220590
3993	3753	5.203063
3993	2470	5.023629
3994	1265	5.560388
3994	1777	5.213085
3994	597	4.982919
3994	539	4.677115
3994	2424	4.670824
3994	500	4.617144
3994	1569	4.587907
3994	708	4.569189
3994	2108	4.562274
3994	2469	4.397034
3995	589	4.906880
3995	3510	4.881758
3995	2571	4.819409
3995	2628	4.730162
3995	3578	4.693636
3995	3623	4.592785
3995	2858	4.494772
3995	3354	4.382440
3995	1240	4.332202
3995	1580	4.289544
3996	1917	6.998609
3996	2716	6.808031
3996	2881	6.636921
3996	153	6.229659
3996	2723	6.211198
3996	1544	6.160560
3996	2699	6.037345
3996	1603	6.031042
3996	208	5.995300
3996	1690	5.949646
3997	1544	6.514148
3997	788	6.174591
3997	3257	6.130258
3997	1391	5.650290
3997	2628	5.556434
3997	1917	5.542326
3997	185	5.345068
3997	172	5.298466
3997	3438	5.281572
3997	3697	5.214833
3998	2791	5.682674
3998	2455	5.641163
3998	1079	5.248102
3998	1215	5.229647
3998	1270	5.182522
3998	1373	5.178286
3998	1197	5.034450
3998	3763	4.953781
3998	1394	4.933990
3998	1831	4.929182
3999	1527	5.836168
3999	2167	5.601567
3999	2916	5.585572
3999	1876	5.564820
3999	70	5.558935
3999	185	5.541424
3999	1573	5.524751
3999	2640	5.440612
3999	2628	5.418493
3999	1676	5.380280
4000	2858	5.478050
4000	1387	5.462758
4000	589	5.255866
4000	1097	5.153427
4000	2194	5.144549
4000	1036	5.117037
4000	1221	5.067248
4000	2872	4.994455
4000	1198	4.984216
4000	1210	4.969146
4001	1835	8.057295
4001	3257	7.988216
4001	353	7.280563
4001	3528	7.166645
4001	3827	7.007271
4001	2094	6.872059
4001	266	6.669508
4001	3869	6.579049
4001	1339	6.474100
4001	292	6.351982
4002	1214	5.930479
4002	1206	5.856599
4002	913	5.708413
4002	3471	5.685691
4002	3702	5.404067
4002	1304	5.319031
4002	1269	5.272894
4002	1387	5.268720
4002	750	5.251361
4002	903	5.208385
4003	1204	6.415549
4003	1206	6.312548
4003	1201	6.201191
4003	260	6.187287
4003	3471	6.141877
4003	1954	6.061915
4003	1252	6.030582
4003	912	5.980202
4003	1254	5.940977
4003	1214	5.910240
4004	1831	7.986422
4004	1917	7.621548
4004	185	7.410350
4004	2722	7.346531
4004	1373	7.277686
4004	1779	7.251321
4004	1590	7.224640
4004	1037	7.208213
4004	2808	7.188649
4004	172	7.050818
4005	2478	5.303219
4005	3623	5.247401
4005	3617	5.106589
4005	3752	5.066053
4005	2150	4.800684
4005	2762	4.554305
4005	3897	4.546285
4005	587	4.443738
4005	3793	4.431925
4005	3798	4.379545
4006	2797	6.981607
4006	1307	6.371820
4006	1960	6.111818
4006	2243	6.024452
4006	912	5.932790
4006	1967	5.922862
4006	1220	5.869200
4006	2100	5.727063
4006	1259	5.720814
4006	1172	5.430678
4007	2167	6.237127
4007	1644	5.967704
4007	2617	5.824720
4007	1717	5.794452
4007	1377	5.638323
4007	1101	5.339987
4007	3257	5.306068
4007	1754	5.295394
4007	2263	5.265218
4007	353	5.209681
4009	1347	8.168734
4009	1321	7.939142
4009	1974	7.310320
4009	1991	7.024984
4009	3264	6.942224
4009	2513	6.665898
4009	2121	6.560857
4009	3708	6.531875
4009	1994	6.515061
4009	2367	6.493852
4011	1974	5.771388
4011	1321	5.414381
4011	2288	5.409817
4011	2513	5.330467
4011	1387	5.320628
4011	2657	5.278133
4011	1982	5.233626
4011	1971	5.204556
4011	2366	5.177001
4011	2716	5.176092
4012	2804	4.549075
4012	2997	4.501875
4012	253	4.421336
4012	3717	4.309978
4012	3510	4.229454
4012	3763	4.099595
4012	3360	4.038184
4012	1374	4.003773
4012	3408	3.943950
4012	3638	3.864924
4013	2571	5.392018
4013	3510	5.150481
4013	3793	5.101944
4013	589	5.073259
4013	457	4.922818
4013	3578	4.889166
4013	1580	4.840075
4013	3753	4.765945
4013	3623	4.713315
4013	1240	4.685800
4014	1333	7.984933
4014	1974	7.094739
4014	1321	6.980614
4014	1347	6.943497
4014	2787	6.933841
4014	3264	6.734180
4014	2648	6.704793
4014	1380	6.665556
4014	1997	6.633529
4014	968	6.470603
4015	32	6.384709
4015	527	6.067037
4015	34	6.028377
4015	1	5.918215
4015	608	5.885734
4015	1617	5.855826
4015	1269	5.809372
4015	2571	5.779949
4015	1196	5.742492
4015	1584	5.732277
4016	589	7.150978
4016	3702	6.754943
4016	1527	6.449646
4016	2640	6.235605
4016	70	6.052067
4016	2288	6.032200
4016	3476	5.963227
4016	2916	5.940212
4016	1580	5.835260
4016	3354	5.797579
4017	2683	5.198627
4017	2706	4.934884
4017	736	4.781833
4017	3623	4.693239
4017	2012	4.557493
4017	2710	4.530329
4017	2694	4.455654
4017	2699	4.436122
4017	2369	4.400796
4017	3160	4.334099
4018	1876	7.484840
4018	2393	7.484776
4018	1552	7.233622
4018	1573	7.184648
4018	2985	6.965629
4018	2916	6.960998
4018	10	6.868346
4018	349	6.780623
4018	2617	6.755525
4018	1917	6.692690
4020	589	5.909837
4020	2628	5.889853
4020	457	5.569404
4020	2916	5.527048
4020	2640	5.394485
4020	2115	5.246691
4020	733	5.245550
4020	480	5.233624
4020	1036	5.212429
4020	2194	5.175700
4021	2375	8.319234
4021	1091	7.996206
4021	2953	7.754758
4021	2478	7.634089
4021	2100	7.595669
4021	1961	7.487973
4021	2431	7.458774
4021	2150	7.242018
4021	1307	7.239668
4021	3688	7.229551
4022	2628	6.081071
4022	2005	5.939466
4022	1101	5.855517
4022	1608	5.683668
4022	2916	5.672769
4022	653	5.604140
4022	590	5.601626
4022	1073	5.578082
4022	2193	5.440258
4022	2006	5.407220
4023	919	6.098710
4023	260	5.903159
4023	899	5.804214
4023	1204	5.669053
4023	2300	5.435457
4023	912	5.418637
4023	1282	5.397025
4023	1230	5.374124
4023	2987	5.355766
4023	3435	5.328905
4024	1580	5.013486
4024	1584	4.700050
4024	1	4.502071
4024	1732	4.441714
4024	1393	4.383270
4024	1682	4.362276
4024	1396	4.320526
4024	293	4.287001
4024	32	4.286826
4024	3948	4.262130
4026	1391	6.631286
4026	1377	6.566819
4026	736	5.989583
4026	380	5.983658
4026	2012	5.914344
4026	1917	5.850943
4026	3107	5.837343
4026	1918	5.806558
4026	2167	5.785388
4026	316	5.682865
4027	1304	5.912679
4027	908	5.820627
4027	1199	5.680121
4027	1206	5.638637
4027	1953	5.560161
4027	858	5.553409
4027	111	5.513464
4027	296	5.501945
4027	1617	5.500113
4027	903	5.470606
4028	1307	8.267413
4028	1265	7.892752
4028	162	7.187794
4028	3685	7.051792
4028	2065	6.975240
4028	2150	6.832511
4028	1296	6.685016
4028	1394	6.626731
4028	1235	6.428650
4028	1292	6.400828
4029	1947	7.211484
4029	912	6.849699
4029	2300	6.783074
4029	3545	6.701249
4029	260	6.644705
4029	3435	6.479788
4029	1204	6.430561
4029	1230	6.406262
4029	2987	6.368544
4029	969	6.332406
4030	2355	6.002877
4030	1	5.711934
4030	1307	5.607525
4030	2396	5.418657
4030	3114	5.278304
4030	2997	5.266833
4030	2599	5.253748
4030	39	5.238388
4030	1265	5.233864
4030	2716	5.060007
4031	2288	6.926251
4031	1971	6.594095
4031	3918	6.124850
4031	3635	6.047518
4031	1387	5.925858
4031	1970	5.863694
4031	1969	5.796952
4031	2657	5.774061
4031	3702	5.768606
4031	1972	5.706429
4032	2987	6.352882
4032	1204	6.065048
4032	912	5.945979
4032	260	5.909513
4032	913	5.885132
4032	1947	5.741873
4032	2067	5.736927
4032	919	5.639787
4032	2394	5.353675
4032	899	5.201885
4033	3257	8.282066
4033	168	7.170130
4033	2822	6.990992
4033	2394	6.863766
4033	1917	6.735627
4033	236	6.551785
4033	736	6.364225
4033	2094	6.331169
4033	153	6.292637
4033	276	6.255295
4034	1230	6.197384
4034	1304	6.146743
4034	750	5.907295
4034	3435	5.391312
4034	912	5.381776
4034	910	5.361528
4034	1136	5.317321
4034	260	5.289269
4034	903	5.285428
4034	1234	5.253713
4035	1876	5.881511
4035	1356	5.701874
4035	1917	5.602382
4035	648	5.559550
4035	1676	5.463645
4035	329	5.424313
4035	2393	5.332630
4035	1909	5.304909
4035	316	5.284187
4035	2881	5.254429
4036	2717	7.197575
4036	370	7.137209
4036	2004	6.459698
4036	355	6.370383
4036	2694	6.296806
4036	3760	6.248200
4036	2431	6.089908
4036	2683	6.065102
4036	520	6.037557
4036	2395	6.035249
4037	1028	6.702868
4037	1230	6.371148
4037	1956	6.323737
4037	3363	6.158493
4037	1294	6.075221
4037	1282	6.066824
4037	2018	5.878107
4037	34	5.870226
4037	916	5.813234
4037	2064	5.789136
4039	2571	4.524592
4039	1580	4.457348
4039	480	4.424889
4039	589	4.258255
4039	2628	4.226515
4039	3160	4.212458
4039	2916	4.190244
4039	592	4.092566
4039	3408	4.051428
4039	457	3.985295
4040	1333	7.757488
4040	1347	7.731240
4040	1380	7.390510
4040	1321	7.213950
4040	1948	6.832464
4040	2746	6.812411
4040	1088	6.677053
4040	3685	6.548513
4040	1345	6.421394
4040	1962	6.219369
4041	19	8.155629
4041	2100	7.834720
4041	2797	7.757903
4041	2329	7.705167
4041	3552	7.591071
4041	3248	7.340163
4041	1961	7.093176
4041	367	6.945091
4041	1503	6.885698
4041	1663	6.858624
4042	780	5.375063
4042	2628	5.277697
4042	1215	5.200801
4042	589	5.186064
4042	1921	5.104192
4042	1527	5.083081
4042	1544	5.044012
4042	2858	4.966593
4042	1580	4.880165
4042	3527	4.873704
4043	2012	5.499156
4043	736	5.403907
4043	788	5.398515
4043	1377	5.383690
4043	2699	5.349829
4043	2701	5.218613
4043	2875	5.184259
4043	1644	5.114475
4043	3081	5.044324
4043	2672	5.031827
4044	2433	6.973382
4044	2336	6.763105
4044	2599	6.658072
4044	2396	6.654042
4044	3175	6.593338
4044	2355	6.288526
4044	2712	6.230779
4044	2881	6.047003
4044	2710	5.964227
4044	2759	5.821794
4045	1961	7.506514
4045	3098	7.300415
4045	1962	7.047485
4045	2717	6.721574
4045	3071	6.340136
4045	2804	6.126567
4045	1234	6.058105
4045	1957	5.945421
4045	2997	5.815326
4045	1228	5.747487
4046	260	4.984413
4046	1198	4.769374
4046	1196	4.669565
4046	1221	4.612008
4046	1234	4.565357
4046	1225	4.527876
4046	1961	4.397653
4046	1073	4.316270
4046	1240	4.304248
4046	1214	4.236101
4047	1527	6.595035
4047	1573	6.570808
4047	1608	6.109823
4047	1917	6.006775
4047	1876	5.945471
4047	316	5.867661
4047	10	5.861535
4047	1580	5.834820
4047	1101	5.759941
4047	1722	5.735709
4048	1206	6.368657
4048	3354	5.851529
4048	185	5.681702
4048	1909	5.555229
4048	1092	5.455958
4048	2528	5.408331
4048	260	5.400921
4048	3471	5.295249
4048	2916	5.226690
4048	1196	5.225318
4049	2428	7.283088
4049	2023	7.187667
4049	2881	6.974219
4049	3273	6.872080
4049	3740	6.709394
4049	3717	6.627623
4049	2490	6.624784
4049	2193	6.585568
4049	3623	6.577395
4049	2827	6.571109
4050	1307	5.585581
4050	3552	5.497518
4050	1265	5.399985
4050	1663	5.233336
4050	1961	5.155745
4050	2797	4.836622
4050	2355	4.829321
4050	608	4.790623
4050	1197	4.786168
4050	1028	4.713683
4051	2194	5.598747
4051	1225	5.393857
4051	1287	5.372326
4051	1036	4.895058
4051	1198	4.861102
4051	1291	4.764071
4051	1954	4.730122
4051	260	4.627349
4051	2470	4.627138
4051	1302	4.602150
4052	1580	5.355506
4052	480	4.827747
4052	3160	4.774876
4052	32	4.743074
4052	457	4.556866
4052	1584	4.500380
4052	589	4.486311
4052	1673	4.450242
4052	1732	4.436900
4052	1396	4.341587
4053	1962	7.630655
4053	1028	7.257459
4053	1956	7.181583
4053	1088	6.931480
4053	2087	6.895191
4053	2081	6.875116
4053	2018	6.673797
4053	1031	6.568560
4053	1033	6.542945
4053	902	6.512327
4054	1917	6.436390
4054	3489	6.053020
4054	1377	6.046360
4054	2405	5.854964
4054	434	5.828418
4054	380	5.806602
4054	2723	5.798132
4054	3623	5.788630
4054	2100	5.783039
4054	153	5.781321
4055	2916	7.903648
4055	1573	7.499192
4055	349	7.432876
4055	733	7.422137
4055	1527	7.242455
4055	1608	7.219227
4055	480	7.210466
4055	1552	7.177067
4055	353	7.173494
4055	1580	7.128030
4057	2997	5.489719
4057	3098	5.446853
4057	1961	5.252411
4057	3751	5.141406
4057	1265	5.096810
4057	3174	5.081945
4057	1234	4.811901
4057	2804	4.786066
4057	34	4.785005
4057	1732	4.733441
4058	1265	5.908087
4058	36	5.855977
4058	588	5.633469
4058	1641	5.336511
4058	3418	5.307146
4058	17	5.289650
4058	34	5.279372
4058	58	5.266568
4058	3684	5.148037
4058	1286	5.135626
4059	2791	4.816442
4059	2000	4.464206
4059	2858	4.290302
4059	2997	4.233818
4059	3160	4.140935
4059	3868	4.115979
4059	2657	3.981297
4059	1097	3.957380
4059	3052	3.954168
4059	34	3.951493
4060	2115	5.530185
4060	2406	5.283046
4060	2028	5.243850
4060	733	5.155762
4060	318	5.135243
4060	3793	5.033645
4060	3256	4.985709
4060	1610	4.966719
4060	1291	4.921905
4060	3623	4.912402
4061	3098	8.270497
4061	1962	7.262066
4061	1449	6.900773
4061	3071	6.869038
4061	3723	6.787544
4061	1961	6.774299
4061	1246	6.756953
4061	253	6.524556
4061	1223	6.403646
4061	2717	6.343333
4062	3257	5.892889
4062	1391	5.468417
4062	587	5.451494
4062	2875	5.413797
4062	3249	5.233796
4062	1676	5.229329
4062	454	5.130408
4062	736	5.106554
4062	1608	5.093613
4062	832	4.993360
4063	1198	5.481016
4063	260	5.328048
4063	1221	5.309077
4063	1240	5.204375
4063	1210	5.192022
4063	1387	5.103237
4063	1214	5.096381
4063	608	4.972207
4063	1097	4.868624
4063	924	4.846078
4064	2717	6.849027
4064	3273	6.588312
4064	2054	6.458916
4064	3717	5.989940
4064	153	5.897745
4064	2701	5.826973
4064	3268	5.647197
4064	673	5.579682
4064	3081	5.556557
4064	2405	5.511810
4066	589	5.944109
4066	2571	5.920736
4066	457	5.902994
4066	1610	5.787495
4066	474	5.588984
4066	1580	5.265332
4066	1805	5.250430
4066	1240	5.228180
4066	3793	5.154347
4066	3623	5.142168
4067	2688	6.519421
4067	2906	5.636849
4067	2369	5.557976
4067	2581	5.544329
4067	2683	5.522304
4067	2881	5.496014
4067	2710	5.311350
4067	2716	5.286956
4067	2805	5.276928
4067	3175	5.275411
4069	3897	5.303378
4069	3751	4.708482
4069	608	4.614062
4069	3893	4.589687
4069	3744	4.509117
4069	3911	4.500778
4069	50	4.472316
4069	593	4.442688
4069	3556	4.406553
4069	318	4.332806
4070	1831	6.198442
4070	1544	5.866206
4070	1391	5.786017
4070	3697	5.594371
4070	1876	5.567433
4070	185	5.526663
4070	1917	5.509709
4070	172	5.418678
4070	196	5.383397
4070	1037	5.358408
4071	2717	5.745101
4071	3708	5.240314
4071	1974	5.070807
4071	1347	4.984472
4071	1997	4.908313
4071	1717	4.746877
4071	1983	4.661351
4071	1644	4.623447
4071	3638	4.572053
4071	1345	4.533674
4072	1909	6.527464
4072	736	6.276747
4072	1573	6.160835
4072	1597	6.136476
4072	1747	6.130733
4072	2699	6.102668
4072	1722	6.067013
4072	2433	5.928547
4072	587	5.906193
4072	1580	5.883308
4075	2571	5.767352
4075	2194	5.741408
4075	589	5.708382
4075	1240	5.636958
4075	608	5.489883
4075	2000	5.253036
4075	1210	5.234447
4075	1617	5.226240
4075	1198	5.210622
4075	2028	5.130676
4076	454	7.081444
4076	1653	6.219349
4076	377	6.151565
4076	3176	6.025398
4076	161	5.971072
4076	1721	5.968586
4076	16	5.926202
4076	1370	5.873341
4076	1271	5.865811
4076	587	5.839518
4077	1307	6.447904
4077	2369	5.685797
4077	500	5.468024
4077	1409	5.294710
4077	2100	5.274236
4077	1569	5.119234
4077	2424	5.117022
4077	2746	5.076909
4077	3072	5.038558
4077	1541	5.022917
4078	2003	7.846556
4078	2746	7.431795
4078	2416	7.206732
4078	3785	7.117784
4078	3897	6.978888
4078	3608	6.942392
4078	1994	6.578843
4078	3826	6.475825
4078	1962	6.458456
4078	1333	6.405236
4079	1307	5.979863
4079	3072	5.036068
4079	1394	4.869220
4079	788	4.860817
4079	2717	4.826771
4079	2468	4.727037
4079	1380	4.490664
4079	3424	4.365665
4079	2797	4.356576
4079	3362	4.354160
4080	1387	5.531285
4080	1198	5.522416
4080	1214	5.315802
4080	1240	5.277831
4080	1270	5.266379
4080	1221	5.248234
4080	1200	5.212866
4080	1210	5.188145
4080	2194	5.131440
4080	260	5.096622
4081	1961	5.286089
4081	1307	4.948698
4081	2355	4.876258
4081	1079	4.794929
4081	34	4.741981
4081	2716	4.660183
4081	2321	4.529300
4081	3361	4.434217
4081	2791	4.369788
4081	2000	4.263133
4082	2369	5.945502
4082	2683	5.932685
4082	1777	5.835945
4082	3174	5.654188
4082	3253	5.642626
4082	852	5.456980
4082	1513	5.437809
4082	2959	5.246990
4082	785	5.139665
4082	2572	5.127980
4083	2490	5.995236
4083	3617	5.955355
4083	3257	5.662411
4083	3354	5.612342
4083	2701	5.607754
4083	3623	5.604255
4083	380	5.585656
4083	2805	5.485771
4083	2881	5.484384
4083	2404	5.437120
4084	454	6.274453
4084	1089	5.802611
4084	1580	5.649819
4084	608	5.611037
4084	3535	5.576059
4084	3863	5.524413
4084	457	5.426160
4084	3317	5.400078
4084	3555	5.398237
4084	6	5.390519
4085	2300	5.961395
4085	1092	5.785633
4085	3638	5.067271
4085	1032	5.019956
4085	2080	4.974885
4085	1205	4.962753
4085	596	4.954755
4085	2146	4.934918
4085	3897	4.750532
4085	3618	4.720484
4086	1073	5.884910
4086	920	5.811896
4086	2067	5.703290
4086	969	5.679745
4086	3363	5.634817
4086	899	5.620633
4086	1225	5.566392
4086	2716	5.553038
4086	912	5.532518
4086	916	5.515194
4087	2598	5.855463
4087	2683	5.802788
4087	2490	5.738311
4087	2369	5.509386
4087	2710	5.361178
4087	2805	5.328194
4087	2713	5.251982
4087	2701	5.198122
4087	2881	5.159646
4087	2694	5.108939
4088	382	7.291691
4088	1644	7.001987
4088	2389	6.826507
4088	2717	6.648085
4088	1037	6.624963
4088	1371	6.519023
4088	1717	6.429964
4088	435	6.218037
4088	3791	6.213724
4088	2054	6.185535
4089	1092	4.676556
4089	260	4.363674
4089	1206	4.300963
4089	3793	4.226452
4089	2987	4.113240
4089	3114	3.960721
4089	2762	3.910232
4089	1997	3.905153
4089	1198	3.884589
4089	3745	3.874161
4090	3552	5.631491
4090	3210	5.575733
4090	1307	5.436010
4090	1265	5.420625
4090	2000	5.286214
4090	2797	5.253416
4090	1270	5.092047
4090	246	5.091962
4090	1220	4.986766
4090	1968	4.974751
4091	3160	5.615109
4091	2000	5.428948
4091	1673	5.125001
4091	3450	5.017386
4091	2791	4.977571
4091	1580	4.884287
4091	1302	4.844962
4091	1374	4.841360
4091	480	4.748462
4091	110	4.724406
4092	3552	5.352466
4092	3263	5.352183
4092	2247	5.263603
4092	2100	5.161577
4092	3317	5.126344
4092	3484	5.088267
4092	2746	5.076831
4092	2245	5.066169
4092	2108	5.049850
4092	2416	4.970382
4093	608	5.919994
4093	1259	5.861347
4093	1249	5.630654
4093	3526	5.419958
4093	588	5.408426
4093	1	5.357080
4093	34	5.351759
4093	296	5.290530
4093	1028	5.273884
4093	364	5.268187
4094	3744	5.794003
4094	3617	5.614834
4094	3911	5.405495
4094	1101	5.045216
4094	3948	4.995613
4094	2406	4.956745
4094	3173	4.899467
4094	3793	4.887426
4094	266	4.816516
4094	3745	4.674047
4095	1876	6.125592
4095	1527	6.101879
4095	2393	6.067956
4095	2985	5.891867
4095	1573	5.847152
4095	329	5.747856
4095	1917	5.709101
4095	2881	5.649996
4095	1356	5.540978
4095	316	5.501660
4096	1073	5.901058
4096	2100	5.869471
4096	2797	5.679811
4096	317	5.237339
4096	2406	5.176766
4096	1947	5.079813
4096	2161	5.026185
4096	2470	4.932951
4096	1220	4.929429
4096	367	4.861535
4097	1374	4.497432
4097	2997	4.326147
4097	2804	4.304754
4097	3114	4.095902
4097	2762	4.089221
4097	1198	3.971301
4097	2571	3.953364
4097	260	3.944010
4097	2959	3.888977
4097	2396	3.868454
4098	1527	7.940409
4098	2916	7.614933
4098	589	6.794204
4098	349	6.785379
4098	2617	6.763392
4098	1356	6.644139
4098	2628	6.533581
4098	1580	6.525423
4098	1552	6.452490
4098	2985	6.337152
4099	1196	5.403484
4099	260	5.359584
4099	527	5.118697
4099	608	5.062907
4099	1961	4.961902
4099	593	4.830670
4099	1136	4.827666
4099	1234	4.815102
4099	1	4.813751
4099	1249	4.810251
4101	2683	4.850699
4101	3623	4.770449
4101	736	4.749558
4101	2706	4.576442
4101	1923	4.510252
4101	597	4.507765
4101	587	4.507467
4101	3408	4.471186
4101	3253	4.419671
4101	2959	4.358301
4102	2717	8.801323
4102	2668	7.583895
4102	3708	7.494697
4102	2513	7.490145
4102	3764	7.433791
4102	2456	7.311081
4102	2279	7.308994
4102	2976	7.237802
4102	2004	7.237607
4102	196	7.147395
4103	3176	6.236919
4103	2539	5.840189
4103	2124	5.775773
4103	2502	5.682216
4103	3105	5.656751
4103	1721	5.611093
4103	1393	5.595112
4103	587	5.574175
4103	3148	5.523663
4103	1777	5.489260
4104	1240	5.542213
4104	2571	5.387939
4104	32	5.019092
4104	1200	4.918266
4104	1196	4.899784
4104	260	4.877756
4104	589	4.848860
4104	457	4.806870
4104	1214	4.781167
4104	2916	4.746660
4105	2100	6.946001
4105	2478	6.768321
4105	2405	6.280423
4105	788	6.086031
4105	1091	6.017519
4105	485	5.921136
4105	367	5.914968
4105	500	5.872230
4105	2012	5.840152
4105	1126	5.836139
4107	1213	5.324186
4107	296	5.318933
4107	3911	5.179406
4107	3949	5.089333
4107	1249	5.017454
4107	3481	5.001338
4107	3624	4.964377
4107	1302	4.957082
4107	1089	4.956438
4107	1198	4.940544
4108	913	5.672926
4108	260	5.439089
4108	3471	5.355566
4108	1387	5.333222
4108	750	5.227993
4108	1204	5.105806
4108	1214	5.041969
4108	969	4.946222
4108	2366	4.935104
4108	919	4.919945
4111	912	5.684426
4111	527	5.682541
4111	260	5.663341
4111	2987	5.568045
4111	1196	5.448126
4111	919	5.319664
4111	1	5.312632
4111	34	5.193982
4111	1210	5.122378
4111	1233	5.073339
4112	2369	6.912145
4112	2717	6.446851
4112	500	6.361287
4112	2424	6.165352
4112	1777	6.109677
4112	2335	6.029908
4112	708	5.861868
4112	1409	5.832902
4112	1380	5.780273
4112	1513	5.772761
4113	1197	5.219131
4113	3763	5.009793
4113	3510	4.898913
4113	2571	4.867906
4113	608	4.848446
4113	3360	4.779396
4113	3578	4.774834
4113	1196	4.735508
4113	3897	4.718973
4113	3863	4.715441
4114	589	6.185137
4114	1210	6.166287
4114	912	6.132034
4114	527	6.119516
4114	1617	5.904504
4114	1263	5.892610
4114	1240	5.857472
4114	1250	5.828231
4114	1200	5.792986
4114	1196	5.780351
4115	2717	6.615441
4115	2247	6.248004
4115	500	5.831503
4115	344	5.794370
4115	1021	5.694445
4115	231	5.603793
4115	1777	5.568266
4115	1265	5.509816
4115	2108	5.508951
4115	2431	5.495076
4116	3751	4.204300
4116	2762	4.130482
4116	318	4.041695
4116	593	4.022009
4116	260	3.985667
4116	608	3.981580
4116	1198	3.972995
4116	3114	3.963694
4116	2997	3.920343
4116	2355	3.887839
4117	1917	6.847547
4117	380	6.801247
4117	1552	6.527105
4117	353	6.502425
4117	1597	6.419040
4117	736	6.335267
4117	1608	6.169031
4117	292	6.153582
4117	1573	6.151266
4117	3257	6.146265
4118	1198	5.276075
4118	260	4.950681
4118	3654	4.863875
4118	1240	4.825805
4118	924	4.814064
4118	1179	4.779409
4118	296	4.774974
4118	1214	4.749933
4118	318	4.728783
4118	1617	4.660466
4119	3174	5.978148
4119	2997	5.638736
4119	968	5.521774
4119	913	5.449741
4119	2959	5.278958
4119	1387	5.251835
4119	2716	5.137405
4119	2396	5.094134
4119	2395	5.057785
4119	3098	5.049165
4120	3552	6.034173
4120	1265	5.757123
4120	3868	5.564421
4120	3210	5.424759
4120	2000	5.008367
4120	1517	4.971651
4120	1394	4.957663
4120	2858	4.908677
4120	3361	4.856729
4120	1961	4.849711
4121	968	7.199851
4121	1982	6.196276
4121	2455	5.981359
4121	2288	5.789398
4121	1974	5.685706
4121	1387	5.617043
4121	1962	5.531096
4121	1991	5.509089
4121	2366	5.487253
4121	1971	5.486121
4122	3418	6.109484
4122	1240	6.048435
4122	589	5.972004
4122	457	5.942133
4122	2571	5.941278
4122	1617	5.709449
4122	2194	5.671919
4122	1214	5.594932
4122	296	5.427178
4122	1610	5.376291
4123	1408	5.163500
4123	2987	5.150088
4123	2396	4.987299
4123	527	4.942238
4123	2028	4.910842
4123	3114	4.910622
4123	260	4.881709
4123	1196	4.828847
4123	2762	4.733868
4123	1210	4.719343
4124	1391	6.500482
4124	196	6.175037
4124	1690	6.080922
4124	1320	5.900548
4124	2699	5.864205
4124	172	5.672136
4124	1544	5.641069
4124	329	5.625860
4124	185	5.587632
4124	435	5.550404
4125	2384	4.788002
4125	2396	4.733105
4125	1073	4.647527
4125	1947	4.503590
4125	3114	4.400403
4125	34	4.277557
4125	1682	4.272643
4125	2394	4.270696
4125	2987	4.203721
4125	3081	4.094848
4126	2355	4.876145
4126	1097	4.401747
4126	3408	4.196095
4126	588	4.128623
4126	34	3.988305
4126	1127	3.956280
4126	2797	3.930314
4126	2011	3.918254
4126	2716	3.914529
4126	3175	3.848559
4127	2881	6.657860
4127	2605	6.516262
4127	434	6.239742
4127	3697	6.236573
4127	466	6.231029
4127	1562	6.175464
4127	153	6.097936
4127	2490	6.076221
4127	1882	6.028619
4127	3623	5.966450
4128	1097	5.110023
4128	1019	5.034234
4128	1073	4.823276
4128	2011	4.645810
4128	1225	4.641158
4128	2054	4.570602
4128	2105	4.504648
4128	2193	4.426719
4128	2455	4.416718
4128	2791	4.378882
4130	1527	7.261443
4130	1876	7.256100
4130	1573	7.186431
4130	1917	6.865133
4130	329	6.738298
4130	316	6.711726
4130	648	6.443616
4130	1676	6.407719
4130	780	6.391416
4130	1356	6.264698
4131	968	6.607827
4131	2716	6.480840
4131	2710	6.477690
4131	1388	5.721482
4131	2827	5.519714
4131	3016	5.457972
4131	2921	5.419886
4131	3671	5.396297
4131	2976	5.377107
4131	1206	5.355369
4132	589	7.120281
4132	2571	6.776588
4132	457	6.712303
4132	3256	6.411815
4132	2916	6.312591
4132	480	6.266836
4132	474	6.112668
4132	1240	6.029202
4132	110	6.027527
4132	1580	5.974924
4133	2005	6.181856
4133	2406	6.177069
4133	2622	6.068091
4133	2702	5.878684
4133	3489	5.832932
4133	2692	5.786723
4133	2470	5.626308
4133	2133	5.565510
4133	1073	5.442786
4133	2	5.286215
4134	1307	6.640147
4134	912	6.032993
4134	1961	5.673550
4134	1197	5.549713
4134	2797	5.495267
4134	2716	5.483951
4134	1224	5.433741
4134	2355	5.416927
4134	1097	5.332015
4134	1210	5.306872
4135	253	5.758924
4135	3763	4.783093
4135	3897	4.772753
4135	1997	4.766469
4135	3826	4.673983
4135	3510	4.444808
4135	2710	4.313227
4135	1407	4.289720
4135	2997	4.275988
4135	1206	4.254167
4136	3624	6.218367
4136	858	6.199806
4136	260	6.101378
4136	1267	6.053520
4136	1198	6.015281
4136	1221	5.926100
4136	3555	5.896804
4136	912	5.828723
4136	1084	5.774521
4136	1233	5.633602
4137	1265	5.399121
4137	1394	5.287123
4137	1960	4.966884
4137	1961	4.957246
4137	3868	4.921311
4137	3526	4.856383
4137	3072	4.806498
4137	1968	4.783888
4137	1270	4.728679
4137	1259	4.681681
4138	1580	4.530473
4138	2628	4.278621
4138	648	4.116605
4138	780	4.094556
4138	1676	4.067458
4138	2858	4.034511
4138	2571	4.005984
4138	2916	3.986047
4138	454	3.975773
4138	480	3.952152
4139	1391	7.666434
4139	1917	7.595759
4139	1573	7.594921
4139	1676	7.352521
4139	736	7.208393
4139	1586	7.187838
4139	95	7.118094
4139	316	7.079406
4139	1580	7.064839
4139	2699	7.045276
4140	2384	5.627968
4140	2394	5.487760
4140	1367	5.397534
4140	2087	5.374584
4140	673	5.372421
4140	1073	5.324963
4140	362	5.038671
4140	153	4.876712
4140	2054	4.840494
4140	818	4.825662
4141	736	6.387930
4141	1580	6.370061
4141	1391	6.007879
4141	2706	5.973638
4141	1597	5.654105
4141	2699	5.605649
4141	380	5.592082
4141	1722	5.551386
4141	3408	5.517672
4141	316	5.476740
4144	1394	5.607333
4144	745	5.467898
4144	1	5.316163
4144	1235	5.308902
4144	1199	5.295335
4144	1077	5.167514
4144	1234	5.150018
4144	3362	5.103442
4144	2657	5.102245
4144	750	5.068608
4147	2916	6.887001
4147	589	6.516706
4147	2628	6.242837
4147	733	6.046367
4147	1580	5.982052
4147	2640	5.974698
4147	2571	5.742181
4147	1573	5.644071
4147	457	5.637860
4147	1129	5.613483
4148	1101	7.007357
4148	1917	6.869482
4148	2628	6.647833
4148	1608	6.608909
4148	292	6.492261
4148	10	6.404632
4148	1527	6.375285
4148	1552	6.356575
4148	380	6.340201
4148	1722	5.944020
4149	1183	5.450704
4149	1721	5.420108
4149	1393	5.411363
4149	350	5.385125
4149	3176	5.328201
4149	356	5.286585
4149	2706	5.281373
4149	357	5.186195
4149	1271	5.150619
4149	587	5.077283
4150	788	7.721365
4150	3	7.160476
4150	3257	6.909603
4150	1391	6.719298
4150	1377	6.489237
4150	2012	6.381056
4150	516	6.265597
4150	2252	6.199467
4150	3452	6.168157
4150	153	6.147537
4151	3897	5.640286
4151	3751	4.583958
4151	1148	4.558713
4151	3717	4.521743
4151	3578	4.511980
4151	1304	4.493409
4151	1219	4.435348
4151	3638	4.360858
4151	3671	4.350949
4151	3593	4.341194
4152	920	5.507991
4152	2746	5.485793
4152	930	5.459874
4152	1088	5.389598
4152	1230	5.349403
4152	1380	5.311972
4152	899	4.932338
4152	910	4.915509
4152	919	4.912371
4152	916	4.853752
4153	153	8.130340
4153	2253	7.614403
4153	1307	7.261016
4153	3248	7.172193
4153	2716	6.843621
4153	1562	6.691635
4153	788	6.609258
4153	2805	6.525682
4153	1513	6.457436
4153	2100	6.377163
4155	1876	5.978106
4155	2985	5.832626
4155	1527	5.814507
4155	3704	5.787336
4155	480	5.593140
4155	3510	5.577548
4155	2167	5.572470
4155	2916	5.532344
4155	1831	5.494258
4155	2628	5.433199
4156	1206	5.858129
4156	1407	5.050266
4156	3354	5.001260
4156	1370	4.996365
4156	3702	4.961581
4156	3623	4.813278
4156	2916	4.801241
4156	2710	4.784694
4156	2617	4.779685
4156	2827	4.770132
4157	2716	6.055185
4157	3543	5.928865
4157	1333	5.629229
4157	3671	5.528178
4157	968	5.340012
4157	1230	5.304252
4157	2761	5.206195
4157	3730	5.004771
4157	1206	4.994363
4157	3095	4.984307
4160	196	7.043174
4160	185	6.883730
4160	1831	6.692219
4160	2094	6.657036
4160	1391	6.627362
4160	3697	6.600192
4160	1690	6.480760
4160	3257	6.465844
4160	3638	6.156065
4160	1676	6.138413
4161	1917	8.826776
4161	1391	8.269089
4161	3697	8.099902
4161	316	8.085375
4161	1690	7.929736
4161	2808	7.754056
4161	1544	7.676669
4161	2393	7.638812
4161	1831	7.613764
4161	329	7.586828
4162	377	5.688762
4162	587	5.535687
4162	1721	5.261970
4162	454	5.180348
4162	380	5.178552
4162	802	5.106102
4162	539	5.051171
4162	3386	5.028968
4162	1722	4.980653
4162	1777	4.934521
4164	1	5.286545
4164	2396	4.831186
4164	1136	4.604881
4164	1238	4.434822
4164	1265	4.417135
4164	2987	4.254775
4164	1304	4.216432
4164	3671	4.077279
4164	2300	4.053514
4164	1196	4.039109
4165	3253	7.143015
4165	1265	6.828264
4165	1777	6.554560
4165	231	6.434592
4165	1784	6.322829
4165	1682	6.302812
4165	1883	6.269910
4165	1732	6.216346
4165	1923	5.986893
4165	1060	5.946241
4167	260	5.761211
4167	919	5.295971
4167	912	5.132533
4167	3471	5.122990
4167	1198	5.105717
4167	2987	5.080695
4167	1206	5.066310
4167	2871	5.052561
4167	1196	5.013790
4167	913	4.895799
4168	588	6.221709
4168	2390	5.564963
4168	1339	5.476970
4168	2294	5.445213
4168	3253	5.398042
4168	2671	5.352732
4168	736	5.336168
4168	345	5.241771
4168	1682	5.239033
4168	3060	5.217323
4169	2694	9.207407
4169	2805	8.614749
4169	2710	8.482723
4169	2707	8.403131
4169	2976	8.126336
4169	2701	7.548455
4169	2699	7.510009
4169	153	7.478864
4169	2683	7.450073
4169	2706	7.435857
4170	260	5.356472
4170	1198	5.171919
4170	919	5.158825
4170	858	5.114062
4170	924	5.083580
4170	593	4.919377
4170	296	4.910330
4170	1204	4.903492
4170	3435	4.884590
4170	318	4.878690
4171	2321	6.287357
4171	1883	6.210312
4171	588	6.066428
4171	3060	5.770239
4171	454	5.678828
4171	39	5.623720
4171	1784	5.549822
4171	3255	5.485903
4171	2706	5.466390
4171	1060	5.411925
4172	588	5.364069
4172	3176	5.225151
4172	2321	5.206633
4172	1732	5.046211
4172	1265	5.038513
4172	39	5.030733
4172	356	5.025845
4172	1682	4.910899
4172	3108	4.895865
4172	34	4.892925
4173	2005	5.672425
4173	2470	5.544811
4173	2628	5.383956
4173	2115	5.229077
4173	3489	5.161611
4173	592	4.922171
4173	1073	4.907866
4173	2105	4.871762
4173	2406	4.815651
4173	1967	4.693506
4174	908	6.894066
4174	903	6.803861
4174	1240	6.772599
4174	3471	6.575219
4174	1200	6.527090
4174	1304	6.512092
4174	1221	6.374762
4174	111	6.359484
4174	1269	6.333060
4174	1953	6.318119
4175	2100	8.322223
4175	2150	7.869546
4175	1307	7.462986
4175	3552	7.447029
4175	2746	7.422832
4175	2243	7.363140
4175	19	7.317849
4175	2797	7.023581
4175	2003	7.020763
4175	1663	6.965625
4177	2455	6.456709
4177	2288	5.410490
4177	2989	5.338627
4177	2628	5.319073
4177	1994	5.200101
4177	1101	5.168832
4177	3527	5.103995
4177	366	5.079398
4177	2407	5.011540
4177	2454	4.973477
4179	1097	5.876003
4179	1242	5.770792
4179	2791	5.709782
4179	296	5.659552
4179	551	5.655569
4179	2797	5.609823
4179	1961	5.526999
4179	1220	5.506956
4179	527	5.475444
4179	2174	5.384934
4180	1374	5.842613
4180	480	5.570843
4180	32	5.425128
4180	3160	5.397713
4180	2916	5.335772
4180	34	5.104406
4180	1097	5.072225
4180	1035	4.858871
4180	2640	4.842605
4180	2455	4.829043
4181	2717	7.959612
4181	2694	6.669012
4181	2431	6.600718
4181	2369	6.281769
4181	2805	6.189637
4181	3081	6.105048
4181	3146	6.102291
4181	3273	6.078912
4181	3717	5.938787
4181	818	5.920966
4182	1584	5.591787
4182	457	5.237804
4182	110	5.176417
4182	1610	5.027920
4182	2640	4.988463
4182	1527	4.909727
4182	2628	4.891094
4182	2858	4.772697
4182	1573	4.704918
4182	1240	4.606695
4183	1917	7.593924
4183	1391	6.901794
4183	316	6.847688
4183	1573	6.760942
4183	466	6.753591
4183	2628	6.679296
4183	3697	6.598937
4183	1876	6.554052
4183	3107	6.478053
4183	2393	6.398990
4185	1333	6.305809
4185	1994	6.088225
4185	1982	5.989025
4185	2407	5.451507
4185	366	5.196153
4185	968	5.145373
4185	1962	5.077518
4185	2747	5.045993
4185	2097	5.042946
4185	1219	4.952355
4186	3893	5.052877
4186	3827	4.860335
4186	3911	4.843469
4186	3753	4.538922
4186	3536	4.518738
4186	2420	4.485681
4186	1089	4.468174
4186	3173	4.433199
4186	1302	4.337452
4186	2146	4.289609
4187	912	7.009082
4187	920	6.576244
4187	1204	6.321640
4187	260	6.115012
4187	1947	6.039218
4187	3435	6.034345
4187	910	5.996306
4187	1207	5.967400
4187	1272	5.866243
4187	1247	5.865302
4188	2355	4.620184
4188	3175	4.392006
4188	588	4.313287
4188	1097	4.307855
4188	3408	4.167202
4188	364	4.145084
4188	2011	4.127511
4188	2761	4.105840
4188	2797	4.077098
4188	592	4.069053
4189	1225	6.602358
4189	260	6.344839
4189	919	6.307523
4189	908	6.297718
4189	1198	6.187747
4189	912	6.018746
4189	1259	6.011705
4189	1258	5.935434
4189	1084	5.932482
4189	2872	5.916623
4190	3543	5.419714
4190	2396	5.296636
4190	2716	5.263296
4190	2355	5.185067
4190	1294	5.160118
4190	1183	5.033711
4190	2599	4.874208
4190	1909	4.793960
4190	2881	4.740647
4190	1	4.670029
4193	912	6.342911
4193	920	6.258297
4193	1947	5.906125
4193	1272	5.749998
4193	2406	5.548933
4193	527	5.548583
4193	913	5.468564
4193	2858	5.265832
4193	1207	4.953503
4193	3471	4.943472
4194	1500	6.966184
4194	1265	6.737729
4194	2321	6.409331
4194	3255	6.332644
4194	3108	6.170684
4194	39	6.028027
4194	293	5.979271
4194	3552	5.732259
4194	2302	5.613664
4194	2000	5.410955
4195	1265	4.166223
4195	2858	3.994799
4195	1073	3.929920
4195	1961	3.921248
4195	296	3.889359
4195	2797	3.877736
4195	1307	3.863613
4195	593	3.846137
4195	1225	3.711860
4195	608	3.682385
4198	1994	5.124371
4198	2617	5.089670
4198	1717	5.088213
4198	1997	4.973669
4198	1407	4.909076
4198	968	4.751258
4198	1377	4.733677
4198	1088	4.617149
4198	2288	4.587674
4198	1339	4.567592
4199	497	5.646841
4199	357	5.485050
4199	1307	5.483876
4199	3253	5.315871
4199	1777	5.281491
4199	356	5.243990
4199	597	5.199348
4199	1183	5.036415
4199	588	5.027588
4199	2355	4.946027
4200	1269	6.093000
4200	589	5.980030
4200	2529	5.926570
4200	457	5.745860
4200	2571	5.666527
4200	1584	5.459223
4200	1206	5.384816
4200	1954	5.361644
4200	1617	5.355608
4200	2160	5.321912
4203	2701	5.879843
4203	2694	5.830804
4203	2976	5.805518
4203	2699	5.766436
4203	2683	5.633482
4203	2723	5.413115
4203	2716	5.290313
4203	2369	5.229410
4203	2719	5.203502
4203	2722	5.202807
4204	2529	6.341074
4204	2571	6.044185
4204	1240	6.010474
4204	32	5.926696
4204	1206	5.902960
4204	589	5.758057
4204	3702	5.741647
4204	1196	5.284604
4204	1199	5.278651
4204	1089	5.251897
4205	2716	5.172399
4205	3175	4.529796
4205	2336	4.268317
4205	2688	4.207356
4205	1513	4.197652
4205	2881	4.148474
4205	2858	4.094438
4205	2712	4.045359
4205	2013	4.014103
4205	2734	3.977346
4206	34	5.037787
4206	3114	4.902755
4206	2396	4.788197
4206	2987	4.743590
4206	2355	4.627614
4206	260	4.621356
4206	595	4.492619
4206	1196	4.483916
4206	527	4.428366
4206	1022	4.342889
4207	913	7.502257
4207	1947	6.665115
4207	3508	6.500088
4207	1283	6.383625
4207	3435	6.339075
4207	1207	6.249475
4207	1201	6.247461
4207	919	6.182780
4207	1204	6.078640
4207	903	6.060484
4208	1294	6.761451
4208	914	6.406325
4208	2716	6.006939
4208	920	5.902518
4208	1307	5.868246
4208	2081	5.851203
4208	17	5.796711
4208	3363	5.726012
4208	3543	5.696077
4208	2067	5.591026
4210	253	6.276929
4210	1831	6.180505
4210	3638	6.144380
4210	2167	6.060648
4210	196	5.932424
4210	3863	5.762872
4210	1690	5.385263
4210	3844	5.338678
4210	2986	5.334195
4210	2533	5.317022
4212	2881	7.373186
4212	1917	7.138137
4212	165	6.261889
4212	1573	6.235592
4212	10	6.114871
4212	1597	6.109469
4212	1876	6.089960
4212	2393	6.088854
4212	380	6.084756
4212	1722	6.052579
4213	2355	5.406612
4213	2797	5.058040
4213	3157	5.022022
4213	1097	4.929837
4213	2100	4.790305
4213	1127	4.662339
4213	2712	4.627102
4213	3448	4.623495
4213	2858	4.582889
4213	3175	4.538559
4214	1092	5.272577
4214	3793	4.891037
4214	3617	4.852178
4214	3753	4.647778
4214	3744	4.416966
4214	3249	4.384557
4214	2628	4.328392
4214	3354	4.322680
4214	3686	4.291922
4214	2762	4.279489
4215	377	6.528550
4215	3418	6.466328
4215	457	6.323339
4215	32	6.289020
4215	1584	6.250226
4215	589	6.208923
4215	21	6.064407
4215	2571	5.909569
4215	1617	5.888184
4215	3386	5.796810
4217	1377	6.337089
4217	1027	6.139237
4217	1049	6.008799
4217	3257	6.004875
4217	349	5.997903
4217	1917	5.816401
4217	3173	5.814384
4217	1544	5.770947
4217	1552	5.674957
4217	1101	5.642623
4218	480	4.887155
4218	2916	4.776765
4218	2628	4.748548
4218	2571	4.674828
4218	1127	4.665157
4218	1356	4.547696
4218	3175	4.500128
4218	3005	4.484875
4218	589	4.483064
4218	1374	4.416797
4219	1831	8.135778
4219	196	8.029868
4219	3638	7.472010
4219	1388	7.466382
4219	2722	7.347566
4219	172	7.152532
4219	1590	7.140321
4219	1320	7.070329
4219	2699	6.708015
4219	1391	6.664031
4220	1569	7.203126
4220	1777	6.893109
4220	2424	6.744653
4220	539	6.407051
4220	11	6.353438
4220	852	6.208507
4220	1485	6.054946
4220	1265	6.020494
4220	1747	5.948132
4220	231	5.852691
4221	912	6.254690
4221	260	6.088516
4221	1304	5.675328
4221	913	5.602488
4221	919	5.579996
4221	1204	5.572693
4221	2300	5.490384
4221	750	5.444145
4221	1221	5.412622
4221	2987	5.378263
4222	457	5.684593
4222	2206	5.483332
4222	1089	5.469326
4222	1266	5.320844
4222	1213	5.278461
4222	3893	5.260943
4222	3556	5.221858
4222	1721	5.214137
4222	1617	5.201749
4222	377	5.169692
4223	587	6.128979
4223	1608	6.109145
4223	2803	6.036193
4223	3617	5.949713
4223	380	5.861261
4223	3623	5.579027
4223	3512	5.328042
4223	1721	5.312530
4223	3249	5.149145
4223	1101	5.134812
4224	2424	8.188428
4224	339	7.559233
4224	539	7.248992
4224	368	6.874973
4224	1835	6.601952
4224	1409	6.417601
4224	3528	6.411972
4224	708	6.353592
4224	252	6.337611
4224	2875	6.205045
4225	1265	7.042907
4225	34	6.007560
4225	1307	5.858250
4225	1961	5.837825
4225	3526	5.473075
4225	2321	5.456553
4225	1028	5.333895
4225	1	5.311253
4225	588	5.282495
4225	2243	5.274384
4226	2336	6.121218
4226	2712	5.432984
4226	2013	5.337317
4226	2490	5.280730
4226	2686	5.271424
4226	2581	5.241801
4226	1093	5.013890
4226	2433	4.935275
4226	2723	4.907780
4226	2599	4.898333
4227	3173	5.940903
4227	1544	5.901872
4227	1967	5.898760
4227	551	5.830256
4227	2640	5.648275
4227	2193	5.627105
4227	3070	5.517644
4227	3917	5.504325
4227	3450	5.415064
4227	3	5.398748
4229	1513	5.804553
4229	1777	5.773029
4229	1517	5.651688
4229	2683	5.559447
4229	367	5.558423
4229	2369	5.514881
4229	500	5.479931
4229	2395	5.354965
4229	852	5.250163
4229	104	5.217952
4231	2571	5.593295
4231	2194	5.183066
4231	1374	5.166544
4231	3160	5.072975
4231	110	5.064653
4231	1240	4.971031
4231	1036	4.886554
4231	1580	4.835328
4231	457	4.701122
4231	32	4.657287
4232	3174	5.544972
4232	2683	5.344841
4232	2433	5.222132
4232	2959	5.148887
4232	2396	5.043049
4232	3219	4.885409
4232	2805	4.846786
4232	3175	4.795014
4232	2688	4.781848
4232	3623	4.769571
4233	589	6.454263
4233	480	6.346576
4233	2628	6.052331
4233	2194	6.034784
4233	2916	5.935513
4233	2455	5.923395
4233	1036	5.867019
4233	2640	5.751537
4233	2160	5.707211
4233	1129	5.690591
4234	260	5.947010
4234	912	5.818239
4234	3435	5.787741
4234	1304	5.746181
4234	750	5.482858
4234	1230	5.458006
4234	899	5.386785
4234	1206	5.319761
4234	2300	5.266274
4234	2987	5.200390
4235	1101	6.035034
4235	1608	6.002053
4235	2628	5.557525
4235	1573	5.268281
4235	3173	5.224627
4235	2115	5.202870
4235	733	5.087996
4235	1580	5.004860
4235	648	4.999754
4235	3107	4.965424
4236	2712	6.057556
4236	968	6.047184
4236	2723	5.926565
4236	2720	5.688567
4236	2710	5.581758
4236	223	5.576066
4236	2490	5.567046
4236	2719	5.548402
4236	3016	5.437863
4236	2598	5.409220
4237	1580	6.602916
4237	474	6.261400
4237	457	6.238564
4237	1370	6.057143
4237	1573	6.048111
4237	1608	5.980276
4237	1584	5.879037
4237	16	5.861289
4237	454	5.783683
4237	1805	5.768814
4238	913	7.940103
4238	903	7.348591
4238	1201	7.183059
4238	904	7.096995
4238	1206	6.966429
4238	1214	6.889045
4238	1954	6.885303
4238	1952	6.642023
4238	3365	6.616307
4238	1953	6.573195
4239	1214	6.562825
4239	1240	6.177491
4239	32	5.963936
4239	1206	5.940542
4239	589	5.846184
4239	1269	5.667165
4239	2916	5.506525
4239	1617	5.478158
4239	457	5.400325
4239	1584	5.162648
4240	1088	5.006811
4240	2746	4.985828
4240	2406	4.920422
4240	2628	4.877760
4240	2193	4.855376
4240	2011	4.742067
4240	2161	4.692488
4240	2105	4.665317
4240	1073	4.563420
4240	2115	4.519721
4241	2490	5.947794
4241	2336	5.873431
4241	3175	5.779226
4241	2605	5.556870
4241	2686	5.454351
4241	2581	5.430253
4241	1093	5.399852
4241	2396	5.292790
4241	2710	5.286289
4241	3081	5.220046
4242	1747	5.769991
4242	39	5.512029
4242	104	5.439517
4242	357	5.430446
4242	1569	5.425865
4242	1883	5.345563
4242	11	5.328578
4242	597	5.313296
4242	1777	5.268643
4242	1393	5.153738
4243	2087	6.512112
4243	1019	6.508907
4243	899	6.215669
4243	1073	6.072549
4243	969	5.989397
4243	2950	5.977446
4243	2987	5.829055
4243	260	5.747357
4243	2067	5.564928
4243	1225	5.562066
4245	1527	7.945726
4245	2916	7.767494
4245	1129	7.267076
4245	2455	7.052605
4245	480	7.035865
4245	329	6.906950
4245	2985	6.891263
4245	589	6.844702
4245	2167	6.840389
4245	1653	6.715928
4246	1961	4.858023
4246	3751	4.814490
4246	1265	4.797974
4246	3897	4.750609
4246	2997	4.674433
4246	1307	4.530013
4246	3763	4.448858
4246	1968	4.380610
4246	3552	4.305492
4246	3098	4.275995
4247	1831	7.462485
4247	172	6.731060
4247	3697	6.436981
4247	1779	6.422696
4247	435	6.406417
4247	185	6.400300
4247	1882	6.163199
4247	3638	6.121870
4247	1917	6.081019
4247	1544	5.960902
4248	587	5.051074
4248	356	4.984128
4248	588	4.808336
4248	1183	4.582447
4248	509	4.504966
4248	1747	4.398672
4248	1721	4.385080
4248	593	4.373368
4248	266	4.205304
4248	1094	4.201256
4249	3257	6.117312
4249	3354	6.031080
4249	2628	5.887611
4249	2617	5.877488
4249	1377	5.799530
4249	1544	5.618836
4249	70	5.580934
4249	1779	5.578995
4249	2672	5.531772
4249	2640	5.396722
4250	480	6.529281
4250	592	6.472902
4250	3148	6.331315
4250	2420	6.321858
4250	1912	6.274778
4250	1358	6.119519
4250	3270	6.117083
4250	3176	6.105667
4250	2916	5.956031
4250	1580	5.922228
4251	2000	5.448521
4251	3448	5.423090
4251	1265	5.355455
4251	1961	5.186266
4251	3039	4.902874
4251	2918	4.850101
4251	1220	4.840716
4251	3526	4.777125
4251	246	4.745848
4251	3317	4.728685
4252	2490	6.647092
4252	1917	6.637421
4252	24	6.596935
4252	2617	6.436604
4252	2701	6.407010
4252	3273	6.317665
4252	3623	6.252050
4252	2126	6.144805
4252	3113	6.022035
4252	1552	5.869495
4253	912	6.130510
4253	919	6.054722
4253	1947	6.031077
4253	260	5.770870
4253	1208	5.657553
4253	1073	5.451095
4253	2987	5.440137
4253	899	5.374671
4253	1272	5.358026
4253	1136	5.341526
4255	913	7.084233
4255	3654	6.960045
4255	1214	6.762617
4255	1333	6.715747
4255	1997	6.695366
4255	1266	6.557760
4255	2947	6.473081
4255	1201	6.424540
4255	1206	6.330989
4255	904	6.186778
4257	3175	5.379008
4257	2699	5.291890
4257	2710	5.223549
4257	3623	5.213578
4257	2723	5.149285
4257	2580	5.137395
4257	2712	5.098318
4257	223	5.073041
4257	3219	5.041570
4257	3005	4.988197
4258	3707	6.632297
4258	253	6.607676
4258	3844	6.245444
4258	2717	6.138204
4258	3897	6.068757
4258	3328	5.925567
4258	3949	5.890858
4258	3608	5.787095
4258	3424	5.768065
4258	3751	5.728319
4260	1265	5.837682
4260	3526	5.637911
4260	3552	5.576341
4260	608	5.337682
4260	3448	5.274381
4260	593	5.069977
4260	1307	5.051924
4260	2918	5.049602
4260	3210	5.036470
4260	3317	5.014567
4261	2628	6.632202
4261	1527	6.318975
4261	1573	6.177690
4261	3107	6.149550
4261	2916	6.011777
4261	589	5.957127
4261	1385	5.855061
4261	2989	5.767648
4261	349	5.720507
4261	3527	5.710043
4262	2797	5.327077
4262	1307	5.121316
4262	1961	5.093383
4262	1663	5.023043
4262	1197	4.756732
4262	3552	4.734700
4262	2804	4.601389
4262	3072	4.515621
4262	1097	4.493146
4262	2003	4.470891
4263	2688	5.487278
4263	2396	5.360543
4263	2581	5.346862
4263	2433	5.325724
4263	3174	5.319947
4263	2712	5.314301
4263	2490	5.232398
4263	2598	5.206464
4263	2881	5.146125
4263	2013	5.116860
4265	2087	7.506809
4265	899	6.596230
4265	919	6.535100
4265	920	6.219902
4265	916	6.203695
4265	2018	6.077971
4265	1019	6.077475
4265	1294	6.049492
4265	2067	6.048687
4265	1073	6.003820
4266	2490	7.056251
4266	1513	6.763145
4266	2723	6.585904
4266	2881	6.438974
4266	3053	6.259164
4266	2683	6.169631
4266	2336	5.756979
4266	2676	5.723957
4266	2605	5.649308
4266	2710	5.635212
4267	3175	5.598927
4267	2396	5.512490
4267	2712	5.308882
4267	2881	5.287081
4267	2580	5.260238
4267	2581	4.928892
4267	223	4.838718
4267	2762	4.797324
4267	2805	4.775026
4267	2770	4.728584
4268	2054	5.580888
4268	2405	5.078927
4268	2746	5.025598
4268	673	5.018480
4268	2717	5.006582
4268	434	4.873738
4268	3452	4.868001
4268	2012	4.860030
4268	1088	4.851732
4268	2100	4.815714
4269	329	6.491676
4269	1690	6.361989
4269	1876	6.147565
4269	196	5.997143
4269	185	5.943913
4269	1644	5.886408
4269	1717	5.832495
4269	1831	5.814982
4269	1676	5.692882
4269	1603	5.582555
4271	3256	6.309341
4271	1921	6.281556
4271	1573	6.259977
4271	1101	5.966059
4271	466	5.862906
4271	1370	5.846898
4271	1586	5.842191
4271	1580	5.703420
4271	3555	5.674630
4271	2628	5.661434
4272	1831	8.517327
4272	1037	7.126593
4272	185	7.116778
4272	196	7.035663
4272	172	7.030977
4272	1371	7.013530
4272	2642	6.768984
4272	3697	6.665558
4272	1590	6.624000
4272	1882	6.524028
4273	1307	5.756001
4273	2716	5.029853
4273	1265	4.994406
4273	1394	4.742564
4273	3543	4.420760
4273	1270	4.361349
4273	2918	4.359750
4273	3072	4.347399
4273	1387	4.338688
4273	1674	4.335470
4274	1831	7.433095
4274	1037	7.058246
4274	185	6.888956
4274	1779	6.794646
4274	1371	6.755370
4274	1917	6.641878
4274	3697	6.571978
4274	1676	6.556534
4274	1375	6.442916
4274	1876	6.407914
4275	3623	4.603324
4275	380	4.538649
4275	377	4.466842
4275	2406	4.448338
4275	457	4.313525
4275	3793	4.145580
4275	1959	4.118832
4275	1407	4.118107
4275	3256	4.107078
4275	2959	4.102810
4276	2571	4.796421
4276	2028	4.514906
4276	1196	4.499254
4276	260	4.453105
4276	3114	4.431231
4276	2762	4.304960
4276	3176	4.285467
4276	2987	4.255174
4276	480	4.228971
4276	1198	4.225769
4277	1088	7.693252
4277	1019	7.190968
4277	3264	6.746522
4277	3398	6.328381
4277	1321	6.230485
4277	2005	6.177163
4277	673	6.140575
4277	1347	6.117879
4277	2054	6.052140
4277	1717	5.978785
4278	1527	6.965421
4278	1573	6.651622
4278	349	6.221553
4278	3107	6.139823
4278	1722	6.111860
4278	380	6.087262
4278	1552	6.068717
4278	10	6.041188
4278	1580	5.992429
4278	292	5.987844
4279	1265	7.132059
4279	1307	6.813104
4279	104	6.069132
4279	3552	6.017357
4279	2243	5.984220
4279	3526	5.897233
4279	3424	5.568055
4279	500	5.494015
4279	1961	5.415402
4279	3072	5.406942
4280	2490	5.333974
4280	2699	5.179208
4280	3113	5.063411
4280	2706	5.045599
4280	2701	4.985968
4280	2713	4.967418
4280	3053	4.954972
4280	2541	4.935177
4280	2722	4.925983
4280	2433	4.885609
4281	1777	6.718286
4281	597	6.614248
4281	588	6.507231
4281	1265	6.384357
4281	339	6.186486
4281	3253	6.137080
4281	587	6.096707
4281	356	5.934141
4281	440	5.897619
4281	1183	5.841632
4283	920	5.294828
4283	2797	5.152540
4283	1097	4.981238
4283	1220	4.778148
4283	246	4.692433
4283	1674	4.575200
4283	2174	4.478813
4283	912	4.472480
4283	1307	4.466132
4283	2791	4.456291
4284	1690	7.581343
4284	1320	7.064952
4284	2716	6.789866
4284	329	6.749249
4284	1917	6.718889
4284	316	6.701668
4284	1831	6.611733
4284	196	6.593421
4284	1372	6.533668
4284	3638	6.415496
4285	2490	5.423754
4285	2013	5.217213
4285	2713	5.188930
4285	913	5.092796
4285	2701	4.998115
4285	2710	4.991217
4285	2881	4.947133
4285	2688	4.919924
4285	2722	4.839887
4285	3354	4.803368
4286	3717	7.231599
4286	3752	7.197990
4286	2478	7.186432
4286	1222	6.627794
4286	3623	6.308601
4286	3617	6.200431
4286	3273	5.981759
4286	3785	5.922715
4286	1513	5.840607
4286	2194	5.480589
4287	1831	7.832773
4287	1917	7.734222
4287	2393	7.504153
4287	2605	7.453583
4287	329	7.177534
4287	1037	7.101383
4287	316	7.094939
4287	1375	7.085876
4287	1882	7.066740
4287	3113	6.949227
4289	1307	7.345474
4289	1394	6.935709
4289	1228	6.795738
4289	1961	6.774460
4289	3072	6.613444
4289	3608	6.495529
4289	1197	6.322607
4289	1663	6.293666
4289	3552	6.240688
4289	1091	6.190604
4290	1580	5.478306
4290	480	5.348758
4290	457	5.309086
4290	3176	5.252363
4290	1912	4.949055
4290	32	4.873588
4290	2571	4.857570
4290	1673	4.795868
4290	2916	4.757855
4290	1584	4.688759
4291	1831	6.563874
4291	185	5.694449
4291	1373	5.506011
4291	3638	5.492666
4291	1320	5.370035
4291	1375	5.349614
4291	1690	5.306970
4291	674	5.303396
4291	1371	5.171422
4291	2985	5.148082
4292	1573	6.735638
4292	2628	6.464736
4292	316	6.325754
4292	1876	6.305869
4292	1608	6.137369
4292	1101	6.079471
4292	349	5.993523
4292	292	5.910228
4292	95	5.744430
4292	1356	5.740216
4293	1307	6.478606
4293	3654	5.845784
4293	2150	5.806549
4293	1394	5.766518
4293	608	5.674739
4293	3552	5.651930
4293	1961	5.532933
4293	1228	5.518332
4293	1304	5.475704
4293	1960	5.441036
4294	3623	4.127409
4294	2762	4.058405
4294	2858	3.908974
4294	3753	3.905808
4294	3793	3.747446
4294	3578	3.737384
4294	3408	3.590600
4294	380	3.513970
4294	1206	3.480440
4294	3510	3.461274
4295	2797	4.935171
4295	2100	4.868724
4295	2470	4.774815
4295	2105	4.767708
4295	2011	4.714765
4295	2371	4.624270
4295	2133	4.591150
4295	2145	4.572802
4295	2174	4.498101
4295	3552	4.488651
4296	2502	6.665878
4296	2336	6.528097
4296	1513	6.260253
4296	2906	6.155041
4296	3174	6.095738
4296	2959	5.880890
4296	1959	5.827126
4296	3175	5.713847
4296	2318	5.664790
4296	2688	5.626068
4297	1259	5.734158
4297	260	5.349576
4297	1394	5.329222
4297	1197	5.247675
4297	2804	5.241147
4297	1198	5.213645
4297	1961	5.121076
4297	1282	5.046409
4297	919	4.982648
4297	908	4.973419
4298	1214	6.700724
4298	908	6.672667
4298	1333	6.477484
4298	1240	6.369855
4298	1124	6.352928
4298	2664	6.333966
4298	1956	6.285476
4298	2194	6.229234
4298	1962	6.143336
4298	1997	5.950609
4299	539	6.195766
4299	2424	5.987376
4299	1569	5.976191
4299	11	5.913084
4299	357	5.899079
4299	1485	5.848145
4299	356	5.846922
4299	2671	5.670413
4299	1393	5.610547
4299	586	5.469940
4300	588	6.909187
4300	1029	6.396483
4300	2294	6.275337
4300	1294	6.084616
4300	2078	6.028367
4300	34	5.733590
4300	2087	5.701892
4300	2080	5.656284
4300	596	5.632093
4300	1032	5.585669
4301	260	5.501676
4301	750	5.349356
4301	1198	5.093098
4301	1210	5.088925
4301	1097	5.035975
4301	3471	5.000237
4301	1387	4.994031
4301	1247	4.912838
4301	1214	4.909568
4301	919	4.905845
4302	1307	6.277732
4302	3608	5.632644
4302	1961	5.566501
4302	3717	5.351461
4302	2716	5.194167
4302	3552	5.191643
4302	3248	5.190939
4302	2431	5.169900
4302	3072	5.135174
4302	1197	5.119928
4303	1321	6.894094
4303	1971	6.479293
4303	2455	6.402759
4303	2167	6.338552
4303	1982	6.328997
4303	1969	6.305807
4303	1974	6.301566
4303	1345	6.253390
4303	2288	6.234911
4303	2121	6.219064
4305	2355	5.923674
4305	674	5.057292
4305	1373	4.977674
4305	588	4.942279
4305	1909	4.924301
4305	1676	4.916423
4305	1	4.830030
4305	3114	4.778323
4305	1831	4.726345
4305	1876	4.648327
4306	1917	6.780527
4306	1527	6.404915
4306	185	6.107744
4306	1690	6.051193
4306	2881	5.952580
4306	2722	5.943972
4306	3697	5.932085
4306	329	5.928854
4306	1792	5.904201
4306	2808	5.848040
4307	608	4.883372
4307	1240	4.732140
4307	1249	4.678913
4307	593	4.594912
4307	1198	4.560850
4307	260	4.496372
4307	1196	4.472661
4307	296	4.464205
4307	50	4.445322
4307	1089	4.400362
4308	1198	4.944747
4308	593	4.753625
4308	296	4.697979
4308	318	4.667277
4308	2028	4.577461
4308	2858	4.570539
4308	1222	4.472786
4308	260	4.467270
4308	858	4.440401
4308	2194	4.423604
4309	2433	5.490056
4309	2396	5.111105
4309	2805	5.077770
4309	736	5.063700
4309	3175	4.990534
4309	223	4.816810
4309	2599	4.801905
4309	3174	4.774091
4309	3081	4.759427
4309	2580	4.757938
4310	3893	5.482090
4310	3948	5.244144
4310	1089	5.026998
4310	3578	4.929215
4310	3617	4.905694
4310	3755	4.886293
4310	50	4.702389
4310	1222	4.697861
4310	3510	4.667536
4310	3911	4.622039
4311	1307	6.214977
4311	1380	5.922365
4311	2746	5.819458
4311	3072	5.738262
4311	1394	5.217689
4311	3685	5.144313
4311	2717	5.033504
4311	1088	5.020814
4311	1230	4.979817
4311	1333	4.853776
4312	1307	7.079948
4312	2150	6.136457
4312	1394	6.019614
4312	3608	5.913513
4312	2478	5.845346
4312	3617	5.818506
4312	3362	5.594231
4312	1148	5.542262
4312	3948	5.316433
4312	3717	5.285476
4313	2858	5.035970
4313	3671	4.939119
4313	1307	4.804122
4313	2791	4.746643
4313	1387	4.742372
4313	2657	4.668948
4313	3868	4.613350
4313	1077	4.583391
4313	1278	4.566296
4313	1276	4.528326
4314	253	5.260936
4314	3897	4.939268
4314	3863	4.746101
4314	3893	4.420726
4314	1089	4.387204
4314	3408	4.351718
4314	3638	4.290737
4314	3608	4.278218
4314	3535	4.263741
4314	3948	4.236787
4315	364	4.411168
4315	2167	4.171668
4315	3155	4.134351
4315	2916	4.114520
4315	3827	4.058388
4315	2146	4.026944
4315	1912	3.963721
4315	3499	3.949552
4315	36	3.917125
4315	2409	3.831098
4316	367	4.475051
4316	2628	4.256857
4316	3753	4.140702
4316	3623	4.140533
4316	592	4.087469
4316	2470	4.076894
4316	2100	4.054829
4316	2406	4.023953
4316	2000	3.948482
4316	2797	3.931350
4317	589	6.506780
4317	2455	6.198515
4317	2160	5.839875
4317	1240	5.783303
4317	2640	5.699682
4317	3702	5.684747
4317	2948	5.583415
4317	2288	5.572814
4317	3527	5.534676
4317	2529	5.529505
4318	589	6.136084
4318	1206	6.101005
4318	2571	5.734700
4318	3354	5.713648
4318	260	5.568216
4318	2028	5.554857
4318	1240	5.465980
4318	1200	5.441564
4318	1610	5.407649
4318	648	5.402479
4319	3160	4.568527
4319	2384	4.400831
4319	36	4.342560
4319	3175	4.330330
4319	3081	4.210882
4319	1073	4.188154
4319	1339	4.069697
4319	2390	4.048718
4319	2908	4.039348
4319	592	4.019930
4320	480	6.587720
4320	2628	6.476406
4320	2916	6.282540
4320	349	5.732086
4320	1356	5.709837
4320	1573	5.646525
4320	589	5.589886
4320	2571	5.547512
4320	2105	5.537918
4320	648	5.535061
4321	1307	5.985878
4321	1394	5.751348
4321	2918	5.117081
4321	1265	5.067752
4321	1197	5.008120
4321	1	4.960732
4321	608	4.871285
4321	1270	4.814802
4321	750	4.646296
4321	2858	4.560506
4322	610	6.956601
4322	2916	6.477261
4322	2985	6.281783
4322	648	6.246411
4322	1370	6.236393
4322	1754	6.156457
4322	353	6.148621
4322	1573	6.090135
4322	3256	6.064884
4322	2528	6.045584
4323	1307	5.770924
4323	2100	5.354363
4323	356	5.308947
4323	2762	5.258587
4323	1513	5.212007
4323	1265	5.123342
4323	3157	5.075695
4323	367	5.015365
4323	2396	4.932678
4323	2355	4.800701
4324	912	6.399803
4324	919	5.539604
4324	1304	5.442048
4324	1299	5.431124
4324	1233	5.394861
4324	1252	5.374420
4324	1259	5.335296
4324	1207	5.325576
4324	1262	5.320408
4324	1136	5.315348
4326	3176	7.402366
4326	3148	7.263765
4326	1682	6.827885
4326	1625	6.725340
4326	1912	6.648682
4326	587	6.645142
4326	1393	6.570751
4326	1721	6.560193
4326	1883	6.501054
4326	372	6.469899
4327	2028	6.080219
4327	260	5.990376
4327	527	5.975202
4327	2571	5.693335
4327	1198	5.618240
4327	2968	5.559183
4327	1196	5.547154
4327	480	5.533635
4327	2628	5.479063
4327	1233	5.420626
4328	1265	6.839309
4328	1500	6.456740
4328	3255	6.096977
4328	1307	5.998995
4328	293	5.853114
4328	104	5.843195
4328	1747	5.802532
4328	39	5.724836
4328	3552	5.664414
4328	1883	5.463663
4329	1573	7.307269
4329	1356	6.731962
4329	648	6.668819
4329	1527	6.652757
4329	1676	6.455333
4329	1552	6.399747
4329	1608	6.308149
4329	2628	6.220238
4329	1917	6.203364
4329	2916	6.193739
4330	920	5.165147
4330	903	4.894419
4330	919	4.851670
4330	260	4.836743
4330	3435	4.807193
4330	1304	4.767229
4330	930	4.746229
4330	1617	4.707898
4330	924	4.701513
4330	1201	4.688330
4331	3763	5.048632
4331	2710	4.862578
4331	1407	4.727019
4331	2716	4.722626
4331	968	4.707553
4331	3160	4.613675
4331	2858	4.568690
4331	3702	4.536223
4331	253	4.455469
4331	2826	4.374311
4333	1831	8.260173
4333	196	6.907838
4333	1676	6.888677
4333	3697	6.884329
4333	1917	6.862309
4333	2393	6.837765
4333	2808	6.779069
4333	1876	6.763465
4333	1375	6.748711
4333	3638	6.659789
4334	1527	7.121775
4334	1876	7.110284
4334	1215	6.841686
4334	1676	6.751317
4334	1690	6.598507
4334	1320	6.588114
4334	1831	6.582231
4334	2393	6.412571
4334	1544	6.382324
4334	1373	6.303352
4335	736	7.055528
4335	1917	7.031924
4335	2699	6.633225
4335	434	6.590892
4335	1391	6.588475
4335	153	6.573288
4335	208	6.355511
4335	1597	6.230922
4335	1676	6.218482
4335	2605	6.212598
4336	1092	5.742126
4336	1909	5.596532
4336	1206	5.410684
4336	2707	5.226080
4336	3354	5.179808
4336	1653	5.055114
4336	2916	4.925291
4336	32	4.761601
4336	1370	4.660726
4336	2699	4.652857
4337	1974	7.594518
4337	968	7.385104
4337	2513	7.102760
4337	1347	7.082950
4337	1321	7.018829
4337	3869	6.928935
4337	1345	6.915077
4337	3264	6.812963
4337	1339	6.510903
4337	1991	6.398639
4338	1265	4.892478
4338	608	4.865571
4338	1968	4.802455
4338	2321	4.737063
4338	1500	4.729503
4338	3751	4.652065
4338	3552	4.624755
4338	593	4.597247
4338	296	4.580808
4338	2791	4.565660
4339	1917	6.997386
4339	1573	6.647107
4339	349	6.637443
4339	316	6.508698
4339	1597	6.409400
4339	380	6.387218
4339	736	6.261346
4339	10	6.223896
4339	2628	6.219287
4339	353	6.210065
4341	2858	5.008322
4341	589	4.901468
4341	608	4.692525
4341	50	4.646704
4341	1580	4.558754
4341	457	4.545291
4341	2571	4.428721
4341	2542	4.421888
4341	1617	4.404519
4341	1921	4.349849
4342	2668	6.362355
4342	3098	6.268498
4342	1997	6.236438
4342	1234	6.161871
4342	2717	6.135705
4342	3707	6.066032
4342	1304	5.933985
4342	1957	5.921207
4342	3683	5.875425
4342	2456	5.843667
4343	788	6.958284
4343	485	6.826509
4343	1391	6.755297
4343	1377	6.599257
4343	2012	6.569260
4343	3257	6.414910
4343	3617	6.354028
4343	2701	6.304076
4343	1917	6.280516
4343	1379	6.278272
4344	2717	8.637236
4344	2431	7.290093
4344	3263	7.277663
4344	2247	7.273180
4344	1961	7.228275
4344	2375	6.874118
4344	3388	6.869319
4344	1091	6.709583
4344	3688	6.625633
4344	520	6.401604
4345	588	8.212859
4345	2087	7.812820
4345	595	7.802369
4345	3034	7.564626
4345	2081	7.492445
4345	783	7.391044
4345	2085	7.346324
4345	594	7.217516
4345	2294	6.708403
4345	596	6.607914
4346	1198	5.389561
4346	1221	5.366513
4346	1214	5.360966
4346	1240	5.331153
4346	260	5.292186
4346	1200	5.158109
4346	1196	5.150435
4346	1206	5.139476
4346	1387	5.134285
4346	3471	4.945856
4347	587	6.349778
4347	2875	5.614075
4347	736	5.570661
4347	3257	5.436724
4347	380	5.348599
4347	1721	5.270594
4347	3528	5.071721
4347	1608	5.070793
4347	236	5.031257
4347	1711	4.968915
4350	2858	5.003113
4350	1265	4.897290
4350	2716	4.691250
4350	1188	4.502168
4350	2657	4.457559
4350	3671	4.445157
4350	1307	4.437484
4350	647	4.387630
4350	920	4.344274
4350	3362	4.324929
4351	316	6.774002
4351	1391	6.626412
4351	2826	6.589770
4351	1544	6.528119
4351	1372	6.394139
4351	3697	6.347639
4351	2002	6.280699
4351	2628	6.228743
4351	466	6.225211
4351	434	5.993551
4352	2470	7.349967
4352	2100	7.223283
4352	520	7.118565
4352	1126	7.023758
4352	367	6.860329
4352	1513	6.845849
4352	2405	6.695044
4352	344	6.692339
4352	153	6.630790
4352	2961	6.606065
4353	253	5.827448
4353	3717	5.387279
4353	3608	5.361682
4353	3897	5.147504
4353	3510	5.032321
4353	2001	4.931430
4353	3578	4.925887
4353	1391	4.855827
4353	3638	4.854090
4353	3763	4.766698
4354	913	7.301774
4354	1201	6.789703
4354	3508	6.733152
4354	2406	6.293290
4354	912	6.256415
4354	1947	5.961132
4354	1207	5.795750
4354	1204	5.705077
4354	3037	5.523809
4354	3196	5.501082
4355	1527	6.231566
4355	2916	6.190311
4355	2985	5.798992
4355	480	5.791777
4355	589	5.729995
4355	2167	5.454311
4355	2571	5.409874
4355	1876	5.347754
4355	1580	5.270191
4355	329	5.236605
4356	260	5.221959
4356	750	5.191680
4356	2858	5.033745
4356	1210	4.967862
4356	1196	4.964632
4356	2028	4.951347
4356	527	4.951134
4356	3471	4.916569
4356	589	4.775413
4356	1097	4.600623
4357	588	5.333713
4357	2294	5.178750
4357	17	5.118134
4357	1094	5.017298
4357	2384	4.845034
4357	356	4.835380
4357	34	4.627371
4357	1265	4.571216
4357	783	4.554524
4357	2396	4.553455
4358	2716	7.347074
4358	913	7.216705
4358	3508	6.797932
4358	1201	6.691151
4358	1387	6.546573
4358	3016	6.381627
4358	2598	6.153150
4358	3516	5.872860
4358	2369	5.748715
4358	2921	5.696244
4359	2005	5.659928
4359	1073	5.429877
4359	1220	5.119404
4359	25	5.045506
4359	2692	5.019518
4359	2470	4.987592
4359	36	4.819395
4359	2329	4.746088
4359	2406	4.745172
4359	150	4.672044
4360	2717	7.704809
4360	520	7.005069
4360	2247	6.575578
4360	3263	6.454532
4360	3258	6.394687
4360	216	6.225519
4360	344	6.217546
4360	500	6.208856
4360	2335	6.012771
4360	355	5.992116
4361	1073	5.429925
4361	969	5.255433
4361	2968	5.198255
4361	1907	5.111109
4361	1097	5.052194
4361	1035	4.982864
4361	1287	4.926565
4361	2916	4.883946
4361	364	4.854343
4361	1225	4.819973
4362	2321	6.749562
4362	1060	6.547774
4362	32	6.543406
4362	1883	6.534518
4362	1732	6.515518
4362	1885	6.320603
4362	39	6.272192
4362	21	6.181776
4362	293	6.073041
4362	1584	6.048957
4363	2881	5.817205
4363	3438	5.578161
4363	2193	5.411176
4363	2605	5.024619
4363	2490	4.962070
4363	1377	4.881837
4363	185	4.803238
4363	653	4.797981
4363	1556	4.796227
4363	2716	4.793745
4364	196	6.841516
4364	1388	6.668722
4364	1321	6.447512
4364	968	6.407859
4364	2121	6.286699
4364	2367	6.259422
4364	2787	6.220720
4364	2716	6.211332
4364	3708	5.944001
4364	3638	5.943637
4366	2997	4.760508
4366	2716	4.685460
4366	3751	4.618281
4366	1265	4.581766
4366	3897	4.414454
4366	2355	4.413790
4366	3032	4.364916
4366	293	4.320244
4366	3638	4.270395
4366	3174	4.243984
4367	912	5.883816
4367	260	5.728905
4367	3471	5.467546
4367	913	5.275166
4367	527	5.184761
4367	1196	5.157684
4367	1252	5.094200
4367	2987	5.061979
4367	1206	5.006206
4367	1272	4.959906
4368	1580	5.433953
4368	2571	5.342127
4368	454	5.332856
4368	589	5.256553
4368	3578	5.165234
4368	457	5.134894
4368	474	4.944378
4368	3408	4.879786
4368	6	4.873341
4368	3176	4.800808
4369	912	6.387751
4369	920	6.239197
4369	1276	6.024797
4369	1230	5.998897
4369	919	5.900181
4369	1380	5.819341
4369	1947	5.785399
4369	910	5.751134
4369	1952	5.663556
4369	1247	5.656884
4370	1883	6.238725
4370	1393	6.006214
4370	1784	5.845138
4370	3176	5.795140
4370	1923	5.783729
4370	1732	5.766369
4370	3253	5.676979
4370	1682	5.661680
4370	2321	5.646675
4370	39	5.639264
4371	2688	6.088503
4371	2683	6.053166
4371	3219	5.861889
4371	2906	5.799969
4371	2502	5.743278
4371	2013	5.722561
4371	785	5.686125
4371	2805	5.677220
4371	3174	5.648944
4371	2369	5.575173
4373	3435	7.993953
4373	903	7.735243
4373	1267	7.509701
4373	904	7.350504
4373	1304	7.278475
4373	1206	7.273384
4373	1214	7.183115
4373	1953	7.123467
4373	1230	7.023726
4373	1252	7.014436
4374	2571	5.562668
4374	3702	5.374458
4374	1214	5.279549
4374	296	5.031182
4374	2000	5.025689
4374	1198	5.023496
4374	1213	4.998586
4374	1617	4.945394
4374	608	4.935912
4374	2858	4.887259
4375	3638	5.252548
4375	1527	5.141409
4375	185	5.101563
4375	3354	5.045321
4375	1206	4.968934
4375	2617	4.888871
4375	2167	4.883187
4375	1876	4.848975
4375	780	4.834485
4375	1407	4.809314
4376	2028	4.968121
4376	1210	4.955459
4376	608	4.934885
4376	593	4.886066
4376	527	4.843906
4376	2858	4.811957
4376	1097	4.727416
4376	1617	4.704158
4376	2291	4.563589
4376	318	4.515989
4377	1690	6.906945
4377	1037	6.767672
4377	1717	6.551439
4377	2722	6.510633
4377	196	6.482412
4377	3638	6.436418
4377	1320	6.424081
4377	1917	6.380809
4377	2713	6.350340
4377	2428	6.272308
4378	2571	5.135593
4378	608	5.127647
4378	1240	4.911079
4378	2194	4.891108
4378	3751	4.826844
4378	296	4.811883
4378	1213	4.791750
4378	3510	4.766427
4378	593	4.724937
4378	1249	4.711100
4379	2716	5.609696
4379	1265	5.327302
4379	1079	5.002629
4379	2791	4.815223
4379	2997	4.809106
4379	2858	4.807532
4379	1270	4.806680
4379	2355	4.763077
4379	34	4.713565
4379	2918	4.673807
4380	2716	6.493949
4380	2683	6.113417
4380	2581	6.076700
4380	2805	6.040803
4380	2710	5.955271
4380	2723	5.848952
4380	2699	5.840336
4380	2490	5.773798
4380	2598	5.496252
4380	2713	5.472173
4381	2716	6.566117
4381	1513	6.410642
4381	2490	6.178498
4381	2906	6.132891
4381	2723	6.130940
4381	2683	6.112330
4381	3174	6.110034
4381	3175	6.105944
4381	2336	6.103387
4381	2881	5.976929
4382	2605	6.321179
4382	2723	6.042532
4382	2881	5.995904
4382	736	5.892629
4382	1917	5.855285
4382	2716	5.798438
4382	2688	5.727405
4382	3623	5.665830
4382	2699	5.562977
4382	2683	5.509935
4384	3717	5.944424
4384	3623	5.416465
4384	3510	5.094459
4384	3273	4.993690
4384	2012	4.852531
4384	435	4.843412
4384	1391	4.783018
4384	2002	4.779758
4384	3744	4.721821
4384	485	4.647736
4386	2000	7.185433
4386	2001	7.076029
4386	2194	6.876328
4386	3535	6.839555
4386	3897	6.569137
4386	3317	6.484959
4386	3598	6.360291
4386	3893	6.306337
4386	3608	6.152169
4386	3785	6.139481
4387	1682	5.816842
4387	3148	5.746636
4387	1912	5.743783
4387	1269	5.481526
4387	32	5.461947
4387	1339	5.396473
4387	150	5.317914
4387	994	5.223525
4387	3499	5.031859
4387	1449	5.021615
4388	1722	7.657589
4388	1608	7.638075
4388	380	7.619325
4388	1597	6.724842
4388	736	6.562248
4388	2763	6.455729
4388	587	6.415344
4388	368	6.285564
4388	292	6.266882
4388	1573	6.209052
4389	3247	6.031931
4389	2369	5.962655
4389	500	5.917342
4389	3450	5.908580
4389	852	5.630961
4389	1569	5.563815
4389	1513	5.444274
4389	2424	5.357800
4389	3614	5.224944
4389	788	5.174738
4390	2478	7.169953
4390	1513	7.145823
4390	3617	7.027826
4390	500	6.825409
4390	2424	6.799118
4390	2369	6.789366
4390	2100	6.745153
4390	2150	6.562125
4390	3258	6.547998
4390	2375	6.489166
4391	2384	4.953696
4391	1073	4.893334
4391	2174	4.860082
4391	34	4.800844
4391	1097	4.741695
4391	551	4.707053
4391	2797	4.560821
4391	36	4.505192
4391	25	4.345500
4391	2294	4.232487
4394	2710	5.178726
4394	2395	4.900503
4394	3081	4.780353
4394	2369	4.642231
4394	2805	4.384180
4394	2701	4.336919
4394	2396	4.312576
4394	223	4.284258
4394	150	4.226917
4394	3160	4.198399
4395	2628	6.258365
4395	2406	5.876926
4395	1101	5.828524
4395	2115	5.569902
4395	349	5.274802
4395	2193	5.272978
4395	2105	5.133409
4395	1580	5.026756
4395	1036	4.989731
4395	2194	4.968470
4397	2683	5.502221
4397	2581	5.411899
4397	2580	5.201564
4397	2694	5.183493
4397	3174	5.034543
4397	2688	5.034158
4397	3219	4.940142
4397	2599	4.927742
4397	3623	4.906941
4397	2369	4.873181
4399	595	6.079216
4399	588	5.963502
4399	2018	5.796825
4399	3034	5.765206
4399	1029	5.754906
4399	2081	5.647232
4399	1907	5.419686
4399	2080	5.353157
4399	1294	5.322451
4399	596	5.319122
4401	2571	6.588481
4401	589	6.362178
4401	1610	6.338827
4401	457	6.020518
4401	1370	5.988814
4401	3793	5.851574
4401	3623	5.823694
4401	3510	5.800223
4401	3176	5.632605
4401	480	5.616483
4402	2858	4.208440
4402	2628	4.154726
4402	1374	4.116812
4402	1097	4.084776
4402	3510	4.083349
4402	2571	4.074559
4402	3578	3.949716
4402	480	3.903024
4402	1197	3.814823
4402	1196	3.792291
4403	32	6.249678
4403	1584	5.981125
4403	589	5.933406
4403	2571	5.765230
4403	457	5.599562
4403	3702	5.491279
4403	1653	5.378087
4403	1240	5.330403
4403	2529	5.283277
4403	110	5.223356
4404	2722	8.462386
4404	2808	7.917044
4404	1037	7.892351
4404	3638	7.874336
4404	1831	7.858066
4404	1917	7.797746
4404	1690	7.675784
4404	2713	7.502705
4404	1717	7.441384
4404	3697	7.341275
4405	1304	5.082163
4405	912	5.006185
4405	3362	4.850923
4405	1252	4.836512
4405	2858	4.714392
4405	608	4.700760
4405	1199	4.688310
4405	1267	4.686725
4405	1084	4.669205
4405	111	4.643468
4406	919	6.126868
4406	1230	6.078996
4406	260	6.026768
4406	1304	5.950428
4406	908	5.873290
4406	1276	5.749112
4406	1282	5.738588
4406	3435	5.705369
4406	1247	5.561147
4406	1198	5.514576
4407	2701	6.868921
4407	3273	6.686019
4407	2713	6.267858
4407	2054	6.240845
4407	2717	6.189845
4407	2805	6.178079
4407	2840	6.107544
4407	2394	5.754908
4407	2053	5.726464
4407	2253	5.710078
4408	2406	6.988431
4408	3882	5.951097
4408	2193	5.933428
4408	2105	5.904038
4408	3753	5.790444
4408	2115	5.765635
4408	2872	5.672383
4408	1088	5.668202
4408	1275	5.555939
4408	2011	5.549021
4409	2395	6.306636
4409	2706	5.993692
4409	150	5.576382
4409	2396	5.336713
4409	1784	5.254248
4409	356	5.198624
4409	1682	5.151764
4409	2502	5.096632
4409	2683	5.069391
4409	32	5.046668
4411	1380	5.997170
4411	1947	5.683261
4411	1265	5.607625
4411	1961	5.337349
4411	1073	5.247294
4411	1307	5.238403
4411	2797	5.179247
4411	1225	5.076148
4411	34	5.029992
4411	3396	4.828725
4412	3176	5.488899
4412	3623	5.287385
4412	2763	5.111039
4412	1722	5.052964
4412	1721	5.010960
4412	587	4.994422
4412	2699	4.969459
4412	1580	4.913385
4412	2490	4.853625
4412	2433	4.834704
4414	372	6.547084
4414	2424	6.366033
4414	2369	6.219999
4414	1777	6.110270
4414	852	5.888123
4414	587	5.627358
4414	500	5.603430
4414	1409	5.586616
4414	1441	5.447054
4414	231	5.399624
4415	1356	6.070159
4415	589	5.966507
4415	1676	5.785714
4415	2571	5.654900
4415	1580	5.652499
4415	648	5.649939
4415	780	5.631530
4415	329	5.506731
4415	2393	5.462627
4415	1653	5.364942
4416	2580	5.705702
4416	3174	5.560790
4416	2433	5.543141
4416	3175	5.491172
4416	2959	5.248130
4416	2706	5.104707
4416	2712	5.100885
4416	968	5.092049
4416	223	5.087321
4416	2353	5.029538
4417	1917	7.737658
4417	1573	7.086305
4417	3257	7.000379
4417	1391	6.919298
4417	292	6.811933
4417	1876	6.664329
4417	1544	6.559316
4417	316	6.524051
4417	95	6.488790
4417	165	6.450424
4418	1201	7.042597
4418	1219	6.431536
4418	1222	6.276044
4418	1212	6.228264
4418	1387	6.059679
4418	913	5.880926
4418	1080	5.820211
4418	1304	5.698451
4418	903	5.686449
4418	3508	5.607794
4420	1225	5.758674
4420	1206	5.652214
4420	2366	5.575529
4420	1198	5.545655
4420	919	5.506795
4420	969	5.494508
4420	1252	5.450699
4420	1221	5.336364
4420	1997	5.233504
4420	1208	5.218082
4422	1259	5.816566
4422	1097	5.312471
4422	608	5.256158
4422	34	5.140921
4422	2797	5.138395
4422	1307	5.137844
4422	260	5.108394
4422	1	5.073712
4422	1198	5.058769
4422	1028	5.047273
4423	2000	5.429253
4423	1222	5.383110
4423	1240	5.287361
4423	1249	5.241765
4423	3897	5.214129
4423	3751	5.190198
4423	1221	5.123378
4423	2571	5.080558
4423	1198	5.075457
4423	3763	5.059742
4424	608	5.914337
4424	1249	5.693703
4424	1240	5.671489
4424	2571	5.479708
4424	1259	5.435577
4424	296	5.343699
4424	527	5.332792
4424	593	5.279388
4424	1617	5.154239
4424	1210	5.146667
4425	588	5.947463
4425	1265	5.864421
4425	3253	5.781848
4425	1588	5.716024
4425	1643	5.658323
4425	2081	5.549890
4425	34	5.537629
4425	2396	5.528821
4425	48	5.522188
4425	2087	5.486987
4426	1265	6.181557
4426	1223	5.985034
4426	3424	5.897788
4426	1307	5.529345
4426	1394	5.453013
4426	3072	5.371583
4426	1235	5.248453
4426	745	5.162218
4426	1	5.162130
4426	1148	5.146340
4428	2710	6.424339
4428	2976	5.993551
4428	968	5.930983
4428	2716	5.912954
4428	2581	5.583711
4428	2369	5.518049
4428	2713	5.399600
4428	2598	5.377567
4428	2805	5.352351
4428	2395	5.247671
4429	3897	7.612333
4429	3863	6.924661
4429	3624	6.703640
4429	3911	6.432865
4429	3893	6.429942
4429	3317	6.410213
4429	3751	6.288393
4429	3535	6.278094
4429	1089	6.228763
4429	608	6.226244
4430	2805	6.414012
4430	2694	6.367861
4430	2369	6.099886
4430	2701	6.054367
4430	1513	5.795797
4430	333	5.560525
4430	762	5.483150
4430	415	5.363213
4430	2672	5.320707
4430	372	5.310610
4431	1201	5.531853
4431	1387	5.407822
4431	1214	5.259222
4431	1222	5.138744
4431	2858	5.094914
4431	1221	5.091296
4431	1304	5.082643
4431	913	5.051015
4431	608	5.048540
4431	750	5.021635
4432	17	6.243687
4432	588	6.017631
4432	2396	5.736641
4432	2081	5.600320
4432	2336	5.564849
4432	1265	5.485783
4432	1094	5.284203
4432	34	5.162251
4432	357	5.155616
4432	595	5.132651
4433	913	6.986982
4433	1206	6.048119
4433	1201	6.035901
4433	3471	6.009257
4433	1214	5.759363
4433	912	5.741787
4433	750	5.678275
4433	1304	5.644683
4433	260	5.626153
4433	2987	5.599766
4434	3263	5.395009
4434	2108	5.222089
4434	3751	5.208018
4434	2431	5.100842
4434	529	4.903247
4434	2247	4.866093
4434	3897	4.800813
4434	1265	4.783391
4434	3552	4.708003
4434	2997	4.591415
4435	2805	5.683379
4435	2710	5.634700
4435	3176	5.510064
4435	223	5.504627
4435	2395	5.375890
4435	2433	5.298034
4435	2580	5.283426
4435	3623	5.196700
4435	2699	5.192819
4435	2701	5.175945
4436	1206	5.398610
4436	1617	5.141615
4436	3159	5.003697
4436	1240	4.965073
4436	608	4.889555
4436	2987	4.866410
4436	457	4.835125
4436	594	4.825087
4436	3114	4.817410
4436	1	4.808337
4437	1527	6.991903
4437	1372	6.897818
4437	1917	6.778144
4437	316	6.710169
4437	1544	6.638643
4437	1676	6.413379
4437	1909	6.371152
4437	780	6.351191
4437	1690	6.351117
4437	3697	6.344481
4438	3114	4.965497
4438	2396	4.878902
4438	337	4.874744
4438	3174	4.793882
4438	2959	4.789736
4438	2997	4.761530
4438	2762	4.698375
4438	2431	4.641054
4438	2700	4.575966
4438	2395	4.549334
4439	2881	5.713867
4439	2722	5.588551
4439	2490	5.459899
4439	2683	5.439574
4439	2699	5.376084
4439	2805	5.314379
4439	2723	5.289622
4439	24	5.169088
4439	2712	5.117827
4439	2719	5.063001
4440	913	6.468625
4440	1198	6.195801
4440	260	6.136887
4440	1204	6.067372
4440	1221	5.890747
4440	1954	5.854160
4440	2872	5.849028
4440	2406	5.781479
4440	1073	5.748105
4440	1254	5.716253
4441	3623	4.655499
4441	3578	4.546122
4441	2858	4.435852
4441	2706	4.390589
4441	3408	4.245093
4441	1580	4.128023
4441	2762	4.103472
4441	3510	4.081627
4441	2683	4.062889
4441	2628	3.933006
4442	1230	6.771735
4442	1304	6.599797
4442	1276	6.325255
4442	904	6.090563
4442	750	6.025198
4442	1234	6.013071
4442	3435	5.846583
4442	919	5.844926
4442	1214	5.813671
4442	969	5.751350
4443	1230	6.156327
4443	912	6.015384
4443	1947	5.953734
4443	750	5.749721
4443	1294	5.740134
4443	3471	5.707237
4443	1304	5.679614
4443	260	5.618703
4443	1276	5.613606
4443	2987	5.598919
4444	2490	5.973994
4444	2013	5.957193
4444	2336	5.753487
4444	2683	5.670687
4444	2723	5.641298
4444	3053	5.571540
4444	2686	5.535751
4444	2724	5.457886
4444	2394	5.425419
4444	2840	5.393801
4445	2000	6.022955
4445	1213	5.875543
4445	3844	5.847888
4445	3897	5.843414
4445	1124	5.809506
4445	3751	5.721461
4445	1302	5.668642
4445	253	5.602853
4445	2194	5.601680
4445	1089	5.499516
4446	1907	5.514245
4446	3418	5.436930
4446	2916	5.186279
4446	1022	5.171895
4446	969	5.165784
4446	1282	5.004961
4446	2018	5.000322
4446	1214	4.974802
4446	1240	4.929173
4446	2985	4.844718
4447	913	7.088711
4447	912	6.890611
4447	1207	6.443714
4447	260	6.279775
4447	1947	6.237095
4447	1953	6.196732
4447	903	6.179456
4447	919	6.161546
4447	3435	6.138961
4447	3471	6.133570
4448	1625	6.618298
4448	457	6.387354
4448	3044	6.371491
4448	47	6.347737
4448	272	6.315962
4448	1089	6.182487
4448	3148	5.992057
4448	3751	5.913245
4448	1732	5.907702
4448	1645	5.845759
4449	2355	5.429697
4449	2858	5.256319
4449	1210	5.162609
4449	2580	5.145892
4449	2716	5.092485
4449	1127	5.082048
4449	2918	4.939241
4449	589	4.880855
4449	3578	4.843416
4449	3175	4.834084
4450	1831	6.310812
4450	1917	6.090912
4450	2699	5.653805
4450	1779	5.604754
4450	1544	5.587714
4450	3638	5.480533
4450	2710	5.442089
4450	1876	5.427664
4450	3113	5.418413
4450	2808	5.401814
4451	1088	4.900298
4451	1101	4.536658
4451	380	4.487283
4451	3155	4.335774
4451	2406	4.333832
4451	1266	4.301139
4451	3006	4.144811
4451	368	4.062456
4451	590	4.035589
4451	2746	4.016336
4452	2706	5.866980
4452	736	5.610897
4452	454	5.444140
4452	3176	5.409509
4452	3408	5.390685
4452	3253	5.279561
4452	1580	5.278117
4452	1923	5.269833
4452	3148	5.263239
4452	337	5.190844
4453	293	5.081375
4453	1215	5.062324
4453	2858	5.057046
4453	2529	4.787245
4453	3763	4.774895
4453	2532	4.769772
4453	3578	4.664502
4453	608	4.646724
4453	2710	4.610857
4453	3702	4.603806
4454	1391	7.926740
4454	3697	7.513778
4454	2808	7.348835
4454	1831	7.245370
4454	2094	6.929648
4454	3638	6.811358
4454	3257	6.568874
4454	1603	6.526497
4454	2699	6.511480
4454	434	6.445072
4455	1513	5.591828
4455	2683	5.398235
4455	2688	5.386342
4455	2490	5.355844
4455	2881	5.299890
4455	2598	5.212520
4455	3175	5.153474
4455	2336	5.137667
4455	3219	5.054480
4455	2580	5.037972
4456	2300	8.006464
4456	1029	7.683478
4456	594	7.515464
4456	596	7.187469
4456	2080	7.110180
4456	1022	7.076192
4456	1032	6.790448
4456	2096	6.721100
4456	595	6.710626
4456	1294	6.668766
4457	3526	7.242073
4457	3210	7.139864
4457	3552	7.007314
4457	2746	6.871832
4457	2371	6.568456
4457	1663	6.181833
4457	2918	6.120384
4457	2407	6.082542
4457	2797	6.054600
4457	2081	5.986695
4458	2668	6.998093
4458	2717	6.931788
4458	196	6.598655
4458	3638	6.439924
4458	1831	6.325784
4458	3717	6.132975
4458	435	5.975346
4458	253	5.896056
4458	3708	5.887216
4458	3707	5.857245
4459	2321	7.493230
4459	1060	6.999740
4459	2355	6.953369
4459	588	6.819562
4459	34	6.533500
4459	1265	6.471553
4459	1923	6.438116
4459	3108	6.353733
4459	3060	6.331642
4459	1883	6.288187
4460	316	6.884202
4460	1527	6.845362
4460	1372	6.485198
4460	2881	6.444468
4460	1391	6.410308
4460	1573	6.404026
4460	2699	6.378090
4460	1552	6.303629
4460	349	6.100558
4460	2490	6.018277
4461	1282	6.400519
4461	661	6.349050
4461	1019	6.250993
4461	1022	6.217309
4461	2018	6.164076
4461	2087	6.088858
4461	1032	5.740922
4461	2078	5.606024
4461	594	5.593663
4461	2687	5.572571
4462	3752	5.276654
4462	2001	5.252715
4462	2580	5.135798
4462	3717	5.020411
4462	3510	4.940090
4462	2959	4.825742
4462	3408	4.798714
4462	3174	4.782833
4462	785	4.678057
4462	3763	4.646875
4465	296	6.848431
4465	608	6.513269
4465	1220	6.442476
4465	1249	6.414405
4465	593	6.358332
4465	1242	6.192939
4465	318	6.129234
4465	1259	6.098923
4465	2028	5.973894
4465	2194	5.972387
4466	968	4.755485
4466	2997	4.652785
4466	2858	4.611566
4466	1080	4.610393
4466	3702	4.599204
4466	1222	4.457565
4466	1206	4.451190
4466	3671	4.417849
4466	2716	4.363561
4466	3763	4.348074
4467	1307	5.403394
4467	2746	4.927550
4467	2081	4.922992
4467	1088	4.913506
4467	2087	4.807560
4467	3072	4.758824
4467	1380	4.683260
4467	1028	4.515773
4467	1294	4.499753
4467	2080	4.393711
4468	589	5.201925
4468	2858	4.996382
4468	1580	4.664706
4468	3175	4.557801
4468	2571	4.521593
4468	457	4.344223
4468	3578	4.327824
4468	2916	4.312087
4468	1584	4.268242
4468	1240	4.241540
4469	2366	5.598318
4469	913	5.564947
4469	260	5.491549
4469	969	5.317803
4469	1225	5.272694
4469	1387	5.224851
4469	912	5.132474
4469	1206	5.074088
4469	1204	5.050892
4469	919	4.947525
4470	1374	6.355410
4470	2804	5.764294
4470	2194	5.638001
4470	1198	5.583648
4470	2000	5.560094
4470	1246	5.484634
4470	1097	5.461501
4470	3098	5.453084
4470	1291	5.232153
4470	2571	5.226623
4471	1784	6.616535
4471	1060	5.649429
4471	1883	5.589429
4471	1265	5.567709
4471	2706	5.450693
4471	3160	5.445234
4471	1580	5.434171
4471	3253	5.426335
4471	1357	5.396862
4471	150	5.375461
4472	1307	5.956561
4472	2717	5.577579
4472	1265	5.549384
4472	1961	5.152684
4472	2247	5.147570
4472	2746	5.095692
4472	3263	4.920434
4472	2369	4.909046
4472	2100	4.905086
4472	2134	4.860820
4473	969	6.550404
4473	953	6.396294
4473	1214	6.078620
4473	1225	5.995499
4473	1269	5.904473
4473	913	5.826391
4473	2018	5.677967
4473	3359	5.675244
4473	919	5.671359
4473	2664	5.564496
4474	608	5.444858
4474	2858	5.130688
4474	1673	5.130251
4474	589	5.094951
4474	2291	4.982339
4474	110	4.973512
4474	1222	4.947773
4474	2571	4.928458
4474	593	4.877641
4474	1265	4.808748
4475	1876	6.676418
4475	1573	6.584838
4475	1676	6.518645
4475	316	6.090826
4475	2699	6.061566
4475	1372	6.054114
4475	1544	5.985508
4475	1391	5.882625
4475	2094	5.727869
4475	648	5.651731
4476	1527	6.776688
4476	2916	6.311276
4476	2167	6.074775
4476	329	6.062402
4476	1876	5.773832
4476	780	5.738328
4476	1320	5.692754
4476	2528	5.669418
4476	1690	5.606104
4476	1909	5.445595
4477	648	5.224179
4477	1917	5.205653
4477	1544	5.161508
4477	1580	4.694156
4477	1608	4.606401
4477	480	4.527901
4477	1356	4.526486
4477	2115	4.522717
4477	2916	4.522258
4477	780	4.522219
4478	1126	6.217553
4478	1091	6.021426
4478	3248	5.755485
4478	3130	5.734301
4478	367	5.668818
4478	2421	5.521841
4478	2002	5.365733
4478	500	5.314753
4478	520	5.239269
4478	1513	5.231245
4479	1221	5.759081
4479	3702	5.498536
4479	1196	5.355661
4479	1198	5.348158
4479	1957	5.230488
4479	1240	5.224463
4479	1387	5.171337
4479	2571	5.161864
4479	1374	5.161102
4479	1206	5.095238
4480	454	5.111950
4480	3408	4.575415
4480	608	4.533763
4480	3897	4.507330
4480	3578	4.484698
4480	50	4.481728
4480	3751	4.436216
4480	293	4.402903
4480	457	4.380430
4480	1625	4.354642
4481	253	5.753387
4481	3638	5.425301
4481	1645	5.324852
4481	3499	4.834571
4481	2916	4.728066
4481	1527	4.702406
4481	3408	4.645961
4481	736	4.616427
4481	2617	4.576817
4481	3827	4.495651
4482	593	4.220205
4482	318	4.119975
4482	296	4.110222
4482	3751	4.059674
4482	608	4.032984
4482	3408	4.017916
4482	3578	3.916224
4482	3793	3.846152
4482	2571	3.828263
4482	2028	3.810245
4483	1777	6.748082
4483	597	6.473042
4483	2671	5.815909
4483	3253	5.764858
4483	2369	5.631268
4483	838	5.456970
4483	440	5.452536
4483	11	5.344253
4483	3259	5.333975
4483	2683	5.333490
4484	588	6.725746
4484	2355	6.658259
4484	1408	5.971083
4484	2321	5.764440
4484	3114	5.701685
4484	2396	5.665328
4484	1	5.656904
4484	595	5.656892
4484	350	5.650504
4484	337	5.519890
4485	2353	7.211411
4485	2706	6.305421
4485	1805	6.265318
4485	2433	6.259555
4485	1722	6.242352
4485	3256	6.198741
4485	3623	6.153445
4485	2580	6.096842
4485	1580	6.090881
4485	474	6.072546
4486	3044	10.320373
4486	3543	8.403464
4486	3244	7.996278
4486	931	7.881456
4486	3516	7.673873
4486	3016	7.388373
4486	337	7.357035
4486	2208	7.355459
4486	2401	7.245122
4486	3654	7.136241
4487	1573	7.033462
4487	1876	6.946864
4487	1552	6.480152
4487	2393	6.436200
4487	1917	6.333877
4487	165	6.200710
4487	1356	5.956496
4487	329	5.941778
4487	1676	5.907391
4487	288	5.892437
4488	1201	6.463732
4488	1206	6.297919
4488	1214	6.006521
4488	1266	5.709999
4488	1954	5.686500
4488	3471	5.457408
4488	3702	5.440278
4488	1240	5.402125
4488	2951	5.314730
4488	599	5.209277
4489	2000	5.628879
4489	1962	5.596168
4489	1961	5.581439
4489	1265	5.469426
4489	34	5.221221
4489	2194	5.211886
4489	1179	5.204078
4489	1968	5.030049
4489	3098	5.020165
4489	1246	5.013308
4490	2716	5.605464
4490	2722	5.418929
4490	2699	5.277527
4490	170	5.024081
4490	1590	4.947970
4490	185	4.904546
4490	2881	4.853424
4490	2710	4.803792
4490	1917	4.775217
4490	2858	4.731356
4491	2628	6.895475
4491	1917	6.877141
4491	349	6.423895
4491	3489	6.306127
4491	316	6.191707
4491	1544	6.191277
4491	208	6.093253
4491	1573	6.065798
4491	653	6.033337
4491	1356	6.026383
4493	3893	7.608217
4493	3911	6.824314
4493	3897	6.805026
4493	3317	6.702535
4493	1089	6.528549
4493	3556	6.500349
4493	3535	6.489064
4493	3948	6.300197
4493	3949	6.095437
4493	3865	6.044405
4494	608	6.295878
4494	1240	5.993131
4494	1249	5.865973
4494	858	5.794753
4494	3624	5.735387
4494	589	5.641932
4494	1089	5.628728
4494	908	5.626521
4494	1222	5.603570
4494	1252	5.560513
4495	2858	4.415941
4495	3175	4.240961
4495	2916	4.173499
4495	1127	4.103223
4495	1097	4.033774
4495	480	3.961239
4495	1210	3.955395
4495	2716	3.928756
4495	1374	3.914928
4495	2762	3.900192
4496	457	5.941100
4496	2571	5.860233
4496	1240	5.716019
4496	1610	5.612566
4496	2194	5.514975
4496	1580	5.171859
4496	2916	5.161702
4496	1036	5.143762
4496	110	5.116591
4496	474	5.074023
4497	903	6.391860
4497	1201	6.120305
4497	1304	6.026162
4497	1219	5.950795
4497	1953	5.948964
4497	1267	5.910388
4497	3435	5.805362
4497	913	5.677643
4497	1206	5.622059
4497	1997	5.614407
4498	1265	5.325225
4498	1580	5.229482
4498	1500	5.203710
4498	1215	5.203482
4498	1921	5.202187
4498	454	5.086687
4498	1188	5.065534
4498	293	5.035902
4498	1584	4.956531
4498	1747	4.945498
4499	2858	5.309675
4499	2716	5.197559
4499	2918	5.156111
4499	1307	4.679783
4499	1394	4.545009
4499	1079	4.501314
4499	2791	4.448857
4499	1387	4.446600
4499	1270	4.444836
4499	2797	4.387740
4501	2571	6.526762
4501	589	6.510496
4501	1240	6.476955
4501	32	6.073527
4501	2529	6.036742
4501	3702	5.877342
4501	457	5.804902
4501	608	5.800290
4501	1196	5.743789
4501	1249	5.705298
4502	913	6.582406
4502	1212	5.535323
4502	2805	5.149099
4502	2762	5.141817
4502	2922	5.136056
4502	1206	5.072922
4502	3074	5.016130
4502	2369	4.991914
4502	1513	4.987567
4502	2921	4.951065
4503	3654	5.439410
4503	3543	5.434030
4503	3897	5.372779
4503	1294	5.212567
4503	3751	5.184255
4503	2300	5.172915
4503	1333	5.042477
4503	2248	4.958803
4503	3671	4.950795
4503	3730	4.945931
4505	1269	7.420140
4505	272	6.888117
4505	32	6.078202
4505	1955	5.967470
4505	1206	5.958420
4505	1212	5.954842
4505	2866	5.500098
4505	3384	5.497241
4505	3827	5.409093
4505	1682	5.385619
4506	1947	7.469813
4506	2987	6.410631
4506	919	6.276798
4506	2067	6.250358
4506	899	6.246869
4506	969	5.926574
4506	3606	5.732705
4506	1230	5.666443
4506	2971	5.654397
4506	3471	5.648745
4507	2716	5.411207
4507	2355	5.286491
4507	3175	5.002609
4507	2712	4.896679
4507	750	4.893379
4507	1127	4.812663
4507	2858	4.796655
4507	2396	4.737959
4507	1210	4.637966
4507	1387	4.622505
4508	1265	7.386439
4508	1307	6.402492
4508	162	6.140101
4508	3424	6.030493
4508	1188	5.836922
4508	597	5.757570
4508	2243	5.687708
4508	357	5.647540
4508	1409	5.625383
4508	2245	5.497598
4509	3160	5.730007
4509	480	5.048192
4509	2692	4.930673
4509	2194	4.829174
4509	150	4.795690
4509	1580	4.713005
4509	110	4.646161
4509	2916	4.630999
4509	36	4.584268
4509	1374	4.541733
4510	34	5.889866
4510	1028	5.674797
4510	588	5.636307
4510	2355	5.587652
4510	1033	5.571263
4510	2384	5.529579
4510	362	5.434310
4510	1961	5.360834
4510	2431	5.348638
4510	3114	5.308034
4511	2985	6.288460
4511	589	6.149916
4511	1214	5.846579
4511	3527	5.793639
4511	1387	5.779143
4511	1127	5.671948
4511	2194	5.668137
4511	2455	5.557659
4511	3256	5.557438
4511	2023	5.547321
4512	1210	5.030634
4512	2028	4.992546
4512	2858	4.943556
4512	2571	4.907167
4512	589	4.898242
4512	1196	4.597116
4512	593	4.523589
4512	608	4.441837
4512	1270	4.392543
4512	1198	4.384701
4513	3105	6.327329
4513	16	5.600849
4513	2391	5.232485
4513	3408	5.177583
4513	1343	5.055786
4513	3256	5.053708
4513	2124	5.004719
4513	2353	4.992979
4513	1120	4.977759
4513	47	4.944937
4514	1974	7.377289
4514	1321	7.030913
4514	1345	6.902404
4514	1347	6.738314
4514	2513	6.622242
4514	968	6.463008
4514	2288	6.440268
4514	3264	6.405497
4514	2167	6.291766
4514	1334	6.226143
4516	32	5.327017
4516	1732	5.015989
4516	457	4.903870
4516	3148	4.782427
4516	1265	4.754132
4516	3176	4.753988
4516	1625	4.716905
4516	1682	4.709095
4516	2571	4.708649
4516	2291	4.694924
4517	919	4.289733
4517	364	4.205855
4517	260	4.132285
4517	2797	4.045813
4517	2174	4.032295
4517	1073	4.012365
4517	1225	3.998817
4517	661	3.975593
4517	1035	3.960153
4517	296	3.953293
4518	34	5.952382
4518	3114	5.321482
4518	1028	5.236226
4518	2396	4.985937
4518	2321	4.953412
4518	1265	4.909662
4518	1022	4.678599
4518	2096	4.618034
4518	2078	4.573802
4518	1032	4.519055
4519	1333	5.353928
4519	930	5.193627
4519	3418	4.850022
4519	1617	4.728285
4519	1265	4.694178
4519	3654	4.688232
4519	36	4.680862
4519	1201	4.679060
4519	1230	4.678753
4519	2065	4.619658
4520	2455	6.571147
4520	2791	6.439358
4520	1971	6.430187
4520	2716	6.135479
4520	1261	6.117548
4520	2513	6.021482
4520	2459	5.873734
4520	2288	5.793795
4520	1957	5.695601
4520	2657	5.691980
4521	1201	6.233640
4521	1219	5.794979
4521	3654	5.741450
4521	1214	5.740328
4521	904	5.506489
4521	1230	5.499121
4521	1952	5.480353
4521	1333	5.463926
4521	1276	5.257744
4521	924	5.224493
4522	1089	4.813285
4522	3751	4.692101
4522	3624	4.365070
4522	3897	4.304551
4522	3556	4.290309
4522	608	4.286561
4522	1732	4.256239
4522	1213	4.242821
4522	3949	4.232831
4522	593	4.146760
4523	1206	5.711982
4523	1387	5.693049
4523	903	5.612857
4523	1204	5.580170
4523	2366	5.560314
4523	1219	5.544466
4523	1214	5.538827
4523	1201	5.532788
4523	924	5.410590
4523	3435	5.404095
4524	2746	5.028030
4524	1220	4.995379
4524	2797	4.969128
4524	246	4.834733
4524	1265	4.622844
4524	2174	4.581314
4524	2406	4.565287
4524	2791	4.522500
4524	162	4.485256
4524	2015	4.463727
4526	1304	7.292222
4526	750	6.819660
4526	1206	6.668126
4526	2300	6.531444
4526	1221	6.411696
4526	1267	6.281203
4526	1212	6.270427
4526	1219	6.041680
4526	608	6.030926
4526	1136	5.977465
4528	2710	5.571511
4528	3175	5.564123
4528	2580	5.475736
4528	2396	5.445416
4528	2598	5.380803
4528	2706	5.306856
4528	223	5.236264
4528	2712	5.220338
4528	968	5.199658
4528	2805	5.196245
4529	2288	5.152927
4529	903	4.991779
4529	2455	4.978511
4529	1230	4.968706
4529	968	4.965683
4529	920	4.794517
4529	1199	4.675621
4529	926	4.675489
4529	1201	4.616170
4529	3671	4.595348
4530	1394	6.802675
4530	1304	6.743096
4530	2300	6.530313
4530	1230	6.415716
4530	1136	6.296929
4530	745	6.162482
4530	1234	6.146883
4530	1148	6.144028
4530	1199	6.107945
4530	1244	5.947175
4531	1333	5.943875
4531	1956	5.928128
4531	1214	5.832640
4531	34	5.759755
4531	2664	5.745466
4531	3654	5.673384
4531	1962	5.471755
4531	1028	5.374215
4531	3684	5.344558
4531	1230	5.239597
4532	380	6.441978
4532	349	6.283235
4532	1552	6.203771
4532	1580	6.191812
4532	292	5.821781
4532	1917	5.744640
4532	2916	5.718352
4532	648	5.697883
4532	1356	5.652327
4532	733	5.622815
4533	2406	4.679017
4533	2628	4.586777
4533	296	4.498294
4533	318	4.471370
4533	2028	4.437394
4533	2194	4.384198
4533	3753	4.338890
4533	592	4.325910
4533	593	4.315624
4533	2571	4.315359
4534	1370	6.296819
4534	380	6.099490
4534	3623	6.050043
4534	1608	5.996294
4534	1805	5.880266
4534	1580	5.534041
4534	2058	5.496372
4534	2628	5.314571
4534	648	5.150318
4534	292	5.146732
4535	2985	5.867257
4535	589	5.859200
4535	2617	5.842628
4535	2193	5.829928
4535	2105	5.682866
4535	2916	5.645889
4535	2528	5.421681
4535	1036	5.360407
4535	2640	5.349736
4535	2023	5.333062
4536	2858	4.729131
4536	2791	4.702875
4536	1097	4.686534
4536	2000	4.674433
4536	608	4.632115
4536	1220	4.624123
4536	1265	4.537263
4536	1210	4.523919
4536	2194	4.514825
4536	318	4.491836
4538	3435	8.350605
4538	2300	7.932426
4538	1304	7.783699
4538	1248	7.276897
4538	1204	7.225991
4538	912	7.097225
4538	1267	7.085271
4538	919	7.063743
4538	1230	7.027912
4538	1952	7.014629
4539	1269	5.834110
4539	1265	5.234792
4539	34	5.137548
4539	1617	5.031703
4539	32	4.984799
4539	608	4.899818
4539	296	4.870870
4539	2291	4.824586
4539	3198	4.816114
4539	1704	4.748552
4540	1960	5.659287
4540	2918	5.510027
4540	1265	5.340574
4540	2150	5.273623
4540	2243	5.267602
4540	246	5.193873
4540	1500	4.990596
4540	593	4.965666
4540	2858	4.861479
4540	3526	4.810843
4541	2294	7.067636
4541	2384	6.764369
4541	34	6.262944
4541	2087	6.255853
4541	588	6.039788
4541	1073	5.617818
4541	1357	5.451517
4541	2846	5.363925
4541	1094	5.349609
4541	2394	5.336125
4543	1307	5.082870
4543	2716	5.012762
4543	1265	4.632593
4543	2797	4.463897
4543	2746	4.354669
4543	2858	4.350871
4543	1380	4.307301
4543	2918	4.290087
4543	920	4.137844
4543	3685	4.031373
4544	1307	6.953712
4544	1201	6.858585
4544	1304	6.839171
4544	920	6.810727
4544	1230	6.760270
4544	910	6.725196
4544	750	6.639557
4544	1296	6.622266
4544	3435	6.597908
4544	912	6.543068
4545	2716	5.442589
4545	3623	4.872893
4545	3174	4.812626
4545	223	4.694944
4545	2580	4.661510
4545	2959	4.601313
4545	2712	4.511328
4545	3408	4.477959
4545	2734	4.448307
4545	2997	4.429400
4546	608	5.227912
4546	296	5.008868
4546	1240	4.992559
4546	1249	4.914049
4546	1198	4.780989
4546	2571	4.776647
4546	593	4.771517
4546	908	4.729516
4546	260	4.669420
4546	2028	4.626151
4551	1201	6.781771
4551	3435	6.641631
4551	1304	6.491905
4551	1214	6.485918
4551	750	6.436335
4551	1206	6.393202
4551	1267	6.374670
4551	1617	6.297150
4551	904	6.226886
4551	3471	6.160554
4552	1527	6.598889
4552	3256	6.522540
4552	2916	6.488000
4552	1356	6.451045
4552	648	6.251664
4552	349	6.012248
4552	589	5.913696
4552	2628	5.877551
4552	1722	5.828057
4552	1552	5.794600
4553	1388	6.949438
4553	196	6.684009
4553	1831	6.047648
4553	3638	6.007700
4553	3032	5.890992
4553	2311	5.886182
4553	1320	5.798690
4553	1690	5.743984
4553	2410	5.702644
4553	253	5.490908
4555	3155	6.231028
4555	587	6.039594
4555	1835	6.008997
4555	2875	5.961933
4555	802	5.835130
4555	539	5.776048
4555	1441	5.701186
4555	3528	5.686436
4555	1339	5.685277
4555	7	5.675960
4556	1947	7.306498
4556	899	6.838090
4556	2067	6.337726
4556	2987	6.233182
4556	1294	6.226001
4556	919	6.190273
4556	1230	5.909302
4556	1272	5.700331
4556	920	5.683754
4556	2300	5.651582
4557	2706	6.571634
4557	3176	6.151253
4557	21	6.022247
4557	1580	6.017289
4557	3160	5.960711
4557	2580	5.882439
4557	110	5.834218
4557	1923	5.756214
4557	2502	5.752736
4557	2433	5.711435
4559	1235	5.889425
4559	1199	5.640859
4559	2657	5.491834
4559	1230	5.456278
4559	3424	5.304282
4559	3685	5.278468
4559	162	5.151502
4559	3362	5.115714
4559	2973	5.069285
4559	3072	4.997186
4560	1962	5.661287
4560	2716	5.383096
4560	1333	5.329839
4560	968	5.157002
4560	1387	5.111671
4560	2791	5.062125
4560	2194	5.035025
4560	1350	5.013345
4560	1321	5.013274
4560	2455	4.796389
4561	588	6.415356
4561	2294	6.398157
4561	1722	6.154826
4561	3252	6.125474
4561	1357	5.924602
4561	349	5.883223
4561	364	5.760014
4561	1907	5.734626
4561	1597	5.572371
4561	380	5.470543
4562	2959	4.935521
4562	3174	4.925374
4562	3623	4.888249
4562	2395	4.866593
4562	2502	4.798591
4562	3752	4.766109
4562	785	4.731310
4562	2762	4.677792
4562	2706	4.654942
4562	2580	4.631365
4563	1265	4.941536
4563	3361	4.558679
4563	2000	4.541753
4563	1500	4.502619
4563	2797	4.486602
4563	608	4.456839
4563	593	4.451111
4563	1097	4.438283
4563	3552	4.404941
4563	3578	4.209363
4565	1584	5.578140
4565	32	5.407178
4565	34	5.238827
4565	1	5.212477
4565	2294	5.099442
4565	1682	5.050632
4565	1653	4.916759
4565	3114	4.849749
4565	595	4.759114
4565	150	4.734407
4566	3489	6.902469
4566	2394	6.416513
4566	3157	5.943732
4566	153	5.860318
4566	1073	5.803511
4566	673	5.765953
4566	2968	5.747885
4566	2384	5.739302
4566	1097	5.700194
4566	2605	5.618809
4567	2683	5.069725
4567	587	4.994328
4567	2706	4.705130
4567	2599	4.641858
4567	2369	4.629125
4567	2997	4.576912
4567	3623	4.575174
4567	1777	4.550759
4567	2762	4.550321
4567	2396	4.440579
4568	3617	6.186353
4568	1307	5.395514
4568	788	5.310817
4568	516	4.943979
4568	2100	4.908888
4568	587	4.854852
4568	466	4.804317
4568	3438	4.651825
4568	3861	4.636302
4568	3948	4.520960
4569	3697	6.939936
4569	1792	6.728470
4569	1544	6.703299
4569	1377	6.661333
4569	2628	6.564314
4569	316	6.555267
4569	3257	6.548243
4569	380	6.515377
4569	466	6.454566
4569	303	6.351271
4570	1077	5.292511
4570	2997	5.276619
4570	968	5.261799
4570	3032	5.154575
4570	3671	4.917173
4570	2396	4.845032
4570	2710	4.835659
4570	3174	4.816165
4570	1304	4.743987
4570	3114	4.680083
4571	380	5.841594
4571	832	5.577916
4571	1580	5.533465
4571	377	5.469658
4571	1573	5.451271
4571	454	5.351455
4571	266	5.292581
4571	587	5.274561
4571	1597	5.252249
4571	736	5.247481
4572	1569	7.794155
4572	500	7.240735
4572	104	7.110911
4572	2100	7.096600
4572	1517	6.784695
4572	2424	6.736790
4572	539	6.721735
4572	1513	6.699052
4572	597	6.604529
4572	367	6.548015
4573	2571	4.693871
4573	32	4.581205
4573	296	4.441668
4573	1240	4.415668
4573	110	4.411513
4573	589	4.405912
4573	480	4.389523
4573	1580	4.365889
4573	2858	4.344320
4573	1673	4.250237
4574	1923	6.864903
4574	3255	6.781214
4574	21	6.776292
4574	3105	6.517299
4574	1747	6.498773
4574	1883	6.461526
4574	16	6.335655
4574	2321	6.232869
4574	1641	6.206272
4574	2391	6.171505
4575	1088	7.782246
4575	1380	7.259390
4575	1339	6.854852
4575	2146	6.424839
4575	1347	6.389615
4575	1333	6.262251
4575	1948	6.169011
4575	48	6.160807
4575	3606	6.038508
4575	1974	5.992393
4577	2100	5.983720
4577	2746	5.812270
4577	1081	5.263454
4577	2015	5.030485
4577	3524	4.910785
4577	1073	4.841405
4577	1101	4.750789
4577	2161	4.732643
4577	2405	4.511420
4577	2003	4.467760
4578	1265	5.167461
4578	2000	4.641256
4578	3174	4.520102
4578	1777	4.519838
4578	1517	4.519092
4578	3253	4.506063
4578	2716	4.468098
4578	2997	4.448572
4578	3255	4.446993
4578	293	4.394981
4579	1222	7.531818
4579	3104	6.172733
4579	1954	6.145202
4579	2858	5.925052
4579	1221	5.905588
4579	589	5.878199
4579	3624	5.820560
4579	1196	5.770154
4579	3948	5.681595
4579	2028	5.631089
4580	1307	6.948092
4580	1394	6.655720
4580	1265	5.713492
4580	1235	5.645680
4580	3526	5.532968
4580	1294	5.437886
4580	1	5.410087
4580	1259	5.379907
4580	594	5.361866
4580	1148	5.331845
4581	2145	5.645183
4581	2470	5.300036
4581	3911	5.259606
4581	2375	5.170971
4581	2247	5.162000
4581	2150	5.156430
4581	3263	5.113038
4581	3301	5.056719
4581	3949	5.008072
4581	3893	4.979467
4582	2028	4.906738
4582	296	4.870057
4582	260	4.806996
4582	1198	4.805219
4582	527	4.707211
4582	1291	4.685144
4582	1210	4.615708
4582	2858	4.583431
4582	593	4.530281
4582	318	4.504301
4584	912	6.761676
4584	919	6.502379
4584	260	6.487606
4584	1276	6.314476
4584	1204	6.291341
4584	908	6.251393
4584	1247	6.192427
4584	1198	6.131081
4584	1230	6.129043
4584	3435	6.127143
4585	595	7.670141
4585	364	7.193428
4585	594	6.919819
4585	1282	6.912547
4585	1022	6.826823
4585	2294	6.680834
4585	2018	6.595866
4585	661	6.577151
4585	2096	6.557977
4585	1029	6.349042
4586	2716	5.635833
4586	2710	4.846332
4586	2997	4.560369
4586	2805	4.551848
4586	2713	4.539308
4586	2858	4.490401
4586	913	4.477376
4586	2369	4.453071
4586	1307	4.437593
4586	3175	4.333258
4587	587	4.445963
4587	2699	4.327370
4587	2710	4.018443
4587	2396	4.000945
4587	736	3.972400
4587	2012	3.895540
4587	3114	3.743040
4587	2762	3.731935
4587	1732	3.722465
4587	1265	3.708220
4588	17	5.277376
4588	1747	5.237450
4588	1307	5.210102
4588	356	5.144696
4588	1569	5.046146
4588	357	5.025887
4588	104	4.928802
4588	1517	4.893218
4588	588	4.720703
4588	1500	4.652891
4589	1265	6.320409
4589	1	5.642398
4589	1188	5.312052
4589	3424	5.225167
4589	34	5.076041
4589	1079	5.040130
4589	2289	4.977449
4589	3362	4.975622
4589	1259	4.942435
4589	1136	4.920315
4590	21	5.387304
4590	1580	5.276138
4590	110	5.237399
4590	2355	5.231866
4590	2291	5.105940
4590	588	5.016885
4590	356	4.923691
4590	34	4.903479
4590	589	4.903329
4590	1265	4.896570
4591	2000	5.883930
4591	3448	4.990730
4591	3535	4.863980
4591	593	4.829171
4591	1673	4.787141
4591	1222	4.731145
4591	318	4.712215
4591	608	4.694114
4591	2858	4.676718
4591	1220	4.641918
4592	367	4.412149
4592	3450	4.186139
4592	2000	4.168181
4592	1265	4.156102
4592	1961	4.023320
4592	2539	4.015767
4592	1784	3.986119
4592	2395	3.984319
4592	2858	3.937315
4592	3160	3.836864
4593	454	4.745226
4593	3408	4.447065
4593	3751	4.378976
4593	587	4.318128
4593	293	4.091386
4593	1732	4.030197
4593	608	3.980335
4593	3044	3.955213
4593	50	3.954661
4593	1645	3.920082
4594	2194	7.165374
4594	1036	6.149933
4594	1240	5.902449
4594	2571	5.858476
4594	589	5.835491
4594	1275	5.550197
4594	2160	5.539300
4594	3510	5.506000
4594	296	5.360636
4594	2948	5.302492
4595	1198	6.230911
4595	1214	5.990826
4595	260	5.980340
4595	1206	5.977449
4595	1240	5.931731
4595	3654	5.864733
4595	924	5.798842
4595	1200	5.776173
4595	904	5.751757
4595	858	5.743160
4596	1961	8.638996
4596	3248	8.108529
4596	1957	7.950509
4596	1962	7.653490
4596	1231	7.249220
4596	1097	7.202799
4596	2716	7.108577
4596	2804	7.050496
4596	1079	7.002985
4596	3071	6.994098
4598	1214	6.302104
4598	1240	6.236633
4598	34	6.004252
4598	32	5.942424
4598	1200	5.897603
4598	1617	5.808987
4598	1374	5.757309
4598	2529	5.666089
4598	3418	5.584224
4598	1179	5.459555
4599	2716	6.165131
4599	34	5.827227
4599	1265	5.553362
4599	3363	5.464330
4599	1294	5.374654
4599	1566	5.038166
4599	902	5.016200
4599	17	4.982275
4599	2384	4.944613
4599	898	4.918126
4600	2710	5.022279
4600	2976	4.692766
4600	2396	4.642289
4600	2713	4.440043
4600	2699	4.340885
4600	3114	4.322803
4600	2716	4.272720
4600	2858	4.232178
4600	2997	4.190201
4600	3175	4.182980
4601	1374	5.725727
4601	2804	5.658811
4601	1259	5.477415
4601	1197	5.337954
4601	1196	5.226331
4601	2450	5.191994
4601	1291	5.152996
4601	1198	5.100166
4601	2028	5.092223
4601	2642	5.078355
4602	1784	6.412889
4602	1265	6.158316
4602	223	6.116277
4602	1923	6.052730
4602	2321	6.045105
4602	3160	6.018084
4602	3255	5.974869
4602	1641	5.969430
4602	39	5.724781
4602	293	5.698386
4603	1282	4.741444
4603	1073	4.581625
4603	1019	4.549826
4603	2987	4.480809
4603	364	4.367465
4603	1225	4.326492
4603	1198	4.298374
4603	1097	4.206153
4603	1233	4.013640
4603	1196	3.947474
4604	2406	5.388788
4604	3753	5.078937
4604	2194	4.939387
4604	457	4.771792
4604	318	4.754577
4604	2470	4.651676
4604	592	4.628755
4604	3793	4.551120
4604	1213	4.549986
4604	593	4.509958
4605	1909	7.640120
4605	2294	6.895737
4605	1584	6.751815
4605	1357	6.416317
4605	2396	6.284699
4605	1356	6.283496
4605	1722	6.278807
4605	1183	6.237718
4605	1527	6.218882
4605	1573	6.180431
4606	3253	6.302932
4606	1513	5.890789
4606	2395	5.815732
4606	2369	5.758636
4606	1777	5.734857
4606	2396	5.693568
4606	3174	5.688051
4606	2502	5.647175
4606	2336	5.610624
4606	2805	5.573977
4607	912	5.806577
4607	1276	5.685439
4607	1387	5.674320
4607	750	5.488165
4607	260	5.460412
4607	1299	5.380286
4607	1221	5.365725
4607	1247	5.360339
4607	1304	5.308571
4607	1207	5.286102
4608	377	6.275287
4608	454	5.985927
4608	2433	5.810678
4608	1747	5.779148
4608	3255	5.693241
4608	337	5.660148
4608	587	5.543630
4608	2706	5.530224
4608	1370	5.449868
4608	1721	5.377736
4609	780	5.702515
4609	1188	5.440098
4609	2094	5.265620
4609	1544	5.174761
4609	1603	5.116548
4609	1215	5.023760
4609	1391	5.008297
4609	1909	4.888783
4609	1917	4.831387
4609	1307	4.725725
4610	1307	5.810998
4610	1188	5.804561
4610	3424	5.577363
4610	162	5.275173
4610	2289	5.244698
4610	1394	5.159068
4610	1	5.153667
4610	3526	5.132023
4610	1079	5.091405
4610	34	5.002103
4611	608	5.425675
4611	1617	5.343227
4611	858	5.098139
4611	593	5.026086
4611	1240	4.992056
4611	527	4.925641
4611	1214	4.921324
4611	260	4.912665
4611	1304	4.852297
4611	903	4.844940
4612	2396	6.114127
4612	3114	5.950962
4612	362	5.817750
4612	3253	5.778498
4612	34	5.646511
4612	3060	5.620632
4612	3148	5.549464
4612	588	5.545589
4612	235	5.358244
4612	1	5.326963
4613	349	8.441970
4613	1608	8.327808
4613	2628	8.313006
4613	653	8.240603
4613	733	7.962705
4613	2115	7.923349
4613	380	7.856502
4613	2490	7.762935
4613	1722	7.740651
4613	292	7.651291
4615	21	7.545354
4615	1784	6.701261
4615	3160	6.588110
4615	1580	6.561648
4615	2321	6.518570
4615	1641	6.458374
4615	16	6.447056
4615	1923	6.440119
4615	110	6.376511
4615	1060	6.293100
4616	1265	4.470038
4616	3751	4.026084
4616	2291	3.900634
4616	1617	3.883843
4616	356	3.870388
4616	2396	3.863796
4616	2762	3.856153
4616	457	3.855273
4616	50	3.818115
4616	3408	3.806916
4617	587	6.301027
4617	539	5.588626
4617	356	5.581297
4617	1777	5.428607
4617	1747	5.386794
4617	2424	5.177383
4617	357	5.177187
4617	337	5.149179
4617	597	5.125887
4617	1711	5.026721
4618	589	6.558040
4618	1584	6.227275
4618	2916	6.082019
4618	2571	5.778002
4618	110	5.752678
4618	32	5.597554
4618	1356	5.505217
4618	457	5.471790
4618	1240	5.264504
4618	1610	5.228483
4619	587	8.230210
4619	236	8.039824
4619	539	7.450659
4619	3528	7.418965
4619	339	7.173149
4619	252	7.039381
4619	3617	6.995259
4619	380	6.848273
4619	1711	6.771383
4619	368	6.720661
4620	736	5.371584
4620	587	5.320169
4620	2706	4.935516
4620	2396	4.784667
4620	1721	4.671715
4620	337	4.641513
4620	2707	4.634375
4620	2671	4.608377
4620	539	4.538399
4620	3176	4.496379
4621	1544	7.623711
4621	1391	6.466921
4621	153	6.281328
4621	1371	6.276090
4621	185	6.217856
4621	1831	6.207072
4621	1917	6.175088
4621	788	6.099467
4621	434	6.093230
4621	2628	5.990338
4623	2706	5.432717
4623	2710	5.357304
4623	2490	5.320335
4623	2701	4.848512
4623	2723	4.815873
4623	2541	4.796949
4623	3053	4.748498
4623	223	4.698215
4623	1513	4.695661
4623	3175	4.693318
4624	587	5.603704
4624	539	4.979615
4624	597	4.811072
4624	736	4.718895
4624	1777	4.520137
4624	2671	4.366509
4624	1569	4.356948
4624	2396	4.317574
4624	337	4.312507
4624	500	4.300368
4625	2699	5.566849
4625	1544	5.240146
4625	1320	5.238508
4625	185	5.179530
4625	329	5.165326
4625	1372	5.152208
4625	2722	5.140027
4625	2710	5.094151
4625	3697	5.018777
4625	2881	4.949564
4626	1997	5.306585
4626	3827	4.911355
4626	1206	4.698815
4626	1089	4.651202
4626	1240	4.625437
4626	1213	4.556225
4626	2529	4.519400
4626	1304	4.516488
4626	3897	4.460096
4626	3751	4.439965
4627	1101	5.937448
4627	2003	5.896296
4627	2746	5.706118
4627	2145	5.461760
4627	2371	5.183814
4627	3911	5.175845
4627	2245	5.104167
4627	1135	5.089839
4627	3882	4.964768
4627	3565	4.960362
4629	2710	5.232539
4629	2605	5.125934
4629	2706	5.113375
4629	2694	5.004568
4629	3005	4.913319
4629	1562	4.838070
4629	3623	4.668572
4629	223	4.657230
4629	3175	4.555555
4629	24	4.555016
4631	2797	4.994297
4631	1073	4.683451
4631	2858	4.631500
4631	912	4.488293
4631	2174	4.460469
4631	260	4.408643
4631	1220	4.398159
4631	2716	4.385275
4631	1225	4.374749
4631	2791	4.274856
4632	1222	5.552937
4632	2000	5.420759
4632	2791	5.406959
4632	608	5.298654
4632	2858	5.261699
4632	1198	5.248420
4632	1221	5.242131
4632	1242	5.232830
4632	1097	5.208102
4632	1210	5.197247
4633	3489	6.167067
4633	2470	5.856324
4633	2115	5.687844
4633	2193	5.591471
4633	2054	5.565243
4633	2105	5.564347
4633	1019	5.456027
4633	2005	5.316982
4633	2161	5.172333
4633	1073	5.104883
4634	1617	5.740506
4634	608	5.444186
4634	457	5.363781
4634	296	5.348952
4634	2571	5.143586
4634	1954	5.129034
4634	3471	5.113422
4634	1269	5.112404
4634	589	5.070690
4634	527	5.030700
4635	595	6.549279
4635	2987	6.129407
4635	364	6.086237
4635	2394	5.915800
4635	1907	5.884836
4635	2078	5.835751
4635	2087	5.833522
4635	919	5.558488
4635	1282	5.522952
4635	594	5.517607
4637	1374	6.537471
4637	2716	6.340663
4637	2395	6.114772
4637	1287	6.030712
4637	2712	5.943766
4637	1097	5.818855
4637	2734	5.810312
4637	223	5.670619
4637	3174	5.633317
4637	3157	5.628138
4638	2011	4.254421
4638	296	4.183789
4638	3751	3.948300
4638	1213	3.921675
4638	3753	3.863487
4638	3481	3.859344
4638	2916	3.820828
4638	2571	3.787512
4638	1358	3.780870
4638	593	3.752549
4639	608	4.915525
4639	1	4.664612
4639	3751	4.537731
4639	593	4.420059
4639	1259	4.390522
4639	1249	4.352409
4639	1394	4.344493
4639	1265	4.269337
4639	1148	4.166355
4639	3897	4.159660
4640	260	4.290873
4640	1198	4.240851
4640	1240	4.140689
4640	296	4.090695
4640	2628	4.056326
4640	3753	3.995947
4640	593	3.968810
4640	2571	3.924906
4640	3510	3.907479
4640	318	3.906828
4641	3526	6.499669
4641	2321	6.133079
4641	3552	5.833038
4641	1307	5.506553
4641	529	5.446679
4641	588	5.417450
4641	3210	5.360462
4641	2918	5.279234
4641	1079	5.166912
4641	2355	5.148511
4642	2858	4.365975
4642	2762	4.182566
4642	3175	4.006953
4642	1206	3.924896
4642	1387	3.914531
4642	2997	3.867553
4642	2396	3.834746
4642	1127	3.823878
4642	913	3.715820
4642	3578	3.705535
4643	1339	5.762968
4643	3155	5.698232
4643	2875	5.343368
4643	736	5.292167
4643	1835	5.244350
4643	380	5.221546
4643	353	5.141653
4643	2094	5.068541
4643	1049	5.040184
4643	2167	5.024721
4644	2716	5.948215
4644	2599	5.095140
4644	2858	4.995545
4644	750	4.824115
4644	2699	4.775668
4644	2355	4.774969
4644	3671	4.762804
4644	2396	4.752731
4644	3543	4.615670
4644	1265	4.545695
4645	2424	6.534965
4645	1569	6.436595
4645	339	6.288690
4645	1183	5.896089
4645	1777	5.876412
4645	587	5.750723
4645	17	5.657002
4645	356	5.633626
4645	236	5.599577
4645	11	5.562739
4646	2012	4.665307
4646	3717	4.428530
4646	1645	4.411961
4646	736	4.383384
4646	3793	4.288173
4646	3536	4.287011
4646	3893	4.263513
4646	380	4.238118
4646	587	4.220112
4646	1391	4.138172
4647	1101	9.040454
4647	2406	8.618059
4647	368	8.272906
4647	380	8.127560
4647	292	7.647494
4647	3928	7.567834
4647	3107	7.550691
4647	3450	7.360325
4647	1569	7.174706
4647	466	7.055757
4648	2716	5.209554
4648	1513	5.195202
4648	2805	5.138925
4648	2580	5.113999
4648	2490	5.071382
4648	2762	5.004537
4648	3053	4.926891
4648	2598	4.900508
4648	2396	4.882232
4648	3623	4.855848
4649	920	6.890943
4649	2716	6.769488
4649	2067	6.486009
4649	1294	6.446928
4649	1947	6.304057
4649	914	6.193140
4649	1307	6.120285
4649	3543	6.095139
4649	3363	5.975236
4649	1230	5.914028
4650	2000	4.774589
4650	2997	4.490346
4650	2858	4.468373
4650	1222	4.356296
4650	1961	4.332623
4650	3763	4.242381
4650	2571	4.238136
4650	1732	4.219041
4650	3751	4.208038
4650	1374	4.155178
4651	1081	9.132441
4651	247	8.409345
4651	916	8.274987
4651	914	8.039346
4651	1566	7.666521
4651	17	7.480540
4651	588	7.443786
4651	2087	7.307137
4651	2081	7.251367
4651	1088	7.133988
4652	1265	5.595852
4652	2791	5.562418
4652	34	5.408127
4652	551	5.335708
4652	1259	5.222706
4652	2657	5.168958
4652	1097	5.135100
4652	1965	5.105896
4652	1270	5.074781
4652	1136	5.016581
4653	2763	6.762729
4653	2841	6.756624
4653	3176	6.630785
4653	1722	6.505910
4653	349	6.482705
4653	2706	6.449631
4653	2702	6.394604
4653	733	6.324711
4653	1608	6.226648
4653	480	6.130051
4654	1307	6.021620
4654	920	5.893987
4654	2797	5.880803
4654	1265	5.719393
4654	246	5.523216
4654	1947	5.491581
4654	17	5.326804
4654	2243	5.324675
4654	1094	5.227434
4654	1294	5.220235
4655	1215	5.483657
4655	1831	5.233698
4655	3704	4.981560
4655	196	4.734289
4655	1079	4.676851
4655	2716	4.658357
4655	1197	4.651297
4655	1270	4.632066
4655	3408	4.617936
4655	1676	4.595465
4656	2694	6.858124
4656	2805	6.840871
4656	736	6.726533
4656	2683	6.659919
4656	2710	6.523059
4656	2490	6.502537
4656	2707	6.491195
4656	2699	6.443421
4656	24	6.336971
4656	2688	6.265461
4657	2762	4.672654
4657	2858	4.593667
4657	913	4.428972
4657	457	4.371906
4657	2396	4.347667
4657	356	4.342232
4657	3471	4.308549
4657	1214	4.307401
4657	32	4.305269
4657	377	4.199631
4658	3113	7.839112
4658	2716	7.441710
4658	2428	7.418934
4658	2722	7.118404
4658	3005	7.102046
4658	2605	7.088595
4658	2713	6.928307
4658	2490	6.863926
4658	2719	6.741917
4658	24	6.668447
4659	1081	6.096794
4659	916	5.691739
4659	2087	5.582107
4659	2797	5.539817
4659	1294	5.408165
4659	246	5.391943
4659	919	5.374463
4659	2941	5.345232
4659	1947	5.317284
4659	930	5.210916
4660	3552	6.108533
4660	1663	6.106293
4660	1028	6.008413
4660	3210	5.828370
4660	1961	5.679996
4660	1228	5.608520
4660	1197	5.593678
4660	2352	5.520843
4660	2791	5.484296
4660	1079	5.463410
4661	1370	6.884977
4661	3354	6.384109
4661	1527	6.373616
4661	474	6.125796
4661	3623	6.029755
4661	1805	6.009164
4661	2710	5.970142
4661	70	5.961515
4661	2699	5.941323
4661	589	5.872878
4662	587	7.233689
4662	1835	7.138793
4662	539	7.071071
4662	2125	6.892304
4662	1711	6.852037
4662	454	6.818704
4662	2875	6.689274
4662	3155	6.612978
4662	832	6.599994
4662	7	6.578484
4663	2875	5.579461
4663	3257	5.250306
4663	364	5.029253
4663	2294	5.014052
4663	3528	4.816534
4663	1608	4.797836
4663	783	4.755069
4663	595	4.733215
4663	3173	4.600721
4663	2087	4.525078
4664	2699	5.177356
4664	2716	4.999874
4664	2396	4.613876
4664	2722	4.583790
4664	3175	4.532520
4664	2605	4.525144
4664	2881	4.383187
4664	2683	4.378022
4664	3113	4.371202
4664	736	4.345772
4666	1230	7.352114
4666	3435	6.736400
4666	1214	6.641048
4666	969	6.531028
4666	1276	6.459535
4666	904	6.447738
4666	2664	6.440289
4666	903	6.359274
4666	919	6.286542
4666	899	6.175855
4667	1234	5.598392
4667	1276	5.380091
4667	608	5.350801
4667	111	5.262513
4667	1304	5.228966
4667	296	5.196524
4667	1222	5.174136
4667	260	5.159328
4667	3683	5.144733
4667	1953	5.085942
4668	1206	5.844107
4668	1617	5.537304
4668	750	5.445809
4668	527	5.419248
4668	913	5.377042
4668	912	5.127011
4668	1210	5.114152
4668	903	5.073883
4668	2028	5.050664
4668	457	5.002164
4669	912	5.202941
4669	1073	5.063843
4669	1198	4.731325
4669	2762	4.637090
4669	913	4.632002
4669	527	4.627778
4669	1947	4.522815
4669	2028	4.489879
4669	1210	4.474964
4669	1225	4.449322
4670	196	5.649831
4670	1388	5.128917
4670	1238	4.831350
4670	1	4.827068
4670	2116	4.601567
4670	2863	4.488809
4670	185	4.483465
4670	1197	4.480554
4670	2410	4.467611
4670	1320	4.466801
4671	1527	7.326165
4671	1573	6.887233
4671	10	6.736328
4671	349	6.684175
4671	2916	6.603932
4671	1385	6.552891
4671	3107	6.501905
4671	3256	6.494870
4671	1722	6.453071
4671	380	6.451198
4673	1089	5.898745
4673	457	5.850147
4673	3793	5.746391
4673	3753	5.630574
4673	1213	5.535891
4673	3176	5.511698
4673	3173	5.465567
4673	1249	5.424931
4673	2571	5.418154
4673	3510	5.380564
4674	968	5.461869
4674	2716	4.927106
4674	913	4.769181
4674	2396	4.651366
4674	2710	4.601136
4674	2976	4.555438
4674	2997	4.445101
4674	1206	4.380027
4674	3081	4.346417
4674	3175	4.322448
4675	19	6.917438
4675	2431	6.815436
4675	1923	6.691060
4675	104	6.662064
4675	2108	6.643293
4675	2100	6.580584
4675	3552	6.561474
4675	2539	6.501660
4675	344	6.499966
4675	367	6.289561
4676	2194	5.782485
4676	2000	5.563274
4676	589	5.522826
4676	608	5.368371
4676	2571	5.264772
4676	1240	5.254588
4676	1222	5.189293
4676	1617	5.102191
4676	50	5.100581
4676	3578	5.049029
4678	2580	5.615062
4678	223	5.356358
4678	2706	5.274709
4678	3005	5.173905
4678	3623	5.154264
4678	2710	5.136710
4678	2716	5.008245
4678	2805	4.909318
4678	2490	4.892447
4678	3174	4.851546
4679	2336	6.161402
4679	2502	5.833098
4679	2906	5.685036
4679	2688	5.594562
4679	2394	5.522518
4679	3175	5.424416
4679	2959	5.268065
4679	3174	5.225950
4679	2712	5.220259
4679	2683	5.197263
4680	858	4.771284
4680	260	4.608938
4680	1953	4.547596
4680	296	4.514693
4680	318	4.506644
4680	1954	4.497999
4680	2871	4.476434
4680	2406	4.443169
4680	3617	4.416007
4680	593	4.407368
4681	1304	5.058846
4681	1276	4.960666
4681	1387	4.690058
4681	1394	4.683527
4681	1080	4.583039
4681	1199	4.521299
4681	1221	4.502337
4681	260	4.498461
4681	1197	4.498371
4681	1270	4.468558
4682	3893	6.690463
4682	3535	6.321092
4682	1777	6.040289
4682	587	5.956904
4682	1732	5.888427
4682	1625	5.699835
4682	1089	5.570899
4682	1639	5.490726
4682	266	5.477587
4682	3247	5.433173
4683	3248	6.468572
4683	1562	6.462224
4683	788	6.381041
4683	2384	6.269965
4683	3438	6.239077
4683	2253	6.216200
4683	673	6.101654
4683	1307	6.086479
4683	2797	5.776540
4683	3489	5.759821
4684	908	5.656745
4684	1394	5.465734
4684	1304	5.330129
4684	1230	5.242614
4684	1234	5.173503
4684	296	5.133496
4684	1136	5.033766
4684	2657	5.023592
4684	858	5.016070
4684	1276	4.964935
4685	3555	5.270217
4685	3744	5.068744
4685	3755	4.864290
4685	1101	4.841079
4685	3624	4.825988
4685	3863	4.628396
4685	3897	4.584064
4685	1391	4.497670
4685	3316	4.462239
4685	3565	4.415745
4686	260	5.672273
4686	1198	5.526274
4686	912	5.524053
4686	1097	5.433724
4686	1259	5.242523
4686	1210	5.234497
4686	919	5.210574
4686	924	5.148291
4686	1387	5.107415
4686	1221	5.036650
4687	1240	4.747221
4687	2657	4.704217
4687	2858	4.663805
4687	3702	4.609395
4687	2791	4.529885
4687	1214	4.528389
4687	2571	4.453462
4687	589	4.425916
4687	2194	4.393551
4687	2529	4.382736
4688	1269	5.723565
4688	3359	5.024459
4688	3827	4.907608
4688	1136	4.887606
4688	1208	4.881554
4688	1206	4.768640
4688	32	4.643869
4688	3471	4.483703
4688	1234	4.478055
4688	1304	4.462718
4689	2916	5.403274
4689	1527	5.296035
4689	3623	5.166941
4689	2706	5.082168
4689	1580	5.064045
4689	480	4.965619
4689	3176	4.887909
4689	24	4.863813
4689	3408	4.849799
4689	1407	4.810738
4690	1374	4.861367
4690	1196	4.771639
4690	2450	4.745119
4690	2858	4.607852
4690	1371	4.548689
4690	1090	4.408623
4690	2338	4.408274
4690	1197	4.405508
4690	2976	4.341477
4690	2021	4.330644
4691	587	6.282221
4691	377	5.774456
4691	1393	5.748630
4691	1722	5.736053
4691	1370	5.723895
4691	1747	5.685874
4691	380	5.676508
4691	1721	5.670201
4691	1805	5.657140
4691	16	5.634266
4692	588	6.604307
4692	1188	6.112244
4692	595	5.865596
4692	1	5.715380
4692	1265	5.685628
4692	2294	5.678299
4692	551	5.544443
4692	364	5.534198
4692	1584	5.318617
4692	1245	5.247109
4693	913	6.480265
4693	1201	5.873269
4693	3471	5.810523
4693	1206	5.589620
4693	903	5.474337
4693	1252	5.447519
4693	1214	5.245126
4693	260	5.210582
4693	920	5.175452
4693	1267	5.012112
4694	903	5.336235
4694	1214	5.297806
4694	1201	5.065570
4694	1219	5.015348
4694	1387	4.837604
4694	1230	4.796864
4694	858	4.718239
4694	1207	4.687994
4694	1333	4.685907
4694	1225	4.673184
4695	2710	5.489703
4695	32	5.256551
4695	2699	4.881909
4695	2707	4.785191
4695	1580	4.766152
4695	2706	4.711198
4695	2997	4.662357
4695	2858	4.640047
4695	3702	4.589275
4695	3160	4.576207
4697	2384	5.527395
4697	34	5.524494
4697	588	5.508822
4697	2355	5.352436
4697	2396	5.303974
4697	2716	5.150954
4697	595	5.096957
4697	2294	4.958232
4697	1265	4.881480
4697	3114	4.854156
4699	1544	6.893025
4699	153	6.823086
4699	1917	6.593463
4699	2628	6.397342
4699	3438	6.372889
4699	329	6.353277
4699	208	6.316202
4699	3489	6.260057
4699	434	6.027146
4699	2094	6.019296
4700	3256	5.186195
4700	3510	5.059932
4700	3623	5.049578
4700	1127	5.035473
4700	2470	4.788909
4700	2115	4.788701
4700	2761	4.779409
4700	733	4.723371
4700	2985	4.693565
4700	318	4.654442
4701	2628	4.056311
4701	1073	4.024491
4701	480	4.020112
4701	1580	3.945333
4701	34	3.935307
4701	150	3.828520
4701	2858	3.776558
4701	2396	3.768482
4701	3160	3.754025
4701	2916	3.681078
4702	608	5.134471
4702	527	5.017279
4702	858	5.016639
4702	1198	4.892770
4702	924	4.845570
4702	1240	4.835951
4702	1210	4.826955
4702	1214	4.822794
4702	1259	4.798742
4702	3471	4.795816
4704	750	7.313472
4704	3354	7.180968
4704	1590	6.971401
4704	2722	6.891592
4704	1206	6.804856
4704	2404	6.558068
4704	2532	6.390463
4704	170	6.302137
4704	466	6.294181
4704	2827	6.293361
4705	587	5.773637
4705	1894	5.764004
4705	2424	5.233796
4705	3617	5.100272
4705	1409	5.018978
4705	3257	4.993329
4705	736	4.992600
4705	276	4.981994
4705	539	4.975113
4705	2012	4.917477
4706	260	5.694467
4706	1198	5.402242
4706	2987	4.969716
4706	1073	4.883497
4706	1291	4.733728
4706	1204	4.725164
4706	1221	4.703408
4706	1206	4.682965
4706	1196	4.677112
4706	1097	4.655044
4707	1265	5.220264
4707	1777	4.895787
4707	3006	4.507945
4707	1393	4.494295
4707	1639	4.463063
4707	3386	4.458447
4707	608	4.414383
4707	1704	4.395209
4707	1617	4.389248
4707	1912	4.343874
4708	2716	5.369087
4708	2761	5.077493
4708	2355	5.018402
4708	3175	4.848026
4708	1674	4.733839
4708	2336	4.632196
4708	1097	4.602516
4708	2712	4.582946
4708	3654	4.570512
4708	1127	4.532816
4709	2797	5.208388
4709	1198	5.176599
4709	1097	5.046070
4709	260	4.968687
4709	1259	4.964901
4709	296	4.936557
4709	2804	4.804631
4709	2174	4.778492
4709	1220	4.736515
4709	593	4.732178
4710	599	5.976720
4710	1294	5.816794
4710	3668	5.790204
4710	750	5.670356
4710	3671	5.656957
4710	1206	5.591690
4710	1266	5.527524
4710	899	5.506511
4710	1077	5.446892
4710	930	5.344651
4711	913	6.893043
4711	1206	5.687642
4711	599	5.314429
4711	3471	5.024532
4711	1212	4.997669
4711	3074	4.979236
4711	2762	4.974334
4711	1222	4.929877
4711	2858	4.872362
4711	3635	4.769797
4712	912	6.083021
4712	1230	5.896779
4712	260	5.877614
4712	1276	5.717673
4712	750	5.707062
4712	1204	5.421341
4712	2987	5.366064
4712	3435	5.326128
4712	1136	5.142281
4712	969	5.100279
4713	1682	6.372398
4713	3194	5.968064
4713	3614	5.790472
4713	231	5.701174
4713	2369	5.696097
4713	1713	5.596603
4713	372	5.512639
4713	663	5.410944
4713	2390	5.340736
4713	1380	5.322629
4714	1276	6.252411
4714	1304	6.248273
4714	1234	6.109816
4714	1136	5.798599
4714	1394	5.670217
4714	260	5.637231
4714	1231	5.613728
4714	750	5.508798
4714	3504	5.458777
4714	2863	5.439102
4715	913	5.667115
4715	2288	5.655672
4715	1954	5.541410
4715	1269	5.446013
4715	3702	5.410650
4715	903	5.326678
4715	1206	5.247044
4715	1252	5.223657
4715	1201	5.140146
4715	1953	5.022455
4716	3418	6.295190
4716	1265	6.229076
4716	34	6.186110
4716	1179	5.857216
4716	1704	5.804345
4716	1617	5.758725
4716	2291	5.730983
4716	3386	5.685606
4716	1641	5.670820
4716	356	5.608629
4717	1097	5.711382
4717	3471	5.595138
4717	1231	5.564873
4717	750	5.544985
4717	1214	5.485476
4717	1276	5.453567
4717	1225	5.375003
4717	1387	5.333459
4717	1263	5.322009
4717	1250	5.269352
4718	2081	5.243477
4718	588	4.939714
4718	2087	4.875066
4718	410	4.733547
4718	586	4.717759
4718	356	4.663625
4718	17	4.644754
4718	1265	4.637990
4718	1307	4.570907
4718	2141	4.564334
4719	2628	4.244277
4719	3175	4.222279
4719	2881	4.181339
4719	1377	3.838313
4719	2699	3.828498
4719	2716	3.812561
4719	1608	3.743380
4719	2396	3.738208
4719	780	3.734159
4719	2762	3.729659
4720	223	5.400484
4720	3174	5.372846
4720	3175	5.282081
4720	2605	5.194983
4720	2712	5.153884
4720	2580	4.957519
4720	2959	4.886343
4720	2572	4.884913
4720	2734	4.862394
4720	2396	4.861041
4721	2395	6.166081
4721	2683	6.074980
4721	2336	5.895625
4721	3157	5.852925
4721	3174	5.691279
4721	2805	5.663024
4721	2369	5.637187
4721	2686	5.630094
4721	785	5.587688
4721	913	5.570372
4722	608	5.429221
4722	1259	5.352995
4722	2791	5.239938
4722	1270	5.210500
4722	2804	5.182851
4722	296	5.163923
4722	908	5.148085
4722	2000	5.124721
4722	1097	5.121219
4722	1249	5.061629
4723	3435	6.091789
4723	904	5.917958
4723	913	5.898267
4723	1230	5.782634
4723	899	5.742637
4723	1333	5.706315
4723	2300	5.688681
4723	1266	5.652864
4723	3654	5.612596
4723	3095	5.534436
4724	551	5.962327
4724	1259	5.280343
4724	1673	5.250779
4724	296	5.228273
4724	2028	5.128321
4724	593	5.116363
4724	1097	4.921247
4724	1265	4.818168
4724	2797	4.807211
4724	1	4.802247
4725	2087	7.101616
4725	1031	6.876482
4725	1019	6.773540
4725	1073	6.528473
4725	1225	6.491655
4725	969	6.393857
4725	783	6.262713
4725	1035	6.218256
4725	1688	6.203418
4725	1097	6.133660
4726	2146	7.226372
4726	1835	7.193428
4726	1409	6.953831
4726	3869	6.858063
4726	2875	6.704719
4726	587	6.664901
4726	2125	6.500407
4726	597	6.326760
4726	1883	6.270240
4726	539	6.252828
4727	1265	4.722077
4727	2791	4.054932
4727	2858	3.954830
4727	34	3.948264
4727	2000	3.876469
4727	3408	3.808274
4727	2997	3.794046
4727	2716	3.751551
4727	3751	3.660495
4727	1784	3.652380
4728	3257	7.086454
4728	3438	6.439946
4728	1917	6.413719
4728	2394	6.389965
4728	2840	5.983342
4728	1479	5.981329
4728	1377	5.948606
4728	1073	5.900162
4728	2054	5.863306
4728	2701	5.789086
4729	1198	5.844187
4729	2194	5.703043
4729	296	5.502589
4729	2000	5.418557
4729	1220	5.315574
4729	1291	5.302315
4729	3785	5.239888
4729	1302	5.197811
4729	1213	5.181564
4729	318	5.174179
4731	1394	5.003895
4731	1265	4.914843
4731	2657	4.807175
4731	3362	4.727947
4731	750	4.721919
4731	34	4.591716
4731	1238	4.584346
4731	1307	4.571679
4731	608	4.470196
4731	541	4.448874
4732	3016	6.837460
4732	303	6.484141
4732	968	6.287402
4732	2901	6.253352
4732	913	6.244240
4732	1201	6.168096
4732	3516	6.038864
4732	3639	5.934975
4732	2827	5.823731
4732	2710	5.755521
4733	1562	6.851191
4733	3489	6.002554
4733	2716	5.903379
4733	3438	5.818680
4733	1556	5.800341
4733	2797	5.793408
4733	2605	5.720411
4733	2253	5.623303
4733	2054	5.605574
4733	673	5.555636
4734	1198	5.696331
4734	260	5.601947
4734	1196	5.486547
4734	1259	5.445092
4734	1221	5.428838
4734	608	5.360215
4734	1249	5.326946
4734	296	5.218442
4734	1242	5.211483
4734	908	5.185515
4735	1201	5.925820
4735	913	5.879721
4735	1206	5.789336
4735	3174	5.693296
4735	1214	5.632288
4735	272	5.617185
4735	1077	5.390747
4735	1617	5.373371
4735	3654	5.336967
4735	1222	5.318803
4736	736	6.774117
4736	3257	6.497162
4736	2012	6.492782
4736	2699	6.462981
4736	1569	6.183269
4736	1835	5.976178
4736	1917	5.829595
4736	788	5.825929
4736	1377	5.591527
4736	368	5.522790
4737	1307	7.030740
4737	1265	5.955924
4737	1294	5.178128
4737	1223	5.170493
4737	2919	5.157350
4737	1028	4.910887
4737	2918	4.906227
4737	3685	4.833013
4737	2243	4.727132
4737	1	4.673585
4738	913	6.177476
4738	2406	5.492883
4738	1201	5.371300
4738	920	5.366698
4738	2762	5.281572
4738	912	5.251652
4738	1947	5.169814
4738	1204	5.068431
4738	260	5.043421
4738	2987	4.988213
4739	377	6.315895
4739	380	5.797812
4739	1580	5.620691
4739	1747	5.432618
4739	1721	5.378956
4739	356	5.325427
4739	457	5.200966
4739	1584	5.176358
4739	3176	5.151795
4739	2706	5.083785
4740	1997	5.501493
4740	1339	5.271018
4740	3827	5.055707
4740	1345	4.958534
4740	1955	4.792616
4740	1266	4.663682
4740	1380	4.583476
4740	3155	4.510710
4740	553	4.469483
4740	1304	4.426541
4742	1573	7.437514
4742	648	6.973861
4742	380	6.958513
4742	353	6.950541
4742	1101	6.932652
4742	1722	6.917076
4742	2803	6.831126
4742	3257	6.797644
4742	349	6.656633
4742	2628	6.550473
4743	920	8.068648
4743	912	6.600760
4743	2406	6.450410
4743	1220	6.195025
4743	246	6.164987
4743	2797	6.140634
4743	1960	5.983528
4743	1944	5.960599
4743	1947	5.797169
4743	1204	5.765118
4744	260	5.462578
4744	3471	5.383618
4744	903	5.257740
4744	1240	5.175901
4744	912	5.121567
4744	919	5.090653
4744	1252	5.029970
4744	1206	4.978874
4744	1953	4.879558
4744	1617	4.876369
4745	2791	5.201308
4745	3160	4.657845
4745	2858	4.594062
4745	1265	4.512198
4745	1097	4.508532
4745	2000	4.506748
4745	2174	4.373922
4745	2657	4.204295
4745	34	4.178339
4745	2997	4.177831
4746	2797	5.461800
4746	1220	5.258976
4746	2194	5.097984
4746	3210	5.061299
4746	2746	5.052714
4746	2000	4.888858
4746	1097	4.857523
4746	2174	4.839065
4746	3039	4.801911
4746	2858	4.561494
4747	1393	5.816376
4747	1584	5.659243
4747	1883	5.642090
4747	1580	5.535630
4747	2321	5.392983
4747	32	5.307814
4747	1732	5.213413
4747	1	5.196375
4747	2291	5.164298
4747	1271	5.134594
4748	356	5.305773
4748	1569	5.131635
4748	1265	5.080674
4748	1747	4.961391
4748	587	4.924711
4748	367	4.678696
4748	2424	4.678453
4748	1777	4.675751
4748	2100	4.665786
4748	539	4.639247
4750	380	5.195552
4750	2406	5.108745
4750	2371	5.005526
4750	2469	4.777256
4750	3623	4.747915
4750	2746	4.739264
4750	2245	4.735738
4750	2470	4.674190
4750	3591	4.589344
4750	3753	4.585076
4753	1294	5.923056
4753	1947	5.841827
4753	920	5.632973
4753	1307	5.461189
4753	1230	5.328420
4753	2067	5.327830
4753	1265	5.260484
4753	2396	5.236379
4753	1944	5.212908
4753	3363	5.145700
4754	1961	7.248896
4754	2717	6.657206
4754	1394	6.500764
4754	1957	6.453221
4754	370	6.345428
4754	3424	6.258642
4754	3868	6.217791
4754	1080	6.193564
4754	3362	6.191089
4754	1079	6.162015
4757	661	5.274456
4757	1282	5.244095
4757	1035	5.161982
4757	364	5.154875
4757	594	5.136723
4757	920	4.949205
4757	1259	4.847411
4757	908	4.806959
4757	296	4.778532
4757	162	4.723016
4759	3897	4.155899
4759	1997	4.138685
4759	3751	4.104975
4759	260	4.096722
4759	858	3.889771
4759	1304	3.882501
4759	3893	3.812089
4759	1213	3.763602
4759	296	3.761520
4759	1089	3.758298
4760	2710	5.540429
4760	2826	5.538892
4760	2716	5.136064
4760	2699	5.007758
4760	2002	4.985606
4760	3717	4.842393
4760	2532	4.818166
4760	2858	4.699167
4760	968	4.693012
4760	3160	4.665607
4761	2762	4.420173
4761	3623	4.064109
4761	3175	4.051463
4761	2571	3.811924
4761	913	3.805357
4761	1127	3.793507
4761	2396	3.763628
4761	260	3.763143
4761	2916	3.742472
4761	3753	3.732838
4762	1035	5.886306
4762	1259	5.799251
4762	260	5.779665
4762	1073	5.761180
4762	1208	5.636636
4762	2968	5.564608
4762	1967	5.475896
4762	2797	5.451263
4762	1233	5.435593
4762	1262	5.349197
4763	364	4.545822
4763	1282	4.432965
4763	2146	4.424909
4763	3751	4.279081
4763	1019	4.187532
4763	1028	4.151883
4763	34	3.858643
4763	3481	3.855230
4763	296	3.848352
4763	2011	3.832125
4764	2858	4.555625
4764	1270	4.303606
4764	1387	4.282696
4764	2716	4.253325
4764	608	4.175924
4764	2791	4.118338
4764	2657	4.111171
4764	2000	4.089480
4764	2997	4.086670
4764	1240	3.986979
4765	2336	6.724030
4765	2355	6.230277
4765	2396	6.094038
4765	2686	6.007011
4765	2712	5.975724
4765	3418	5.939749
4765	356	5.921188
4765	3175	5.837718
4765	1179	5.808257
4765	527	5.802922
4766	3160	4.739288
4766	1784	4.391730
4766	150	4.381035
4766	3148	4.356408
4766	2706	4.350952
4766	2683	4.127634
4766	1682	4.127368
4766	1580	4.035880
4766	32	4.027851
4766	3253	4.027356
4767	920	6.769304
4767	1947	6.319653
4767	1294	5.924875
4767	2067	5.844968
4767	919	5.698488
4767	899	5.615568
4767	914	5.565874
4767	1944	5.405178
4767	916	5.356126
4767	1094	5.328109
4768	588	6.324142
4768	1608	5.546150
4768	2294	5.500090
4768	364	5.489785
4768	1183	5.336710
4768	595	5.264217
4768	357	5.192435
4768	345	4.948641
4768	1357	4.935949
4768	832	4.921515
4769	2081	5.468015
4769	2797	5.229152
4769	1663	5.143556
4769	2087	5.024939
4769	2100	4.988140
4769	364	4.896025
4769	2243	4.860071
4769	1307	4.811486
4769	588	4.810200
4769	2746	4.763634
4770	2581	4.921154
4770	2599	4.755445
4770	2706	4.602722
4770	2805	4.590824
4770	2710	4.573604
4770	2762	4.539497
4770	2433	4.503672
4770	2395	4.500032
4770	2712	4.484163
4770	2997	4.446761
4771	2321	9.702855
4771	588	9.379904
4771	2355	9.144616
4771	1265	8.526703
4771	1060	8.449964
4771	34	8.352584
4771	357	8.149047
4771	497	8.061071
4771	3108	8.020383
4771	1641	8.012031
4772	2858	5.043331
4772	1214	4.892450
4772	750	4.739479
4772	3471	4.716276
4772	2716	4.696658
4772	1077	4.637826
4772	3671	4.619985
4772	2657	4.572066
4772	1387	4.557395
4772	1617	4.467389
4773	2699	7.210297
4773	736	6.767362
4773	2881	6.731882
4773	2710	6.458326
4773	2722	6.292418
4773	2490	6.242877
4773	2723	6.170415
4773	2605	6.002328
4773	2683	5.900352
4773	1391	5.881736
4774	2571	5.555108
4774	3624	5.410670
4774	3555	5.408108
4774	3948	5.327165
4774	3578	5.283125
4774	608	5.158304
4774	50	5.151766
4774	2028	5.144375
4774	2858	5.088522
4774	457	5.006046
4777	1097	5.359069
4777	1198	4.901653
4777	1225	4.785442
4777	2174	4.760650
4777	2028	4.653899
4777	2797	4.612073
4777	2791	4.577170
4777	1090	4.493596
4777	296	4.487306
4777	2628	4.475382
4778	1777	5.178818
4778	539	4.769480
4778	2424	4.706728
4778	3006	4.425458
4778	1265	4.370736
4778	339	4.169390
4778	597	4.146729
4778	2762	4.146071
4778	356	4.128495
4778	1721	4.128115
4779	913	5.962155
4779	1947	5.775401
4779	912	5.405381
4779	904	5.394178
4779	919	5.345357
4779	1617	5.339044
4779	2987	5.312542
4779	260	5.300092
4779	1269	5.266028
4779	1207	5.239357
4780	377	6.170928
4780	3418	5.929387
4780	457	5.873964
4780	1617	5.616507
4780	2406	5.453554
4780	3256	5.398779
4780	50	5.277298
4780	589	5.161137
4780	1201	5.146924
4780	1240	5.139633
4781	3148	4.545864
4781	2146	4.365873
4781	3751	4.342756
4781	34	4.322939
4781	1682	4.319880
4781	3114	4.227536
4781	2997	4.170355
4781	3827	4.113086
4781	150	4.094986
4781	1213	4.052255
4782	1214	5.999561
4782	589	5.951765
4782	32	5.424622
4782	3702	5.295352
4782	3418	5.279700
4782	2858	5.117928
4782	1617	5.104507
4782	3175	5.079421
4782	2916	5.054414
4782	1269	4.998473
4783	380	6.376548
4783	1722	6.255974
4783	1597	6.137357
4783	736	6.056980
4783	1805	5.988059
4783	3623	5.972499
4783	1645	5.873837
4783	1608	5.831921
4783	353	5.753859
4783	377	5.657932
4784	2858	4.690803
4784	2716	4.135855
4784	1073	4.133382
4784	2628	4.020897
4784	2640	3.992814
4784	2194	3.968749
4784	2791	3.917259
4784	3160	3.914707
4784	1036	3.900865
4784	2288	3.899741
4785	587	4.703896
4785	3155	4.503259
4785	380	4.421152
4785	1645	4.318980
4785	1835	4.290459
4785	3827	4.223769
4785	266	4.152284
4785	736	4.125981
4785	368	4.121772
4785	539	4.114587
4786	3861	6.695214
4786	2054	6.387907
4786	153	6.151410
4786	1917	5.948974
4786	1920	5.828261
4786	3438	5.815888
4786	1371	5.735686
4786	2822	5.697849
4786	3257	5.682282
4786	168	5.606381
4787	1265	4.787890
4787	3175	4.562762
4787	2396	4.349097
4787	34	4.262106
4787	17	4.255518
4787	588	4.154783
4787	2716	4.085282
4787	3418	4.058551
4787	36	4.018375
4787	3100	4.003251
4788	2717	7.556823
4788	520	7.239322
4788	1091	7.183081
4788	370	7.060492
4788	2335	6.999317
4788	1126	6.614377
4788	500	6.570479
4788	2431	6.562525
4788	788	6.549360
4788	3263	6.521668
4789	2369	5.718220
4789	1441	5.632395
4789	3081	5.447197
4789	3174	4.963110
4789	3264	4.926404
4789	2959	4.860305
4789	968	4.855193
4789	3253	4.797849
4789	3499	4.638204
4789	708	4.633926
4790	1101	5.633306
4790	454	5.179408
4790	2262	5.060984
4790	1265	4.782657
4790	1608	4.767785
4790	162	4.680180
4790	266	4.664317
4790	380	4.660835
4790	2245	4.659806
4790	509	4.642263
4791	2194	6.526183
4791	592	6.426762
4791	2000	6.411753
4791	1213	6.053719
4791	3510	5.910231
4791	3844	5.904998
4791	3160	5.815588
4791	2571	5.757101
4791	2011	5.717086
4791	1374	5.647196
4793	1722	6.342744
4793	736	6.334977
4793	1597	5.867126
4793	368	5.750748
4793	3257	5.601535
4793	2424	5.498183
4793	1917	5.440396
4793	2875	5.437913
4793	539	5.345288
4793	349	5.320612
4794	1214	5.134769
4794	1617	5.076940
4794	1198	4.808592
4794	913	4.762021
4794	2858	4.745728
4794	318	4.719695
4794	593	4.715396
4794	296	4.705363
4794	608	4.692165
4794	924	4.689160
4795	527	5.016071
4795	1584	4.719248
4795	1259	4.596695
4795	912	4.557770
4795	260	4.516491
4795	1	4.499881
4795	1136	4.467437
4795	1196	4.461528
4795	1233	4.460258
4795	1035	4.433483
4796	750	6.027896
4796	32	6.014653
4796	1584	5.950385
4796	589	5.931413
4796	541	5.602347
4796	1269	5.578727
4796	1077	5.548045
4796	608	5.524951
4796	1	5.470930
4796	3471	5.468609
4797	500	6.821446
4797	1569	6.756442
4797	539	6.705331
4797	231	6.618382
4797	7	6.605211
4797	252	6.516249
4797	372	6.375315
4797	344	6.338458
4797	708	6.253916
4797	2539	6.220183
4798	3897	5.286128
4798	3751	5.017849
4798	1206	4.817214
4798	1304	4.753726
4798	2997	4.553703
4798	253	4.552599
4798	608	4.509285
4798	1997	4.495304
4798	1148	4.421639
4798	2076	4.399075
4799	1307	6.430548
4799	588	6.077852
4799	2243	6.038331
4799	2321	5.912349
4799	1	5.666020
4799	34	5.657410
4799	357	5.548408
4799	2289	5.508211
4799	17	5.455380
4799	2918	5.331804
4800	2455	6.868260
4800	2011	6.600809
4800	592	5.917856
4800	2407	5.742865
4800	2628	5.709558
4800	1097	5.541148
4800	2174	5.450996
4800	2005	5.432071
4800	1019	5.343780
4800	3070	5.320398
4801	1544	6.221315
4801	185	5.369006
4801	780	5.229962
4801	2455	5.190427
4801	329	5.098834
4801	1527	5.039128
4801	1371	5.008736
4801	2628	4.957305
4801	2640	4.949770
4801	1690	4.937691
4802	272	5.681367
4802	1721	5.390294
4802	3176	5.339696
4802	457	5.252156
4802	1206	5.199960
4802	1266	5.193586
4802	377	5.088156
4802	314	5.029386
4802	2206	4.872163
4802	2762	4.857657
4803	2688	5.694347
4803	3623	5.591920
4803	3219	5.426510
4803	2490	5.260587
4803	736	5.251740
4803	380	5.205116
4803	2605	5.119447
4803	3175	5.099651
4803	2723	4.992052
4803	785	4.905285
4804	3098	7.072285
4804	2717	6.965347
4804	2804	6.622311
4804	1374	6.552645
4804	3146	6.543101
4804	3360	6.434466
4804	3835	6.258704
4804	1962	6.156999
4804	2398	6.134684
4804	2976	6.117990
4805	1265	4.552187
4805	1732	4.131637
4805	2706	4.113664
4805	293	4.097208
4805	3253	4.086278
4805	3114	4.084135
4805	3052	4.017178
4805	3175	4.004476
4805	1	3.997740
4805	1923	3.995771
4806	1831	7.522462
4806	3638	6.981618
4806	196	6.681852
4806	2722	6.679119
4806	172	6.573072
4806	2808	6.434512
4806	1917	6.418929
4806	1779	6.418470
4806	185	6.380334
4806	435	6.309553
4807	1380	5.543175
4807	1225	5.441396
4807	919	5.386884
4807	1073	5.362456
4807	1208	5.272746
4807	912	5.266409
4807	1207	5.154165
4807	913	5.129139
4807	899	5.115583
4807	2971	5.050088
4808	2717	7.888322
4808	3760	6.362022
4808	3098	6.227459
4808	3146	6.194406
4808	2389	6.169328
4808	3773	5.896835
4808	3717	5.846195
4808	382	5.795588
4808	2694	5.758673
4808	2335	5.693995
4809	3255	6.854011
4809	357	6.731541
4809	509	6.506395
4809	588	6.410177
4809	454	6.400521
4809	497	6.295590
4809	1265	6.204027
4809	3259	6.080008
4809	104	6.070628
4809	3386	6.034918
4810	3623	7.467127
4810	1391	6.917036
4810	1918	6.554373
4810	380	6.550078
4810	2012	6.400133
4810	1379	6.397794
4810	466	6.386468
4810	3717	6.320845
4810	2490	6.263227
4810	2002	6.146960
4811	910	8.027737
4811	1230	7.721798
4811	1394	7.374517
4811	750	7.294933
4811	920	7.262032
4811	1304	7.171067
4811	951	7.122885
4811	1084	6.989889
4811	1199	6.983322
4811	3435	6.816569
4812	3450	6.184984
4812	2706	5.786712
4812	1580	5.765205
4812	788	5.709129
4812	2395	5.636140
4812	1784	5.492601
4812	1485	5.415292
4812	2683	5.217139
4812	3160	5.141993
4812	480	5.111314
4813	597	6.372443
4813	539	5.987408
4813	3253	5.843453
4813	357	5.798443
4813	1777	5.749600
4813	588	5.749437
4813	1643	5.513082
4813	2671	5.452791
4813	1569	5.422945
4813	2108	5.378724
4814	1391	5.951497
4814	2699	5.323677
4814	2094	5.297631
4814	435	5.158789
4814	2012	5.140509
4814	3869	5.037032
4814	253	4.976938
4814	1676	4.815628
4814	3638	4.720122
4814	736	4.710956
4815	608	7.811883
4815	908	7.761494
4815	1259	7.655984
4815	1249	7.211470
4815	1240	6.922815
4815	296	6.689288
4815	2248	6.604874
4815	1394	6.597056
4815	111	6.573523
4815	1617	6.563660
4816	3897	7.111948
4816	2000	6.723143
4816	1089	6.455850
4816	3317	6.450827
4816	3608	6.367582
4816	3535	6.340559
4816	3751	6.329675
4816	1213	6.253560
4816	2194	6.192305
4816	253	6.117353
4817	2797	6.006900
4817	2087	5.740225
4817	1947	5.410619
4817	2100	5.243725
4817	920	5.048235
4817	1967	4.981075
4817	2081	4.894800
4817	2243	4.856109
4817	1220	4.752961
4817	3479	4.713963
4818	1220	5.141573
4818	527	5.012343
4818	912	4.830108
4818	1097	4.828987
4818	2028	4.795484
4818	2406	4.763771
4818	1210	4.710839
4818	2762	4.705769
4818	2858	4.700021
4818	296	4.680823
4819	1124	6.574546
4819	1956	6.358408
4819	1962	6.042917
4819	1374	5.878642
4819	2455	5.759040
4819	36	5.741818
4819	34	5.647485
4819	1246	5.576748
4819	2791	5.521949
4819	1035	5.441840
4820	3911	4.502897
4820	3893	4.436625
4820	3897	4.320290
4820	3949	4.119463
4820	3948	4.092807
4820	3535	3.849247
4820	1089	3.777481
4820	3863	3.719232
4820	3827	3.679133
4820	2146	3.678753
4821	2858	4.561590
4821	1196	4.555406
4821	2762	4.351882
4821	2997	4.251057
4821	788	4.243545
4821	2395	4.094378
4821	3114	3.967175
4821	2028	3.963886
4821	1222	3.927493
4821	1073	3.916502
4823	1269	6.408476
4823	1214	6.368548
4823	1240	6.252768
4823	2529	5.882025
4823	1304	5.799712
4823	903	5.728538
4823	1199	5.714244
4823	1230	5.644989
4823	1200	5.620705
4823	904	5.617501
4824	1304	5.915940
4824	912	5.508339
4824	919	5.495862
4824	1276	5.479006
4824	750	5.306833
4824	2300	5.227097
4824	904	5.193227
4824	3435	5.149208
4824	2987	5.012757
4824	899	4.994695
4825	3418	5.877565
4825	1356	5.275240
4825	1907	5.155707
4825	2985	5.145522
4825	1584	5.133314
4825	1573	5.078524
4825	1608	5.068167
4825	2294	4.984312
4825	1653	4.884670
4825	589	4.833228
4826	2194	5.335878
4826	589	4.943975
4826	1036	4.750035
4826	2571	4.691448
4826	1214	4.616404
4826	2858	4.592592
4826	3702	4.574177
4826	3160	4.572738
4826	1610	4.559140
4826	2916	4.514888
4827	1235	6.667021
4827	1136	6.490939
4827	745	6.484760
4827	1304	6.405319
4827	3504	5.942865
4827	1	5.869276
4827	1199	5.851681
4827	750	5.835486
4827	3362	5.762526
4827	2863	5.700130
4828	2424	6.468632
4828	1569	6.383206
4828	1835	6.365574
4828	539	6.174294
4828	587	6.109496
4828	7	6.068222
4828	736	6.019274
4828	339	5.898115
4828	597	5.705653
4828	1391	5.704946
4829	589	5.883623
4829	750	5.836726
4829	1200	5.829122
4829	2571	5.646575
4829	260	5.498347
4829	1198	5.394977
4829	2985	5.391673
4829	1221	5.382675
4829	1196	5.361898
4829	3471	5.304138
4830	1225	6.422287
4830	919	6.049121
4830	260	5.792912
4830	912	5.665913
4830	969	5.536843
4830	2174	5.423768
4830	1967	5.386656
4830	1947	5.337294
4830	2968	5.310573
4830	1097	5.291863
4831	296	5.375310
4831	919	5.313787
4831	1035	5.269749
4831	1282	5.252189
4831	364	5.060721
4831	661	5.043703
4831	930	5.003732
4831	260	4.952778
4831	594	4.942843
4831	3418	4.892276
4832	1101	6.183721
4832	2407	6.125117
4832	2011	6.073092
4832	2371	6.000005
4832	3484	5.999640
4832	3535	5.933657
4832	3526	5.738779
4832	3107	5.585936
4832	3534	5.578070
4832	3704	5.489672
4833	2716	6.012471
4833	2336	5.546732
4833	2712	5.541947
4833	3175	5.293520
4833	2396	5.272303
4833	2761	5.182258
4833	3157	5.041256
4833	2580	4.801281
4833	2762	4.779322
4833	2686	4.771599
4834	1197	5.399432
4834	1270	5.372349
4834	1304	5.298876
4834	1387	5.167413
4834	908	5.109890
4834	750	5.087522
4834	2657	5.025150
4834	1079	5.009103
4834	608	4.945067
4834	1234	4.910088
4835	589	5.265892
4835	32	4.864802
4835	2916	4.813508
4835	2571	4.762759
4835	1240	4.723255
4835	2858	4.690016
4835	1214	4.682888
4835	480	4.533289
4835	2640	4.531239
4835	3471	4.528798
4836	3893	6.699056
4836	3911	5.701553
4836	253	5.699063
4836	3897	5.603852
4836	3536	5.512533
4836	2110	5.434802
4836	3793	5.419850
4836	1645	5.393361
4836	3753	5.360055
4836	1089	5.292155
4837	1307	6.909805
4837	2100	6.635833
4837	2478	6.623215
4837	788	6.444643
4837	2375	6.424156
4837	153	6.398384
4837	2717	6.294495
4837	2405	6.133864
4837	2253	6.123904
4837	370	6.095807
4838	1580	5.382483
4838	3160	5.197602
4838	2706	5.180302
4838	150	5.089272
4838	3176	5.044731
4838	2916	4.929791
4838	1784	4.835002
4838	588	4.799726
4838	1608	4.791883
4838	1357	4.693711
4840	1408	5.618686
4840	21	5.419573
4840	377	5.407642
4840	62	5.384358
4840	2396	5.361076
4840	34	5.333819
4840	2706	5.330712
4840	16	5.316710
4840	3252	5.298173
4840	2355	5.280944
4841	589	6.923739
4841	2571	6.661638
4841	110	6.499448
4841	2916	6.415819
4841	457	6.263154
4841	1240	5.959145
4841	1610	5.958022
4841	2985	5.906035
4841	1673	5.869252
4841	2628	5.867007
4842	1673	5.696866
4842	2194	5.410878
4842	2000	5.348555
4842	2291	5.341753
4842	296	5.332789
4842	1222	5.310626
4842	2858	5.251663
4842	110	5.228298
4842	2791	5.147259
4842	589	5.111810
4843	1265	5.446183
4843	608	5.047523
4843	162	4.860854
4843	1230	4.786190
4843	2248	4.708115
4843	2918	4.663386
4843	1294	4.605147
4843	1304	4.591186
4843	1307	4.581822
4843	1617	4.563324
4845	1777	6.329872
4845	377	5.983934
4845	3105	5.795513
4845	1784	5.741364
4845	539	5.659996
4845	2622	5.613897
4845	3253	5.610145
4845	21	5.593995
4845	3252	5.445920
4845	1120	5.442371
4846	2355	5.445109
4846	2395	4.790643
4846	2396	4.786072
4846	1265	4.759364
4846	2706	4.672204
4846	356	4.656056
4846	1923	4.572863
4846	2599	4.559969
4846	39	4.478936
4846	3114	4.462213
4847	3751	4.781457
4847	1265	4.604199
4847	1270	4.389710
4847	296	4.387046
4847	3897	4.293015
4847	2248	4.284608
4847	1240	4.263674
4847	593	4.246435
4847	1028	4.243735
4847	1213	4.189360
4848	1608	6.169062
4848	1573	5.998223
4848	380	5.920783
4848	2628	5.896544
4848	349	5.815381
4848	1527	5.736880
4848	1101	5.595274
4848	1356	5.283562
4848	1917	5.277781
4848	2916	5.235952
4849	2375	6.882945
4849	2247	6.665751
4849	1307	6.479117
4849	2100	6.411303
4849	1091	6.272707
4849	19	6.218096
4849	2150	6.086611
4849	3949	6.009330
4849	3552	6.003983
4849	3263	5.931927
4850	3408	4.240916
4850	3510	4.153025
4850	3793	4.117572
4850	592	3.984450
4850	3176	3.983616
4850	3578	3.978036
4850	318	3.959513
4850	2571	3.927873
4850	3751	3.859118
4850	3114	3.828311
4852	1961	5.250639
4852	1225	5.146349
4852	34	5.036541
4852	1231	5.009151
4852	1097	5.002446
4852	1387	4.929379
4852	2194	4.868027
4852	2791	4.853431
4852	2716	4.850570
4852	1073	4.799273
4853	608	6.343879
4853	1249	5.915210
4853	1617	5.538801
4853	593	5.406061
4853	50	5.359115
4853	1304	5.200586
4853	2571	5.141763
4853	296	5.139623
4853	1259	5.112156
4853	1	5.109858
4854	1909	4.968484
4854	1	4.856680
4854	293	4.774285
4854	2858	4.741753
4854	1077	4.640847
4854	2355	4.598563
4854	750	4.581144
4854	608	4.532585
4854	2599	4.490140
4854	32	4.487152
4855	1485	5.577685
4855	1569	5.549572
4855	2424	5.507531
4855	1777	5.345336
4855	231	5.324813
4855	356	5.165885
4855	586	5.148761
4855	2671	5.134023
4855	1784	5.098664
4855	1265	5.088377
4856	903	6.739308
4856	858	6.566215
4856	1953	6.458199
4856	1954	6.383596
4856	1240	6.199882
4856	908	6.151645
4856	296	6.009478
4856	1219	6.007811
4856	111	5.993009
4856	1214	5.985877
4857	16	5.453018
4857	1370	5.449625
4857	1580	5.353966
4857	2571	5.343572
4857	3256	5.262058
4857	454	5.234348
4857	1573	5.234040
4857	1805	5.125012
4857	377	5.052580
4857	2916	5.033980
4858	1198	4.762896
4858	2871	4.662557
4858	3753	4.621117
4858	1240	4.570818
4858	3793	4.477063
4858	1275	4.466818
4858	1291	4.419989
4858	296	4.396295
4858	2571	4.365034
4858	1073	4.300137
4859	1265	5.283834
4859	3210	4.732897
4859	2791	4.694098
4859	2858	4.684174
4859	1307	4.657272
4859	1270	4.563260
4859	3552	4.525670
4859	246	4.486499
4859	2000	4.410118
4859	1079	4.365535
4860	3751	5.149964
4860	3386	4.931309
4860	293	4.923951
4860	2291	4.820539
4860	454	4.699921
4860	1732	4.675525
4860	6	4.671710
4860	1584	4.647224
4860	1393	4.624650
4860	3317	4.597745
4861	1240	5.910827
4861	608	5.887522
4861	589	5.790549
4861	2571	5.537338
4861	1617	5.392119
4861	1249	5.345796
4861	457	5.285343
4861	2529	5.180562
4861	50	5.180460
4861	1200	5.150146
4862	608	5.134452
4862	2657	4.931233
4862	1240	4.889333
4862	1259	4.877002
4862	908	4.635951
4862	3863	4.617577
4862	2571	4.614257
4862	2529	4.586771
4862	1215	4.484700
4862	3624	4.451670
4863	2396	5.281110
4863	356	4.614505
4863	2762	4.481175
4863	2336	4.458296
4863	1183	4.333140
4863	2706	4.253806
4863	2599	4.223624
4863	2997	4.220163
4863	2395	4.192968
4863	1721	4.159160
4864	1394	5.068002
4864	608	4.985982
4864	1304	4.747278
4864	1136	4.619634
4864	1307	4.568815
4864	1199	4.557006
4864	1197	4.532656
4864	1270	4.444093
4864	2657	4.443341
4864	3362	4.397437
4865	1307	6.447038
4865	745	5.980961
4865	1223	5.401252
4865	1148	5.334103
4865	1265	5.162202
4865	3671	5.160935
4865	3072	5.087303
4865	1304	5.024059
4865	1	5.012153
4865	1230	4.827961
4866	2424	6.070789
4866	2100	6.004472
4866	1409	5.908197
4866	344	5.845532
4866	2717	5.716639
4866	1307	5.706884
4866	2247	5.607227
4866	500	5.578262
4866	2369	5.428817
4866	1777	5.413735
4867	1265	5.140453
4867	356	4.622430
4867	1747	4.603809
4867	2858	4.559219
4867	3450	4.402565
4867	1517	4.371091
4867	1500	4.345452
4867	367	4.204251
4867	1569	4.201746
4867	2406	4.195965
4868	480	5.888117
4868	2628	5.779079
4868	3173	5.693564
4868	1580	5.560059
4868	1673	5.190078
4868	2640	5.124041
4868	110	5.098783
4868	592	5.007490
4868	457	4.987874
4868	3753	4.955679
4869	3174	5.829269
4869	2959	5.521244
4869	2716	5.459479
4869	785	5.159025
4869	2194	5.113786
4869	2683	5.099232
4869	223	5.044374
4869	2395	5.029523
4869	3175	5.016530
4869	2502	4.975919
4870	32	4.342899
4870	2858	4.302864
4870	1580	4.263192
4870	2396	4.232209
4870	2710	4.222884
4870	480	4.132028
4870	2640	4.106657
4870	2706	4.065226
4870	2699	4.061458
4870	2762	4.027848
4872	3623	5.151312
4872	2706	5.137087
4872	1923	4.991126
4872	3408	4.772712
4872	367	4.749543
4872	141	4.706981
4872	1393	4.546312
4872	3578	4.518039
4872	2124	4.484007
4872	3176	4.481621
4874	2871	5.952199
4874	1073	5.833986
4874	527	5.769145
4874	260	5.610597
4874	1233	5.575647
4874	919	5.301541
4874	1947	5.264006
4874	912	5.233117
4874	318	5.211822
4874	2005	5.209906
4875	457	7.151642
4875	3418	7.006352
4875	377	6.562353
4875	21	6.505411
4875	1610	6.414843
4875	2291	6.380891
4875	16	6.357358
4875	2571	6.331799
4875	110	6.214368
4875	1617	6.173356
4876	3176	4.994829
4876	1682	4.664553
4876	3160	4.646779
4876	1784	4.642104
4876	2395	4.627087
4876	2571	4.576155
4876	110	4.534221
4876	1673	4.470519
4876	2706	4.464498
4876	1393	4.429825
4877	2761	5.950019
4877	364	5.728748
4877	1022	5.681105
4877	2355	5.487311
4877	3654	5.369693
4877	3684	5.229406
4877	1028	5.210348
4877	2018	5.033784
4877	595	5.009178
4877	1179	4.980651
4878	1265	5.314318
4878	1	4.891179
4878	3114	4.850582
4878	2997	4.479113
4878	3253	4.414709
4878	357	4.392621
4878	1028	4.359704
4878	1307	4.339476
4878	595	4.335957
4878	597	4.290625
4879	1035	7.050882
4879	661	6.561723
4879	2455	6.468701
4879	551	6.453070
4879	2140	6.212829
4879	1101	6.120516
4879	3070	6.049727
4879	247	5.960553
4879	2193	5.922685
4879	1097	5.891100
4882	2407	5.108324
4882	2011	4.739178
4882	1019	4.409459
4882	1394	4.383185
4882	2311	4.315800
4882	2746	4.303645
4882	3897	4.276842
4882	1259	4.230435
4882	3863	4.223764
4882	3704	4.177183
4883	593	4.922954
4883	296	4.843541
4883	318	4.782581
4883	608	4.748150
4883	3418	4.645343
4883	1265	4.557774
4883	1617	4.550337
4883	527	4.537176
4883	1094	4.475014
4883	1220	4.412158
4884	1214	6.012823
4884	260	5.652983
4884	1201	5.584005
4884	2944	5.543356
4884	1204	5.497660
4884	969	5.450966
4884	1198	5.363156
4884	1387	5.360097
4884	1225	5.323510
4884	1287	5.307080
4885	1206	6.183335
4885	1196	6.162522
4885	1221	6.104116
4885	3471	6.010214
4885	2028	5.815841
4885	1200	5.806196
4885	527	5.769116
4885	1210	5.705855
4885	2987	5.696319
4885	913	5.557360
4886	1527	6.528057
4886	2916	6.174928
4886	329	6.023603
4886	480	5.614929
4886	589	5.592100
4886	1356	5.538386
4886	780	5.451048
4886	2528	5.424492
4886	2167	5.295161
4886	2455	5.274927
4887	2054	6.718548
4887	1091	6.528730
4887	19	6.397008
4887	3861	6.272181
4887	2247	6.210950
4887	2470	6.194425
4887	2796	6.068284
4887	3717	5.709701
4887	2088	5.691395
4887	2431	5.669383
4888	1230	7.188639
4888	1235	6.516197
4888	916	6.431705
4888	898	6.344532
4888	899	6.271968
4888	1304	6.242371
4888	3363	6.211212
4888	3504	6.110403
4888	750	6.066487
4888	1199	5.968642
4889	2706	6.118980
4889	1580	5.707171
4889	2355	5.549238
4889	1500	5.495905
4889	2699	5.315850
4889	39	5.305062
4889	3408	5.232630
4889	223	5.170235
4889	1923	5.064263
4889	2321	5.061995
4890	2406	5.223973
4890	2746	5.166864
4890	2455	5.101701
4890	1220	5.018785
4890	1994	4.939075
4890	1982	4.836864
4890	1350	4.809500
4890	2194	4.729886
4890	1345	4.659822
4890	2791	4.585354
4892	1831	7.408896
4892	196	7.243625
4892	1690	7.185610
4892	1320	7.063307
4892	329	6.842737
4892	1876	6.832004
4892	1676	6.681972
4892	2311	6.505940
4892	253	6.472965
4892	1373	6.359908
4893	1544	6.716349
4893	2628	6.686055
4893	2105	6.296468
4893	2021	6.143689
4893	2421	5.563776
4893	2640	5.434496
4893	3438	5.322915
4893	3070	5.265956
4893	185	5.240541
4893	788	5.185033
4894	1206	6.328541
4894	2985	6.308242
4894	2916	5.974192
4894	1200	5.796852
4894	3256	5.686423
4894	1127	5.684690
4894	2023	5.637207
4894	2947	5.570802
4894	3702	5.467615
4894	2571	5.463843
4895	2406	5.112897
4895	2100	5.102795
4895	3448	4.901335
4895	2797	4.793318
4895	1220	4.556545
4895	2145	4.451403
4895	296	4.428818
4895	2470	4.393529
4895	3512	4.376063
4895	1101	4.363755
4896	3893	6.696660
4896	3911	6.194097
4896	1089	5.965838
4896	3317	5.849128
4896	3744	5.678339
4896	3897	5.642250
4896	3556	5.641134
4896	3745	5.359626
4896	1213	5.302925
4896	50	5.192993
4897	1097	6.217677
4897	1259	5.764492
4897	2797	5.686143
4897	34	5.680817
4897	2968	5.547240
4897	527	5.481075
4897	2174	5.251937
4897	260	5.238035
4897	2028	5.184700
4897	1210	5.136763
4898	1084	5.132404
4898	1207	5.038755
4898	3362	4.974469
4898	1380	4.961841
4898	1304	4.897852
4898	2657	4.875443
4898	903	4.827266
4898	1212	4.816508
4898	1136	4.779182
4898	1267	4.733711
4899	2105	5.842948
4899	1101	5.790852
4899	2455	5.558212
4899	3624	5.340529
4899	1220	5.250778
4899	2872	5.250215
4899	3070	5.173850
4899	296	5.169583
4899	2194	5.119487
4899	2406	5.116220
4901	930	6.198203
4901	920	6.067827
4901	3435	5.826625
4901	903	5.765356
4901	1230	5.683278
4901	1201	5.548573
4901	919	5.546466
4901	904	5.493611
4901	1214	5.445421
4901	1304	5.281833
4902	466	5.188105
4902	2628	5.048691
4902	1917	4.835499
4902	3623	4.825011
4902	2872	4.697120
4902	2193	4.552007
4902	1377	4.495520
4902	3565	4.471912
4902	1378	4.442990
4902	1391	4.342212
4903	1240	5.883385
4903	608	5.870694
4903	1249	5.703313
4903	1617	5.651858
4903	908	5.561851
4903	1214	5.450012
4903	1213	5.423108
4903	1269	5.358646
4903	858	5.356778
4903	111	5.316109
4904	1617	4.627004
4904	608	4.618752
4904	1265	4.611248
4904	1214	4.583612
4904	2858	4.478260
4904	1136	4.464518
4904	1304	4.461923
4904	1	4.449811
4904	34	4.438986
4904	3471	4.403596
4905	260	5.196393
4905	1214	5.150778
4905	919	5.026421
4905	3471	5.020456
4905	527	4.998435
4905	1617	4.997164
4905	912	4.900804
4905	1225	4.887252
4905	858	4.860041
4905	1240	4.806450
4906	457	5.682696
4906	589	5.511745
4906	3555	5.369514
4906	1240	5.259384
4906	733	5.250252
4906	2028	5.233005
4906	3256	5.202803
4906	2571	5.196291
4906	1608	5.144278
4906	2916	5.134799
4907	364	6.694075
4907	1022	6.451279
4907	2078	6.230920
4907	595	6.211775
4907	1282	6.126925
4907	1907	6.055035
4907	2087	5.853202
4907	588	5.765738
4907	2018	5.755592
4907	1097	5.657100
4908	260	4.440286
4908	2987	4.157565
4908	1225	4.066361
4908	2797	4.029746
4908	2174	3.947140
4908	1097	3.929800
4908	1196	3.914327
4908	912	3.783110
4908	2804	3.712347
4908	1961	3.704565
4909	2791	5.534025
4909	1270	5.181570
4909	1394	5.087565
4909	1198	5.063892
4909	1197	5.021863
4909	1090	4.924869
4909	260	4.881899
4909	908	4.877946
4909	1258	4.804642
4909	2918	4.751744
4910	2858	4.711450
4910	2762	4.587296
4910	2028	4.582441
4910	2628	4.564645
4910	3702	4.547541
4910	1198	4.506264
4910	480	4.466305
4910	260	4.456451
4910	1954	4.435225
4910	913	4.382988
4911	2100	5.068035
4911	2081	4.846421
4911	17	4.793555
4911	588	4.706101
4911	539	4.549295
4911	1265	4.458274
4911	597	4.424615
4911	1569	4.370619
4911	356	4.348045
4911	367	4.286349
4913	1235	5.434617
4913	1265	5.367608
4913	1304	5.366107
4913	1	5.327459
4913	1136	5.235398
4913	3751	5.025914
4913	1307	4.927887
4913	1148	4.916159
4913	1249	4.868830
4913	1230	4.847619
4914	1784	4.744509
4914	356	4.694344
4914	1580	4.619121
4914	1883	4.567661
4914	2291	4.522501
4914	1682	4.498793
4914	1732	4.433952
4914	357	4.423311
4914	1747	4.412138
4914	3176	4.411943
4915	2571	5.599982
4915	2028	5.436918
4915	457	5.253342
4915	3418	5.234501
4915	589	5.117642
4915	527	5.073949
4915	593	5.055607
4915	318	5.045240
4915	1610	5.031892
4915	296	4.977228
4916	2369	6.807958
4916	2717	6.807051
4916	3263	6.715254
4916	500	6.506076
4916	2431	6.452890
4916	1777	6.365003
4916	2247	6.320039
4916	344	6.278868
4916	2335	6.204193
4916	2424	6.098413
4917	1304	5.307845
4917	904	5.168454
4917	903	5.136158
4917	1997	5.079036
4917	1269	5.031945
4917	1234	4.962498
4917	1206	4.889911
4917	3735	4.867221
4917	1954	4.795447
4917	1214	4.776188
4918	3408	5.575711
4918	3510	5.235305
4918	1580	5.173876
4918	454	5.162336
4918	3160	5.130561
4918	3578	4.924908
4918	2000	4.901704
4918	2571	4.895645
4918	3704	4.894014
4918	110	4.842422
4919	3751	4.664193
4919	1213	4.326417
4919	2000	4.136966
4919	1265	4.092124
4919	3897	4.068365
4919	593	4.054987
4919	2997	4.049537
4919	1732	3.973389
4919	50	3.940934
4919	2858	3.898273
4920	903	6.494988
4920	858	6.267330
4920	1201	6.187969
4920	1953	6.179124
4920	1207	6.169765
4920	1299	6.132646
4920	1304	6.092461
4920	3435	6.070838
4920	1276	6.028429
4920	1952	6.014241
4921	377	5.971314
4921	2916	5.889745
4921	3418	5.881429
4921	1573	5.811187
4921	1921	5.794704
4921	1584	5.726382
4921	3386	5.606531
4921	1608	5.441198
4921	1527	5.396117
4921	364	5.312087
4922	3386	6.871998
4922	1747	6.768587
4922	21	6.651442
4922	3418	6.534778
4922	32	6.471491
4922	356	6.451275
4922	1183	6.443612
4922	1408	6.269586
4922	2291	6.179985
4922	45	6.067859
4923	2355	4.885436
4923	2997	4.519684
4923	2716	4.430403
4923	1307	4.368516
4923	2762	4.191149
4923	1197	4.180041
4923	1265	4.159381
4923	1961	4.103916
4923	2396	4.095815
4923	2804	4.082628
4924	260	5.265355
4924	1259	5.219939
4924	1198	5.207200
4924	296	5.027948
4924	1097	4.928497
4924	908	4.844593
4924	1196	4.832137
4924	1240	4.828416
4924	527	4.790503
4924	1210	4.737524
4925	1235	6.932106
4925	745	6.602665
4925	1238	6.108810
4925	1148	5.964199
4925	1136	5.958008
4925	3362	5.870980
4925	1307	5.731110
4925	2300	5.618317
4925	955	5.558095
4925	1304	5.477223
4927	1265	5.745848
4927	2355	5.351547
4927	1747	5.343073
4927	356	5.329261
4927	497	5.016007
4927	357	4.986866
4927	3253	4.909983
4927	2396	4.907561
4927	1517	4.880090
4927	39	4.875098
4928	589	6.556427
4928	1370	6.294614
4928	1921	6.022365
4928	3256	5.774307
4928	1610	5.703249
4928	3354	5.642652
4928	3555	5.642608
4928	2278	5.630643
4928	1573	5.579907
4928	1527	5.560765
4929	260	5.289003
4929	913	5.083890
4929	1214	5.078407
4929	3471	5.072149
4929	1954	5.031427
4929	1073	4.930817
4929	1198	4.922136
4929	1225	4.848870
4929	1206	4.766992
4929	1240	4.709271
4930	2087	7.383256
4930	1947	7.043171
4930	920	7.013368
4930	919	6.938532
4930	899	6.817228
4930	969	6.647706
4930	2067	6.586196
4930	916	6.425832
4930	1073	6.410101
4930	914	6.301914
4931	2581	6.389106
4931	2336	6.072886
4931	3508	5.790273
4931	2369	5.787026
4931	3606	5.768927
4931	2396	5.700421
4931	2013	5.647293
4931	1947	5.643097
4931	2598	5.543720
4931	2686	5.356964
4932	2194	4.478303
4932	2858	4.436687
4932	2716	4.413499
4932	1265	4.355181
4932	2000	4.317504
4932	3175	4.023909
4932	2746	4.020408
4932	1220	3.965792
4932	2791	3.879660
4932	2692	3.876071
4933	1265	6.855745
4933	1784	5.248596
4933	34	5.239934
4933	1641	5.211774
4933	3253	5.149726
4933	2000	4.963046
4933	2289	4.915346
4933	2997	4.899304
4933	357	4.876697
4933	1	4.843205
4934	1961	5.595867
4934	2797	5.299152
4934	1307	5.218206
4934	1207	5.216766
4934	296	5.133441
4934	1220	5.087551
4934	2915	5.081119
4934	1299	5.044210
4934	858	4.993195
4934	593	4.975657
4936	260	4.845555
4936	1097	4.676958
4936	2028	4.664822
4936	527	4.649704
4936	1210	4.630871
4936	1196	4.552689
4936	34	4.511257
4936	608	4.491082
4936	1617	4.400754
4936	1240	4.398586
4937	454	6.827606
4937	1883	6.405116
4937	253	6.354978
4937	1089	6.314648
4937	3751	6.122784
4937	1732	6.053364
4937	3148	6.010366
4937	2302	5.920614
4937	2146	5.800565
4937	2321	5.765897
4938	2490	6.372017
4938	2580	6.325335
4938	2433	6.196626
4938	3219	5.972434
4938	223	5.907616
4938	3175	5.796636
4938	2716	5.743990
4938	3623	5.637021
4938	2710	5.635320
4938	3174	5.587627
4939	2011	4.924856
4939	3160	4.903252
4939	2628	4.870254
4939	2455	4.788800
4939	2105	4.745398
4939	2194	4.707336
4939	2791	4.704293
4939	2000	4.536458
4939	2407	4.530639
4939	1036	4.478734
4940	1307	4.259275
4940	1304	4.066243
4940	2997	4.061282
4940	2987	3.859712
4940	2300	3.844624
4940	1234	3.843972
4940	3114	3.822092
4940	1265	3.808813
4940	2396	3.786863
4940	2762	3.768720
4941	2706	5.361703
4941	223	5.209589
4941	3160	5.162359
4941	2395	5.046108
4941	1580	4.925472
4941	1784	4.919814
4941	2396	4.791261
4941	32	4.719456
4941	2599	4.680865
4941	1265	4.637678
4942	1214	5.324433
4942	969	5.100284
4942	1206	5.018694
4942	34	5.009291
4942	1230	4.941463
4942	1240	4.923191
4942	260	4.922889
4942	1200	4.821333
4942	1304	4.807673
4942	904	4.783382
4945	260	6.266244
4945	750	6.263969
4945	1276	6.214773
4945	912	6.199504
4945	1230	6.104634
4945	1387	6.032036
4945	1204	6.027148
4945	1304	6.003648
4945	919	5.930937
4945	1221	5.897593
4946	899	7.330084
4946	1230	7.300354
4946	919	7.288293
4946	969	7.128745
4946	920	6.883574
4946	2018	6.858439
4946	930	6.609168
4946	2067	6.486520
4946	750	6.447789
4946	1294	6.417953
4947	260	5.153905
4947	2987	4.935522
4947	919	4.852525
4947	3471	4.660774
4947	1204	4.579794
4947	912	4.513069
4947	969	4.467383
4947	750	4.423698
4947	590	4.382461
4947	913	4.378081
4948	34	5.585039
4948	1265	5.198934
4948	2396	4.892655
4948	36	4.876846
4948	1214	4.716938
4948	800	4.711051
4948	1962	4.703382
4948	1230	4.700564
4948	3363	4.677465
4948	968	4.673305
4949	480	4.862915
4949	2916	4.735344
4949	1580	4.663447
4949	2692	4.604210
4949	32	4.569099
4949	2640	4.526683
4949	1584	4.371458
4949	3160	4.357690
4949	590	4.349259
4949	3175	4.346340
4950	608	5.083659
4950	593	4.981419
4950	2150	4.890318
4950	858	4.875500
4950	1222	4.843067
4950	318	4.833585
4950	1307	4.785517
4950	50	4.759179
4950	2858	4.684918
4950	924	4.675282
4951	1719	6.453710
4951	247	6.221266
4951	1265	6.215083
4951	3450	5.805748
4951	3422	5.667301
4951	1747	5.612005
4951	647	5.539997
4951	2291	5.502186
4951	2966	5.489943
4951	1188	5.423689
4952	1784	6.289544
4952	3253	6.191174
4952	1883	6.166730
4952	357	6.112390
4952	2706	6.094086
4952	1393	6.050765
4952	1747	6.030834
4952	2321	6.007749
4952	1060	5.944141
4952	1641	5.804017
4953	454	7.492680
4953	1876	6.585320
4953	1909	6.316379
4953	1580	6.102634
4953	648	6.033135
4953	1653	5.901021
4953	1356	5.672548
4953	3408	5.649370
4953	1391	5.610445
4953	1584	5.597937
4954	1265	6.791879
4954	1307	6.225021
4954	2108	6.080027
4954	597	5.862292
4954	529	5.797436
4954	3751	5.467520
4954	3255	5.364505
4954	357	5.253285
4954	3608	5.252932
4954	1223	5.237598
4956	1265	3.937604
4956	1	3.867939
4956	34	3.792104
4956	2657	3.772554
4956	2858	3.763166
4956	1230	3.690241
4956	2716	3.640426
4956	2396	3.611108
4956	3114	3.610423
4956	1294	3.562084
4957	1961	8.066908
4957	2717	7.729491
4957	1962	7.299986
4957	1957	6.924430
4957	3098	6.832778
4957	3688	6.823766
4957	3071	6.707873
4957	370	6.555160
4957	1234	6.362407
4957	1225	6.219221
4958	1961	6.417120
4958	19	6.375741
4958	1663	6.335609
4958	2247	6.072956
4958	2375	5.869433
4958	1307	5.700980
4958	1033	5.668231
4958	2953	5.665029
4958	2804	5.590869
4958	1028	5.569466
4959	1608	5.754753
4959	2628	5.288381
4959	349	5.219796
4959	1580	4.930876
4959	733	4.865944
4959	480	4.836623
4959	590	4.762590
4959	380	4.696510
4959	3489	4.673929
4959	2916	4.653086
4960	1307	5.179314
4960	1265	5.099644
4960	356	4.913772
4960	2762	4.804351
4960	2396	4.800677
4960	497	4.769019
4960	1294	4.655570
4960	913	4.644513
4960	3654	4.505520
4960	1617	4.483907
4961	913	7.019656
4961	2716	6.103477
4961	2713	5.937324
4961	3016	5.903790
4961	2428	5.825862
4961	1283	5.736186
4961	3516	5.731379
4961	599	5.695467
4961	2723	5.635046
4961	2901	5.543591
4962	3418	6.483661
4962	32	6.424491
4962	3160	6.149905
4962	2291	6.012960
4962	457	5.960653
4962	110	5.922331
4962	34	5.842678
4962	1120	5.797919
4962	1784	5.758534
4962	1584	5.754340
4963	1682	6.761295
4963	1584	6.621081
4963	3176	6.312760
4963	32	6.212294
4963	1393	6.172215
4963	1271	6.062925
4963	45	6.024682
4963	1580	6.023465
4963	377	6.002987
4963	1721	5.958733
4964	1370	7.281530
4964	3256	6.239993
4964	1573	6.220909
4964	1805	6.200475
4964	1610	5.892289
4964	648	5.835411
4964	3354	5.795989
4964	377	5.787840
4964	589	5.760358
4964	457	5.747353
4965	3273	5.004892
4965	2683	4.558408
4965	3717	4.365011
4965	2054	4.346662
4965	2701	4.257043
4965	2716	4.216689
4965	2628	4.203167
4965	3752	4.201124
4965	1562	4.181029
4965	1513	4.157023
4966	2194	6.088294
4966	1214	5.825458
4966	3702	5.638454
4966	1610	5.594317
4966	1036	5.530563
4966	2028	5.527468
4966	1210	5.456107
4966	1617	5.431226
4966	296	5.263012
4966	3471	5.249397
4967	736	4.954151
4967	2012	4.545620
4967	1580	4.542421
4967	2699	4.519059
4967	2706	4.482277
4967	1391	4.478365
4967	380	4.447143
4967	587	4.400604
4967	597	4.387380
4967	2671	4.386275
4972	2706	6.132106
4972	1747	6.081575
4972	1580	6.009774
4972	39	5.901953
4972	110	5.778813
4972	21	5.764703
4972	1673	5.663753
4972	2321	5.619711
4972	1265	5.612834
4972	2324	5.599724
4973	1230	6.443641
4973	1231	5.742954
4973	1387	5.739345
4973	912	5.700374
4973	910	5.640579
4973	3671	5.592111
4973	1136	5.533146
4973	1234	5.509140
4973	1199	5.459594
4973	260	5.447754
4975	913	5.872770
4975	968	5.386660
4975	3365	5.385871
4975	3508	5.376566
4975	2288	5.367114
4975	1201	5.282959
4975	1214	5.200579
4975	1345	5.133949
4975	1964	5.038314
4975	903	4.975416
4976	3897	5.607702
4976	1407	5.292506
4976	3510	5.092519
4976	3408	5.073308
4976	3717	5.071647
4976	2001	5.048845
4976	3578	4.994251
4976	3751	4.926098
4976	3785	4.819245
4976	3704	4.804203
4977	3623	5.168696
4977	3717	5.110399
4977	3638	4.679840
4977	3408	4.638528
4977	3752	4.453225
4977	3608	4.434904
4977	2959	4.388060
4977	3897	4.321666
4977	2012	4.318098
4977	3510	4.295089
4978	1544	5.846953
4978	2167	5.653732
4978	1676	5.410289
4978	780	5.392721
4978	1527	5.388576
4978	1876	5.332593
4978	1573	5.234400
4978	2916	5.155279
4978	589	5.132008
4978	480	5.128054
4979	2746	8.276159
4979	1962	7.698486
4979	2081	7.560365
4979	2716	7.516296
4979	1307	7.292097
4979	1333	7.090273
4979	1663	6.941000
4979	1033	6.708153
4979	19	6.691211
4979	2100	6.645999
4980	2692	5.555780
4980	150	5.509006
4980	2502	5.463038
4980	25	5.316827
4980	2622	5.292911
4980	1120	5.272915
4980	1784	5.183559
4980	3176	5.175502
4980	3105	5.147386
4980	3418	5.123806
4981	7	7.144557
4981	1888	6.999083
4981	1777	6.931074
4981	339	6.829380
4981	587	6.782064
4981	1457	6.630068
4981	2369	6.211953
4981	1441	6.069467
4981	708	6.054590
4981	236	5.968527
4982	2858	4.708101
4982	1387	4.648285
4982	260	4.598831
4982	1198	4.574228
4982	1210	4.478149
4982	1214	4.438051
4982	1221	4.402732
4982	3471	4.311108
4982	2194	4.308679
4982	2571	4.230677
4983	2087	8.886540
4983	595	8.214965
4983	783	8.207555
4983	1907	8.064566
4983	364	7.995775
4983	2294	7.989875
4983	2018	7.513800
4983	588	7.371220
4983	2096	7.327135
4983	2078	7.310733
4984	454	7.933292
4984	3317	7.485719
4984	1089	7.438616
4984	3893	7.233927
4984	47	7.191238
4984	3751	6.972699
4984	3897	6.882477
4984	1883	6.726153
4984	3911	6.672952
4984	457	6.657282
4985	1917	7.230011
4985	3107	6.918476
4985	2628	6.872344
4985	2393	6.854892
4985	1608	6.824036
4985	1552	6.766907
4985	2115	6.748826
4985	1573	6.738227
4985	349	6.726066
4985	292	6.544227
4987	3256	7.323857
4987	2278	7.087153
4987	2628	7.086378
4987	1385	7.001877
4987	648	6.973263
4987	1101	6.793992
4987	1876	6.784920
4987	3107	6.773361
4987	3555	6.667459
4987	2001	6.641976
4989	32	5.521224
4989	3176	5.387728
4989	457	5.313059
4989	2571	5.282318
4989	1732	5.153501
4989	1580	4.964997
4989	110	4.919052
4989	1584	4.904558
4989	1393	4.885070
4989	2706	4.865665
4990	1265	6.826755
4990	1307	5.823718
4990	608	5.719359
4990	1961	5.603940
4990	1	5.501317
4990	1394	5.382875
4990	34	5.279686
4990	3751	5.278999
4990	2289	5.253412
4990	1234	5.118218
4993	1294	5.321533
4993	920	5.254751
4993	930	5.137941
4993	1947	4.865501
4993	2081	4.522039
4993	1265	4.510403
4993	2396	4.463307
4993	919	4.423584
4993	911	4.287975
4993	1307	4.285658
4994	2916	5.172858
4994	3418	5.114963
4994	377	4.978952
4994	457	4.736422
4994	2985	4.728138
4994	3175	4.577385
4994	1527	4.528195
4994	1584	4.507246
4994	589	4.481890
4994	1214	4.424233
4995	21	6.812398
4995	2321	6.450722
4995	1641	6.280012
4995	3255	6.184310
4995	2355	6.169614
4995	1923	6.037524
4995	588	6.013727
4995	3105	5.963917
4995	1784	5.866278
4995	529	5.746916
4997	1513	8.457889
4997	2100	7.925722
4997	2369	7.919019
4997	500	6.841813
4997	2478	6.838501
4997	2746	6.830746
4997	830	6.815729
4997	1569	6.772196
4997	708	6.739697
4997	2424	6.656651
4998	1732	5.097624
4998	1777	5.045959
4998	1639	4.987198
4998	3751	4.865011
4998	1393	4.786686
4998	1265	4.757666
4998	3176	4.720682
4998	1883	4.720336
4998	337	4.673410
4998	3148	4.647046
4999	2716	5.919596
4999	34	5.469783
4999	2355	5.255595
4999	1307	5.110470
4999	1270	5.107901
4999	2791	4.929106
4999	1097	4.920791
4999	2396	4.788197
4999	1394	4.625910
4999	1294	4.543339
5000	2407	6.039725
5000	2011	5.625343
5000	3704	5.474405
5000	2371	5.355474
5000	2746	5.262508
5000	1215	5.125883
5000	2455	4.950663
5000	3210	4.919479
5000	3701	4.913970
5000	1994	4.911704
5001	3176	5.840905
5001	1912	5.715800
5001	150	5.691281
5001	1393	5.587564
5001	457	5.516241
5001	1704	5.394920
5001	1721	5.385951
5001	1682	5.176207
5001	296	5.140307
5001	3418	5.081787
5002	1339	5.275220
5002	1407	4.972660
5002	253	4.908023
5002	1645	4.702045
5002	3638	4.463160
5002	2916	4.398403
5002	3408	4.382743
5002	2167	4.295077
5002	3081	4.195032
5002	3175	4.179849
5003	1573	6.035976
5003	1876	5.799667
5003	1676	5.495338
5003	1917	5.449055
5003	648	5.430060
5003	1552	5.169933
5003	2881	5.039071
5003	736	5.033800
5003	1597	5.001382
5003	349	4.945684
5004	1265	5.641430
5004	588	5.348876
5004	2355	5.312171
5004	1	5.191117
5004	2716	5.115763
5004	34	5.067578
5004	1188	5.034945
5004	3175	4.887311
5004	1294	4.836081
5004	1183	4.833551
5005	16	7.157897
5005	1912	6.955918
5005	1393	6.836065
5005	457	6.635475
5005	1883	6.498969
5005	1089	6.391022
5005	2391	6.313990
5005	3148	6.178435
5005	3176	6.171329
5005	3252	5.972750
5006	913	6.976797
5006	904	6.744781
5006	1206	6.343085
5006	919	6.282659
5006	903	6.131949
5006	1204	6.111799
5006	1304	6.094405
5006	260	6.080674
5006	1201	6.069434
5006	3654	6.044295
5008	2194	7.539102
5008	589	7.077164
5008	1036	6.824600
5008	2571	6.681832
5008	1291	6.634199
5008	480	6.628038
5008	2628	6.507838
5008	1610	6.477848
5008	2028	6.362467
5008	2105	6.252618
5009	1230	5.849640
5009	1304	5.722900
5009	750	5.438123
5009	1307	5.394982
5009	1077	5.364130
5009	3671	5.292306
5009	1265	5.282289
5009	1028	5.193686
5009	955	5.171445
5009	2863	5.142984
5010	912	5.535849
5010	1201	5.329133
5010	3418	5.324425
5010	2858	5.271119
5010	1617	5.243131
5010	246	5.241624
5010	2918	5.163100
5010	750	5.159111
5010	527	5.095332
5010	1214	5.026371
5011	1307	7.393374
5011	1394	6.635326
5011	3361	6.455428
5011	1172	6.442727
5011	1259	6.390000
5011	1960	6.350591
5011	2918	6.245416
5011	2243	6.188447
5011	1265	6.161432
5011	2797	6.047798
5013	1214	6.307506
5013	1387	6.063386
5013	1206	6.022600
5013	1953	5.779544
5013	1276	5.727561
5013	3435	5.725263
5013	1230	5.717195
5013	1997	5.711307
5013	913	5.674902
5013	1252	5.661049
5014	196	6.331924
5014	1831	6.262890
5014	1320	6.165142
5014	2167	6.155607
5014	253	6.155302
5014	1717	5.868190
5014	1876	5.807474
5014	1037	5.501651
5014	2094	5.446052
5014	185	5.425575
5015	21	5.325156
5015	589	4.987773
5015	3175	4.981650
5015	2858	4.892753
5015	2291	4.799195
5015	3408	4.766910
5015	1265	4.729021
5015	3160	4.685294
5015	2716	4.681465
5015	2918	4.660704
5016	1183	6.983047
5016	588	6.923558
5016	357	6.835775
5016	1747	6.792062
5016	39	6.638186
5016	151	6.624858
5016	1357	6.514266
5016	1188	6.461858
5016	1265	6.452316
5016	356	6.444612
5017	913	5.564877
5017	1221	5.506027
5017	3471	5.356670
5017	912	5.327805
5017	1954	5.174036
5017	1210	5.102967
5017	527	5.050255
5017	1387	5.023167
5017	1617	5.014950
5017	1206	4.992436
5018	1682	7.284995
5018	1393	7.011899
5018	515	6.903388
5018	32	6.709518
5018	3176	6.627785
5018	45	6.621733
5018	150	6.559910
5018	588	6.524092
5018	161	6.428469
5018	1271	6.426320
5019	32	6.371986
5019	3702	5.891601
5019	2529	5.624589
5019	1240	5.520819
5019	2571	5.467438
5019	1214	5.408401
5019	2912	5.356564
5019	1077	5.344340
5019	1584	5.338525
5019	608	5.337815
5020	2455	6.753259
5020	2791	6.482218
5020	1079	6.148923
5020	2918	5.859288
5020	3868	5.669970
5020	1097	5.623452
5020	1270	5.613914
5020	1321	5.555733
5020	2459	5.473310
5020	968	5.406637
5021	912	7.374568
5021	1947	6.562527
5021	2797	6.524124
5021	260	6.425424
5021	913	6.227191
5021	1073	5.990538
5021	2987	5.951142
5021	919	5.935446
5021	1198	5.924238
5021	1097	5.905084
5022	1206	5.128311
5022	1997	4.975897
5022	1198	4.965598
5022	2366	4.746452
5022	1258	4.635512
5022	1214	4.437635
5022	1231	4.341889
5022	2804	4.340285
5022	1225	4.320697
5022	1234	4.319275
5023	1097	5.799637
5023	2797	5.570732
5023	260	5.403691
5023	912	5.290540
5023	1197	5.223147
5023	2355	5.051691
5023	1259	5.023799
5023	1307	4.993971
5023	1090	4.981418
5023	1198	4.871682
5024	3504	5.692543
5024	919	5.530181
5024	1230	5.484544
5024	899	5.451565
5024	905	5.439315
5024	1136	5.321134
5024	3435	5.319545
5024	260	5.229318
5024	1235	5.183866
5024	1206	5.178710
5025	1222	5.737259
5025	913	5.734287
5025	2858	5.461514
5025	1201	5.419808
5025	1263	5.348281
5025	3471	5.250774
5025	1214	5.158294
5025	1269	5.068226
5025	1387	5.000447
5025	1212	4.958186
5026	3552	8.899596
5026	1307	8.833250
5026	1663	8.605292
5026	2797	8.534144
5026	2100	8.161087
5026	2243	8.069457
5026	19	7.947397
5026	3448	7.808250
5026	1961	7.337982
5026	3248	7.187927
5029	736	5.887541
5029	2881	5.738237
5029	380	5.650506
5029	1722	5.559732
5029	3623	5.549104
5029	587	5.377362
5029	1597	5.353241
5029	3408	5.234593
5029	2706	5.160866
5029	2353	5.124989
5031	1569	6.175772
5031	539	5.907594
5031	588	5.750912
5031	597	5.648361
5031	1777	5.567129
5031	3252	5.532183
5031	339	5.520609
5031	2424	5.474970
5031	11	5.439563
5031	3253	5.420318
5032	3552	5.265336
5032	1265	5.248602
5032	3526	4.607949
5032	2000	4.526922
5032	2100	4.506343
5032	2371	4.488462
5032	3448	4.483091
5032	2746	4.475727
5032	2150	4.422387
5032	3210	4.409233
5033	1307	6.929089
5033	920	6.333218
5033	2797	6.201516
5033	1294	6.113855
5033	912	5.818869
5033	1674	5.681013
5033	2067	5.609525
5033	1944	5.606450
5033	2243	5.596798
5033	246	5.459484
5034	185	4.995295
5034	2366	4.815137
5034	1387	4.722124
5034	260	4.714664
5034	2628	4.559716
5034	2428	4.547731
5034	2716	4.438133
5034	2858	4.423237
5034	1206	4.397364
5034	912	4.389394
5035	2717	8.612740
5035	2247	6.457208
5035	3258	6.393169
5035	2431	6.066842
5035	2375	6.022170
5035	1961	5.984789
5035	3263	5.942530
5035	532	5.748767
5035	2335	5.726118
5035	1307	5.715856
5036	1513	6.953744
5036	2598	6.742287
5036	2581	6.553567
5036	2336	6.308405
5036	2716	6.210944
5036	2683	6.020003
5036	2490	6.002349
5036	2369	5.903782
5036	2906	5.800776
5036	2734	5.726055
5037	34	4.905757
5037	2396	4.756666
5037	1265	4.621614
5037	3114	4.393058
5037	1	4.341451
5037	356	4.298095
5037	1094	4.229425
5037	32	4.200877
5037	3418	4.113077
5037	1704	4.100437
5038	919	6.529534
5038	2871	6.334879
5038	260	6.158111
5038	1282	5.874480
5038	899	5.779340
5038	3435	5.638553
5038	1233	5.637039
5038	2987	5.584444
5038	969	5.560293
5038	1254	5.461356
5039	1073	5.660037
5039	1088	5.430883
5039	919	5.339833
5039	260	5.318538
5039	1380	5.248354
5039	1225	5.106991
5039	2871	4.987361
5039	1254	4.927810
5039	1193	4.794905
5039	1997	4.763084
5040	1676	6.151284
5040	2094	5.893129
5040	329	5.819444
5040	1690	5.597298
5040	2393	5.563230
5040	1831	5.550344
5040	1320	5.543007
5040	185	5.453245
5040	3638	5.316584
5040	648	5.252590
5041	1097	5.247432
5041	1198	5.205286
5041	1291	4.951565
5041	296	4.886281
5041	1073	4.855250
5041	260	4.839712
5041	318	4.764284
5041	1287	4.719512
5041	2028	4.689437
5041	1225	4.600333
5042	3148	7.274988
5042	253	7.220875
5042	454	6.364661
5042	3176	6.339048
5042	1645	6.065948
5042	1732	5.955504
5042	1092	5.896793
5042	3844	5.805398
5042	3827	5.756849
5042	1625	5.673652
5044	34	5.557069
5044	588	5.375839
5044	17	5.002701
5044	1094	4.925141
5044	1	4.721770
5044	1307	4.671672
5044	356	4.565893
5044	357	4.495675
5044	497	4.451996
5044	1028	4.442465
5045	1234	5.269954
5045	1	5.159085
5045	2997	5.149586
5045	1961	5.095893
5045	34	5.030669
5045	1077	5.016185
5045	1080	4.935673
5045	1136	4.926127
5045	1307	4.881213
5045	1223	4.853147
5046	913	5.863370
5046	1201	5.704814
5046	3508	5.579798
5046	1207	5.524576
5046	2858	4.911271
5046	3037	4.910122
5046	912	4.879453
5046	2406	4.816951
5046	920	4.816833
5046	1292	4.808603
5047	648	6.481713
5047	1909	6.176712
5047	2628	6.079726
5047	1552	6.074665
5047	95	6.015762
5047	3697	5.808829
5047	1580	5.803574
5047	1391	5.796630
5047	2094	5.768607
5047	1608	5.675992
5048	527	5.944615
5048	1947	5.934740
5048	1272	5.820527
5048	1263	5.537286
5048	260	5.532210
5048	1262	5.460752
5048	1196	5.340640
5048	1208	5.295082
5048	2987	5.214911
5048	1233	5.202663
5049	1374	6.281528
5049	34	6.172408
5049	2000	5.939197
5049	21	5.934715
5049	2321	5.850155
5049	3160	5.845750
5049	1060	5.830375
5049	32	5.811138
5049	1171	5.726298
5049	2571	5.645952
5050	1883	5.513442
5050	293	5.203649
5050	1732	5.128258
5050	3255	5.126843
5050	1500	5.125876
5050	2302	5.086740
5050	454	4.989780
5050	1393	4.852620
5050	3751	4.823709
5050	587	4.796810
5051	2395	5.609632
5051	2694	5.480608
5051	2683	5.465531
5051	2706	5.386026
5051	2710	4.991386
5051	223	4.957572
5051	3160	4.897975
5051	788	4.837463
5051	2369	4.749279
5051	3450	4.720255
5053	2706	4.993621
5053	3176	4.781058
5053	1732	4.654407
5053	3578	4.610405
5053	2997	4.594309
5053	39	4.586481
5053	2762	4.535234
5053	2571	4.533516
5053	356	4.523685
5053	2396	4.513668
5054	736	6.423448
5054	587	6.405912
5054	1391	5.979366
5054	539	5.941800
5054	1485	5.881975
5054	380	5.877311
5054	1711	5.723710
5054	1569	5.664261
5054	2012	5.603256
5054	500	5.593397
5055	913	6.460489
5055	1947	6.366871
5055	2067	6.235683
5055	919	6.076608
5055	1204	6.017902
5055	912	5.879379
5055	1294	5.680330
5055	260	5.656249
5055	969	5.594179
5055	3095	5.551119
5056	1380	5.332304
5056	500	5.266512
5056	2100	5.257786
5056	3	5.240404
5056	2424	5.157085
5056	1101	5.042436
5056	1307	5.023173
5056	2469	4.951206
5056	2245	4.936460
5056	1265	4.929551
5057	750	6.131139
5057	1304	5.949447
5057	912	5.791984
5057	3471	5.472919
5057	1276	5.463327
5057	541	5.414782
5057	1269	5.345923
5057	1	5.342142
5057	1294	5.314001
5057	919	5.261337
5058	1201	7.232359
5058	3508	6.961203
5058	1292	6.628760
5058	1304	6.307579
5058	1952	6.061595
5058	1230	5.994663
5058	3671	5.944284
5058	1953	5.883544
5058	1080	5.823125
5058	3037	5.796133
5059	1917	7.331375
5059	3257	6.990029
5059	3354	6.820156
5059	2628	6.817332
5059	1037	6.664929
5059	2490	6.603299
5059	376	6.596801
5059	648	6.588517
5059	2617	6.546999
5059	1544	6.532758
5060	1304	5.301560
5060	1307	5.048862
5060	1235	4.956126
5060	1230	4.930124
5060	608	4.927905
5060	3751	4.909522
5060	1394	4.733818
5060	1294	4.676826
5060	1	4.670774
5060	3897	4.662089
5061	34	5.532900
5061	2396	5.366420
5061	595	5.350749
5061	3114	5.262919
5061	1	5.186689
5061	588	5.147855
5061	2355	5.090725
5061	2987	5.089762
5061	527	4.864552
5061	1097	4.773586
5063	588	5.980114
5063	1907	5.612868
5063	2081	5.525106
5063	595	5.519307
5063	2294	5.396587
5063	364	5.384881
5063	34	5.269755
5063	2396	5.264711
5063	2087	5.230764
5063	2355	5.160431
5064	2194	5.039083
5064	1240	4.956674
5064	2571	4.749157
5064	1036	4.712295
5064	1214	4.610163
5064	2858	4.496612
5064	608	4.441510
5064	2455	4.428743
5064	1198	4.414253
5064	2791	4.380196
5065	364	6.372099
5065	1088	6.049663
5065	36	5.291562
5065	661	5.261978
5065	3684	5.143298
5065	2011	5.052195
5065	2081	4.997567
5065	1282	4.967802
5065	3006	4.958335
5065	1032	4.892914
5066	1073	6.134073
5066	260	5.842116
5066	2987	5.239581
5066	1204	5.178597
5066	1225	5.140302
5066	1947	5.013513
5066	2797	4.976605
5066	1198	4.963608
5066	2054	4.908801
5066	2161	4.869313
5067	1304	6.501267
5067	1276	6.367937
5067	1234	6.129687
5067	1953	5.784531
5067	1267	5.775907
5067	1136	5.746366
5067	1952	5.583460
5067	1084	5.571074
5067	3435	5.535144
5067	903	5.521415
5068	2000	6.571009
5068	2791	5.758963
5068	1213	5.516361
5068	296	5.488438
5068	608	5.387252
5068	1965	5.365173
5068	1302	5.343453
5068	1673	5.150821
5068	1961	5.144639
5068	1171	5.144173
5070	912	5.092296
5070	1617	5.069550
5070	913	5.051961
5070	1265	4.981111
5070	1094	4.929419
5070	356	4.882991
5070	527	4.867956
5070	919	4.834500
5070	2762	4.768435
5070	2987	4.742751
5071	1101	6.170531
5071	2628	6.063534
5071	1573	5.587008
5071	10	5.515003
5071	3107	5.489003
5071	349	5.462209
5071	1608	5.460680
5071	2916	5.458728
5071	3623	5.343245
5071	733	5.306965
5072	1388	6.011737
5072	1831	5.774795
5072	196	5.568566
5072	2710	5.143221
5072	2722	5.097167
5072	2642	4.957572
5072	2311	4.745152
5072	2699	4.725194
5072	185	4.667912
5072	1394	4.633243
5074	253	6.866683
5074	3701	6.099962
5074	588	5.906019
5074	529	5.821499
5074	3844	5.624183
5074	3478	5.615086
5074	1124	5.380537
5074	2352	5.361959
5074	1033	5.351967
5074	3704	5.292398
5075	2640	6.246774
5075	1527	5.702470
5075	2916	5.660678
5075	1240	5.483410
5075	1584	5.432898
5075	2167	5.387684
5075	2628	5.340919
5075	1921	5.272164
5075	2571	5.227318
5075	2528	5.213943
5076	1394	6.498673
5076	3072	5.848832
5076	3424	5.811066
5076	2797	5.786383
5076	2918	5.661933
5076	1265	5.613198
5076	3526	5.591304
5076	3362	5.271609
5076	3868	5.173516
5076	2791	5.071022
5077	223	6.250324
5077	3253	6.228233
5077	2706	6.201583
5077	2395	6.069120
5077	2396	6.018880
5077	2433	5.988271
5077	2572	5.915196
5077	3175	5.859539
5077	3160	5.857155
5077	3174	5.788577
5078	1831	5.514647
5078	196	5.240565
5078	1388	4.993383
5078	1320	4.921909
5078	3638	4.913253
5078	2116	4.867616
5078	1690	4.804105
5078	185	4.776076
5078	2410	4.727009
5078	1717	4.705990
5079	1097	5.630422
5079	2797	5.578874
5079	34	5.482438
5079	2791	5.441736
5079	1265	5.393641
5079	296	5.391612
5079	1259	5.270795
5079	1220	5.235814
5079	2174	5.159919
5079	1242	5.070539
5080	3273	4.846054
5080	2694	4.819660
5080	1092	4.736721
5080	3717	4.669163
5080	3623	4.630487
5080	3114	4.457752
5080	2805	4.425630
5080	2710	4.409827
5080	2997	4.401305
5080	2683	4.388881
5081	2571	4.988543
5081	1240	4.948449
5081	589	4.738092
5081	1206	4.715256
5081	3702	4.676204
5081	2858	4.612736
5081	1214	4.607288
5081	608	4.533701
5081	1200	4.458056
5081	2529	4.437316
5082	1265	6.767109
5082	1	6.398168
5082	34	6.136089
5082	1885	5.694552
5082	2289	5.651517
5082	588	5.613461
5082	2321	5.595874
5082	1235	5.583066
5082	3751	5.563806
5082	608	5.553666
5083	3510	6.066173
5083	3744	5.820530
5083	3793	5.814724
5083	3745	5.639257
5083	3863	5.617032
5083	3717	5.503490
5083	3578	5.391344
5083	3555	5.244967
5083	3785	5.221764
5083	3623	5.212905
5084	2797	5.543214
5084	2087	5.225375
5084	3479	5.049764
5084	2054	4.979732
5084	1073	4.921653
5084	1019	4.740555
5084	3861	4.700673
5084	2100	4.700501
5084	1920	4.683635
5084	2174	4.595450
5085	34	5.502030
5085	1265	5.412604
5085	588	5.260039
5085	1	5.252805
5085	595	4.998827
5085	1294	4.828427
5085	2396	4.772653
5085	1028	4.713805
5085	3114	4.674741
5085	3363	4.562046
5086	34	5.661479
5086	1097	5.371474
5086	1374	5.243491
5086	2804	5.100007
5086	588	5.093134
5086	1270	5.049825
5086	1028	5.029042
5086	1197	4.828415
5086	1265	4.769825
5086	608	4.729974
5087	1092	5.596807
5087	3623	5.294214
5087	736	5.266215
5087	1917	5.207854
5087	1676	5.100180
5087	1754	5.098991
5087	3257	5.027416
5087	1645	4.979515
5087	1391	4.927006
5087	3638	4.899315
5088	2858	5.488188
5088	1210	4.945971
5088	3702	4.813699
5088	1222	4.805891
5088	1097	4.661114
5088	913	4.657700
5088	1263	4.643860
5088	1240	4.604976
5088	1387	4.568075
5088	527	4.540762
5089	1230	5.647815
5089	1	5.246053
5089	1235	5.198464
5089	1136	5.110155
5089	1199	5.056777
5089	750	5.028570
5089	1077	4.991313
5089	608	4.782185
5089	2300	4.779544
5089	904	4.728649
5090	1580	4.587997
5090	1215	4.510366
5090	2858	4.460681
5090	2628	4.431803
5090	3535	4.415668
5090	1391	4.226274
5090	3578	4.218182
5090	3408	4.160850
5090	1544	4.124593
5090	3534	4.075400
5091	196	8.263013
5091	1831	8.240384
5091	1373	7.850366
5091	1037	7.823074
5091	1371	7.712679
5091	1544	7.700706
5091	435	7.670143
5091	1391	7.635440
5091	172	7.595695
5091	1882	7.473420
5092	594	5.166075
5092	2018	5.029521
5092	588	4.811301
5092	2081	4.791822
5092	34	4.756577
5092	930	4.719308
5092	2078	4.683416
5092	1282	4.675440
5092	595	4.674810
5092	1294	4.669289
5093	32	6.084045
5093	34	5.769105
5093	1584	5.749345
5093	2396	5.517348
5093	377	5.515700
5093	3176	5.496944
5093	2294	5.495319
5093	588	5.494261
5093	62	5.292900
5093	457	5.278898
5094	589	5.593378
5094	2571	5.415778
5094	457	5.207838
5094	1240	5.108690
5094	608	5.009308
5094	1610	4.966939
5094	3418	4.958758
5094	593	4.900954
5094	1617	4.849226
5094	3256	4.798410
5095	1304	5.729573
5095	1234	5.688910
5095	1080	5.612156
5095	1136	5.537896
5095	1199	5.474590
5095	1394	5.446130
5095	1221	5.383178
5095	2657	5.294957
5095	1267	5.150388
5095	1293	5.130785
5096	377	6.015417
5096	1584	5.640215
5096	1580	5.579128
5096	21	5.411398
5096	1747	5.310348
5096	1527	5.253194
5096	3386	5.217906
5096	2353	5.165059
5096	1722	5.079293
5096	1573	5.039346
5097	1265	5.390117
5097	3751	5.247670
5097	608	5.210410
5097	1307	4.802365
5097	3552	4.710915
5097	593	4.640193
5097	2150	4.568537
5097	2000	4.510378
5097	3526	4.425852
5097	50	4.377713
5098	968	5.957790
5098	3508	5.944590
5098	913	5.726995
5098	3639	5.640696
5098	3365	5.637317
5098	1212	5.417501
5098	2901	5.380659
5098	1997	5.379701
5098	599	5.308895
5098	1955	5.298095
5099	2717	6.886471
5099	196	6.865707
5099	3708	6.339567
5099	788	6.214257
5099	1371	6.149869
5099	1037	6.079227
5099	2456	5.944834
5099	2513	5.853936
5099	172	5.777594
5099	1992	5.724862
5100	1407	5.670637
5100	253	5.519166
5100	3510	5.203129
5100	3704	5.202045
5100	3763	4.957188
5100	3408	4.947655
5100	2985	4.876606
5100	2001	4.772597
5100	3638	4.645527
5100	2194	4.628855
5101	3098	7.048310
5101	1961	6.209047
5101	2804	6.141919
5101	1962	6.076271
5101	3360	6.011748
5101	2997	5.808918
5101	3071	5.745017
5101	1957	5.728766
5101	1246	5.722478
5101	1374	5.651270
5102	377	5.923625
5102	21	5.605127
5102	2706	5.580793
5102	2396	5.573626
5102	2433	5.541922
5102	337	5.397209
5102	3176	5.383575
5102	3386	5.353892
5102	356	5.330107
5102	32	5.316030
5103	3717	4.364250
5103	3897	4.109348
5103	2858	4.019948
5103	253	3.952187
5103	2012	3.929266
5103	3608	3.927716
5103	3510	3.912310
5103	2716	3.905451
5103	2407	3.899488
5103	3578	3.895828
5104	2571	4.944636
5104	1221	4.880804
5104	1291	4.791505
5104	1206	4.758276
5104	589	4.744374
5104	1214	4.718651
5104	3471	4.687934
5104	1073	4.616095
5104	1210	4.608020
5104	1097	4.560403
5105	1088	5.882250
5105	969	5.394159
5105	1073	5.201670
5105	1225	5.029578
5105	919	4.965009
5105	1035	4.857696
5105	920	4.634391
5105	2018	4.542959
5105	1333	4.497524
5105	661	4.457164
5106	1777	7.028462
5106	1569	5.747308
5106	1923	5.725349
5106	500	5.699299
5106	104	5.683614
5106	2108	5.662519
5106	2671	5.592285
5106	231	5.512821
5106	1265	5.505227
5106	342	5.495760
5107	1584	7.491621
5107	2294	6.986506
5107	1653	6.974618
5107	1682	6.829234
5107	32	6.817478
5107	480	6.364648
5107	524	6.312193
5107	1580	6.174842
5107	551	6.150325
5107	34	5.852137
5108	1230	6.732631
5108	919	6.626109
5108	1276	6.345163
5108	3363	6.202467
5108	2565	6.174647
5108	969	6.127726
5108	1225	6.124827
5108	1294	5.989277
5108	912	5.962912
5108	1304	5.917843
5109	1947	5.128008
5109	2762	5.028726
5109	1513	5.008025
5109	2369	4.961277
5109	1073	4.948394
5109	2987	4.684240
5109	2396	4.634326
5109	2395	4.498755
5109	2598	4.491075
5109	1266	4.351764
5111	1569	7.841126
5111	1747	7.433815
5111	1183	7.129791
5111	356	7.076021
5111	17	6.597118
5111	1586	6.594702
5111	11	6.517915
5111	2447	6.484796
5111	2424	6.449313
5111	587	6.446800
5112	2005	7.700274
5112	2193	7.152850
5112	1073	7.086348
5112	2968	6.473575
5112	2161	6.403735
5112	3489	6.299226
5112	2628	6.273810
5112	653	6.228718
5112	1225	6.069907
5112	2470	6.023442
5113	3173	8.050067
5113	3911	7.286670
5113	3155	7.261493
5113	266	7.164214
5113	3893	7.104073
5113	3617	6.574648
5113	3831	6.559132
5113	1912	6.499208
5113	3528	6.467216
5113	1101	6.386677
5114	2987	5.708615
5114	2396	5.417720
5114	1947	5.316134
5114	2336	5.239684
5114	2686	5.229595
5114	2762	5.225743
5114	912	5.153744
5114	913	5.105860
5114	260	5.011159
5114	527	5.003040
5115	1580	5.172350
5115	110	4.784444
5115	1673	4.739580
5115	589	4.583199
5115	593	4.542739
5115	480	4.538465
5115	2571	4.528556
5115	608	4.525949
5115	3173	4.514392
5115	2858	4.471001
5118	1909	5.542430
5118	2699	5.278343
5118	1676	5.200181
5118	454	5.200044
5118	736	5.157549
5118	1876	4.972400
5118	1573	4.956603
5118	1092	4.925798
5118	2706	4.871440
5118	1580	4.785177
5120	733	5.780654
5120	2916	5.593878
5120	3753	5.555882
5120	2617	5.436515
5120	592	5.263562
5120	349	5.060409
5120	1073	4.982745
5120	3793	4.958643
5120	653	4.928385
5120	480	4.927389
5121	1573	7.361063
5121	2628	7.056953
5121	1527	7.041916
5121	1552	6.663977
5121	648	6.593471
5121	1792	6.591315
5121	786	6.572323
5121	349	6.555087
5121	165	6.450244
5121	1876	6.429715
5123	2369	5.528838
5123	2683	5.501224
5123	2694	5.444178
5123	2012	5.331860
5123	500	5.199277
5123	2699	5.053442
5123	2710	5.039679
5123	3253	4.927013
5123	2717	4.910362
5123	3263	4.906051
5124	1307	6.379081
5124	1265	6.285165
5124	1394	6.185748
5124	1961	5.637159
5124	34	5.535261
5124	2797	5.475301
5124	1276	5.423938
5124	3868	5.398908
5124	3361	5.321150
5124	912	5.314812
5125	1267	5.808150
5125	1953	5.765141
5125	1269	5.617263
5125	3471	5.614446
5125	903	5.613421
5125	260	5.557620
5125	1954	5.420606
5125	1206	5.392648
5125	1304	5.376481
5125	1136	5.372833
5126	913	4.836826
5126	1073	4.750033
5126	2858	4.729975
5126	2692	4.619475
5126	2395	4.553074
5126	1225	4.221370
5126	1097	4.202891
5126	3471	4.155088
5126	1207	4.045148
5126	2997	4.039820
5127	1584	6.362771
5127	589	6.284522
5127	480	6.261673
5127	32	6.090368
5127	2985	6.014396
5127	3160	5.928254
5127	110	5.743375
5127	2571	5.708578
5127	2455	5.655346
5127	3418	5.440892
5128	1304	5.310552
5128	3671	4.956444
5128	1214	4.950458
5128	1276	4.894032
5128	1077	4.892612
5128	1234	4.869195
5128	904	4.842608
5128	1292	4.754544
5128	1278	4.749562
5128	3363	4.720592
5129	589	5.944028
5129	1527	5.833777
5129	1921	5.576337
5129	1584	5.540166
5129	1580	5.479805
5129	1653	5.417391
5129	2571	5.393566
5129	1573	5.380184
5129	2916	5.264633
5129	1370	5.087885
5131	2011	6.153958
5131	1019	5.884468
5131	3397	5.545472
5131	364	5.376225
5131	2105	5.339687
5131	3861	5.137589
5131	3524	5.120999
5131	1088	5.070311
5131	3844	4.940285
5131	3911	4.886599
5132	260	5.492364
5132	919	5.286082
5132	912	5.247491
5132	1207	5.222744
5132	1073	5.072399
5132	1198	5.026018
5132	1276	5.022170
5132	858	5.017756
5132	1953	4.978676
5132	1214	4.901782
5133	2683	6.559540
5133	24	6.318805
5133	2688	6.134657
5133	3623	6.116353
5133	736	6.029706
5133	2906	5.982635
5133	2959	5.949880
5133	2706	5.903759
5133	2490	5.875450
5133	3219	5.787709
5134	1304	6.373282
5134	260	5.844647
5134	913	5.770353
5134	1221	5.752151
5134	912	5.731408
5134	1230	5.709203
5134	3471	5.613314
5134	1136	5.445824
5134	1231	5.439899
5134	1252	5.434576
5135	3424	6.026583
5135	2375	5.885788
5135	3949	5.749162
5135	3072	5.739985
5135	1091	5.594664
5135	2003	5.502968
5135	2000	5.486184
5135	1307	5.485262
5135	1962	5.466331
5135	3098	5.427415
5136	1270	4.273251
5136	2918	4.266036
5136	2858	4.252334
5136	2194	4.120960
5136	1387	4.114309
5136	2716	4.094437
5136	296	4.087699
5136	2746	4.066416
5136	1097	4.064328
5136	2000	4.048623
5137	2710	5.575723
5137	2976	5.498960
5137	1238	5.295767
5137	2997	5.295261
5137	2694	5.212406
5137	3760	5.074350
5137	2717	5.017333
5137	2805	4.945076
5137	788	4.928756
5137	2716	4.839408
5138	2716	5.507453
5138	3175	5.245210
5138	1265	4.693047
5138	246	4.684339
5138	2194	4.643641
5138	2336	4.630087
5138	2329	4.605718
5138	2761	4.599275
5138	2918	4.561391
5138	1674	4.555426
5139	3176	6.037080
5139	1784	5.827736
5139	1580	5.772856
5139	3148	5.657267
5139	1923	5.572295
5139	3252	5.568778
5139	1120	5.561539
5139	3160	5.521294
5139	2706	5.471671
5139	1883	5.444684
5140	2355	7.197927
5140	2716	6.892944
5140	1265	6.840097
5140	2395	6.718671
5140	1307	6.688628
5140	1961	6.268882
5140	223	6.248639
5140	34	6.191902
5140	3248	5.964416
5140	2324	5.877305
5141	1876	5.399311
5141	1573	5.298877
5141	1909	5.104094
5141	648	4.988328
5141	589	4.810223
5141	1356	4.794482
5141	329	4.773469
5141	2628	4.708761
5141	2393	4.628561
5141	3408	4.547451
5142	2054	7.568234
5142	3489	7.249044
5142	2421	7.096661
5142	153	6.932287
5142	673	6.755727
5142	2735	6.687129
5142	2193	6.569171
5142	3273	6.460453
5142	3861	6.345918
5142	3771	6.284981
5143	316	6.809138
5143	1876	6.738240
5143	1580	6.656626
5143	1372	6.532474
5143	349	6.433639
5143	1356	6.278413
5143	329	6.277170
5143	2628	6.240904
5143	1385	5.990521
5143	1676	5.935439
5144	3173	4.465794
5144	3617	4.450939
5144	3753	4.374007
5144	3948	4.332353
5144	3555	4.303501
5144	2628	4.261078
5144	3755	4.260532
5144	3861	4.109122
5144	3911	4.037140
5144	2012	4.034904
5146	1374	7.398140
5146	2804	6.837978
5146	34	6.694411
5146	3098	6.326297
5146	150	6.049922
5146	3114	6.010914
5146	3148	5.996365
5146	1186	5.799542
5146	1246	5.746577
5146	3146	5.713133
5147	1608	6.549820
5147	1370	6.468743
5147	380	6.119381
5147	377	6.111701
5147	1722	6.003413
5147	3623	5.948072
5147	2881	5.946874
5147	10	5.869655
5147	1805	5.707353
5147	1343	5.644775
5148	2706	5.818660
5148	1580	5.622183
5148	3176	5.489354
5148	1923	5.156949
5148	1784	5.069706
5148	110	5.028779
5148	3160	5.014710
5148	356	4.957070
5148	1747	4.954220
5148	1393	4.940851
5149	1265	4.906517
5149	2858	4.400791
5149	1307	4.280328
5149	1	4.096329
5149	2716	4.093144
5149	2396	3.993560
5149	293	3.992171
5149	2599	3.959665
5149	1732	3.950067
5149	39	3.863235
5150	2355	6.559946
5150	1374	5.938985
5150	2321	5.802745
5150	2571	5.768661
5150	2391	5.546557
5150	34	5.434345
5150	1179	5.384938
5150	588	5.180414
5150	608	5.160636
5150	1408	5.152224
5151	3893	6.524563
5151	3555	5.933391
5151	3911	5.857909
5151	3897	5.833405
5151	3793	5.676913
5151	3863	5.481985
5151	1089	5.380635
5151	3535	5.326571
5151	3755	5.312192
5151	3948	5.305259
5153	2716	6.003740
5153	2881	5.321161
5153	3516	5.010971
5153	3175	4.912360
5153	2688	4.892018
5153	3543	4.832401
5153	3016	4.778747
5153	1569	4.585961
5153	2699	4.583318
5153	2369	4.534984
5154	3623	4.101346
5154	3408	3.791516
5154	3793	3.698074
5154	3753	3.534528
5154	318	3.525244
5154	1127	3.509695
5154	260	3.495743
5154	593	3.482232
5154	2716	3.478572
5154	3897	3.440635
5156	2746	6.001424
5156	1958	5.745269
5156	2792	5.475223
5156	2000	5.359952
5156	3317	5.316721
5156	1302	5.167294
5156	162	5.090584
5156	36	5.064536
5156	2194	5.031503
5156	1101	4.982933
5157	1230	6.341863
5157	750	6.174871
5157	1294	5.652674
5157	910	5.570305
5157	955	5.475235
5157	919	5.464106
5157	1235	5.417389
5157	3435	5.299729
5157	898	5.287789
5157	1199	5.237468
5158	2294	8.613185
5158	2087	8.084593
5158	2018	7.679996
5158	2078	7.090254
5158	2096	7.087435
5158	2081	6.761255
5158	2085	6.749807
5158	902	6.550676
5158	1022	6.505887
5158	1029	6.311724
5161	2406	5.508607
5161	2001	5.159218
5161	3623	5.088609
5161	2858	5.025696
5161	2628	4.938143
5161	466	4.926870
5161	3578	4.896003
5161	1222	4.861137
5161	589	4.846779
5161	3753	4.814641
5162	1527	6.556273
5162	474	6.124253
5162	2353	5.949487
5162	1573	5.915076
5162	1356	5.796507
5162	2278	5.768857
5162	1805	5.740991
5162	3702	5.713069
5162	2628	5.607954
5162	2640	5.539699
5163	1196	5.131197
5163	608	5.058901
5163	296	5.009075
5163	1240	4.980848
5163	1249	4.928661
5163	260	4.908660
5163	1198	4.835349
5163	1222	4.812211
5163	858	4.766534
5163	527	4.751961
5164	912	7.174571
5164	920	6.568025
5164	1947	6.459640
5164	1097	6.171294
5164	1210	6.048956
5164	1204	6.048149
5164	2067	6.045844
5164	260	6.018616
5164	2797	6.003071
5164	1250	5.928624
5165	1235	6.471720
5165	745	6.231548
5165	1223	5.826352
5165	1265	5.650969
5165	1238	5.644369
5165	1148	5.590741
5165	1077	5.449018
5165	2300	5.323230
5165	1136	5.258556
5165	3671	5.194272
5166	1304	7.307870
5166	3435	6.953224
5166	1230	6.602079
5166	1219	6.284633
5166	1199	6.262269
5166	2300	6.232313
5166	1276	6.228993
5166	1234	6.216362
5166	1953	6.157022
5166	1952	6.152202
5167	2628	5.454751
5167	1544	5.281266
5167	2716	5.127333
5167	1917	5.052996
5167	1097	4.850393
5167	3175	4.782738
5167	2881	4.775364
5167	780	4.715582
5167	329	4.684773
5167	185	4.682364
5169	2858	4.267232
5169	1265	4.074437
5169	3175	4.009820
5169	593	3.904683
5169	3408	3.900109
5169	2716	3.784814
5169	3418	3.717245
5169	608	3.692281
5169	356	3.691405
5169	2762	3.682546
5170	1	5.201916
5170	595	5.090194
5170	588	5.073596
5170	3114	4.995122
5170	34	4.937462
5170	364	4.562349
5170	594	4.506490
5170	2987	4.493287
5170	1265	4.225004
5170	1393	4.207396
5172	2858	4.336966
5172	2762	4.201474
5172	3578	4.119531
5172	3623	4.006237
5172	2997	3.932060
5172	318	3.914425
5172	593	3.884812
5172	2716	3.868660
5172	3408	3.789557
5172	3510	3.778774
5173	1544	5.839121
5173	788	5.756198
5173	2628	5.121549
5173	3438	5.064252
5173	2640	4.943402
5173	1580	4.740424
5173	480	4.702989
5173	1371	4.676779
5173	3257	4.564781
5173	2699	4.504438
5175	1265	4.376931
5175	2396	4.362625
5175	34	4.236370
5175	2716	4.181045
5175	3114	4.045750
5175	3253	4.039927
5175	2355	3.860041
5175	2700	3.679135
5175	3174	3.678285
5175	3408	3.651755
5176	2706	5.189933
5176	2395	4.992694
5176	356	4.954182
5176	2396	4.914559
5176	2762	4.604093
5176	34	4.550786
5176	2028	4.503456
5176	2858	4.485154
5176	527	4.462284
5176	1097	4.459664
5177	1391	5.753620
5177	2699	5.555823
5177	2012	5.300459
5177	2002	5.271718
5177	736	5.161103
5177	3623	5.104147
5177	2694	4.939171
5177	2683	4.937863
5177	3717	4.932452
5177	2710	4.906508
5178	3398	5.617456
5178	2717	5.577097
5178	3258	5.488084
5178	2966	5.349166
5178	1265	5.273194
5178	2134	5.253577
5178	3450	5.146136
5178	2746	5.137638
5178	3869	5.050656
5178	2792	5.028182
5179	1097	5.036675
5179	2791	4.610433
5179	364	4.601307
5179	1220	4.586510
5179	2140	4.512806
5179	2174	4.508692
5179	1282	4.501869
5179	1035	4.489678
5179	1259	4.465378
5179	1198	4.444942
5180	527	5.286344
5180	2028	5.106059
5180	296	5.008637
5180	260	4.975896
5180	1196	4.971743
5180	2571	4.907416
5180	1240	4.836506
5180	1617	4.822076
5180	593	4.782764
5180	318	4.740701
5181	2762	4.618852
5181	2840	4.401104
5181	3623	4.389515
5181	2706	4.260640
5181	3753	4.229501
5181	3081	4.213002
5181	2916	4.212747
5181	480	4.181016
5181	1073	4.123475
5181	2571	4.053666
5182	1265	4.804589
5182	1307	4.665830
5182	1	4.602274
5182	2599	4.594362
5182	2396	4.590312
5182	2997	4.553767
5182	2699	4.483945
5182	39	4.433177
5182	293	4.304774
5182	2710	4.297081
5183	587	5.334564
5183	2369	5.225942
5183	2683	5.221584
5183	736	5.164495
5183	2805	5.037097
5183	539	5.002102
5183	2431	4.973648
5183	2012	4.973347
5183	1569	4.905103
5183	344	4.875269
5184	2371	6.491999
5184	2416	6.270000
5184	2108	6.184436
5184	3263	5.899991
5184	3608	5.777891
5184	3809	5.698895
5184	3552	5.585160
5184	2247	5.573926
5184	2746	5.551786
5184	2302	5.306813
5185	1206	5.874677
5185	3702	5.294940
5185	589	5.073814
5185	2571	4.962932
5185	1240	4.929451
5185	1214	4.853071
5185	3354	4.849008
5185	1407	4.833689
5185	913	4.760551
5185	2916	4.714931
5186	2916	6.232041
5186	589	5.852117
5186	2985	5.520807
5186	2628	5.500522
5186	2571	5.478914
5186	648	5.313293
5186	2640	5.278705
5186	1876	5.144305
5186	1129	5.067398
5186	1584	4.986769
5187	1573	5.853856
5187	1391	5.819169
5187	1544	5.798895
5187	1876	5.762307
5187	780	5.656530
5187	1527	5.591613
5187	1215	5.532282
5187	2628	5.321872
5187	648	5.237898
5187	1917	5.216359
5188	2355	4.283628
5188	1097	4.099959
5188	2054	3.864016
5188	2858	3.857608
5188	3408	3.812718
5188	2797	3.765356
5188	2997	3.736914
5188	2174	3.685766
5188	2628	3.665845
5188	1197	3.638852
5189	1214	5.366403
5189	2028	5.158665
5189	32	5.115854
5189	1198	5.092394
5189	2194	5.084630
5189	1196	5.068941
5189	1097	5.029519
5189	1036	4.938393
5189	2858	4.901937
5189	1617	4.870460
5190	364	6.425905
5190	2087	6.062589
5190	1022	6.044572
5190	2078	6.028699
5190	2294	5.582968
5190	1094	5.577737
5190	2096	5.479940
5190	783	5.298298
5190	2987	5.257923
5190	661	5.236480
5191	3418	5.228040
5191	1580	5.221796
5191	1584	5.059657
5191	2291	5.020199
5191	377	4.915796
5191	110	4.751107
5191	589	4.660820
5191	21	4.651362
5191	1608	4.631121
5191	32	4.617343
5193	1265	5.533081
5193	3526	5.122531
5193	246	4.930979
5193	2918	4.902361
5193	1663	4.737987
5193	593	4.621681
5193	2150	4.613811
5193	1960	4.558036
5193	1968	4.512857
5193	608	4.469782
5194	3526	5.777071
5194	2918	5.636994
5194	2797	5.575171
5194	1097	5.512596
5194	1265	5.391809
5194	2243	5.167967
5194	1028	5.138890
5194	1663	5.062407
5194	3072	5.055112
5194	1041	4.998554
5195	1267	6.851932
5195	903	6.588147
5195	3435	6.526299
5195	1252	6.468386
5195	750	6.466367
5195	1953	6.285683
5195	858	6.167639
5195	1230	6.071544
5195	1248	6.067135
5195	912	6.061075
5196	1569	6.530953
5196	1777	6.438677
5196	2622	6.368173
5196	380	6.300571
5196	708	6.264169
5196	367	6.245111
5196	1513	6.039954
5196	2406	6.033173
5196	2100	5.970159
5196	539	5.890493
5197	1204	7.547745
5197	1254	7.498553
5197	1283	6.782169
5197	599	6.711678
5197	3494	6.593347
5197	1201	6.487387
5197	2406	6.479655
5197	919	6.451906
5197	260	6.340774
5197	3095	6.267751
5198	2797	5.666849
5198	1097	5.665130
5198	1265	5.485866
5198	2791	5.443331
5198	2324	5.435788
5198	551	5.409528
5198	1961	5.399120
5198	527	5.320780
5198	1673	5.307453
5198	1968	5.264451
5199	2355	5.010841
5199	588	4.203851
5199	34	4.112303
5199	1097	4.105023
5199	2396	4.057702
5199	1663	3.969767
5199	1307	3.935780
5199	593	3.934491
5199	2762	3.922925
5199	260	3.917228
5200	1097	5.101269
5200	3418	4.966017
5200	1022	4.965572
5200	527	4.932722
5200	1094	4.884285
5200	260	4.880571
5200	296	4.843046
5200	1259	4.823405
5200	1210	4.816593
5200	608	4.815386
5201	913	6.128413
5201	1206	5.783179
5201	3471	5.631917
5201	1304	5.433952
5201	1214	5.385681
5201	903	5.333641
5201	1201	5.322888
5201	260	5.274979
5201	750	5.220162
5201	912	5.154242
5202	913	6.226982
5202	1206	5.557089
5202	750	5.528756
5202	1276	5.420658
5202	1221	5.412034
5202	1214	5.342894
5202	3471	5.311410
5202	3095	5.282086
5202	3671	5.243558
5202	912	5.232960
5203	920	5.434268
5203	1947	5.016908
5203	913	4.781884
5203	380	4.632687
5203	2762	4.621131
5203	2406	4.509156
5203	2987	4.481068
5203	2336	4.426920
5203	912	4.385858
5203	3508	4.354614
5204	480	5.029916
5204	1580	4.831777
5204	3176	4.750862
5204	457	4.609702
5204	2628	4.508015
5204	150	4.409037
5204	2571	4.395450
5204	3160	4.324168
5204	733	4.261827
5204	3753	4.221200
5205	366	6.084711
5205	2746	6.010113
5205	1321	5.635210
5205	1982	5.539030
5205	1994	5.446268
5205	1219	5.310639
5205	1983	5.307943
5205	1969	5.299917
5205	2407	5.258862
5205	1088	5.246331
5208	2353	5.877378
5208	3256	5.548837
5208	377	5.467954
5208	474	5.403106
5208	21	5.386021
5208	1370	5.308221
5208	1747	5.176040
5208	1580	5.173043
5208	1343	5.118545
5208	2001	5.091279
5209	2571	5.859073
5209	2194	5.766400
5209	3702	5.684012
5209	1954	5.364573
5209	1240	5.276355
5209	457	5.169596
5209	2858	5.121682
5209	1214	5.059677
5209	2028	5.042402
5209	1222	5.034346
5210	260	5.099529
5210	919	5.049400
5210	912	4.966257
5210	1225	4.838321
5210	920	4.775062
5210	1073	4.729205
5210	1097	4.661354
5210	1035	4.614299
5210	1198	4.349001
5210	1259	4.332214
5211	1307	6.930918
5211	3552	6.105579
5211	1394	6.087459
5211	2150	5.860990
5211	1228	5.440952
5211	2797	5.434516
5211	1961	5.432435
5211	1197	5.328818
5211	2243	5.264257
5211	2918	5.201357
5212	1394	6.810237
5212	1259	6.757617
5212	1299	6.686961
5212	1198	6.578394
5212	1221	6.547373
5212	1960	6.409399
5212	1293	6.398947
5212	1228	6.365891
5212	1276	6.348949
5212	608	6.305793
5213	3555	5.185067
5213	3755	5.100076
5213	2105	5.070752
5213	3863	4.947999
5213	3948	4.816079
5213	2628	4.808214
5213	2407	4.789572
5213	3861	4.665332
5213	3510	4.593482
5213	3744	4.587970
5214	1380	5.099298
5214	2746	5.062089
5214	2174	4.829676
5214	1207	4.739821
5214	1088	4.737091
5214	1073	4.704749
5214	2797	4.691513
5214	2791	4.598049
5214	1035	4.475929
5214	1321	4.461202
5217	1573	5.953598
5217	1876	5.635077
5217	454	5.619938
5217	1676	5.583569
5217	1580	5.453286
5217	1527	5.453147
5217	648	5.308031
5217	3555	5.163476
5217	1544	5.155207
5217	288	5.109909
5218	2470	6.593713
5218	2005	6.276064
5218	2406	5.980256
5218	2797	5.879013
5218	2161	5.729383
5218	1220	5.727966
5218	2872	5.658929
5218	1291	5.552551
5218	3157	5.480789
5218	2115	5.446650
5219	1653	5.831657
5219	780	5.779241
5219	1573	5.698899
5219	1676	5.592505
5219	1215	5.568632
5219	589	5.464286
5219	185	5.459707
5219	750	5.426326
5219	1580	5.377838
5219	1876	5.312170
5220	1962	7.447243
5220	2000	7.228459
5220	2371	6.966341
5220	1994	6.679568
5220	2791	6.654512
5220	2003	6.651872
5220	1302	6.636655
5220	2194	6.518628
5220	3812	6.513351
5220	3210	6.480518
5221	1221	6.471717
5221	1198	6.334311
5221	1387	6.276265
5221	1206	6.251979
5221	1997	6.218424
5221	1304	6.030056
5221	1219	5.983638
5221	260	5.958025
5221	1214	5.918506
5221	1240	5.833135
5222	1307	6.380003
5222	1265	5.647096
5222	2369	5.171480
5222	1569	5.051098
5222	2431	5.033536
5222	3263	4.873075
5222	231	4.852421
5222	2717	4.847394
5222	3072	4.781021
5222	1961	4.778215
5223	1270	5.557564
5223	2918	5.456244
5223	3527	5.378101
5223	608	5.340385
5223	908	5.284724
5223	1387	5.264834
5223	2791	5.257810
5223	1259	5.228736
5223	2455	5.195049
5223	1394	5.191990
5224	2100	4.851521
5224	3623	4.815239
5224	3175	4.814307
5224	1517	4.589296
5224	2858	4.493604
5224	2580	4.404843
5224	2762	4.385127
5224	2959	4.322622
5224	785	4.291496
5224	3578	4.259897
5225	1259	4.785707
5225	1394	4.721830
5225	1544	4.711033
5225	2858	4.697918
5225	185	4.608493
5225	1197	4.496080
5225	260	4.384983
5225	2628	4.380246
5225	1270	4.347184
5225	2657	4.341110
5226	589	6.528453
5226	2571	6.079370
5226	110	5.612398
5226	1610	5.607276
5226	2858	5.564944
5226	457	5.533004
5226	32	5.473053
5226	1580	5.347823
5226	1617	5.151457
5226	1954	5.119651
5227	1831	7.257277
5227	1373	6.735239
5227	1779	6.358925
5227	1037	6.357992
5227	1882	6.296658
5227	1917	6.277084
5227	1371	6.267146
5227	3697	6.192583
5227	1562	6.164618
5227	1375	6.085518
5229	349	5.915246
5229	2600	5.827146
5229	480	5.808649
5229	1722	5.742716
5229	2640	5.692508
5229	1580	5.589021
5229	2916	5.578237
5229	380	5.497675
5229	2706	5.472158
5229	3175	5.465460
5230	2628	6.290314
5230	480	6.010916
5230	589	5.970804
5230	648	5.922429
5230	1356	5.835783
5230	2916	5.827338
5230	1527	5.721343
5230	1580	5.703642
5230	2571	5.619209
5230	2115	5.360089
5232	595	4.929022
5232	454	4.484891
5232	2146	4.291865
5232	1092	4.269124
5232	1282	4.158416
5232	1029	4.153907
5232	1028	4.145318
5232	2116	4.071627
5232	608	4.069078
5232	34	4.021776
5233	1339	4.797833
5233	3148	4.719342
5233	3827	4.565559
5233	1682	4.530759
5233	1912	4.419754
5233	3155	4.341552
5233	3751	4.300607
5233	1265	4.228017
5233	1732	4.216338
5233	2146	4.201619
5234	2355	6.132760
5234	2321	5.612922
5234	1265	5.559357
5234	34	5.527693
5234	588	5.355073
5234	1079	5.337716
5234	2918	5.270386
5234	1	5.229431
5234	2716	5.100167
5234	3526	4.781735
5235	1	4.657559
5235	608	4.606375
5235	293	4.572658
5235	2858	4.374782
5235	2657	4.282586
5235	1270	4.243674
5235	3751	4.179546
5235	1079	4.083716
5235	2000	3.994779
5235	3408	3.988277
5236	1580	5.766033
5236	480	5.552029
5236	110	5.055606
5236	2571	4.887319
5236	3160	4.885494
5236	1356	4.797283
5236	1584	4.790884
5236	2706	4.787795
5236	3408	4.614659
5236	32	4.608118
5237	2028	5.129197
5237	527	5.045122
5237	1210	4.849439
5237	260	4.832046
5237	1097	4.759245
5237	593	4.621890
5237	2858	4.530854
5237	318	4.476642
5237	2571	4.468824
5237	2968	4.431877
5239	356	5.954324
5239	1393	5.694289
5239	1183	5.632202
5239	2706	5.557158
5239	1747	5.556776
5239	588	5.454717
5239	1721	5.424945
5239	39	5.388112
5239	11	5.308981
5239	45	5.286492
5240	223	5.772936
5240	3253	5.688454
5240	2706	5.589159
5240	2599	5.566693
5240	2683	5.415414
5240	2433	5.351406
5240	3174	5.332206
5240	2716	5.330346
5240	2580	5.326372
5240	2355	5.319893
5241	1580	4.131449
5241	1265	3.966689
5241	2858	3.890461
5241	1732	3.877652
5241	3578	3.855893
5241	293	3.759973
5241	1	3.723109
5241	608	3.685857
5241	1393	3.640208
5241	2997	3.609422
5242	589	6.463755
5242	32	6.230096
5242	2571	5.818800
5242	480	5.783690
5242	2640	5.584355
5242	3471	5.565464
5242	1610	5.401616
5242	457	5.394579
5242	3418	5.331349
5242	3702	5.323082
5244	2706	4.650638
5244	2355	4.491528
5244	2396	4.460857
5244	3175	4.449231
5244	2716	4.293292
5244	3160	4.195857
5244	2699	4.194879
5244	153	4.170597
5244	2605	4.134493
5244	2683	4.127184
5245	2716	5.053766
5245	1265	4.825816
5245	3175	4.821356
5245	2396	4.560718
5245	2355	4.487617
5245	34	4.481956
5245	2858	4.109057
5245	588	4.103530
5245	1	4.084256
5245	1270	4.064994
5246	1747	6.752002
5246	357	6.220653
5246	11	6.054047
5246	1265	6.053837
5246	2706	5.998920
5246	45	5.986027
5246	2671	5.775394
5246	1923	5.762021
5246	1393	5.758147
5246	2599	5.743569
5247	2396	5.774911
5247	3253	5.655194
5247	2805	5.498834
5247	2395	5.339103
5247	2997	5.099664
5247	2572	5.069532
5247	2700	5.046917
5247	3114	4.959439
5247	2355	4.928501
5247	3174	4.904552
5248	708	5.681526
5248	1569	5.590926
5248	2469	5.538813
5248	2245	5.341160
5248	539	5.220532
5248	36	5.051693
5248	1784	5.051000
5248	1265	5.047759
5248	339	4.963684
5248	3398	4.961037
5249	2100	6.800847
5249	1513	5.921919
5249	2470	5.822794
5249	367	5.776413
5249	3623	5.554333
5249	2478	5.534594
5249	344	5.530630
5249	2424	5.293060
5249	500	5.258828
5249	2369	5.201493
5250	1307	5.337473
5250	2087	4.802364
5250	2797	4.763012
5250	2081	4.719310
5250	594	4.514855
5250	919	4.489201
5250	596	4.417853
5250	3072	4.403819
5250	2243	4.381060
5250	2746	4.357363
5251	1294	5.357819
5251	912	5.298041
5251	1265	5.252916
5251	1	5.184759
5251	2396	5.176583
5251	2987	5.106338
5251	2355	5.018871
5251	3543	4.974704
5251	34	4.866043
5251	1947	4.818527
5252	1198	5.392811
5252	1221	5.241771
5252	912	5.240271
5252	858	5.179046
5252	1304	5.099694
5252	1394	4.927271
5252	924	4.923030
5252	1259	4.922344
5252	1196	4.860147
5252	1197	4.859198
5253	588	6.146532
5253	34	6.047319
5253	595	5.639184
5253	364	5.501010
5253	1097	5.431322
5253	1022	5.398619
5253	1028	5.256606
5253	2081	5.081924
5253	2797	4.983253
5253	1265	4.966810
5254	2706	6.318486
5254	2433	6.149392
5254	1527	6.060680
5254	1584	5.799602
5254	480	5.630443
5254	1573	5.616840
5254	3160	5.579956
5254	1653	5.554029
5254	2355	5.527621
5254	2699	5.519903
5255	920	6.400298
5255	750	6.389825
5255	912	6.352361
5255	1230	5.924616
5255	898	5.791953
5255	1136	5.757240
5255	1250	5.649865
5255	1272	5.573853
5255	910	5.559849
5255	541	5.546421
5256	153	7.001584
5256	2390	6.739836
5256	1485	6.549231
5256	2805	6.482349
5256	1569	6.385653
5256	788	6.250996
5256	2699	6.187117
5256	2671	6.169807
5256	2683	6.143014
5256	2541	6.074318
5257	1230	6.837727
5257	920	6.673929
5257	750	6.417267
5257	3435	6.363413
5257	910	6.306245
5257	1304	6.281493
5257	930	6.228279
5257	903	5.953445
5257	951	5.910643
5257	1294	5.832375
5259	260	5.522132
5259	608	5.309732
5259	1249	5.292234
5259	594	5.269497
5259	3435	5.158732
5259	527	5.141568
5259	296	5.072246
5259	1198	5.063286
5259	1617	4.937901
5259	1204	4.922139
5260	2366	5.454417
5260	2716	5.408409
5260	1321	5.319547
5260	2455	5.116004
5260	2428	5.072569
5260	1225	4.893854
5260	1073	4.888549
5260	1717	4.798955
5260	1982	4.790153
5260	2193	4.685695
5261	1259	5.278463
5261	908	5.193377
5261	919	5.123391
5261	111	5.100261
5261	1225	5.036455
5261	1234	5.016750
5261	260	5.012740
5261	1220	4.998514
5261	2797	4.986251
5261	608	4.967174
5262	2746	7.817346
5262	2003	6.502202
5262	3524	6.318785
5262	1088	6.315942
5262	2369	6.269579
5262	1380	6.191374
5262	1569	6.013466
5262	2416	6.012256
5262	2100	5.980427
5262	2716	5.934016
5263	2628	6.938826
5263	2916	6.626617
5263	2617	6.374100
5263	733	6.316084
5263	2105	6.210470
5263	589	6.168400
5263	349	6.077806
5263	2193	6.064023
5263	1101	6.036404
5263	1129	5.996682
5264	32	4.944754
5264	1196	4.719773
5264	1	4.579403
5264	2571	4.531873
5264	34	4.507455
5264	1136	4.461264
5264	2858	4.450110
5264	2657	4.422876
5264	480	4.394648
5264	1584	4.383105
5265	1580	8.616685
5265	6	8.329547
5265	1584	8.325887
5265	1921	8.114706
5265	1673	8.056470
5265	1466	8.044626
5265	454	7.916812
5265	1883	7.889364
5265	524	7.871175
5265	3535	7.760788
5267	1265	5.538802
5267	3424	5.355463
5267	34	4.794088
5267	551	4.687658
5267	1	4.669078
5267	1961	4.600291
5267	1307	4.494133
5267	3072	4.487973
5267	2174	4.448008
5267	2791	4.442201
5268	2424	7.636577
5268	7	7.567160
5268	236	7.382997
5268	1888	7.331118
5268	539	7.070416
5268	339	6.872862
5268	587	6.856474
5268	252	6.663817
5268	372	6.486467
5268	3528	6.345844
5269	1079	5.805285
5269	2716	5.793835
5269	1077	5.584045
5269	2918	5.397962
5269	750	5.395271
5269	2355	5.393180
5269	1265	5.374255
5269	1270	5.353975
5269	3671	5.340076
5269	1	5.336365
5270	2716	4.781131
5270	1544	4.531095
5270	2012	4.488120
5270	788	4.484311
5270	2710	4.342951
5270	2699	4.337249
5270	2858	4.300588
5270	1377	4.233062
5270	2826	4.213503
5270	153	4.207263
5271	588	6.511478
5271	2294	6.200588
5271	364	6.140557
5271	595	6.035139
5271	1094	5.532310
5271	1608	5.276489
5271	551	5.252026
5271	1357	5.194585
5271	356	5.144188
5271	2087	5.109675
5272	2194	4.701391
5272	2716	4.533200
5272	3160	4.503263
5272	3175	4.358272
5272	592	4.307230
5272	2628	4.246701
5272	2406	4.244129
5272	1097	4.241553
5272	1036	4.213396
5272	2455	4.207560
5273	1035	6.131943
5273	908	6.119574
5273	1225	6.009848
5273	919	5.972740
5273	1259	5.952883
5273	1282	5.679272
5273	260	5.657725
5273	111	5.590473
5273	661	5.369438
5273	912	5.332687
5275	588	6.755045
5275	21	6.514462
5275	3252	6.305366
5275	1641	6.162441
5275	3418	6.141775
5275	1784	6.031132
5275	2321	6.024888
5275	16	6.010223
5275	357	5.984408
5275	3386	5.783592
5276	1265	4.754424
5276	356	4.706689
5276	2395	4.676008
5276	1777	4.615695
5276	367	4.371229
5276	2502	4.365306
5276	2997	4.355199
5276	1947	4.200780
5276	1513	4.168292
5276	1307	4.166351
5277	1265	4.648349
5277	2858	4.506527
5277	2997	4.105796
5277	2396	4.097562
5277	2762	4.087577
5277	2716	3.994141
5277	356	3.932241
5277	1307	3.927038
5277	1	3.873660
5277	1097	3.872404
5278	3751	4.024633
5278	3114	3.807018
5278	1	3.802310
5278	1197	3.784695
5278	260	3.764237
5278	2997	3.753005
5278	1265	3.717718
5278	2858	3.697526
5278	593	3.673954
5278	1307	3.601143
5279	1265	5.587509
5279	17	4.993779
5279	588	4.863882
5279	34	4.554701
5279	1294	4.457671
5279	1183	4.446854
5279	356	4.370644
5279	2081	4.267050
5279	1307	4.253106
5279	2065	4.242479
5281	2716	5.228621
5281	2699	4.475821
5281	2710	4.395690
5281	1307	4.326347
5281	2858	4.248453
5281	2012	4.227705
5281	1265	4.137031
5281	3671	4.100843
5281	2369	4.063829
5281	2997	3.930281
5282	2717	7.858507
5282	532	6.683897
5282	500	6.601903
5282	2247	6.418615
5282	3258	6.391729
5282	1409	6.382947
5282	3869	6.255903
5282	3263	6.152371
5282	372	5.973567
5282	2369	5.923146
5283	2746	6.411366
5283	2455	6.090507
5283	2371	5.899887
5283	2193	5.707331
5283	2407	5.507361
5283	2105	5.487869
5283	1982	5.482756
5283	1321	5.408793
5283	2872	5.354700
5283	2194	5.338704
5284	260	5.135245
5284	1097	5.102964
5284	1198	4.999313
5284	912	4.935029
5284	2797	4.912743
5284	2028	4.834599
5284	1210	4.770460
5284	2858	4.682767
5284	1196	4.472438
5284	1259	4.404025
5285	2581	6.052169
5285	2433	6.006677
5285	2699	5.961937
5285	2706	5.890348
5285	2723	5.743413
5285	2688	5.677965
5285	2541	5.628751
5285	3175	5.491801
5285	736	5.465149
5285	2013	5.445876
5286	497	6.293625
5286	1265	6.078700
5286	3105	5.566778
5286	1179	5.511701
5286	1777	5.455348
5286	357	5.432792
5286	3253	5.339454
5286	356	5.320276
5286	34	5.305890
5286	337	5.284250
5287	2424	6.424422
5287	708	6.315155
5287	852	6.267366
5287	2369	6.233834
5287	440	5.920700
5287	3809	5.854841
5287	587	5.838744
5287	2683	5.773745
5287	1614	5.741710
5287	2671	5.715657
5288	913	5.370767
5288	2406	5.307059
5288	912	5.258830
5288	527	5.142553
5288	1222	5.114977
5288	2762	5.102117
5288	1207	5.069769
5288	1947	4.969292
5288	318	4.934205
5288	858	4.888987
5289	2455	5.262663
5289	2791	5.180573
5289	36	5.109121
5289	551	5.108951
5289	2174	4.947965
5289	2011	4.906493
5289	2407	4.905564
5289	2746	4.629545
5289	162	4.604052
5289	1035	4.599372
5290	2716	4.897526
5290	968	4.604719
5290	1387	4.297438
5290	2657	4.176210
5290	1321	4.021355
5290	2791	3.952592
5290	2288	3.925359
5290	1982	3.907891
5290	3671	3.847960
5290	2997	3.836585
5291	3471	5.294670
5291	913	5.260431
5291	1214	5.084833
5291	1230	5.023944
5291	750	5.014448
5291	1269	4.987562
5291	912	4.892053
5291	1947	4.790183
5291	1136	4.748734
5291	1304	4.732008
5292	1304	4.970920
5292	1199	4.766798
5292	608	4.719401
5292	1136	4.695553
5292	1206	4.686063
5292	2657	4.570768
5292	1240	4.568283
5292	750	4.564726
5292	1214	4.419889
5292	1252	4.416705
5293	2858	4.444363
5293	3578	4.197130
5293	608	4.170992
5293	3408	3.886202
5293	593	3.884782
5293	293	3.824459
5293	3948	3.784673
5293	1	3.767629
5293	1196	3.740201
5293	50	3.730041
5294	924	5.189767
5294	260	5.052363
5294	608	4.973214
5294	1617	4.894802
5294	1304	4.863461
5294	593	4.811101
5294	3435	4.801796
5294	1206	4.757107
5294	858	4.743408
5294	1204	4.726896
5296	1073	4.484211
5296	1225	4.419532
5296	260	4.310974
5296	2174	3.970630
5296	969	3.785978
5296	1088	3.752975
5296	1019	3.745443
5296	1097	3.741422
5296	2797	3.669041
5296	1198	3.638167
5297	3623	6.138017
5297	2490	6.109240
5297	2763	5.734408
5297	2706	5.528073
5297	2881	5.520325
5297	380	5.483764
5297	1722	5.452255
5297	3219	5.439792
5297	2683	5.439241
5297	2605	5.165352
5298	1876	5.330162
5298	480	5.310651
5298	1580	5.224717
5298	329	5.205498
5298	2628	5.200690
5298	1356	5.086651
5298	589	5.022672
5298	648	5.002236
5298	3160	4.824862
5298	316	4.779919
5299	1022	6.198957
5299	1230	6.063565
5299	2018	5.966198
5299	908	5.965678
5299	260	5.852339
5299	1304	5.803302
5299	969	5.724384
5299	364	5.690427
5299	541	5.648801
5299	1259	5.609314
5300	608	6.476283
5300	3317	6.350859
5300	1249	6.300026
5300	3893	6.246834
5300	3624	6.205738
5300	3535	6.157251
5300	1089	6.118547
5300	296	6.008989
5300	858	5.943716
5300	1213	5.871606
5301	36	4.784418
5301	1220	4.738614
5301	246	4.663287
5301	17	4.589068
5301	1088	4.492977
5301	2081	4.492705
5301	2015	4.467745
5301	2797	4.425979
5301	2746	4.393464
5301	1265	4.285721
5302	588	4.867080
5302	597	4.303629
5302	364	4.224328
5302	595	4.154958
5302	736	4.119151
5302	539	4.100917
5302	587	4.096306
5302	1265	4.029391
5302	2081	3.942121
5302	105	3.921805
5303	1097	5.918897
5303	2791	5.898298
5303	2804	5.793634
5303	1197	5.777489
5303	1957	5.751608
5303	1198	5.683046
5303	1394	5.667615
5303	908	5.645977
5303	1228	5.642516
5303	1270	5.627480
5304	1265	5.015398
5304	3418	4.672853
5304	2291	4.628680
5304	34	4.592014
5304	21	4.488923
5304	356	4.445487
5304	3160	4.356068
5304	2791	4.348970
5304	1097	4.305108
5304	1784	4.269872
5305	1391	6.660480
5305	2094	6.509126
5305	2717	6.367222
5305	196	6.222704
5305	435	6.210833
5305	3638	6.193312
5305	3189	6.166342
5305	2012	5.970209
5305	253	5.947214
5305	532	5.837461
5306	3861	5.923103
5306	3844	5.737652
5306	2146	5.590342
5306	3173	5.557055
5306	253	5.501512
5306	364	5.406911
5306	1676	5.371535
5306	3791	5.261916
5306	2167	5.173389
5306	2420	5.161690
5307	1391	6.224232
5307	1573	5.984009
5307	2699	5.900146
5307	1544	5.863457
5307	1876	5.836254
5307	1909	5.421005
5307	2094	5.418112
5307	95	5.402792
5307	3257	5.371535
5307	648	5.369623
5308	2916	5.186632
5308	750	5.012692
5308	2529	5.012281
5308	589	4.994491
5308	1527	4.929312
5308	1653	4.917924
5308	541	4.840415
5308	1200	4.835900
5308	32	4.780745
5308	610	4.769665
5310	3244	7.346350
5310	1235	7.125562
5310	1380	7.070740
5310	3508	6.887477
5310	1212	6.472636
5310	1230	6.469417
5310	965	6.457771
5310	1304	6.424338
5310	899	6.295921
5310	945	6.287065
5311	2100	6.740549
5311	1307	6.444608
5311	2746	5.986442
5311	2797	5.834469
5311	2081	5.832105
5311	2087	5.756933
5311	1947	5.722178
5311	1663	5.533721
5311	919	5.362806
5311	1073	5.362223
5312	253	5.937164
5312	2116	5.379865
5312	1092	5.285915
5312	3638	5.266208
5312	3032	4.994336
5312	454	4.964181
5312	3751	4.922491
5312	3159	4.711715
5312	3897	4.688126
5312	3114	4.634249
5313	1206	7.703695
5313	2398	7.279295
5313	1214	7.014237
5313	1200	6.767790
5313	2949	6.620192
5313	2529	6.605171
5313	2664	6.576310
5313	1374	6.571780
5313	1240	6.515045
5313	1221	6.278541
5315	2336	5.753294
5315	3174	5.709767
5315	3175	5.539292
5315	2581	5.531728
5315	2580	5.477959
5315	2433	5.438274
5315	2502	5.412221
5315	2598	5.409927
5315	2959	5.351957
5315	2688	5.350258
5316	3175	4.754900
5316	2997	4.478263
5316	2712	4.453951
5316	3174	4.444981
5316	2683	4.360552
5316	2959	4.356639
5316	2599	4.235877
5316	2762	4.231202
5316	2336	4.219084
5316	2395	4.203462
5317	594	6.069886
5317	1028	5.483821
5317	2300	5.417287
5317	919	5.364355
5317	260	5.219847
5317	1029	5.203424
5317	1	5.167891
5317	595	5.158658
5317	596	5.133536
5317	364	5.090562
5318	1917	6.990132
5318	1391	6.754326
5318	1876	6.567724
5318	1527	6.418127
5318	1676	6.178360
5318	1544	6.144469
5318	2393	6.017695
5318	1372	5.975977
5318	2628	5.975964
5318	648	5.884534
5319	3638	4.551879
5319	253	4.422312
5319	3744	4.307084
5319	3897	4.290222
5319	454	4.283393
5319	3555	4.261047
5319	3745	4.139467
5319	3624	4.118516
5319	2167	4.116356
5319	3751	4.051595
5321	454	7.192292
5321	1883	6.186035
5321	1732	5.950958
5321	3255	5.890917
5321	587	5.879475
5321	293	5.803236
5321	736	5.576382
5321	253	5.573659
5321	3408	5.555445
5321	2302	5.459098
5322	3408	4.271912
5322	2858	4.169188
5322	2396	4.165076
5322	3175	4.126772
5322	1265	4.028680
5322	2355	3.995869
5322	2706	3.990754
5322	2997	3.973376
5322	3578	3.960382
5322	356	3.919799
5323	589	6.079337
5323	2455	5.713539
5323	3418	5.640854
5323	1584	5.602809
5323	2918	5.497555
5323	1921	5.461984
5323	2791	5.454991
5323	1580	5.402821
5323	2291	5.383726
5323	2858	5.286401
5324	296	4.833545
5324	260	4.591050
5324	2628	4.547033
5324	593	4.520070
5324	318	4.434942
5324	1198	4.427541
5324	1240	4.360315
5324	2028	4.347956
5324	1220	4.274664
5324	858	4.259330
5325	1240	4.733153
5325	296	4.608763
5325	457	4.569304
5325	1214	4.557045
5325	2571	4.524375
5325	1617	4.346047
5325	260	4.337405
5325	3418	4.331190
5325	1198	4.327868
5325	2194	4.256705
5326	1732	4.986612
5326	1222	4.915597
5326	2997	4.898346
5326	2683	4.415522
5326	2858	4.408038
5326	3578	4.368953
5326	2762	4.357837
5326	2694	4.333817
5326	1625	4.308270
5326	3752	4.291710
5327	1917	6.451614
5327	2490	6.344041
5327	153	6.329331
5327	2723	6.102528
5327	2699	6.082228
5327	2605	6.065596
5327	2881	5.992959
5327	24	5.889456
5327	1037	5.837013
5327	2710	5.811802
5328	3176	4.730048
5328	2706	4.530920
5328	3114	4.413630
5328	1393	4.381137
5328	1732	4.302638
5328	3148	4.234444
5328	587	4.221640
5328	150	4.213622
5328	2762	4.194480
5328	2997	4.148799
5329	968	5.714886
5329	2716	5.524115
5329	3508	5.132162
5329	3671	5.080564
5329	1230	4.934844
5329	1333	4.885294
5329	3175	4.872340
5329	1948	4.773317
5329	920	4.748672
5329	3516	4.745101
5330	1265	6.682685
5330	34	6.017507
5330	551	5.578584
5330	1094	5.503178
5330	36	5.319843
5330	17	5.169783
5330	2966	5.162787
5330	1784	5.143474
5330	265	5.079932
5330	2791	4.980925
5331	587	4.380866
5331	356	4.206573
5331	1777	4.095630
5331	2762	4.086219
5331	1393	4.041654
5331	2997	3.991322
5331	1639	3.933512
5331	2706	3.852578
5331	3176	3.834271
5331	2858	3.827923
5332	589	5.623302
5332	2628	5.256738
5332	2571	5.158392
5332	1580	5.026705
5332	2916	5.019160
5332	480	4.982926
5332	2858	4.908367
5332	1527	4.890350
5332	1127	4.861455
5332	3623	4.832211
5333	1912	6.508788
5333	457	6.473514
5333	377	6.342525
5333	3155	6.186041
5333	3386	5.700062
5333	802	5.636583
5333	47	5.635217
5333	3418	5.603402
5333	1721	5.569264
5333	3176	5.559528
5334	3623	7.291407
5334	587	7.018855
5334	3617	6.627666
5334	736	6.373046
5334	2694	6.311392
5334	2763	6.256763
5334	3249	6.255750
5334	1805	6.203387
5334	380	6.190120
5334	1370	6.134356
5335	1584	5.789448
5335	588	5.752689
5335	3418	5.499991
5335	3386	5.347919
5335	1	5.208083
5335	34	5.175995
5335	2291	5.159342
5335	1393	5.124398
5335	1183	5.102056
5335	356	5.080323
5336	589	5.872937
5336	3702	5.808633
5336	2571	5.716961
5336	1240	5.555864
5336	2194	5.444305
5336	1221	5.439344
5336	1206	5.368093
5336	260	5.244150
5336	1374	5.147062
5336	2160	5.140042
5337	1019	6.596874
5337	2080	5.934687
5337	2294	5.804980
5337	1023	5.548326
5337	3698	5.498285
5337	1029	5.492983
5337	2046	5.389060
5337	2394	5.294849
5337	1022	5.218229
5337	1603	5.077483
5338	196	6.981268
5338	674	6.932936
5338	1831	6.871644
5338	1876	6.754230
5338	3638	6.680875
5338	610	6.653891
5338	3704	6.651988
5338	1717	6.620491
5338	2167	6.541892
5338	3701	6.525607
5339	2628	5.647008
5339	648	5.030806
5339	2115	4.937676
5339	1608	4.910367
5339	2406	4.818737
5339	3354	4.786091
5339	2028	4.702273
5339	1573	4.646148
5339	3623	4.629656
5339	589	4.600987
5340	2424	7.746353
5340	7	7.493391
5340	539	7.392028
5340	380	7.389951
5340	236	6.522778
5340	708	6.485956
5340	1835	6.477369
5340	1777	6.463916
5340	736	6.406169
5340	252	6.339040
5341	3484	5.879920
5341	2105	5.870971
5341	3624	5.865543
5341	3173	5.793066
5341	3911	5.708659
5341	3949	5.685511
5341	3301	5.680983
5341	3861	5.619304
5341	3948	5.549565
5341	2145	5.479411
5342	1580	5.863789
5342	480	5.722791
5342	1573	5.309658
5342	3160	5.289412
5342	2628	5.182548
5342	2916	5.135515
5342	1527	5.036933
5342	592	5.022427
5342	1584	4.915576
5342	1356	4.914541
5343	1259	4.998691
5343	1097	4.992105
5343	260	4.960290
5343	34	4.684999
5343	1196	4.547974
5343	1270	4.538674
5343	1198	4.522291
5343	1197	4.515965
5343	1210	4.480089
5343	912	4.464792
5344	587	6.186533
5344	3617	5.318745
5344	1307	5.305122
5344	236	5.262724
5344	3528	5.053285
5344	2150	5.019672
5344	454	4.951164
5344	266	4.913599
5344	1265	4.861588
5344	3824	4.858096
5345	2424	6.440441
5345	708	5.883451
5345	1569	5.813768
5345	1777	5.745129
5345	539	5.728920
5345	339	5.664819
5345	500	5.644184
5345	2100	5.567317
5345	344	5.468495
5345	1441	5.288900
5346	750	6.712324
5346	1230	6.393538
5346	541	6.374459
5346	1259	6.239412
5346	919	6.187981
5346	1	6.155403
5346	1136	6.117689
5346	260	5.965181
5346	595	5.922309
5346	899	5.911716
5347	1917	8.684093
5347	1391	7.751268
5347	1544	7.381561
5347	2094	7.290816
5347	316	7.264659
5347	3697	7.239839
5347	1616	7.216292
5347	1603	7.149130
5347	1792	7.102678
5347	292	7.010843
5348	1345	5.583352
5348	1347	5.557842
5348	1982	5.516774
5348	3708	5.492979
5348	1377	5.454554
5348	2167	5.215968
5348	1717	5.176848
5348	1974	5.157323
5348	968	5.058186
5348	2288	4.957516
5349	2245	5.438995
5349	36	5.151408
5349	3524	5.066589
5349	1088	4.913908
5349	364	4.909007
5349	2746	4.901317
5349	1958	4.856425
5349	3526	4.786916
5349	162	4.767593
5349	3751	4.712011
5350	1029	5.841594
5350	2080	5.775863
5350	594	5.532583
5350	2096	5.384543
5350	1294	5.361336
5350	596	5.274141
5350	3114	5.258178
5350	2294	5.210454
5350	2396	5.171902
5350	2987	5.151111
5352	2369	5.991837
5352	1380	5.212871
5352	2723	4.984355
5352	3081	4.931102
5352	2716	4.775091
5352	2710	4.693412
5352	2012	4.666495
5352	2581	4.615598
5352	3508	4.592705
5352	2424	4.516492
5353	260	4.619047
5353	913	4.617794
5353	2762	4.495582
5353	2987	4.417099
5353	2858	4.375115
5353	1196	4.362073
5353	3471	4.333417
5353	1221	4.219774
5353	2997	4.169227
5353	1387	4.127480
5354	1527	6.646527
5354	1876	6.034076
5354	648	5.934679
5354	1552	5.906744
5354	480	5.812180
5354	733	5.724043
5354	2628	5.671297
5354	1608	5.665301
5354	1676	5.500204
5354	3256	5.489462
5355	589	5.011927
5355	1240	4.982265
5355	1206	4.697098
5355	2858	4.532541
5355	858	4.514260
5355	1387	4.438999
5355	608	4.423354
5355	3897	4.422313
5355	924	4.419147
5355	50	4.413447
5356	3639	6.748215
5356	1345	6.673660
5356	1982	6.210421
5356	1219	6.128026
5356	1407	6.101064
5356	1350	6.044351
5356	3649	6.044287
5356	1972	6.002102
5356	3700	6.001887
5356	1201	5.993516
5357	2683	6.097190
5357	2395	5.715271
5357	3174	5.469685
5357	2336	5.448386
5357	2770	5.330417
5357	2706	5.319761
5357	2369	5.314816
5357	2502	5.311802
5357	3175	5.258258
5357	2734	5.241943
5359	2094	5.359539
5359	780	5.186170
5359	1690	5.120176
5359	3638	5.086679
5359	1320	4.978570
5359	1876	4.976630
5359	1909	4.953188
5359	454	4.837358
5359	1391	4.816878
5359	253	4.746911
5360	3578	4.485370
5360	3408	4.146789
5360	3793	3.891031
5360	3510	3.888547
5360	593	3.735330
5360	50	3.711461
5360	2571	3.677727
5360	2699	3.672099
5360	1127	3.657395
5360	608	3.597189
5361	3617	4.589596
5361	2406	4.507790
5361	318	4.307900
5361	260	4.237385
5361	2628	4.199447
5361	593	4.151010
5361	3755	4.143695
5361	1073	4.125759
5361	2100	4.114180
5361	3753	4.104817
5362	2300	6.439636
5362	1304	5.777592
5362	899	5.693879
5362	1212	5.667518
5362	750	5.619417
5362	1235	5.573327
5362	1230	5.566667
5362	1294	5.485141
5362	599	5.480207
5362	1238	5.458010
5363	1527	7.235450
5363	2985	6.082995
5363	1584	6.036648
5363	1573	6.027912
5363	2455	5.974647
5363	198	5.852490
5363	3527	5.575823
5363	3107	5.569758
5363	1921	5.562539
5363	3160	5.404414
5364	3623	6.173228
5364	2490	6.166595
5364	2688	6.030345
5364	2394	5.811016
5364	3005	5.767359
5364	24	5.757218
5364	3219	5.729086
5364	3273	5.720747
5364	2707	5.701528
5364	2605	5.582376
5365	788	7.081351
5365	1377	7.012696
5365	3257	6.967105
5365	2012	6.881390
5365	1391	6.850779
5365	736	6.757989
5365	153	6.650247
5365	2723	6.596666
5365	380	6.562539
5365	1917	6.471428
5366	1580	6.818222
5366	1573	6.085566
5366	454	5.845511
5366	1584	5.830850
5366	1527	5.707694
5366	457	5.698236
5366	480	5.606277
5366	474	5.599420
5366	2916	5.498279
5366	110	5.478600
5367	2716	4.611301
5367	1307	4.067025
5367	2369	4.027010
5367	2997	3.999324
5367	2746	3.911431
5367	2858	3.873795
5367	2762	3.787886
5367	1387	3.756485
5367	1265	3.726913
5367	3016	3.624064
5368	454	5.774236
5368	2571	5.629030
5368	1370	5.624709
5368	3555	5.362266
5368	1580	5.335320
5368	50	5.285668
5368	1921	5.280422
5368	474	5.244842
5368	6	5.163485
5368	608	5.154545
5369	1097	6.605274
5369	1035	6.003140
5369	661	5.824063
5369	2140	5.809521
5369	2968	5.787490
5369	1282	5.691640
5369	1259	5.685969
5369	364	5.519500
5369	1210	5.394976
5369	969	5.384938
5371	1784	4.973314
5371	2000	4.877580
5371	150	4.866714
5371	3160	4.735896
5371	1673	4.637478
5371	2539	4.552475
5371	3450	4.430888
5371	1923	4.396876
5371	1265	4.386728
5371	1704	4.350304
5372	32	4.997133
5372	1732	4.843817
5372	2571	4.791259
5372	3176	4.784238
5372	2997	4.744150
5372	1580	4.654826
5372	39	4.612769
5372	2396	4.530421
5372	2599	4.505535
5372	110	4.458207
5373	3948	5.520923
5373	3863	5.245752
5373	3555	5.190968
5373	3755	5.117500
5373	608	5.107032
5373	1249	4.853234
5373	3535	4.824804
5373	3481	4.812084
5373	1089	4.796029
5373	1259	4.777489
5374	2716	6.622168
5374	3175	5.862988
5374	2699	5.359834
5374	2396	5.327341
5374	2712	5.247499
5374	2581	5.216596
5374	2490	5.125291
5374	968	5.049653
5374	2580	4.982445
5374	3219	4.971231
5376	2003	5.707855
5376	2100	5.355227
5376	2416	5.211160
5376	3897	5.117344
5376	3524	5.087607
5376	2478	5.076379
5376	1378	4.923864
5376	1994	4.731765
5376	3552	4.678452
5376	3608	4.595768
5377	1097	5.620544
5377	2571	5.430234
5377	1240	5.343731
5377	1374	5.338443
5377	2028	5.332555
5377	589	5.313895
5377	1198	5.301114
5377	1210	5.268937
5377	2791	5.187238
5377	608	5.130797
5378	2985	6.016362
5378	1407	5.892777
5378	1333	5.879412
5378	2455	5.749603
5378	2407	5.280804
5378	2194	5.259235
5378	3527	5.241733
5378	1387	5.233361
5378	2716	5.147394
5378	1994	5.113748
5379	1307	5.795662
5379	2716	5.223379
5379	2355	4.958667
5379	2053	4.880621
5379	3543	4.732954
5379	2080	4.665419
5379	2081	4.585847
5379	1663	4.463551
5379	2881	4.254031
5379	2746	4.225982
5382	2701	4.978500
5382	788	4.889306
5382	2805	4.796871
5382	2253	4.565184
5382	153	4.552286
5382	2694	4.436955
5382	2713	4.423046
5382	2369	4.384650
5382	2054	4.362657
5382	3081	4.361497
5384	1265	5.918360
5384	1294	5.877941
5384	34	5.554927
5384	1307	5.551669
5384	1188	5.356134
5384	1094	5.215572
5384	2096	5.088138
5384	1183	5.027726
5384	1230	4.943327
5384	2289	4.922460
5385	589	5.907424
5385	527	5.601536
5385	750	5.413305
5385	2028	5.383628
5385	2858	5.361096
5385	541	5.241064
5385	1240	5.168652
5385	1200	5.045731
5385	480	5.006635
5385	608	4.946841
5386	3717	5.128492
5386	3623	5.004871
5386	3510	4.748363
5386	3578	4.742946
5386	2683	4.741549
5386	2710	4.533024
5386	223	4.485824
5386	2706	4.479009
5386	3174	4.450889
5386	2580	4.433760
5387	594	5.564706
5387	3897	5.339129
5387	3435	5.328065
5387	1304	5.259375
5387	608	5.255711
5387	924	5.176275
5387	930	5.053064
5387	1230	4.841383
5387	593	4.833058
5387	50	4.829941
5389	2395	6.112320
5389	2716	5.905176
5389	2683	5.878711
5389	2369	5.791116
5389	3174	5.686760
5389	3253	5.603399
5389	2396	5.306378
5389	3175	5.306362
5389	2706	5.117534
5389	2770	5.113824
5390	1307	5.722335
5390	2716	5.681461
5390	3543	5.542547
5390	750	5.021562
5390	3671	5.002476
5390	2987	4.887951
5390	2355	4.790348
5390	2300	4.728279
5390	1230	4.686453
5390	2599	4.582520
5393	253	6.800816
5393	3844	6.657869
5393	3478	6.075302
5393	1124	5.690436
5393	3189	5.506184
5393	3264	5.505205
5393	2167	5.490266
5393	2011	5.390096
5393	3869	5.379694
5393	2311	5.364572
5394	368	6.447756
5394	380	6.086146
5394	2406	6.067459
5394	1101	5.576489
5394	553	5.154746
5394	647	5.061579
5394	377	4.975138
5394	292	4.965168
5394	3555	4.905418
5394	3535	4.785913
5395	1717	5.366800
5395	2167	5.205424
5395	2011	5.172906
5395	592	5.111805
5395	329	4.987829
5395	1374	4.941081
5395	1019	4.868541
5395	3701	4.864788
5395	480	4.807124
5395	3844	4.761680
5396	589	5.491346
5396	2571	5.310359
5396	1214	5.179863
5396	1200	5.119808
5396	608	5.053151
5396	1196	5.025396
5396	3471	5.013348
5396	2529	5.012335
5396	1617	4.949278
5396	1584	4.936230
5397	1997	5.790865
5397	1225	5.501465
5397	1962	5.245532
5397	1333	5.054755
5397	969	5.030448
5397	1088	5.019226
5397	1073	4.956024
5397	260	4.927119
5397	1198	4.906255
5397	1387	4.870754
5399	2699	6.391666
5399	1544	6.378486
5399	780	6.125270
5399	1391	5.947100
5399	2826	5.859575
5399	480	5.800527
5399	1690	5.777040
5399	1552	5.760989
5399	1320	5.747409
5399	70	5.734880
5401	2087	6.591604
5401	595	6.375840
5401	2797	6.257490
5401	34	6.163256
5401	364	6.089674
5401	2968	6.087071
5401	1094	6.015337
5401	1097	5.981839
5401	2384	5.905035
5401	986	5.763527
5402	2571	4.426440
5402	3408	4.382385
5402	2858	4.357456
5402	3578	4.309125
5402	589	4.247494
5402	1240	4.182641
5402	2000	4.180962
5402	457	4.160507
5402	608	4.120022
5402	3160	4.054511
5403	377	6.460493
5403	3386	5.777565
5403	1907	5.605241
5403	3418	5.539773
5403	2916	5.425986
5403	1584	5.373749
5403	2687	5.328594
5403	590	5.268270
5403	32	5.232837
5403	457	5.200562
5404	608	4.264969
5404	3751	4.161573
5404	3408	4.156260
5404	2571	4.137222
5404	253	4.101426
5404	2858	4.080578
5404	3510	4.027160
5404	3578	4.018636
5404	3863	3.993394
5404	2791	3.941660
5405	1266	5.514112
5405	1201	5.326348
5405	3508	4.888474
5405	599	4.826094
5405	968	4.701476
5405	3175	4.675888
5405	930	4.664229
5405	377	4.586437
5405	1214	4.554161
5405	2401	4.477493
5406	1035	5.561689
5406	1225	5.528419
5406	1073	5.365621
5406	34	5.197993
5406	2968	5.195362
5406	260	5.190108
5406	1208	5.124305
5406	969	5.075613
5406	527	5.056837
5406	3471	4.968666
5408	2087	6.223352
5408	260	5.757431
5408	2987	5.611441
5408	596	5.343678
5408	1019	5.296676
5408	1073	5.281743
5408	912	5.208044
5408	1233	5.118976
5408	1947	5.055645
5408	2018	4.973688
5410	2194	5.278278
5410	1997	5.068205
5410	1387	4.948484
5410	2000	4.940548
5410	1240	4.916530
5410	3897	4.910680
5410	1214	4.907915
5410	3751	4.879002
5410	1213	4.779774
5410	1302	4.744947
5412	1196	5.667361
5412	1210	5.625949
5412	1221	5.330564
5412	2028	5.315225
5412	527	5.305255
5412	608	5.304481
5412	1222	5.250648
5412	2571	5.248593
5412	1617	5.222662
5412	1200	5.214430
5413	608	5.530138
5413	2000	5.476057
5413	2571	5.259424
5413	1240	5.243203
5413	3763	5.151689
5413	2529	5.028540
5413	3751	4.970075
5413	293	4.920443
5413	1270	4.880073
5413	2858	4.833920
5414	1088	5.977683
5414	1345	5.403562
5414	3606	5.233972
5414	1339	5.183797
5414	1321	5.087644
5414	783	5.047162
5414	1380	5.042201
5414	1035	5.025159
5414	969	4.957566
5414	1225	4.804264
5415	34	5.686566
5415	2797	5.578247
5415	1094	5.374569
5415	1265	5.296787
5415	2355	5.293486
5415	588	5.211560
5415	1097	5.208419
5415	1	5.041476
5415	527	4.923858
5415	2396	4.837745
5416	788	5.199779
5416	3791	4.802106
5416	1238	4.711887
5416	3827	4.652415
5416	1371	4.648130
5416	3948	4.514763
5416	235	4.495432
5416	382	4.476163
5416	1644	4.443244
5416	3265	4.442201
5417	1291	6.646078
5417	2968	6.524569
5417	260	6.401313
5417	1198	6.312537
5417	1073	6.277103
5417	527	6.261441
5417	1097	6.248793
5417	2028	6.242554
5417	912	6.237982
5417	1220	6.195408
5418	919	6.058304
5418	750	5.933948
5418	899	5.919684
5418	1947	5.764441
5418	260	5.693498
5418	1294	5.548813
5418	910	5.534711
5418	1259	5.506015
5418	916	5.456128
5418	914	5.452077
5419	34	5.350676
5419	527	4.986732
5419	1210	4.974194
5419	1097	4.925074
5419	260	4.881871
5419	1	4.848913
5419	3471	4.805599
5419	2858	4.693114
5419	2028	4.690502
5419	912	4.688179
5420	2384	8.677919
5420	1367	7.635944
5420	673	7.095882
5420	2042	7.062479
5420	818	6.836239
5420	520	6.761354
5420	1688	6.736579
5420	362	6.686927
5420	3248	6.619213
5420	2390	6.574384
5421	1387	5.360923
5421	3654	5.201768
5421	608	5.010045
5421	1304	4.982100
5421	1214	4.929786
5421	1270	4.901237
5421	924	4.886190
5421	1219	4.852503
5421	1201	4.817516
5421	1221	4.698657
5422	372	6.207136
5422	587	6.161303
5422	500	6.009369
5422	3263	5.935757
5422	2431	5.869138
5422	2369	5.793352
5422	2424	5.768844
5422	2717	5.747795
5422	2335	5.684285
5422	1457	5.595177
5423	912	5.824405
5423	1304	5.749758
5423	1267	5.687522
5423	1953	5.685754
5423	1276	5.682082
5423	1221	5.668130
5423	1252	5.632223
5423	858	5.620291
5423	913	5.419011
5423	1263	5.376825
5424	750	5.360050
5424	1230	5.282789
5424	1276	5.208526
5424	2657	4.946141
5424	912	4.886966
5424	1234	4.883159
5424	1259	4.843165
5424	1307	4.788558
5424	1077	4.782773
5424	1387	4.761784
5425	913	5.069730
5425	1214	4.991001
5425	1198	4.977461
5425	1387	4.945030
5425	260	4.937416
5425	1210	4.853486
5425	1097	4.767601
5425	1287	4.752748
5425	1221	4.638863
5425	3471	4.633772
5426	2389	6.681183
5426	2701	6.442874
5426	3717	6.437458
5426	2694	6.301125
5426	2710	6.023111
5426	435	5.842058
5426	2012	5.691678
5426	3752	5.494280
5426	3638	5.493650
5426	2002	5.492049
5427	1265	5.083534
5427	1270	5.039419
5427	1079	4.924531
5427	1394	4.852176
5427	2858	4.799562
5427	2918	4.753494
5427	34	4.738019
5427	1097	4.729290
5427	1276	4.682389
5427	1387	4.656135
5428	457	6.091029
5428	1089	6.032056
5428	3173	5.974455
5428	3317	5.900343
5428	3535	5.888979
5428	3893	5.790295
5428	2000	5.741692
5428	1213	5.740542
5428	1466	5.716025
5428	3911	5.667718
5429	3155	5.502852
5429	380	5.472477
5429	377	5.418909
5429	1645	5.285352
5429	457	4.997842
5429	802	4.901465
5429	1407	4.852011
5429	353	4.833244
5429	47	4.726221
5429	3753	4.627294
5430	2688	6.884333
5430	2805	6.190888
5430	2394	6.112919
5430	587	5.899343
5430	2581	5.858070
5430	337	5.855687
5430	2424	5.805396
5430	1405	5.677642
5430	339	5.668406
5430	3081	5.649820
5431	3253	7.243344
5431	1747	6.773955
5431	1923	6.703861
5431	21	6.542380
5431	3105	6.439272
5431	337	6.434005
5431	1641	6.432269
5431	1784	6.379640
5431	497	6.236864
5431	356	6.232016
5432	968	6.361796
5432	1214	5.657691
5432	1269	5.472159
5432	1077	5.378943
5432	1333	5.322997
5432	2664	5.207926
5432	3702	5.203497
5432	32	5.167443
5432	2520	5.051455
5432	800	4.971137
5433	2918	5.909950
5433	3210	5.670503
5433	2248	5.524324
5433	1270	5.454794
5433	1265	5.403139
5433	608	5.383678
5433	162	5.349802
5433	1394	5.258941
5433	2791	5.182079
5433	3526	5.169335
5434	1201	7.938912
5434	3654	7.197999
5434	1214	6.687637
5434	903	6.464856
5434	904	6.395630
5434	1952	6.213031
5434	3435	6.147484
5434	1617	6.056659
5434	1179	5.998112
5434	3095	5.968198
5435	1214	4.397308
5435	3471	4.272936
5435	1240	4.228469
5435	1954	4.204703
5435	2640	4.159722
5435	589	4.112513
5435	1206	4.011290
5435	2762	3.972588
5435	296	3.954168
5435	1617	3.952151
5436	1370	6.189113
5436	1573	6.094234
5436	3256	5.804216
5436	733	5.694749
5436	2353	5.544404
5436	2490	5.500632
5436	1805	5.487200
5436	349	5.479062
5436	457	5.464238
5436	377	5.459318
5437	3175	4.458122
5437	32	4.332993
5437	2396	4.309157
5437	2571	4.245411
5437	589	4.245084
5437	1214	4.223763
5437	1240	4.221339
5437	2858	4.092798
5437	3114	4.057116
5437	34	4.003234
5438	2804	5.320867
5438	1198	5.289861
5438	1197	5.218160
5438	608	5.199250
5438	3552	5.136037
5438	593	5.082588
5438	1249	5.066370
5438	296	5.005994
5438	1242	4.978739
5438	2028	4.955996
5440	1500	6.971625
5440	2321	6.569630
5440	1747	6.559252
5440	1673	6.448032
5440	1784	6.389553
5440	1060	6.355326
5440	1393	6.202044
5440	39	6.033480
5440	2291	6.006865
5440	551	5.906885
5441	1287	5.943341
5441	1291	5.781307
5441	1198	5.749447
5441	260	5.520786
5441	1073	5.483094
5441	2005	5.351676
5441	2028	5.172184
5441	969	5.156693
5441	2470	5.103258
5441	2115	5.052506
5442	1393	5.632488
5442	1580	5.301566
5442	3176	5.297847
5442	1784	5.253336
5442	2291	5.125707
5442	1883	5.102951
5442	110	5.098241
5442	21	5.084994
5442	150	5.083197
5442	457	5.056529
5443	1371	6.772229
5443	1373	6.710829
5443	1544	6.293546
5443	185	6.268630
5443	1831	6.261250
5443	1562	6.218400
5443	153	6.218350
5443	1037	6.098057
5443	1556	6.096372
5443	1676	6.056523
5444	2805	6.532185
5444	2716	5.946205
5444	2598	5.785487
5444	2723	5.771415
5444	2541	5.660758
5444	2713	5.580471
5444	2688	5.557176
5444	2013	5.509071
5444	2396	5.505341
5444	2490	5.471375
5445	1291	6.086431
5445	2968	5.787785
5445	260	5.723090
5445	1220	5.627190
5445	1198	5.612299
5445	1225	5.540261
5445	1097	5.530367
5445	2872	5.481346
5445	2406	5.478382
5445	2161	5.436192
5446	750	6.935145
5446	1201	6.866167
5446	1304	6.563036
5446	913	6.488238
5446	1221	6.445062
5446	3095	6.131429
5446	912	6.102111
5446	1222	6.043110
5446	1276	6.038175
5446	3671	6.010458
5447	2987	5.561737
5447	1307	5.308501
5447	1294	5.212125
5447	3034	5.192030
5447	913	5.191259
5447	2396	5.184591
5447	314	4.939095
5447	3654	4.914247
5447	931	4.905992
5447	2762	4.881379
5448	3948	5.434345
5448	1732	5.391581
5448	587	5.370274
5448	3893	5.311582
5448	1883	5.151529
5448	1089	5.134263
5448	3617	5.049335
5448	3263	5.040272
5448	3751	4.912232
5448	3556	4.794567
5449	1407	4.562576
5449	3623	4.322108
5449	3160	4.276899
5449	2916	4.150638
5449	3510	4.118302
5449	3753	4.114871
5449	2959	4.094680
5449	2617	4.034819
5449	2194	4.023736
5449	2571	4.002922
5450	2329	6.826191
5450	1265	6.725399
5450	104	6.427185
5450	1517	6.404643
5450	2108	6.331105
5450	1923	6.127631
5450	1777	5.989804
5450	1569	5.969098
5450	3253	5.950532
5450	1747	5.893749
5451	2628	5.300541
5451	2916	5.155962
5451	1527	5.039211
5451	2640	4.910820
5451	2617	4.750146
5451	380	4.737521
5451	2406	4.719962
5451	589	4.709636
5451	10	4.683189
5451	2985	4.660835
5452	454	6.970979
5452	1188	6.397331
5452	1	6.358560
5452	745	6.096398
5452	1148	5.946740
5452	1235	5.933460
5452	588	5.843647
5452	1245	5.826864
5452	293	5.595868
5452	73	5.575851
5453	1573	6.567572
5453	1370	6.291493
5453	1580	6.084073
5453	161	6.031237
5453	16	5.880501
5453	377	5.781647
5453	1408	5.773642
5453	3256	5.675197
5453	648	5.629725
5453	3176	5.622141
5454	750	6.118989
5454	919	5.979311
5454	1230	5.975489
5454	912	5.955397
5454	899	5.910177
5454	920	5.840644
5454	1304	5.808288
5454	3435	5.693194
5454	1136	5.638914
5454	541	5.564459
5455	3257	6.667666
5455	434	6.117913
5455	3697	6.060326
5455	2628	5.985618
5455	2808	5.773430
5455	1391	5.748357
5455	1676	5.682466
5455	1037	5.625970
5455	1479	5.555067
5455	1371	5.546828
5456	1394	5.755203
5456	1307	5.582110
5456	1028	5.449426
5456	1294	4.963571
5456	1079	4.952918
5456	1197	4.942091
5456	1235	4.937576
5456	1136	4.934127
5456	608	4.823864
5456	1230	4.820241
5457	21	5.003949
5457	1584	4.995882
5457	377	4.939265
5457	2291	4.933875
5457	1265	4.822768
5457	457	4.815214
5457	1617	4.754750
5457	2396	4.742271
5457	3386	4.739953
5457	2858	4.734531
5458	1265	5.870078
5458	2858	5.175661
5458	356	5.157545
5458	1307	5.124137
5458	3260	4.860831
5458	1961	4.789097
5458	1500	4.769922
5458	527	4.663874
5458	1222	4.651322
5458	2395	4.605594
5459	2683	6.572980
5459	3623	6.550850
5459	1513	5.859303
5459	736	5.668166
5459	3273	5.602773
5459	2694	5.539695
5459	785	5.466888
5459	1923	5.402879
5459	2861	5.364724
5459	2723	5.341469
5460	1784	6.017915
5460	2000	5.875170
5460	3160	5.437239
5460	34	5.409547
5460	1923	5.340987
5460	1673	5.243928
5460	1171	5.098351
5460	1641	5.095835
5460	150	5.093199
5460	21	5.051822
5461	1265	6.829392
5461	1307	5.630371
5461	17	5.318379
5461	2081	5.144549
5461	588	5.101534
5461	3685	5.075077
5461	357	5.009657
5461	497	4.910948
5461	1028	4.908575
5461	2243	4.791084
5462	736	4.786966
5462	1917	4.742733
5462	1527	4.715667
5462	2699	4.683767
5462	1876	4.652818
5462	3638	4.595967
5462	3082	4.528302
5462	3408	4.489353
5462	2628	4.487282
5462	2916	4.465789
5463	2797	6.606212
5463	1259	6.594696
5463	1097	6.534357
5463	1035	6.386798
5463	551	6.327196
5463	2174	6.312151
5463	1225	6.069599
5463	34	6.043661
5463	2968	6.023945
5463	1967	5.941095
5464	34	5.550569
5464	260	5.379519
5464	1	5.272421
5464	919	5.186402
5464	1196	5.109180
5464	527	5.108163
5464	1210	5.105327
5464	1259	5.103375
5464	608	5.096193
5464	912	5.078357
5466	1304	6.432269
5466	1199	6.282063
5466	3671	6.132117
5466	745	6.130677
5466	1080	6.103053
5466	1077	6.084763
5466	1230	6.054122
5466	1234	5.991583
5466	1276	5.974666
5466	1394	5.949109
5468	1391	5.947879
5468	788	5.778020
5468	3257	5.616910
5468	1371	5.609892
5468	3861	5.562318
5468	1917	5.475557
5468	3452	5.455144
5468	1544	5.437166
5468	2054	5.384768
5468	168	5.248154
5469	920	5.527530
5469	260	5.175919
5469	590	5.130496
5469	648	5.028667
5469	1356	5.014596
5469	3471	4.986121
5469	1233	4.921415
5469	1206	4.898589
5469	2987	4.857278
5469	2628	4.825859
5470	1307	5.438874
5470	1265	5.201173
5470	2858	4.348882
5470	3362	4.235017
5470	1394	4.196727
5470	2150	4.137450
5470	2918	4.088860
5470	3685	4.007116
5470	2716	3.969514
5470	1380	3.927081
5472	919	5.149105
5472	920	5.005562
5472	1073	4.840228
5472	260	4.829242
5472	912	4.623662
5472	2087	4.508375
5472	1947	4.505889
5472	899	4.498309
5472	1225	4.491192
5472	969	4.457962
5473	1876	6.597729
5473	2393	6.110232
5473	1676	6.102150
5473	1573	5.913930
5473	1527	5.823662
5473	329	5.747243
5473	454	5.658417
5473	648	5.597454
5473	1909	5.589156
5473	1831	5.586703
5474	480	6.593298
5474	589	6.454013
5474	2916	6.372883
5474	2640	6.009113
5474	1240	5.835878
5474	1129	5.661407
5474	1610	5.661136
5474	1374	5.628064
5474	457	5.585972
5474	110	5.511037
5475	3869	5.109701
5475	3450	4.844942
5475	1377	4.746021
5475	1580	4.508818
5475	2012	4.459352
5475	380	4.335382
5475	1391	4.273221
5475	1784	4.142739
5475	70	4.096617
5475	2699	4.088303
5476	1214	5.507582
5476	913	5.505576
5476	1201	5.434075
5476	968	5.209796
5476	2396	5.137163
5476	800	5.113151
5476	1179	5.066182
5476	2959	5.010833
5476	1266	5.004764
5476	2333	4.913084
5478	1580	4.746502
5478	2706	4.226404
5478	480	4.144210
5478	3408	4.125766
5478	3160	4.080773
5478	110	4.071834
5478	3578	4.032477
5478	2571	4.012219
5478	1584	3.959929
5478	32	3.930285
5479	1777	5.907685
5479	357	5.735590
5479	1265	5.596356
5479	1784	5.581075
5479	1569	5.285579
5479	3252	5.214233
5479	588	5.134128
5479	3105	5.132540
5479	1747	5.052529
5479	1393	5.018321
5480	588	5.971177
5480	1094	5.476841
5480	1265	5.434842
5480	356	5.346726
5480	34	5.112294
5480	1393	5.077764
5480	17	5.008377
5480	3418	4.959224
5480	357	4.925413
5480	1	4.883447
5481	253	5.132550
5481	3408	4.705657
5481	2302	4.585736
5481	3638	4.488412
5481	2108	4.413688
5481	3751	4.346747
5481	3608	4.284648
5481	3623	4.178932
5481	597	4.175777
5481	3263	4.171169
5482	454	7.413155
5482	16	7.050164
5482	377	6.425757
5482	2391	6.298766
5482	457	6.285673
5482	1580	6.206657
5482	1370	6.198135
5482	3176	6.166337
5482	1343	6.115089
5482	1883	6.093126
5483	588	6.525310
5483	454	6.361959
5483	1573	6.283823
5483	1580	5.960030
5483	1597	5.892964
5483	1876	5.772682
5483	1271	5.760244
5483	345	5.737146
5483	1909	5.717136
5483	1527	5.701815
5484	260	5.481939
5484	1210	5.414834
5484	589	5.386531
5484	1198	5.382818
5484	1097	5.300422
5484	2028	5.283122
5484	1200	5.264013
5484	1240	5.239451
5484	3471	5.225162
5484	2571	5.224058
5485	1097	5.001230
5485	2858	4.895947
5485	1270	4.811982
5485	2791	4.782435
5485	1210	4.697960
5485	608	4.596902
5485	2028	4.459770
5485	589	4.457410
5485	593	4.404063
5485	1079	4.389180
5486	1222	6.088173
5486	608	5.780048
5486	527	5.479698
5486	1196	5.474718
5486	296	5.465397
5486	2858	5.461255
5486	593	5.386515
5486	858	5.375223
5486	1259	5.372649
5486	1263	5.366138
5487	364	4.076474
5487	2797	4.044916
5487	588	3.988319
5487	2174	3.813623
5487	3408	3.771616
5487	2628	3.765718
5487	2355	3.747432
5487	1073	3.740982
5487	2081	3.734357
5487	592	3.635953
5488	260	4.248025
5488	2571	4.095358
5488	1198	4.092234
5488	1240	4.071547
5488	608	4.000026
5488	1196	3.995860
5488	3510	3.858982
5488	3481	3.818581
5488	1206	3.789646
5488	3863	3.785564
5489	454	5.363027
5489	1608	5.274503
5489	1580	5.135934
5489	1573	5.132830
5489	3623	4.929961
5489	3408	4.923200
5489	3578	4.822026
5489	1370	4.742665
5489	2628	4.697004
5489	587	4.633992
5490	1608	5.280426
5490	2688	5.245734
5490	380	5.175191
5490	3528	5.160808
5490	353	5.105708
5490	1597	5.078852
5490	2875	5.009887
5490	2943	4.966041
5490	1909	4.921618
5490	2881	4.921192
5491	3176	5.995114
5491	1393	5.411734
5491	150	5.370064
5491	3148	5.163119
5491	1883	5.046933
5491	2706	5.016350
5491	1271	4.956485
5491	2571	4.949761
5491	1732	4.946094
5491	1580	4.814058
5492	32	5.020906
5492	457	4.903762
5492	527	4.776438
5492	1610	4.733401
5492	377	4.604057
5492	2571	4.526849
5492	1584	4.502050
5492	1580	4.442720
5492	266	4.438714
5492	3471	4.430893
5493	588	7.609953
5493	364	6.801848
5493	529	6.625124
5493	1033	6.538441
5493	2081	6.458192
5493	3105	6.394918
5493	2108	6.095961
5493	2124	6.083703
5493	1032	6.070893
5493	3684	6.004421
5494	589	5.856663
5494	2628	5.718342
5494	2406	5.484079
5494	2640	5.112664
5494	2858	5.008702
5494	1580	4.951464
5494	1036	4.950023
5494	2916	4.879041
5494	1610	4.871936
5494	3527	4.855608
5495	2716	5.555338
5495	3175	4.663691
5495	2355	4.579202
5495	1097	4.327024
5495	2396	4.302415
5495	1270	4.093589
5495	1307	4.059896
5495	2599	4.004666
5495	1265	3.968700
5495	1127	3.836558
5496	2580	6.199792
5496	2599	5.519826
5496	2396	5.481542
5496	3174	5.418768
5496	3175	5.309763
5496	2712	5.309247
5496	1408	5.276117
5496	3176	5.129238
5496	39	5.087660
5496	2395	5.081612
5497	1527	6.946611
5497	316	6.653797
5497	2628	6.534212
5497	1544	6.260733
5497	1876	6.153935
5497	2916	6.070944
5497	3107	5.981811
5497	1917	5.927382
5497	1552	5.918568
5497	70	5.906511
5498	3252	5.751861
5498	1580	5.608774
5498	588	5.588067
5498	1584	5.436192
5498	364	5.424468
5498	1573	5.243782
5498	2916	5.237514
5498	3100	5.061740
5498	2294	5.033677
5498	3418	4.997277
5499	2706	5.117298
5499	587	4.984916
5499	356	4.885413
5499	1393	4.828314
5499	1721	4.819249
5499	1747	4.798615
5499	380	4.763055
5499	11	4.702207
5499	1777	4.675265
5499	1584	4.672413
5500	34	6.481841
5500	1265	5.820136
5500	1	5.540005
5500	1269	5.341483
5500	1094	5.307546
5500	1035	5.159276
5500	1097	5.079073
5500	551	5.044166
5500	2396	5.009810
5500	1136	4.951064
5501	1307	7.605999
5501	2717	7.495210
5501	3248	7.118486
5501	500	7.110726
5501	520	6.888120
5501	2253	6.708478
5501	216	6.547401
5501	3263	6.546733
5501	344	6.450576
5501	2247	6.282786
5502	1569	5.176016
5502	1265	5.055142
5502	597	4.736479
5502	2424	4.718108
5502	539	4.694433
5502	339	4.674203
5502	1777	4.601145
5502	838	4.427178
5502	2369	4.331292
5502	11	4.285840
5503	356	5.055702
5503	1265	4.666619
5503	1747	4.556773
5503	2706	4.430163
5503	1393	4.418290
5503	357	4.312218
5503	1784	4.269238
5503	2762	4.260937
5503	1183	4.259629
5503	3175	4.225272
5504	1091	7.945778
5504	1307	7.854545
5504	2100	7.745054
5504	2150	7.367767
5504	2134	6.618687
5504	2794	6.590213
5504	2746	6.535636
5504	3552	6.527708
5504	2003	6.517966
5504	2247	6.457553
5505	1573	7.260516
5505	2916	6.893314
5505	1356	6.652803
5505	733	6.481790
5505	589	6.459642
5505	349	6.382267
5505	1608	6.372662
5505	3256	6.289728
5505	2628	6.199624
5505	648	6.100375
5506	1073	5.586347
5506	1513	5.520035
5506	2406	5.093083
5506	2470	5.038123
5506	2100	4.935615
5506	2840	4.904150
5506	3157	4.871429
5506	2701	4.861150
5506	367	4.859525
5506	913	4.733969
5507	223	5.602644
5507	2716	5.528712
5507	2599	5.051610
5507	2580	5.020874
5507	2976	4.984295
5507	3175	4.932666
5507	3113	4.880718
5507	2858	4.769929
5507	2722	4.768404
5507	2713	4.726637
5508	913	5.762451
5508	2840	5.518648
5508	2490	5.319586
5508	2805	5.277471
5508	2683	5.176054
5508	2502	5.152056
5508	2369	5.056683
5508	3053	5.055780
5508	3623	4.990700
5508	2581	4.955775
5509	3418	7.178414
5509	457	6.442215
5509	2692	6.137562
5509	1912	6.099151
5509	1610	6.061124
5509	25	6.007270
5509	377	5.925983
5509	1358	5.918380
5509	1120	5.912771
5509	296	5.875051
5510	589	6.241209
5510	1610	5.961418
5510	3418	5.934762
5510	480	5.868013
5510	2628	5.690039
5510	733	5.659877
5510	2571	5.555462
5510	457	5.541782
5510	2640	5.296134
5510	110	5.224910
5511	3435	5.043874
5511	930	4.911631
5511	904	4.843683
5511	903	4.803203
5511	1266	4.746585
5511	1304	4.708647
5511	1206	4.611381
5511	1997	4.608152
5511	919	4.591489
5511	913	4.523344
5512	2394	5.903282
5512	2987	5.563967
5512	2087	5.562520
5512	969	5.178349
5512	260	5.023611
5512	1019	4.921675
5512	2396	4.917774
5512	2968	4.883970
5512	3114	4.790658
5512	2078	4.735790
5513	608	5.847107
5513	1304	5.716283
5513	1240	5.617164
5513	908	5.567809
5513	1214	5.433358
5513	1617	5.425872
5513	1199	5.399696
5513	1953	5.392640
5513	903	5.381569
5513	1234	5.342653
5514	2716	6.187222
5514	2355	5.447545
5514	1307	5.018181
5514	1265	4.948433
5514	3175	4.539801
5514	2396	4.348886
5514	34	4.295571
5514	3543	4.199625
5514	1270	4.071997
5514	2712	4.067704
5515	2005	5.825442
5515	2105	5.671713
5515	2797	5.656110
5515	2406	5.610828
5515	1220	5.597579
5515	1097	5.523586
5515	2872	5.304695
5515	1073	5.301810
5515	2470	5.210094
5515	1291	5.078963
5516	454	6.424916
5516	1883	6.400852
5516	1393	6.364129
5516	588	6.280113
5516	587	5.985040
5516	4	5.617944
5516	282	5.612610
5516	161	5.609099
5516	3173	5.534068
5516	1	5.456603
5517	1230	6.354055
5517	1304	6.167446
5517	1235	5.853439
5517	1276	5.833779
5517	1292	5.804772
5517	750	5.787680
5517	955	5.667476
5517	898	5.622730
5517	1278	5.570925
5517	1080	5.498231
5518	2005	6.110526
5518	1073	5.509576
5518	3489	5.369828
5518	2628	5.354686
5518	1198	5.135830
5518	2028	5.129040
5518	1220	5.116873
5518	1097	5.074725
5518	2797	5.053892
5518	260	4.898790
5519	1974	7.008141
5519	968	6.942520
5519	2366	6.492019
5519	3365	6.317062
5519	969	6.050491
5519	953	6.027068
5519	1321	5.935534
5519	1345	5.927562
5519	1978	5.919045
5519	2288	5.820985
5520	2571	5.210566
5520	3578	5.118630
5520	3623	5.024986
5520	589	4.931963
5520	3510	4.863195
5520	1370	4.760161
5520	3793	4.745357
5520	457	4.631023
5520	2858	4.619246
5520	1580	4.560583
5521	2000	4.879330
5521	608	4.705742
5521	3751	4.687976
5521	2321	4.686714
5521	1500	4.607672
5521	593	4.512166
5521	3578	4.500083
5521	3408	4.433591
5521	1732	4.405921
5521	1968	4.397009
5522	3198	6.676729
5522	3869	6.420536
5522	3362	6.385769
5522	1080	6.369531
5522	1084	5.660197
5522	1212	5.605301
5522	2657	5.504968
5522	3424	5.446665
5522	3735	5.393165
5522	905	5.389225
5523	3528	4.237922
5523	3114	4.162460
5523	2987	4.146837
5523	590	4.128267
5523	1721	4.085486
5523	2762	4.082026
5523	2424	4.031148
5523	1183	3.951321
5523	2875	3.935046
5523	3155	3.737278
5524	708	6.700888
5524	1569	6.403597
5524	1777	6.159657
5524	1409	6.135231
5524	597	5.879292
5524	1380	5.851077
5524	2746	5.827851
5524	7	5.722475
5524	1441	5.688635
5524	3450	5.684465
5526	2194	5.714383
5526	150	5.697005
5526	1673	5.501925
5526	110	5.475300
5526	1374	5.453901
5526	457	5.405874
5526	1269	5.392208
5526	3418	5.356160
5526	1784	5.337094
5526	21	5.320343
5528	912	6.226693
5528	1276	5.864617
5528	1230	5.767739
5528	260	5.614494
5528	1387	5.384419
5528	1207	5.374517
5528	3471	5.346652
5528	919	5.324266
5528	1136	5.275712
5528	3671	5.257716
5530	969	5.089367
5530	1073	5.065052
5530	1225	5.040214
5530	260	4.871855
5530	919	4.868890
5530	2366	4.867181
5530	1644	4.853511
5530	3606	4.821174
5530	1206	4.672823
5530	1997	4.668345
5531	1917	7.295703
5531	316	7.110607
5531	1527	6.784761
5531	1391	6.764938
5531	3107	6.620792
5531	1544	6.567786
5531	786	6.523451
5531	1372	6.503888
5531	780	6.321884
5531	3697	6.253756
5532	2424	6.060978
5532	1777	5.513229
5532	380	5.293056
5532	708	5.280240
5532	368	4.977747
5532	7	4.969985
5532	597	4.870134
5532	2469	4.859534
5532	2369	4.697537
5532	1409	4.556199
5534	2394	5.829254
5534	2702	5.434558
5534	1287	5.405545
5534	1073	5.305732
5534	2987	5.084260
5534	2013	5.050815
5534	2762	5.027506
5534	2841	4.976542
5534	2502	4.950695
5534	733	4.939963
5535	1240	5.640828
5535	1214	5.631552
5535	1617	5.113172
5535	1200	5.110826
5535	1206	5.082174
5535	608	5.007780
5535	924	4.988472
5535	904	4.967006
5535	1304	4.938641
5535	1997	4.911060
5536	2746	5.128800
5536	2716	4.816022
5536	1387	4.580331
5536	3016	4.463752
5536	1307	4.411833
5536	2407	4.318740
5536	2100	4.302709
5536	2918	4.295974
5536	2858	4.279358
5536	1219	4.266295
5537	919	6.376359
5537	1947	6.069212
5537	1088	5.889769
5537	969	5.883402
5537	930	5.774809
5537	1230	5.708386
5537	2018	5.654075
5537	1380	5.604752
5537	2565	5.511419
5537	1073	5.503370
5538	750	6.722418
5538	1230	6.676001
5538	912	6.527767
5538	920	6.418664
5538	1276	6.189395
5538	919	6.155202
5538	899	6.088991
5538	1231	6.018430
5538	3363	5.974759
5538	260	5.931734
5539	1682	5.341536
5539	235	5.317286
5539	2146	5.264332
5539	3148	5.236051
5539	1732	5.229843
5539	1	5.194337
5539	3114	5.003723
5539	1148	4.958745
5539	3827	4.912982
5539	2997	4.798776
5540	919	6.367019
5540	260	6.196876
5540	1294	6.167303
5540	899	5.987861
5540	1259	5.978096
5540	920	5.880584
5540	1204	5.864097
5540	1304	5.857995
5540	1022	5.765278
5540	1282	5.719763
5542	3435	7.891471
5542	1952	7.011339
5542	903	6.999978
5542	904	6.971627
5542	1201	6.880964
5542	919	6.861036
5542	1947	6.834577
5542	1304	6.814423
5542	1953	6.618475
5542	899	6.612334
5543	2716	4.569526
5543	1387	4.305015
5543	2023	4.074811
5543	2858	4.058525
5543	3175	4.039005
5543	2746	3.968919
5543	3016	3.957521
5543	1127	3.908275
5543	3623	3.837502
5543	260	3.819620
5544	1513	5.831496
5544	2723	5.715089
5544	2805	5.672401
5544	2013	5.535921
5544	2581	5.490956
5544	2840	5.352732
5544	2683	5.346954
5544	2336	5.311687
5544	2394	5.282995
5544	2724	5.224863
5545	454	5.264973
5545	253	5.024563
5545	3744	4.984051
5545	3638	4.905829
5545	1391	4.904087
5545	1645	4.873245
5545	3897	4.601454
5545	736	4.598073
5545	3408	4.541571
5545	1092	4.472019
5546	2716	5.867247
5546	2746	5.420523
5546	1962	5.378718
5546	1974	5.258863
5546	1387	5.201690
5546	3685	5.100706
5546	3671	5.053920
5546	1347	5.027172
5546	1276	4.966140
5546	1982	4.937252
5547	1777	6.331631
5547	1747	6.122815
5547	1265	6.089988
5547	597	5.973198
5547	1517	5.964860
5547	539	5.732448
5547	2108	5.613462
5547	440	5.524837
5547	357	5.512708
5547	500	5.466706
5548	587	7.664566
5548	1092	6.559447
5548	1888	6.497454
5548	539	6.476369
5548	1721	6.416323
5548	802	6.314283
5548	7	6.247923
5548	337	6.201202
5548	2424	6.129181
5548	3528	6.071152
5549	913	5.004757
5549	2716	4.944917
5549	1387	4.580366
5549	1201	4.471537
5549	968	4.425954
5549	3508	4.397855
5549	3016	4.279982
5549	3175	4.095058
5549	1333	3.982651
5549	3671	3.974240
5550	1690	8.217246
5550	1527	8.210506
5550	1876	8.126928
5550	1917	8.038655
5550	1320	7.835680
5550	329	7.778744
5550	2393	7.748145
5550	1573	7.480086
5550	316	7.440195
5550	1616	7.382299
5551	2167	6.713958
5551	3638	6.558021
5551	3704	6.271863
5551	1997	6.184934
5551	2668	6.165932
5551	1690	6.158231
5551	2533	6.121436
5551	366	6.002812
5551	1407	5.996775
5551	2986	5.979418
5552	380	6.498840
5552	2100	6.438254
5552	1101	6.341960
5552	2746	6.087347
5552	3623	6.014179
5552	2470	5.835061
5552	2406	5.831345
5552	1088	5.500015
5552	368	5.453600
5552	1378	5.398592
5553	2105	6.003994
5553	2797	5.889524
5553	2470	5.784886
5553	2011	5.754337
5553	1663	5.587688
5553	19	5.462108
5553	3397	5.275319
5553	2174	5.235001
5553	3552	5.151837
5553	2872	5.137816
5554	2716	5.268241
5554	968	4.885277
5554	2710	4.608367
5554	2455	4.532651
5554	3638	4.353471
5554	2533	4.308486
5554	1407	4.301609
5554	2288	4.298148
5554	3763	4.276947
5554	1388	4.263490
5555	1380	6.187017
5555	1347	5.818727
5555	2513	5.712412
5555	1983	5.426206
5555	2746	5.385805
5555	1073	5.297764
5555	3264	5.287633
5555	3708	5.171443
5555	673	5.158329
5555	1225	5.108730
5556	7	5.604147
5556	1888	5.224776
5556	1894	5.214214
5556	3155	5.201832
5556	468	4.946925
5556	339	4.927932
5556	587	4.888598
5556	380	4.837841
5556	2316	4.725963
5556	2141	4.720847
5557	1249	6.119554
5557	608	5.932615
5557	1240	5.441124
5557	296	5.405781
5557	2571	5.392171
5557	1259	5.360543
5557	1196	5.314951
5557	1089	5.309339
5557	2804	5.293887
5557	1	5.236782
5558	2394	7.947850
5558	2688	7.164265
5558	2841	7.070002
5558	2605	7.060046
5558	2840	6.747788
5558	2490	6.720604
5558	1597	6.654894
5558	552	6.633283
5558	208	6.625109
5558	2881	6.571651
5559	588	5.677161
5559	2329	5.515300
5559	3252	5.438722
5559	364	5.311564
5559	1393	5.303442
5559	1608	5.187056
5559	356	5.106601
5559	2291	5.089600
5559	1094	5.079855
5559	1784	5.073338
5560	2716	4.595189
5560	2797	4.588674
5560	17	4.277993
5560	2243	4.267608
5560	3072	4.205367
5560	34	4.111219
5560	588	4.086511
5560	2355	3.996286
5560	356	3.967272
5560	2174	3.931537
5561	1722	6.302783
5561	1608	6.138210
5561	1597	6.038670
5561	380	5.979768
5561	736	5.945873
5561	1909	5.812225
5561	1183	5.649526
5561	2699	5.517096
5561	1573	5.496208
5561	377	5.417542
5562	1265	6.525189
5562	1307	5.890205
5562	1747	5.818348
5562	497	5.616774
5562	17	5.575932
5562	1517	5.550765
5562	104	5.438472
5562	356	5.373597
5562	2355	5.190871
5562	1569	5.177324
5563	2321	5.583658
5563	39	5.507949
5563	1923	5.489799
5563	2355	5.446000
5563	2395	5.428465
5563	2706	5.332315
5563	3253	5.297672
5563	1357	5.186410
5563	223	5.170820
5563	104	4.988543
5564	1407	6.510279
5564	2023	5.847825
5564	380	5.505085
5564	2688	5.441531
5564	2353	5.318729
5564	2881	5.185626
5564	1266	5.115320
5564	10	5.089414
5564	3016	5.080659
5564	353	4.997941
5565	3253	7.378822
5565	2395	7.360388
5565	231	7.180141
5565	1923	7.101767
5565	104	6.889374
5565	1784	6.760867
5565	1265	6.714125
5565	1517	6.624897
5565	1500	6.490003
5565	1777	6.440447
5566	589	5.780537
5566	2571	5.448851
5566	1240	5.411806
5566	2916	5.158244
5566	480	5.060105
5566	2985	5.054886
5566	1584	5.019179
5566	1200	5.003212
5566	32	4.951582
5566	3527	4.875714
5567	383	5.691007
5567	913	5.686217
5567	1206	5.351119
5567	380	5.205850
5567	368	5.161321
5567	2922	5.150444
5567	3617	4.969433
5567	2762	4.914164
5567	3354	4.858650
5567	587	4.802776
5568	2871	4.429570
5568	260	4.335811
5568	3753	4.335081
5568	1644	4.231401
5568	1206	4.227063
5568	1073	4.199849
5568	3273	4.181053
5568	1198	4.158107
5568	3793	4.150546
5568	2571	4.089185
5569	141	5.772901
5569	736	5.670730
5569	104	5.657158
5569	597	5.657053
5569	2671	5.627080
5569	2706	5.615638
5569	2108	5.493357
5569	1784	5.492033
5569	500	5.483028
5569	2683	5.478621
5570	913	5.415272
5570	1206	5.243315
5570	1212	4.979084
5570	260	4.958359
5570	1230	4.881317
5570	3671	4.807979
5570	1201	4.784742
5570	3435	4.728318
5570	903	4.653114
5570	1136	4.622291
5571	1269	7.174039
5571	750	7.016614
5571	3471	6.788988
5571	1214	6.489234
5571	541	6.260561
5571	1206	6.241843
5571	1230	6.070708
5571	1136	6.015673
5571	32	5.999215
5571	1077	5.969322
5572	750	4.939189
5572	3471	4.776031
5572	2657	4.772240
5572	1214	4.730743
5572	1077	4.721246
5572	3671	4.705209
5572	1304	4.689881
5572	1206	4.653447
5572	1387	4.626139
5572	2716	4.583771
5573	1617	4.910296
5573	904	4.872174
5573	1304	4.850219
5573	608	4.793072
5573	1206	4.792835
5573	1230	4.787262
5573	260	4.679604
5573	924	4.664173
5573	919	4.623744
5573	3435	4.602328
5574	364	5.320046
5574	1240	5.238575
5574	1022	5.167111
5574	1282	5.138989
5574	32	5.121245
5574	260	5.099137
5574	527	5.048852
5574	2571	5.040472
5574	457	5.038975
5574	595	5.032652
5575	2716	6.833798
5575	1307	5.967599
5575	2053	5.693885
5575	1562	5.660746
5575	2253	5.625070
5575	2392	5.094601
5575	2428	5.071257
5575	3113	5.065491
5575	3005	5.033415
5575	2100	5.005476
5576	3253	5.163437
5576	2671	5.091570
5576	2390	5.087416
5576	1682	5.048110
5576	2539	4.968045
5576	1784	4.842735
5576	539	4.800835
5576	1777	4.791914
5576	2396	4.728981
5576	2395	4.714538
5578	2336	5.642855
5578	2013	5.458152
5578	2490	5.324946
5578	2394	5.294531
5578	1513	5.280926
5578	3175	5.240177
5578	2395	5.232526
5578	2396	5.214022
5578	3157	5.121386
5578	2762	5.061056
5580	3148	4.867413
5580	1682	4.855832
5580	2146	4.737043
5580	3114	4.632253
5580	1732	4.592117
5580	372	4.580479
5580	3827	4.552599
5580	1	4.496358
5580	235	4.365793
5580	3176	4.258646
5581	589	6.396630
5581	2194	5.797320
5581	110	5.577142
5581	1580	5.371766
5581	608	5.341129
5581	2858	5.242378
5581	1673	5.190592
5581	480	5.170656
5581	296	5.132907
5581	2028	5.130619
5582	1947	6.912714
5582	913	6.898613
5582	912	6.673100
5582	750	6.437448
5582	1263	6.382356
5582	898	6.306719
5582	1292	6.304009
5582	2716	6.257379
5582	1272	6.194528
5582	3471	6.141765
5583	2881	6.305003
5583	3219	6.263359
5583	2580	6.121538
5583	3053	6.071342
5583	2598	6.051700
5583	2336	6.005520
5583	2581	5.918088
5583	2712	5.911657
5583	1513	5.883458
5583	2013	5.870785
5584	1350	6.684584
5584	1345	6.660360
5584	1982	6.472980
5584	1970	6.050328
5584	1333	6.043160
5584	3365	6.037163
5584	3639	6.031028
5584	1997	5.989609
5584	1974	5.979398
5584	2648	5.938715
5585	2657	4.738920
5585	1333	4.585529
5585	1994	4.575555
5585	1219	4.564158
5585	1997	4.561133
5585	1982	4.461356
5585	3499	4.365019
5585	1345	4.331281
5585	1350	4.286208
5585	2288	4.274573
5587	3176	5.598262
5587	480	5.543870
5587	2706	5.226836
5587	3160	5.124643
5587	1580	5.019350
5587	32	4.963514
5587	2395	4.889617
5587	1682	4.851676
5587	1358	4.845953
5587	34	4.832463
5588	1198	5.623223
5588	260	5.539941
5588	2797	5.314862
5588	912	5.231082
5588	1259	5.027854
5588	1225	5.006020
5588	1097	4.977158
5588	1197	4.924519
5588	858	4.888879
5588	1299	4.883139
5589	608	6.217146
5589	1	6.055469
5589	32	6.023696
5589	1584	5.823378
5589	39	5.760201
5589	2571	5.687983
5589	2427	5.649421
5589	6	5.596349
5589	1834	5.586941
5589	293	5.549991
5590	1265	6.955978
5590	1394	6.937952
5590	3526	6.921424
5590	1307	6.842630
5590	2918	6.701008
5590	1079	6.260244
5590	1259	6.187849
5590	3424	6.027911
5590	3210	6.024649
5590	2243	6.021293
5591	2858	4.321481
5591	3897	3.975933
5591	1219	3.860637
5591	1387	3.831113
5591	3578	3.816437
5591	858	3.749274
5591	1997	3.651131
5591	608	3.620338
5591	50	3.611088
5591	2657	3.565455
5592	1221	6.640791
5592	1198	6.402774
5592	1387	6.201967
5592	260	6.075104
5592	858	6.021579
5592	1200	5.879656
5592	1240	5.873319
5592	1222	5.867094
5592	1210	5.847021
5592	3471	5.831206
5593	457	5.284229
5593	1610	5.262448
5593	2353	5.139057
5593	3418	5.117528
5593	589	5.079449
5593	1608	4.989959
5593	474	4.939920
5593	1722	4.767389
5593	2858	4.762444
5593	2763	4.762360
5594	1265	5.805561
5594	3751	5.771550
5594	3897	5.312616
5594	1148	5.197499
5594	3783	5.105400
5594	1223	5.076970
5594	3424	5.043275
5594	2146	4.906174
5594	608	4.878142
5594	3317	4.850272
5595	1513	6.167700
5595	2716	5.815616
5595	2336	5.659073
5595	2598	5.653308
5595	3157	5.597905
5595	2723	5.547219
5595	3175	5.169955
5595	317	5.139407
5595	2688	5.039411
5595	2369	5.008557
5596	589	5.880787
5596	1527	5.360053
5596	2628	5.241912
5596	2640	5.082056
5596	2858	4.942354
5596	2571	4.789730
5596	1356	4.743478
5596	1240	4.713410
5596	480	4.691887
5596	780	4.657277
5597	1307	5.108988
5597	1265	4.892132
5597	594	4.878390
5597	1230	4.645855
5597	919	4.605630
5597	1304	4.538277
5597	1	4.494800
5597	1235	4.423661
5597	899	4.399533
5597	1028	4.323152
5598	2628	4.604765
5598	3861	4.425068
5598	3753	4.169251
5598	2054	4.150902
5598	3173	4.135109
5598	2105	3.981434
5598	3755	3.971582
5598	3510	3.947260
5598	3555	3.906495
5598	1544	3.888875
5599	1527	7.365650
5599	1573	7.324236
5599	1917	6.839259
5599	1552	6.814576
5599	1876	6.740138
5599	316	6.654917
5599	353	6.551008
5599	1391	6.474747
5599	786	6.420786
5599	288	6.392031
5600	3752	6.011773
5600	3174	5.977079
5600	2959	5.740935
5600	2194	5.593311
5600	2000	5.564225
5600	3809	5.479408
5600	785	5.476404
5600	180	5.421675
5600	1513	5.305396
5600	1777	5.208356
5601	1580	5.899481
5601	589	5.736644
5601	480	5.434171
5601	2628	5.372565
5601	2571	5.331769
5601	457	5.300130
5601	1527	5.294055
5601	733	5.196810
5601	1610	5.155568
5601	1356	5.084516
5602	595	5.126948
5602	2087	4.928544
5602	34	4.817238
5602	2078	4.781230
5602	2081	4.741758
5602	1022	4.736868
5602	1282	4.666595
5602	1073	4.578773
5602	2987	4.504211
5602	260	4.401666
5603	1028	5.031976
5603	3751	4.905945
5603	3654	4.891611
5603	919	4.877869
5603	2081	4.850693
5603	608	4.844908
5603	1265	4.830579
5603	260	4.819184
5603	1198	4.769997
5603	34	4.757194
5604	1339	4.633221
5604	1265	4.632634
5604	968	4.534006
5604	2369	4.500844
5604	3253	4.454168
5604	3175	4.406455
5604	3160	4.367064
5604	3100	4.355679
5604	3499	4.327602
5604	1777	4.314828
5605	1374	5.719621
5605	34	5.507934
5605	32	5.149637
5605	2571	5.063612
5605	1097	4.988691
5605	150	4.978627
5605	110	4.957015
5605	2791	4.929101
5605	2000	4.803342
5605	1673	4.783127
5607	3253	6.989940
5607	1777	6.981872
5607	1923	6.569252
5607	597	6.397867
5607	2683	6.333774
5607	539	6.316288
5607	2671	6.289672
5607	2108	6.241805
5607	3174	6.112035
5607	2572	5.964714
5609	1304	7.124353
5609	1276	6.644214
5609	3435	6.586299
5609	1219	6.507493
5609	1267	6.418704
5609	1234	6.275136
5609	2300	6.271901
5609	1230	6.208833
5609	260	6.198256
5609	1997	5.999535
5610	3418	5.388029
5610	3176	5.135077
5610	2571	5.003574
5610	1704	4.945325
5610	16	4.901581
5610	1179	4.885712
5610	2391	4.872094
5610	1393	4.841770
5610	3105	4.757284
5610	1617	4.725530
5611	2640	5.637798
5611	2916	5.366440
5611	1580	5.164709
5611	1584	5.109819
5611	2628	5.032260
5611	480	4.899945
5611	589	4.841871
5611	1527	4.823370
5611	349	4.796805
5611	457	4.766897
5612	3175	5.802324
5612	2336	5.709336
5612	2683	5.599622
5612	2013	5.597887
5612	2396	5.439686
5612	2490	5.368968
5612	3174	5.333855
5612	968	5.304625
5612	2723	5.271401
5612	2580	5.185602
5613	1265	5.917264
5613	2100	4.946032
5613	3552	4.927842
5613	1517	4.887269
5613	2000	4.876063
5613	246	4.784052
5613	104	4.751993
5613	2746	4.723021
5613	1777	4.681922
5613	1307	4.672407
5614	2605	6.556229
5614	2394	6.018908
5614	674	6.000830
5614	2153	5.961757
5614	2054	5.920798
5614	1562	5.737982
5614	2881	5.668159
5614	1499	5.663236
5614	1556	5.491606
5614	2393	5.482023
5615	2194	5.664415
5615	2406	5.621738
5615	1220	5.500689
5615	2872	5.483041
5615	1198	5.450675
5615	1387	5.415492
5615	913	5.259783
5615	1201	5.162499
5615	260	5.091170
5615	858	4.984732
5616	912	5.652089
5616	1210	5.649947
5616	2858	5.356466
5616	2028	5.347183
5616	1242	5.273524
5616	593	5.250650
5616	1222	5.215553
5616	1097	5.179560
5616	1198	5.143018
5616	608	5.139666
5617	1527	6.355130
5617	589	6.278501
5617	2916	6.104877
5617	480	5.691490
5617	1653	5.618723
5617	1374	5.601172
5617	2571	5.573443
5617	3527	5.490104
5617	1909	5.462039
5617	1240	5.386035
5618	1527	5.907181
5618	349	5.852612
5618	1356	5.626533
5618	380	5.563621
5618	2628	5.514992
5618	648	5.303025
5618	1597	5.261436
5618	316	5.241829
5618	2706	5.241547
5618	2916	5.181503
5619	1307	5.117709
5619	1265	5.041439
5619	356	4.773518
5619	2100	4.535736
5619	367	4.436324
5619	2243	4.435052
5619	1094	4.419197
5619	17	4.346529
5619	1947	4.303672
5619	2762	4.148477
5620	1573	5.626013
5620	1876	5.515455
5620	1527	5.511650
5620	2628	5.384936
5620	1580	5.312968
5620	1917	5.301209
5620	780	5.261909
5620	648	5.197237
5620	1391	5.137049
5620	1544	5.028239
5621	34	5.496778
5621	588	5.336042
5621	1	5.333169
5621	2355	5.230774
5621	2321	5.063339
5621	1097	4.850424
5621	1265	4.781673
5621	608	4.736734
5621	1259	4.655588
5621	3114	4.628575
5622	1265	7.340885
5622	1307	6.782283
5622	3552	5.973488
5622	2797	5.814133
5622	246	5.701929
5622	2918	5.655404
5622	3526	5.650414
5622	1961	5.609159
5622	17	5.567102
5622	1517	5.458720
5623	2706	6.428667
5623	1784	6.097294
5623	1580	6.074517
5623	2395	6.011609
5623	1682	5.882976
5623	32	5.875822
5623	150	5.796152
5623	3160	5.781052
5623	223	5.482539
5623	2396	5.458169
5624	912	5.975285
5624	1307	5.460715
5624	1947	5.336450
5624	260	5.335388
5624	2987	5.188816
5624	919	4.946878
5624	920	4.904382
5624	913	4.804212
5624	1204	4.783644
5624	2762	4.673397
5625	1265	5.485650
5625	2791	4.804445
5625	1961	4.757367
5625	1307	4.635573
5625	2174	4.555623
5625	3424	4.503604
5625	551	4.411029
5625	2966	4.380155
5625	2858	4.298292
5625	3450	4.220162
5626	920	7.596725
5626	2406	6.836575
5626	3418	6.674443
5626	1608	6.574408
5626	2336	6.439214
5626	707	6.286405
5626	377	6.261495
5626	589	6.171125
5626	1210	6.067396
5626	527	5.991702
5627	913	6.762705
5627	1206	6.429105
5627	2987	5.811601
5627	260	5.687487
5627	3471	5.656907
5627	2713	5.626835
5627	912	5.256000
5627	1303	5.241717
5627	1304	5.186267
5627	3095	5.178697
5629	913	6.021413
5629	1201	5.188367
5629	1214	5.031476
5629	3471	5.021015
5629	912	4.850179
5629	260	4.809013
5629	1207	4.786309
5629	1387	4.775714
5629	953	4.737952
5629	904	4.736655
5630	608	5.822778
5630	750	5.704923
5630	920	5.615446
5630	1617	5.571690
5630	2918	5.464677
5630	912	5.383410
5630	858	5.361215
5630	1304	5.314514
5630	1259	5.313326
5630	1230	5.297677
5631	1222	5.919861
5631	913	5.861913
5631	1201	5.812001
5631	1179	5.718231
5631	1617	5.554564
5631	2194	5.514483
5631	1210	5.274029
5631	2858	5.263332
5631	3654	5.084865
5631	2762	5.082159
5632	1917	6.934168
5632	1573	6.724471
5632	1608	6.665537
5632	1101	6.652741
5632	380	6.609414
5632	1552	6.592171
5632	10	6.538007
5632	292	6.479786
5632	3107	6.370185
5632	165	6.358975
5633	589	5.667864
5633	1240	5.592660
5633	2028	5.236540
5633	527	5.225423
5633	1214	5.193893
5633	296	5.179905
5633	1210	5.140105
5633	1196	5.125282
5633	260	5.121695
5633	1200	5.055781
5634	2762	4.870450
5634	3176	4.635487
5634	2858	4.585635
5634	2028	4.583918
5634	1610	4.499395
5634	457	4.496434
5634	2706	4.455300
5634	2571	4.451237
5634	1580	4.423665
5634	2763	4.417583
5636	3263	5.199303
5636	2431	4.884385
5636	3948	4.859304
5636	1500	4.800801
5636	1961	4.781083
5636	1265	4.623116
5636	500	4.456776
5636	1732	4.440820
5636	2000	4.422999
5636	788	4.375727
5637	2706	5.933446
5637	3176	5.801036
5637	1580	5.590681
5637	480	5.246598
5637	1732	5.161453
5637	32	5.087498
5637	39	5.022626
5637	1393	5.018532
5637	150	4.999357
5637	1271	4.992827
5638	595	7.128822
5638	364	6.581332
5638	2087	6.457639
5638	588	6.145951
5638	1029	5.996101
5638	2294	5.925351
5638	1019	5.797891
5638	3861	5.766247
5638	594	5.696899
5638	2080	5.557109
5639	2571	4.919257
5639	2028	4.629253
5639	480	4.622158
5639	32	4.593130
5639	1196	4.585221
5639	2858	4.545882
5639	527	4.422912
5639	150	4.407575
5639	589	4.403967
5639	1374	4.308808
5640	2502	4.422699
5640	2396	4.140911
5640	1959	4.131154
5640	1073	4.066823
5640	2692	4.004292
5640	2395	4.003381
5640	2706	3.998127
5640	3176	3.980117
5640	150	3.964302
5640	3623	3.909782
5641	1777	6.635013
5641	852	6.319594
5641	2424	6.218043
5641	231	6.213200
5641	539	6.132959
5641	1569	6.121681
5641	500	6.118169
5641	2671	5.942277
5641	587	5.934728
5641	1513	5.835390
5642	595	7.297983
5642	2081	7.261450
5642	2087	7.032186
5642	364	6.829278
5642	1907	6.772872
5642	2687	6.611520
5642	3034	6.531495
5642	2018	6.081354
5642	2394	6.037959
5642	1183	5.937754
5643	919	5.510481
5643	2987	5.411143
5643	260	5.333229
5643	2100	5.306875
5643	2081	5.304011
5643	1204	5.294875
5643	596	5.230769
5643	2087	5.208976
5643	2470	4.995539
5643	2078	4.915958
5644	736	6.036708
5644	2699	5.595561
5644	1597	5.401889
5644	2881	5.261903
5644	3623	5.025556
5644	1876	5.022809
5644	3082	4.995450
5644	1722	4.965104
5644	454	4.933068
5644	3408	4.892765
5645	377	5.641331
5645	3408	5.414283
5645	3255	5.223182
5645	3175	5.171178
5645	1747	5.116039
5645	3105	5.089992
5645	2433	5.087626
5645	2706	5.061747
5645	3174	5.021642
5645	380	4.990235
5646	1198	5.797555
5646	912	5.740491
5646	2028	5.400573
5646	1210	5.372215
5646	1196	5.355002
5646	913	5.342272
5646	2987	5.336841
5646	527	5.314063
5646	1097	5.110540
5646	919	4.983513
5647	2858	4.602435
5647	2716	4.322149
5647	3175	4.253168
5647	2762	3.812799
5647	1580	3.724075
5647	2997	3.627763
5647	2710	3.618137
5647	2699	3.602692
5647	589	3.587479
5647	2396	3.558518
5648	2369	4.441676
5648	3081	4.148577
5648	3499	4.087068
5648	3753	4.030895
5648	2858	3.900356
5648	3639	3.891789
5648	1407	3.857179
5648	1918	3.851105
5648	2683	3.832275
5648	3752	3.826015
5649	736	6.830189
5649	1391	6.181849
5649	380	6.082366
5649	2699	5.971480
5649	1377	5.688028
5649	2723	5.379411
5649	3082	5.378042
5649	1597	5.367290
5649	434	5.342208
5649	1918	5.282321
5650	1974	6.702670
5650	1321	6.505178
5650	2455	5.850713
5650	2716	5.834323
5650	1019	5.742351
5650	1031	5.683676
5650	2366	5.645237
5650	3363	5.517793
5650	2367	5.438467
5650	1097	5.340816
5651	2355	5.385439
5651	2396	5.373465
5651	3114	5.106906
5651	595	5.101136
5651	1408	4.963915
5651	2394	4.915032
5651	34	4.738270
5651	1907	4.715904
5651	2761	4.653241
5651	3175	4.618261
5652	24	7.325554
5652	2706	6.763825
5652	2734	6.658662
5652	2683	6.647162
5652	2605	6.590569
5652	552	6.462878
5652	2906	6.434301
5652	3160	6.386459
5652	2490	6.377447
5652	2690	6.304866
5653	3948	4.420641
5653	3863	4.354953
5653	1197	4.330985
5653	2804	4.263300
5653	3751	4.253007
5653	1092	4.203824
5653	260	4.179723
5653	3949	4.168622
5653	1148	4.162046
5653	253	4.132729
5654	454	4.545466
5654	587	4.456483
5654	593	4.391498
5654	608	4.355331
5654	3948	4.298208
5654	3751	4.252292
5654	1265	4.193211
5654	3578	4.159885
5654	1393	4.049286
5654	318	4.046270
5655	2094	7.593207
5655	3257	6.698551
5655	2875	6.570516
5655	1573	6.458641
5655	1544	6.390576
5655	1917	6.378850
5655	1527	6.288933
5655	1909	6.269285
5655	2699	6.175116
5655	1391	6.162292
5657	587	6.408139
5657	2424	5.948690
5657	539	5.812917
5657	852	5.741326
5657	1711	5.615018
5657	736	5.501507
5657	11	5.468046
5657	2447	5.385212
5657	1485	5.278912
5657	2671	5.278100
5658	858	4.765483
5658	1252	4.739889
5658	2406	4.716306
5658	903	4.706922
5658	589	4.680721
5658	920	4.667933
5658	2858	4.564728
5658	2640	4.552645
5658	1214	4.534071
5658	1240	4.526209
5659	736	6.266233
5659	2699	6.207854
5659	2881	6.050773
5659	1527	6.049632
5659	1597	5.895356
5659	1917	5.821798
5659	1909	5.751574
5659	1876	5.670868
5659	2710	5.513059
5659	1573	5.471638
5660	260	4.826127
5660	1073	4.652916
5660	1225	4.441122
5660	1097	4.205743
5660	919	4.205104
5660	2987	4.188330
5660	1198	4.076230
5660	969	3.956950
5660	1282	3.935911
5660	2871	3.886454
5661	1294	5.489584
5661	1230	5.479981
5661	34	5.433298
5661	1	5.370854
5661	1028	5.202718
5661	2018	5.128280
5661	1235	5.077167
5661	3363	5.003571
5661	1304	4.995759
5661	3114	4.979194
5662	2716	5.443007
5662	2355	5.128257
5662	2699	5.058472
5662	2396	4.949426
5662	2599	4.946042
5662	2710	4.862579
5662	2881	4.642203
5662	2541	4.548660
5662	2805	4.495922
5662	2706	4.463540
5663	2791	5.605590
5663	2194	5.510009
5663	1198	5.315763
5663	2000	5.237643
5663	2571	5.221762
5663	1221	5.145980
5663	1196	5.123401
5663	1240	5.122794
5663	1270	5.068441
5663	1090	5.060950
5664	2395	4.818052
5664	1961	4.733779
5664	367	4.590612
5664	3752	4.583241
5664	1222	4.533193
5664	2000	4.424006
5664	2539	4.351443
5664	3146	4.322181
5664	1073	4.318188
5664	150	4.236703
5665	912	5.582325
5665	260	5.516020
5665	913	5.279659
5665	2987	5.250852
5665	1196	5.163537
5665	2762	4.826560
5665	750	4.794407
5665	1221	4.729788
5665	1272	4.647927
5665	2028	4.622750
5666	2000	4.510102
5666	1265	4.359557
5666	3751	4.321907
5666	3408	4.295826
5666	457	4.165059
5666	318	4.151006
5666	3897	4.124632
5666	293	4.092668
5666	1222	4.080788
5666	1500	4.062431
5667	1269	7.073197
5667	32	6.451936
5667	2529	6.331712
5667	1240	6.258457
5667	1213	6.049143
5667	1089	5.963019
5667	2571	5.814534
5667	3702	5.793770
5667	1206	5.783556
5667	1214	5.751779
5668	2087	6.105822
5668	2018	5.918125
5668	1282	5.917569
5668	919	5.855371
5668	595	5.798583
5668	594	5.711461
5668	661	5.584278
5668	899	5.466515
5668	1019	5.376465
5668	969	5.354979
5669	1265	6.897010
5669	34	6.130032
5669	2321	6.005429
5669	1784	5.978580
5669	1641	5.956516
5669	1060	5.880814
5669	3253	5.610646
5669	529	5.540520
5669	588	5.496472
5669	1	5.415277
5670	2976	5.657590
5670	2716	5.401861
5670	2713	5.038990
5670	968	5.019251
5670	2288	4.908790
5670	1238	4.846304
5670	1097	4.761563
5670	1957	4.707051
5670	1225	4.698911
5670	196	4.623890
5671	1265	5.620294
5671	2716	4.912362
5671	3869	4.771837
5671	293	4.611645
5671	2918	4.567319
5671	2858	4.508066
5671	1307	4.438127
5671	2657	4.436615
5671	3685	4.408633
5671	3868	4.393509
5673	1265	6.831275
5673	2716	5.956191
5673	2355	5.696534
5673	34	5.399462
5673	2396	5.338418
5673	497	5.302645
5673	3253	5.162483
5673	357	5.090173
5673	2599	5.087830
5673	356	5.071013
5674	1584	5.752260
5674	32	5.239109
5674	110	5.142071
5674	551	5.063677
5674	2291	4.894530
5674	1265	4.757037
5674	589	4.751911
5674	1673	4.710074
5674	2571	4.704952
5674	608	4.638827
5675	362	6.470177
5675	2394	6.228607
5675	674	6.131522
5675	2355	5.771334
5675	3114	5.764810
5675	1371	5.624025
5675	595	5.551343
5675	1023	5.358585
5675	168	5.328445
5675	1092	5.283189
5676	2369	6.695408
5676	1569	6.371802
5676	2424	6.029304
5676	3247	5.763668
5676	500	5.667471
5676	708	5.569909
5676	367	5.468861
5676	2723	5.409775
5676	380	5.367095
5676	1380	5.312075
5677	3418	4.838034
5677	2406	4.797137
5677	2692	4.762207
5677	457	4.549228
5677	377	4.506395
5677	2194	4.415123
5677	2762	4.309550
5677	2858	4.300525
5677	2291	4.279546
5677	296	4.232049
5678	594	6.164863
5678	1282	5.761072
5678	364	5.512806
5678	608	5.507706
5678	1249	5.486310
5678	1259	5.256757
5678	595	5.215211
5678	1022	5.204977
5678	1233	5.160565
5678	919	5.146362
5679	1573	7.678950
5679	1527	7.468055
5679	292	7.190869
5679	1101	7.076726
5679	1552	7.019293
5679	1370	7.017249
5679	3107	6.975945
5679	2628	6.969409
5679	1917	6.819726
5679	288	6.756940
5680	587	6.975719
5680	1721	6.854242
5680	377	6.312240
5680	1183	6.246881
5680	1408	6.120115
5680	356	6.015338
5680	161	5.946252
5680	337	5.866426
5680	2447	5.844964
5680	45	5.753801
5681	1961	5.413599
5681	1304	4.915007
5681	1276	4.782682
5681	2804	4.769638
5681	1307	4.768212
5681	3751	4.688177
5681	1222	4.656877
5681	1221	4.654950
5681	1265	4.640657
5681	260	4.562427
5682	3744	7.724304
5682	3617	7.663976
5682	3745	6.478760
5682	3793	6.437262
5682	3893	6.402089
5682	3798	6.397609
5682	3911	6.373653
5682	1092	6.292766
5682	3861	6.200606
5682	3618	6.118717
5683	1391	6.658347
5683	1917	6.599955
5683	736	6.565759
5683	2699	6.484802
5683	2094	6.316676
5683	316	5.959401
5683	1676	5.930071
5683	434	5.912371
5683	2012	5.794464
5683	3257	5.787736
5684	597	6.946907
5684	1265	6.943679
5684	1777	6.829685
5684	357	6.789548
5684	539	6.636855
5684	342	6.605878
5684	587	6.445401
5684	440	6.423594
5684	3253	6.323671
5684	497	6.266124
5685	3253	5.892170
5685	2395	5.600238
5685	2683	5.469048
5685	2997	5.331510
5685	3174	5.262902
5685	1265	5.208715
5685	2572	5.202177
5685	2396	5.197537
5685	2369	5.197199
5685	1784	5.121944
5686	1088	8.585758
5686	1347	7.775827
5686	1982	7.027293
5686	3524	6.917829
5686	1994	6.726869
5686	1081	6.566396
5686	3649	6.429202
5686	968	6.278409
5686	1974	6.216062
5686	1380	6.198576
5687	1644	5.866833
5687	1717	5.581263
5687	2628	5.380374
5687	3273	5.357531
5687	1037	5.192160
5687	1499	5.077583
5687	1917	5.046246
5687	1375	5.034831
5687	3861	5.033336
5687	653	5.003049
5688	588	6.924116
5688	34	6.369191
5688	364	5.798618
5688	595	5.738368
5688	1907	5.713382
5688	17	5.681583
5688	2081	5.605718
5688	1094	5.595302
5688	1265	5.580322
5688	2355	5.555177
5689	3535	6.185061
5689	1089	6.009650
5689	2000	5.977593
5689	3624	5.976573
5689	3893	5.872800
5689	1249	5.833248
5689	608	5.766021
5689	1213	5.708516
5689	296	5.526654
5689	3751	5.485210
5691	1265	5.493657
5691	500	5.334363
5691	1569	5.303150
5691	1307	5.227564
5691	2746	5.167802
5691	2108	4.959274
5691	539	4.912977
5691	2424	4.794944
5691	2150	4.779603
5691	104	4.777739
5692	2580	6.859457
5692	2355	6.213876
5692	2433	6.201725
5692	3174	5.977954
5692	2761	5.868976
5692	3219	5.718304
5692	3044	5.669091
5692	1408	5.553554
5692	2712	5.552892
5692	337	5.493333
5693	919	6.853686
5693	2797	6.763184
5693	1259	6.528522
5693	1282	6.388618
5693	3545	6.333094
5693	260	6.323609
5693	912	6.319729
5693	2565	6.256457
5693	1220	6.205842
5693	1204	6.196933
5695	1259	5.646901
5695	260	5.380513
5695	1210	5.326986
5695	750	5.152838
5695	1198	5.130133
5695	1	5.121719
5695	527	5.064377
5695	912	5.063875
5695	2028	5.049578
5695	34	5.028468
5698	3032	7.968303
5698	1974	7.881693
5698	1334	7.614426
5698	1321	7.469604
5698	1388	7.358189
5698	1333	7.308562
5698	1956	7.151361
5698	2311	7.052869
5698	2367	6.864865
5698	3701	6.803538
5699	1240	5.546130
5699	1610	5.540929
5699	2571	5.350796
5699	1617	5.301328
5699	164	5.270714
5699	1206	5.247919
5699	3793	5.187654
5699	1214	5.063354
5699	50	5.056018
5699	318	5.046340
5700	150	5.472304
5700	32	5.353527
5700	1060	5.276696
5700	2706	5.260614
5700	3114	5.193719
5700	3176	5.030889
5700	1784	4.928491
5700	2395	4.911600
5700	480	4.880436
5700	1357	4.872638
5701	2683	4.752258
5701	3175	4.580311
5701	968	4.456814
5701	2959	4.449720
5701	3623	4.424063
5701	3081	4.371544
5701	3174	4.336362
5701	2369	4.315344
5701	3752	4.240460
5701	3717	4.220909
5702	356	4.826956
5702	2396	4.779884
5702	2858	4.521105
5702	527	4.509678
5702	377	4.333762
5702	1408	4.308593
5702	3175	4.299449
5702	2028	4.246626
5702	1721	4.230296
5702	32	4.222328
5703	1201	6.676063
5703	1214	6.538347
5703	903	6.342628
5703	1954	6.065741
5703	913	5.947802
5703	1206	5.770099
5703	2194	5.649485
5703	904	5.646644
5703	1266	5.631938
5703	1240	5.615450
5704	1307	6.361692
5704	1265	5.778821
5704	1294	5.633304
5704	1235	5.389274
5704	1188	5.236808
5704	3671	5.081354
5704	1	4.970427
5704	1944	4.935443
5704	2396	4.925533
5704	745	4.918351
5705	2087	6.365612
5705	1947	6.216018
5705	2081	5.916646
5705	2078	5.581661
5705	2987	5.539989
5705	1294	5.527033
5705	2067	5.515764
5705	1073	5.412471
5705	595	5.363443
5705	919	5.306430
5706	2699	5.655599
5706	1580	5.458339
5706	1391	5.438908
5706	2706	5.375791
5706	153	5.358262
5706	2321	5.338031
5706	1500	5.166059
5706	1676	5.136208
5706	293	5.048813
5706	2355	5.032414
5707	337	6.248791
5707	3176	5.881795
5707	377	5.774713
5707	3105	5.609174
5707	3386	5.555197
5707	1721	5.547874
5707	16	5.542067
5707	1393	5.523511
5707	588	5.401897
5707	62	5.269272
5708	1831	6.956349
5708	196	6.779848
5708	1690	6.591840
5708	185	6.459712
5708	1876	6.449586
5708	1676	6.432812
5708	1544	6.386861
5708	3697	6.152054
5708	3638	6.141774
5708	2094	6.141172
5709	2640	5.439191
5709	2916	5.359600
5709	1527	5.333871
5709	2288	5.078258
5709	1240	5.062410
5709	1584	5.055524
5709	1214	4.873521
5709	2529	4.789497
5709	750	4.780307
5709	2985	4.776830
5710	733	7.379182
5710	16	7.191807
5710	3256	7.018104
5710	457	6.908192
5710	1608	6.759039
5710	1610	6.685187
5710	3418	6.616653
5710	1370	6.603716
5710	3176	6.530754
5710	2353	6.488421
5711	1722	6.907949
5711	1573	6.838734
5711	1608	6.575248
5711	1370	6.513319
5711	3623	6.371967
5711	2490	6.317370
5711	1580	6.302143
5711	1597	6.282824
5711	1527	6.282155
5711	1805	6.264817
5712	2916	6.124653
5712	1287	5.998641
5712	2628	5.922700
5712	3160	5.833788
5712	1097	5.721219
5712	1376	5.547582
5712	589	5.499177
5712	2571	5.450824
5712	1036	5.359106
5712	2455	5.324417
5713	2355	5.579462
5713	1923	5.477875
5713	1517	5.410927
5713	3052	5.203235
5713	1500	5.185922
5713	223	5.147640
5713	1747	5.135202
5713	3253	5.120652
5713	1784	5.106663
5713	2716	5.032409
5714	2605	6.316071
5714	2881	6.020490
5714	2716	5.905402
5714	2253	5.521325
5714	1562	5.461798
5714	2053	5.289589
5714	153	5.288464
5714	2100	5.283032
5714	3623	5.225399
5714	2355	5.192824
5715	260	4.932624
5715	2028	4.824256
5715	527	4.823000
5715	593	4.734246
5715	1196	4.712411
5715	608	4.650081
5715	318	4.587921
5715	1198	4.493851
5715	2762	4.490737
5715	1249	4.449580
5716	1238	4.866936
5716	196	4.850618
5716	745	4.811245
5716	3362	4.801293
5716	1148	4.752188
5716	1199	4.737768
5716	1136	4.704422
5716	172	4.575135
5716	185	4.484546
5716	1304	4.411091
5717	3552	5.563028
5717	3448	5.313279
5717	1265	5.301708
5717	2371	5.300937
5717	1307	5.219090
5717	104	5.072614
5717	1517	5.045568
5717	500	5.017107
5717	2478	4.830534
5717	3317	4.828324
5718	1682	6.396370
5718	150	6.203499
5718	32	6.034014
5718	1721	5.744740
5718	3148	5.715430
5718	377	5.606722
5718	2396	5.596696
5718	62	5.458457
5718	2706	5.429496
5718	1393	5.428395
5720	1777	6.636823
5720	1265	6.309324
5720	2100	6.209630
5720	104	6.061275
5720	2150	6.034598
5720	500	5.948828
5720	1747	5.844274
5720	539	5.711808
5720	1517	5.572691
5720	231	5.565206
5721	1230	5.676630
5721	1136	5.628513
5721	1199	5.382585
5721	1234	5.321194
5721	1276	5.290496
5721	955	5.275335
5721	2657	5.255181
5721	1394	5.230795
5721	1235	5.215502
5721	3362	5.139207
5722	1035	5.176445
5722	1225	5.131462
5722	1208	4.927464
5722	1136	4.892540
5722	1269	4.826697
5722	34	4.805326
5722	1234	4.777999
5722	919	4.763888
5722	3359	4.740465
5722	1073	4.622158
5723	661	5.163984
5723	1035	5.058904
5723	364	4.948673
5723	1097	4.570991
5723	551	4.524632
5723	3070	4.485240
5723	2455	4.399066
5723	2174	4.389507
5723	36	4.368420
5723	2140	4.367887
5724	1265	5.634115
5724	1269	4.983917
5724	2858	4.899320
5724	34	4.828269
5724	1617	4.806253
5724	2997	4.684691
5724	2396	4.679988
5724	1214	4.627196
5724	356	4.590920
5724	2291	4.572792
5726	2000	4.608258
5726	296	4.543655
5726	1097	4.401718
5726	3526	4.328468
5726	3210	4.258603
5726	1270	4.238511
5726	3751	4.236339
5726	2174	4.208103
5726	1961	4.200860
5726	1968	4.185788
5727	2716	6.328416
5727	2490	6.144801
5727	3219	5.798552
5727	3175	5.768616
5727	2581	5.743382
5727	2433	5.736084
5727	2699	5.595473
5727	2336	5.582068
5727	2580	5.520764
5727	2541	5.478776
5728	2797	6.853334
5728	2100	6.728633
5728	1307	6.514876
5728	2003	6.284908
5728	2716	6.183227
5728	3268	5.994258
5728	1503	5.980383
5728	3552	5.814674
5728	2746	5.768319
5728	1961	5.753990
5729	1347	6.883022
5729	3708	6.477259
5729	1321	6.414176
5729	1345	6.164175
5729	1997	6.090418
5729	1982	6.075456
5729	1974	6.018416
5729	1983	6.011751
5729	2121	5.847390
5729	2513	5.716541
5730	2858	4.562016
5730	527	4.561754
5730	356	4.540240
5730	1265	4.504718
5730	2762	4.443247
5730	1617	4.299831
5730	50	4.160545
5730	1222	4.140567
5730	1210	4.126033
5730	2291	4.097992
5731	589	5.804861
5731	2194	5.497416
5731	457	5.283335
5731	1407	5.062061
5731	1036	5.056892
5731	2571	5.031744
5731	2628	5.021770
5731	3702	4.996104
5731	480	4.989828
5731	2858	4.895881
5732	1073	5.057182
5732	2628	5.002476
5732	260	4.886896
5732	2968	4.827670
5732	364	4.725104
5732	2987	4.677932
5732	1097	4.640764
5732	2028	4.570850
5732	2005	4.500499
5732	3489	4.379231
5733	527	4.189894
5733	2762	4.177741
5733	1580	4.118746
5733	593	4.071773
5733	3471	4.021330
5733	2028	4.012703
5733	2640	3.990639
5733	2628	3.982560
5733	608	3.949211
5733	50	3.940744
5734	2858	4.772448
5734	1265	4.684278
5734	1270	4.510199
5734	1097	4.457409
5734	1210	4.455353
5734	608	4.445343
5734	2791	4.395138
5734	593	4.309932
5734	1617	4.284194
5734	34	4.281751
5736	34	5.017202
5736	2997	4.951884
5736	1	4.920551
5736	2396	4.722983
5736	1307	4.668238
5736	608	4.611644
5736	3114	4.605491
5736	1234	4.482958
5736	2762	4.334905
5736	3751	4.321942
5737	594	5.958072
5737	364	5.628204
5737	595	5.519517
5737	1029	5.280548
5737	596	5.081012
5737	588	5.078260
5737	1022	5.058283
5737	3159	4.815800
5737	2080	4.772333
5737	1032	4.759885
5738	2716	5.977340
5738	2541	5.775090
5738	788	5.623335
5738	153	5.608036
5738	2858	5.603986
5738	3438	5.580847
5738	2490	5.419480
5738	2699	5.341956
5738	2710	5.316683
5738	2723	5.295689
5739	3173	4.622615
5739	593	4.455132
5739	2406	4.413304
5739	3624	4.377942
5739	3753	4.268424
5739	1089	4.255792
5739	318	4.237799
5739	3948	4.224597
5739	2628	4.213973
5739	457	4.198551
5740	480	5.470462
5740	1527	5.409809
5740	674	5.298654
5740	1375	5.236597
5740	2916	5.234877
5740	648	5.203287
5740	1356	5.124666
5740	2393	5.124476
5740	1573	5.029136
5740	2985	4.987681
5741	1653	7.036538
5741	32	6.848914
5741	1909	6.373523
5741	3702	6.215262
5741	1269	6.165045
5741	1584	6.093221
5741	272	5.898837
5741	1240	5.879501
5741	2571	5.760237
5741	2916	5.673010
5742	912	6.087907
5742	920	5.898820
5742	1259	5.638945
5742	1230	5.627271
5742	260	5.571661
5742	750	5.559764
5742	1394	5.398643
5742	1294	5.392573
5742	1307	5.279974
5742	1097	5.197121
5743	260	5.389574
5743	912	5.182712
5743	1198	5.094758
5743	1073	5.018616
5743	1207	4.906344
5743	858	4.840538
5743	1221	4.710085
5743	1220	4.603607
5743	318	4.587002
5743	1247	4.554525
5744	1947	5.753691
5744	2971	5.545239
5744	2987	5.459040
5744	913	5.229326
5744	919	5.198851
5744	899	5.107545
5744	3606	5.096244
5744	2871	4.988377
5744	2396	4.949403
5744	1304	4.920731
5745	2628	5.649985
5745	589	5.341831
5745	2406	4.739206
5745	480	4.679651
5745	2105	4.574401
5745	1101	4.562258
5745	2028	4.553549
5745	2571	4.539815
5745	2916	4.530222
5745	1036	4.516989
5746	589	4.475145
5746	3578	4.419206
5746	2716	4.332061
5746	2571	4.273805
5746	3175	4.268340
5746	3354	4.244331
5746	3408	4.183702
5746	2762	4.142992
5746	1206	4.094031
5746	3623	4.083172
5747	2431	5.729164
5747	788	5.235485
5747	2694	5.159363
5747	2805	4.975269
5747	3617	4.940196
5747	2253	4.868942
5747	587	4.831550
5747	3263	4.734735
5747	762	4.734549
5747	153	4.696628
5748	1580	5.385128
5748	16	5.276381
5748	3408	5.077564
5748	3160	5.037566
5748	457	5.028131
5748	1393	5.017555
5748	3176	5.012779
5748	110	4.998651
5748	592	4.801689
5748	3105	4.782727
5749	1580	7.902296
5749	21	7.513004
5749	3160	7.470868
5749	1584	6.841156
5749	1673	6.662499
5749	589	6.593985
5749	2291	6.433428
5749	1784	6.433405
5749	1466	6.228632
5749	2353	6.099744
5750	34	5.664920
5750	551	5.503693
5750	1035	5.393813
5750	2797	5.366533
5750	1097	5.218899
5750	2791	5.155584
5750	1225	5.136961
5750	3363	5.071926
5750	1307	5.031233
5750	3396	4.996457
5751	1947	7.797686
5751	2396	6.865083
5751	17	6.512526
5751	2336	6.445075
5751	2394	6.429314
5751	1183	6.313574
5751	2087	6.266735
5751	2987	6.263927
5751	2081	6.189515
5751	1094	6.183091
5752	1883	7.306241
5752	1777	6.984581
5752	587	6.883561
5752	357	6.791710
5752	3253	6.743258
5752	342	6.702014
5752	1923	6.631698
5752	337	6.596634
5752	1393	6.506219
5752	2671	6.475761
5753	2455	6.207507
5753	2194	5.856546
5753	2288	5.695527
5753	3932	5.520659
5753	366	5.511883
5753	1036	5.204005
5753	1345	5.123398
5753	2459	5.084272
5753	2858	5.028377
5753	2948	5.015272
5754	16	7.293534
5754	2391	6.911590
5754	3176	6.889674
5754	377	6.760695
5754	457	6.749753
5754	3148	6.548851
5754	3386	6.533606
5754	1120	6.522848
5754	21	6.468735
5754	32	6.435674
5755	1391	5.719286
5755	2012	5.675147
5755	1377	5.404076
5755	736	5.308374
5755	2699	5.242999
5755	3638	5.114720
5755	1918	4.967117
5755	3257	4.847098
5755	724	4.695117
5755	3869	4.691028
5756	2716	5.280754
5756	2100	5.272819
5756	2746	5.093672
5756	2369	4.779638
5756	1380	4.549254
5756	2797	4.509983
5756	1073	4.385827
5756	1947	4.279937
5756	317	4.254673
5756	367	4.238472
5757	34	5.482649
5757	1097	5.147707
5757	1270	5.109840
5757	1079	4.987321
5757	1307	4.969203
5757	2791	4.900095
5757	1394	4.862422
5757	1136	4.806542
5757	2858	4.796927
5757	608	4.772705
5758	913	4.767116
5758	2150	4.694527
5758	2100	4.664534
5758	2762	4.660736
5758	1307	4.624214
5758	318	4.346277
5758	2406	4.277294
5758	260	4.212277
5758	1222	4.123715
5758	858	4.113876
5759	104	7.361703
5759	357	7.124066
5759	1265	7.111725
5759	2108	6.902281
5759	1747	6.730316
5759	3255	6.729381
5759	597	6.709941
5759	342	6.589494
5759	497	6.558537
5759	1883	6.427674
5760	1500	6.412188
5760	1923	5.888681
5760	104	5.846789
5760	1883	5.803621
5760	1784	5.611239
5760	2321	5.598298
5760	3255	5.583508
5760	2000	5.537764
5760	1517	5.408689
5760	39	5.356754
5761	2100	10.119904
5761	3552	9.307583
5761	1663	9.114912
5761	2470	8.902989
5761	2953	8.436402
5761	2797	8.311978
5761	2794	8.287939
5761	1091	8.283865
5761	3448	8.229638
5761	2478	8.227146
5762	1265	6.120908
5762	2797	6.107090
5762	1307	6.017068
5762	2243	5.902780
5762	3526	5.686267
5762	2100	5.664798
5762	19	5.357151
5762	2174	5.231570
5762	3072	5.182122
5762	2746	5.092349
5763	1982	6.532763
5763	2366	6.199549
5763	968	5.902958
5763	1321	5.573141
5763	2617	5.536961
5763	1387	5.381399
5763	926	5.312121
5763	2288	5.256724
5763	1214	5.208559
5763	1088	5.176873
5764	1294	6.143564
5764	1947	6.009574
5764	2797	5.714214
5764	2067	5.628786
5764	2716	5.621205
5764	920	5.605743
5764	914	5.604170
5764	3543	5.421893
5764	1944	5.419642
5764	3396	5.409211
5765	1307	5.748791
5765	1212	5.594458
5765	745	5.584813
5765	1148	5.507865
5765	3362	5.206883
5765	1	5.174868
5765	1238	5.161677
5765	1235	5.157960
5765	3671	5.131019
5765	2997	5.100768
5766	377	6.505968
5766	1747	6.461897
5766	539	6.105590
5766	11	6.052336
5766	21	6.027485
5766	1784	5.964256
5766	380	5.849646
5766	2706	5.811231
5766	1580	5.805732
5766	3176	5.739297
5767	1917	7.746532
5767	2881	7.101231
5767	1391	7.035273
5767	2393	6.965309
5767	1876	6.959641
5767	736	6.663090
5767	2605	6.542674
5767	1676	6.519474
5767	748	6.512855
5767	3697	6.343831
5768	1688	7.278702
5768	2384	7.019016
5768	2294	6.857802
5768	1566	6.614046
5768	2394	6.560783
5768	2396	6.463849
5768	2716	6.355228
5768	158	6.352185
5768	2336	6.082627
5768	898	5.935608
5769	1092	4.739789
5769	3638	4.606510
5769	3623	4.491433
5769	3784	4.433922
5769	3897	4.369885
5769	2080	4.290744
5769	3793	4.253469
5769	3044	4.191642
5769	3751	4.149094
5769	2053	4.147509
5770	457	5.399999
5770	2571	5.214001
5770	3176	5.010941
5770	1610	4.997558
5770	296	4.952323
5770	1617	4.906292
5770	2028	4.839419
5770	32	4.818863
5770	1240	4.802397
5770	608	4.802245
5771	919	6.538238
5771	969	6.472429
5771	1204	6.291775
5771	260	5.987508
5771	899	5.882072
5771	1088	5.880851
5771	3435	5.873001
5771	1073	5.749353
5771	1225	5.684197
5771	2366	5.526902
5773	2470	4.433834
5773	2100	4.404888
5773	3623	4.058557
5773	367	4.033784
5773	1073	3.901049
5773	2797	3.895958
5773	2746	3.738771
5773	2406	3.709573
5773	2628	3.694601
5773	2011	3.647749
5774	260	5.357312
5774	1198	4.986652
5774	2987	4.973559
5774	1196	4.903363
5774	1073	4.717367
5774	2762	4.619473
5774	1210	4.615854
5774	318	4.611720
5774	1097	4.473012
5774	1233	4.418685
5775	380	7.419020
5775	3623	7.104143
5775	539	6.759695
5775	736	6.736824
5775	587	6.611996
5775	2424	6.407437
5775	1894	6.223117
5775	2297	6.149928
5775	1777	6.146164
5775	339	6.136893
5776	2355	4.874920
5776	1307	4.613512
5776	2804	4.602775
5776	1197	4.584705
5776	2716	4.529661
5776	2997	4.471624
5776	1961	4.453832
5776	1663	4.294431
5776	1265	4.279566
5776	34	4.212075
5777	750	5.099573
5777	1394	5.057604
5777	1136	4.882738
5777	1199	4.714088
5777	745	4.688340
5777	1304	4.677588
5777	1238	4.674109
5777	3671	4.656198
5777	1	4.628798
5777	1230	4.579719
5778	2640	5.653303
5778	2916	5.488402
5778	2160	5.412344
5778	589	5.233043
5778	1240	5.147563
5778	480	5.137600
5778	2528	5.001556
5778	1214	4.964329
5778	2366	4.920860
5778	2571	4.870952
5779	3869	5.995121
5779	1380	5.838140
5779	1777	5.793591
5779	1569	5.782131
5779	3247	5.731374
5779	2424	5.658857
5779	3614	5.522409
5779	339	5.477152
5779	1835	5.395866
5779	1265	5.391753
5780	1370	6.625680
5780	1909	6.558918
5780	1573	6.474720
5780	1722	6.353643
5780	3354	6.150593
5780	2490	6.131240
5780	1608	6.105178
5780	1356	6.036871
5780	1527	6.018346
5780	648	5.958041
5782	153	5.734317
5782	3489	5.354350
5782	367	5.221810
5782	2797	5.133776
5782	788	4.961055
5782	2054	4.886745
5782	1562	4.852459
5782	1126	4.839524
5782	2100	4.812863
5782	2253	4.726457
5783	380	6.548143
5783	1569	6.388709
5783	587	6.385449
5783	2671	5.961540
5783	708	5.791693
5783	1721	5.720795
5783	468	5.708592
5783	1722	5.680027
5783	1888	5.609776
5783	1711	5.599314
5785	377	4.791229
5785	457	4.645154
5785	2762	4.583069
5785	356	4.538666
5785	3418	4.534382
5785	1617	4.526309
5785	1408	4.498226
5785	593	4.436230
5785	608	4.372732
5785	2858	4.357139
5786	2100	6.671171
5786	788	6.637894
5786	1126	6.584321
5786	2253	6.483838
5786	1307	6.246849
5786	355	6.193605
5786	3248	5.967276
5786	367	5.942599
5786	500	5.898243
5786	2431	5.855361
5787	1265	6.951262
5787	104	6.928036
5787	2108	6.247860
5787	1517	6.213655
5787	1784	6.195637
5787	1923	6.077904
5787	2000	5.956563
5787	3552	5.801274
5787	357	5.637461
5787	1883	5.637316
5788	253	6.998191
5788	2717	6.219903
5788	3638	6.044044
5788	1339	5.559080
5788	3032	5.398551
5788	3264	5.134153
5788	2311	4.985807
5788	1997	4.878084
5788	2121	4.831019
5788	1333	4.786624
5789	1214	5.483786
5789	930	5.459010
5789	1201	5.321132
5789	913	5.319608
5789	3654	5.301570
5789	1617	5.240181
5789	904	5.116024
5789	1179	5.097554
5789	3418	5.021665
5789	1266	4.983031
5790	1	6.484892
5790	1259	6.353328
5790	608	6.116151
5790	1196	6.103983
5790	527	6.019207
5790	34	5.986884
5790	32	5.936799
5790	1249	5.793324
5790	541	5.686720
5790	2571	5.683699
5791	34	5.222700
5791	1	5.062099
5791	1136	5.006455
5791	1230	4.995864
5791	1294	4.955854
5791	1028	4.945459
5791	1307	4.940035
5791	1234	4.862962
5791	1394	4.838026
5791	3363	4.802885
5792	2716	5.692455
5792	3174	4.832887
5792	2959	4.742982
5792	2746	4.737483
5792	1333	4.637030
5792	2355	4.368105
5792	2997	4.363369
5792	1962	4.347964
5792	2369	4.261902
5792	1265	4.162847
5793	913	7.499246
5793	1206	7.219769
5793	750	7.139872
5793	3471	6.825906
5793	1214	6.401227
5793	3095	6.295058
5793	912	6.271304
5793	1204	6.256782
5793	599	6.240207
5793	3435	6.231158
5794	2253	7.256542
5794	520	7.217429
5794	2054	7.148169
5794	1126	7.118256
5794	1760	7.005708
5794	673	6.946368
5794	788	6.804645
5794	1702	6.595835
5794	1005	6.529717
5794	415	6.479816
5795	368	6.236471
5795	380	6.015678
5795	1407	5.867217
5795	353	5.483778
5795	3639	5.448858
5795	303	5.376257
5795	1370	5.369229
5795	599	5.228240
5795	1645	5.207262
5795	70	5.000758
5797	2716	6.432977
5797	2598	6.109517
5797	2318	6.097347
5797	2581	6.085269
5797	2734	6.081850
5797	2396	6.012323
5797	3175	5.960198
5797	2688	5.802951
5797	2395	5.790343
5797	3174	5.779968
5798	1215	4.974536
5798	1921	4.875989
5798	780	4.855198
5798	1188	4.776406
5798	2858	4.741913
5798	1265	4.714134
5798	1584	4.544427
5798	608	4.518394
5798	2716	4.481771
5798	293	4.459777
5799	913	6.301938
5799	3471	6.099410
5799	1206	5.866874
5799	589	5.767763
5799	1954	5.680086
5799	2944	5.605829
5799	3702	5.454658
5799	260	5.385194
5799	2640	5.352698
5799	1201	5.264716
5801	1831	5.879107
5801	2094	5.808445
5801	196	5.785064
5801	1917	5.753765
5801	1676	5.737537
5801	3638	5.726608
5801	3697	5.613198
5801	172	5.605305
5801	1876	5.515156
5801	780	5.436873
5802	3435	7.384209
5802	1304	7.097455
5802	2300	6.807010
5802	919	6.743636
5802	899	6.665569
5802	1267	6.489356
5802	1204	6.416257
5802	1276	6.395321
5802	1084	6.367244
5802	912	6.323611
5803	2395	6.293515
5803	1784	6.033076
5803	3253	6.001936
5803	2502	5.983945
5803	3105	5.970527
5803	2000	5.812456
5803	2706	5.809789
5803	1517	5.698823
5803	3052	5.664705
5803	2329	5.616100
5805	1962	6.284123
5805	1230	6.214995
5805	1333	6.146110
5805	1294	6.080481
5805	969	6.077700
5805	3363	6.040435
5805	2064	6.031902
5805	919	6.016412
5805	2565	5.978788
5805	1028	5.932746
5806	920	5.984583
5806	3418	5.884264
5806	3175	5.749763
5806	377	5.623996
5806	3386	5.567324
5806	2336	5.562848
5806	588	5.550949
5806	2687	5.501434
5806	2396	5.365134
5806	1265	5.342698
5807	2321	5.829246
5807	2000	5.663176
5807	1673	5.558298
5807	1500	5.528777
5807	110	5.468660
5807	1883	5.394788
5807	1393	5.385123
5807	1784	5.359022
5807	1265	5.339981
5807	2571	5.292237
5808	589	6.056059
5808	1240	5.714218
5808	2571	5.713203
5808	1214	5.508250
5808	2028	5.457593
5808	457	5.347918
5808	2194	5.317261
5808	1617	5.279841
5808	527	5.224128
5808	1198	5.187762
5809	3408	5.048372
5809	2355	5.021233
5809	3578	4.883523
5809	3552	4.879088
5809	454	4.679201
5809	1391	4.633565
5809	3623	4.534008
5809	3255	4.473213
5809	293	4.442365
5809	2321	4.430919
5811	2746	5.388556
5811	1962	5.133918
5811	2716	5.076958
5811	2174	4.655192
5811	2797	4.628755
5811	2003	4.581754
5811	1321	4.552353
5811	1097	4.431661
5811	1333	4.396936
5811	1073	4.395158
5812	1962	7.492135
5812	2716	6.970764
5812	3248	6.865415
5812	2174	6.812232
5812	1097	6.652604
5812	1961	6.636013
5812	2797	6.482263
5812	673	6.275534
5812	1225	6.244022
5812	1073	6.145130
5813	1580	6.565696
5813	589	6.387053
5813	2916	6.025105
5813	1573	5.902481
5813	110	5.788677
5813	3160	5.731405
5813	2571	5.662993
5813	349	5.578425
5813	2001	5.556004
5813	1610	5.542888
5815	3418	5.641379
5815	2985	5.628998
5815	110	5.541344
5815	608	5.398693
5815	1200	5.393394
5815	1584	5.316564
5815	2028	5.298181
5815	1127	5.219384
5815	1617	5.166376
5815	480	5.144220
5816	2470	5.044113
5816	1513	4.913229
5816	3623	4.841696
5816	317	4.741235
5816	3273	4.735660
5816	1073	4.681215
5816	2100	4.653355
5816	2734	4.604496
5816	367	4.453456
5816	2605	4.419937
5818	2396	5.724168
5818	2599	5.624984
5818	223	5.607514
5818	2433	5.526973
5818	2706	5.511351
5818	2395	5.420697
5818	2580	5.338556
5818	3175	5.320507
5818	2997	5.100068
5818	2770	5.019558
5819	1259	5.711720
5819	1097	5.579975
5819	2797	5.359720
5819	260	5.160421
5819	1198	5.051999
5819	2140	4.951096
5819	1270	4.942129
5819	1282	4.880945
5819	1960	4.817246
5819	1197	4.805467
5820	260	5.194739
5820	1230	4.880941
5820	2300	4.777892
5820	912	4.727077
5820	2987	4.618275
5820	924	4.476034
5820	899	4.427033
5820	1294	4.412778
5820	1276	4.406794
5820	1	4.396499
5821	588	5.536214
5821	2355	5.226182
5821	1307	5.199756
5821	1	5.177424
5821	34	5.155537
5821	1294	5.117980
5821	2918	4.962129
5821	1028	4.953092
5821	3543	4.940627
5821	2248	4.872800
5822	2455	6.691403
5822	1321	6.541824
5822	2716	6.235171
5822	1982	6.025070
5822	968	5.910870
5822	1974	5.751875
5822	1962	5.560804
5822	1991	5.560455
5822	1347	5.473129
5822	1350	5.426648
5823	3702	5.518381
5823	2916	5.409282
5823	3527	5.373625
5823	750	5.367806
5823	2529	5.264075
5823	2858	5.213337
5823	1214	5.194444
5823	2288	5.184183
5823	2640	5.111684
5823	1215	5.108576
5824	2694	8.227053
5824	2431	7.934276
5824	2683	7.293514
5824	3263	7.217688
5824	355	6.977248
5824	762	6.947658
5824	1126	6.880815
5824	216	6.868925
5824	500	6.843002
5824	1513	6.732346
5825	3751	4.957387
5825	608	4.926823
5825	1	4.525898
5825	1197	4.485522
5825	1249	4.349280
5825	1394	4.328791
5825	2804	4.312217
5825	1270	4.267278
5825	1265	4.260147
5825	1259	4.225838
5826	1784	5.896683
5826	3450	5.881245
5826	1912	5.781889
5826	1580	5.732398
5826	3148	5.424103
5826	144	5.395261
5826	1682	5.386920
5826	3176	5.237575
5826	150	5.190984
5826	3160	5.183703
5827	2054	6.667972
5827	3273	6.516363
5827	2701	6.485180
5827	1917	6.470037
5827	485	6.170173
5827	1037	6.100906
5827	2808	5.973485
5827	1882	5.957482
5827	420	5.921614
5827	1377	5.896023
5829	1097	5.353662
5829	1210	4.896972
5829	2791	4.819254
5829	1270	4.734917
5829	34	4.723390
5829	2858	4.722535
5829	2028	4.631960
5829	593	4.527618
5829	527	4.524886
5829	1259	4.524537
5830	2300	6.500194
5830	3861	6.012662
5830	2987	5.970574
5830	1092	5.960461
5830	2053	5.649571
5830	260	5.594604
5830	2054	5.383680
5830	168	5.340408
5830	3686	5.248542
5830	2394	5.099087
5831	1831	7.591790
5831	1371	7.357310
5831	3861	7.245564
5831	196	6.715662
5831	172	6.659924
5831	1779	6.623555
5831	2054	6.492983
5831	435	6.479314
5831	1882	6.375498
5831	1037	6.368347
5832	1136	5.792894
5832	1196	5.767734
5832	1	5.702139
5832	1238	5.544597
5832	750	5.532680
5832	1197	5.359886
5832	541	5.255775
5832	1394	5.172007
5832	1221	5.110121
5832	745	5.036318
5833	2716	6.911950
5833	2598	6.596158
5833	2336	6.553359
5833	1513	6.390434
5833	3175	6.295647
5833	2369	6.278220
5833	2723	6.267983
5833	3174	6.076367
5833	2683	5.823089
5833	785	5.767510
5834	3175	5.324527
5834	2716	4.986048
5834	1214	4.980230
5834	2336	4.971867
5834	920	4.853427
5834	1201	4.739844
5834	3471	4.620170
5834	1617	4.485803
5834	2762	4.446554
5834	3418	4.445677
5835	1198	5.551326
5835	296	5.471203
5835	2028	5.318866
5835	527	5.227996
5835	1291	5.186847
5835	593	5.183438
5835	318	5.147821
5835	1220	5.093233
5835	858	5.084785
5835	1259	5.045539
5836	608	5.091988
5836	1206	4.828088
5836	1	4.743446
5836	1617	4.665080
5836	2571	4.612999
5836	1200	4.577973
5836	593	4.508071
5836	750	4.488326
5836	1304	4.458072
5836	924	4.426029
5837	1081	5.857742
5837	2746	5.725183
5837	2100	5.463338
5837	2716	5.430837
5837	2054	5.402820
5837	1917	5.335686
5837	673	5.326076
5837	2797	5.306094
5837	2881	5.272951
5837	1019	5.259214
5838	2394	5.523904
5838	595	5.474829
5838	2087	5.467855
5838	2987	5.082597
5838	364	5.051458
5838	1029	5.046916
5838	783	4.964911
5838	3034	4.914648
5838	1947	4.815875
5838	596	4.809996
5839	260	4.451709
5839	1097	4.416727
5839	589	4.347285
5839	1210	4.345067
5839	1214	4.300539
5839	2858	4.291512
5839	1127	4.289165
5839	1240	4.275419
5839	2985	4.232772
5839	3175	4.204567
5840	1294	7.326138
5840	594	7.254845
5840	596	6.761504
5840	1380	6.688056
5840	2300	6.615141
5840	2087	6.556964
5840	1235	6.533598
5840	1307	6.532230
5840	2096	6.457473
5840	1029	6.391925
5841	1265	4.710793
5841	1883	4.643946
5841	587	4.581858
5841	1639	4.371523
5841	1732	4.307768
5841	356	4.261558
5841	597	4.161857
5841	1784	4.130328
5841	3148	4.117374
5841	357	4.103162
5842	1214	6.183572
5842	1240	5.977874
5842	3471	5.718163
5842	589	5.679113
5842	1206	5.675625
5842	3702	5.661451
5842	913	5.533240
5842	903	5.455754
5842	2571	5.420630
5842	1200	5.390749
5843	3751	5.092631
5843	588	5.018801
5843	2011	4.827467
5843	529	4.802693
5843	364	4.779935
5843	3526	4.749468
5843	253	4.722742
5843	2407	4.681577
5843	3897	4.553412
5843	1124	4.548660
5844	3510	4.659885
5844	3717	4.651947
5844	3793	4.439608
5844	3753	4.412866
5844	1407	4.338267
5844	3752	4.338235
5844	3578	4.098386
5844	3408	4.082353
5844	3273	4.049643
5844	253	3.941491
5845	1307	6.614232
5845	1394	6.300224
5845	1304	5.758119
5845	1230	5.382712
5845	3362	5.381919
5845	1276	5.297709
5845	1235	5.263995
5845	1234	5.233349
5845	2300	5.199954
5845	1960	5.151629
5846	919	5.657010
5846	912	5.566965
5846	903	5.460076
5846	1230	5.426485
5846	3435	5.405297
5846	1214	5.375119
5846	1204	5.344060
5846	904	5.212960
5846	1201	5.190178
5846	969	5.172229
5847	647	5.276697
5847	1608	5.193307
5847	1183	5.068053
5847	920	5.032470
5847	1188	4.719015
5847	1921	4.708333
5847	356	4.691310
5847	380	4.633452
5847	292	4.603849
5847	2875	4.603043
5848	1947	5.672790
5848	3363	5.664642
5848	1294	5.641168
5848	1230	5.640927
5848	920	5.513464
5848	2716	5.486289
5848	898	5.298830
5848	912	5.278632
5848	916	5.222491
5848	2067	5.222459
5849	1196	5.811489
5849	608	5.546663
5849	1197	5.467108
5849	1259	5.420030
5849	1	5.419730
5849	1221	5.318811
5849	1136	5.219596
5849	1210	5.203610
5849	527	5.171314
5849	1304	5.158428
5850	2968	7.090483
5850	1097	6.698580
5850	1073	6.277483
5850	1967	6.256763
5850	2193	6.192054
5850	3489	6.131604
5850	2628	5.937826
5850	3438	5.771990
5850	260	5.771358
5850	2797	5.617169
5851	2087	7.266806
5851	588	7.223714
5851	364	7.055244
5851	595	6.832100
5851	34	6.712416
5851	2294	6.394222
5851	36	6.154167
5851	2384	6.046309
5851	661	6.043063
5851	17	6.010674
5852	1777	5.673715
5852	539	5.610715
5852	3155	5.573883
5852	380	5.458632
5852	377	5.282752
5852	2424	5.110610
5852	802	4.970504
5852	1721	4.955088
5852	7	4.949331
5852	1912	4.925331
5853	2167	6.510356
5853	1690	5.699981
5853	1544	5.672768
5853	2617	5.614049
5853	3638	5.602133
5853	70	5.530121
5853	1320	5.516774
5853	1372	5.442190
5853	329	5.439817
5853	2916	5.400030
5854	1974	6.950528
5854	1983	6.796228
5854	1347	6.677620
5854	2787	6.539458
5854	1080	6.453383
5854	1321	6.445422
5854	1972	6.423528
5854	3869	6.393677
5854	968	6.356566
5854	1976	6.344355
5855	32	6.211376
5855	2396	5.817929
5855	150	5.484097
5855	2706	5.464176
5855	3175	5.409193
5855	480	5.403903
5855	2433	5.297827
5855	34	5.261287
5855	1374	5.243326
5855	2395	5.235634
5856	1265	5.051511
5856	34	4.482874
5856	1784	4.449125
5856	2291	4.221488
5856	3160	4.210886
5856	2791	4.174449
5856	2997	4.123519
5856	608	4.000117
5856	1	3.945532
5856	1704	3.937069
5857	590	4.957626
5857	1101	4.761735
5857	1608	4.658778
5857	380	4.636772
5857	2406	4.632418
5857	260	4.454554
5857	353	4.375502
5857	1266	4.356544
5857	919	4.276161
5857	2762	4.272856
5858	588	6.226347
5858	364	5.517358
5858	2321	5.367780
5858	3418	5.313702
5858	34	5.239599
5858	1265	5.177537
5858	3526	5.103821
5858	2355	5.057822
5858	21	4.965379
5858	1641	4.933678
5859	260	6.351396
5859	919	6.324102
5859	1282	6.195767
5859	912	6.106704
5859	1198	6.046218
5859	1204	6.006500
5859	1097	5.885382
5859	527	5.826479
5859	908	5.722919
5859	1233	5.666494
5860	1265	5.589201
5860	1307	5.253458
5860	1569	5.138426
5860	1777	4.868165
5860	2716	4.698709
5860	2369	4.553850
5860	2424	4.532928
5860	500	4.527593
5860	367	4.522404
5860	2108	4.436734
5861	1265	6.301275
5861	1394	5.979741
5861	1	5.950790
5861	745	5.858225
5861	1136	5.642061
5861	1077	5.519670
5861	1223	5.488303
5861	1188	5.347991
5861	608	5.259631
5861	2657	5.249625
5862	357	5.846515
5862	1357	5.729003
5862	1265	5.726826
5862	17	5.417774
5862	1183	5.288211
5862	356	5.281723
5862	345	5.142812
5862	1784	5.123426
5862	3253	5.109860
5862	1747	5.101908
5864	527	5.146190
5864	260	5.038427
5864	2987	4.977944
5864	2028	4.894652
5864	2762	4.852918
5864	1210	4.822432
5864	912	4.750117
5864	1073	4.645838
5864	34	4.627496
5864	1198	4.600087
5865	185	5.548868
5865	1544	5.547063
5865	1391	5.325419
5865	780	5.296076
5865	196	5.188042
5865	1215	5.095697
5865	1831	4.934481
5865	1917	4.903814
5865	1603	4.891735
5865	3697	4.889645
5866	2987	5.431975
5866	3654	4.972479
5866	1204	4.950297
5866	919	4.817296
5866	1073	4.789522
5866	1947	4.772189
5866	2761	4.744781
5866	2067	4.601177
5866	2100	4.576170
5866	969	4.521797
5867	2712	5.593873
5867	2396	5.517215
5867	3175	5.432003
5867	2605	5.277247
5867	1408	5.193502
5867	2490	5.106477
5867	2716	5.071501
5867	2394	4.985716
5867	2706	4.907712
5867	1356	4.893956
5868	1	6.562513
5868	1259	6.458953
5868	34	6.025980
5868	1136	6.018051
5868	608	5.973248
5868	594	5.705710
5868	527	5.693760
5868	1196	5.567464
5868	1249	5.524101
5868	541	5.479536
5869	1722	5.605356
5869	377	5.379376
5869	1608	5.376888
5869	3175	5.016486
5869	1584	4.998178
5869	349	4.972546
5869	1573	4.940111
5869	2916	4.865986
5869	1909	4.837390
5869	2699	4.694837
5870	2580	5.363737
5870	2355	5.341158
5870	2762	5.152276
5870	2502	5.089391
5870	2706	5.016989
5870	2396	4.878037
5870	223	4.830790
5870	2028	4.825267
5870	2997	4.811601
5870	1210	4.733692
5871	2791	5.475179
5871	1269	5.148353
5871	1965	5.066595
5871	1961	4.971198
5871	2858	4.937660
5871	296	4.933692
5871	2657	4.912641
5871	1222	4.884466
5871	2194	4.879863
5871	2000	4.857583
5872	1307	5.847503
5872	2716	5.124639
5872	3543	4.897848
5872	2699	4.886920
5872	1391	4.744506
5872	3578	4.730890
5872	2722	4.719765
5872	2355	4.700510
5872	454	4.697396
5872	2053	4.640542
5873	589	5.553208
5873	480	5.467335
5873	1374	5.364641
5873	2916	5.204528
5873	2985	5.051690
5873	3510	4.994760
5873	2194	4.983589
5873	1036	4.950565
5873	3160	4.946266
5873	2628	4.900174
5874	3148	4.727835
5874	3536	4.615177
5874	3146	4.558631
5874	1089	4.554253
5874	1732	4.538878
5874	1213	4.453258
5874	3176	4.450754
5874	3893	4.426451
5874	3793	4.318263
5874	1639	4.308897
5875	1732	4.833676
5875	587	4.671587
5875	1092	4.638647
5875	454	4.530299
5875	1625	4.519608
5875	3623	4.283811
5875	3793	4.265087
5875	3176	4.223707
5875	3897	4.207076
5875	1089	4.200009
5878	1101	5.448501
5878	3911	4.911772
5878	2406	4.737439
5878	296	4.695035
5878	3753	4.614934
5878	3624	4.551373
5878	3882	4.515907
5878	2011	4.472507
5878	2407	4.466224
5878	3755	4.396988
5879	589	6.576704
5879	480	6.317564
5879	457	5.864346
5879	110	5.788570
5879	2628	5.768414
5879	733	5.596122
5879	1573	5.580001
5879	2985	5.487698
5879	3160	5.454098
5879	1356	5.422742
5880	70	7.957021
5880	2002	7.870430
5880	3535	7.430609
5880	2826	7.308161
5880	3450	6.846552
5880	1391	6.725421
5880	1918	6.677702
5880	1544	6.533681
5880	3624	6.521498
5880	3869	6.509528
5881	1608	6.995901
5881	3173	6.900656
5881	1101	6.472861
5881	2628	6.437019
5881	292	6.230610
5881	1573	6.229344
5881	349	6.112963
5881	380	6.107227
5881	1580	6.089270
5881	266	5.881894
5882	3702	5.343936
5882	1214	5.212681
5882	2529	5.032402
5882	1210	5.022475
5882	2985	5.006037
5882	3471	4.983449
5882	2858	4.930075
5882	32	4.878048
5882	1196	4.851041
5882	1198	4.847732
5884	589	6.350909
5884	1252	6.250562
5884	1240	6.145897
5884	1206	5.898874
5884	1214	5.882477
5884	1200	5.806060
5884	908	5.798159
5884	1304	5.742910
5884	1136	5.739976
5884	1259	5.694788
5885	2628	5.113501
5885	1544	4.762388
5885	1917	4.752978
5885	2858	4.436320
5885	2716	4.319991
5885	1676	4.317455
5885	1562	4.293060
5885	1097	4.281415
5885	780	4.264120
5885	1831	4.237440
5886	2858	5.231984
5886	1265	5.124643
5886	2716	5.039709
5886	1747	4.804203
5886	1517	4.646672
5886	3671	4.566465
5886	2918	4.502288
5886	3175	4.433567
5886	1201	4.402783
5886	3129	4.378831
5887	1294	6.604189
5887	595	6.547331
5887	34	6.395410
5887	1028	6.391960
5887	588	6.365591
5887	914	6.200829
5887	1307	5.989756
5887	2081	5.901173
5887	2018	5.885068
5887	1	5.876173
5888	1307	7.649593
5888	2253	7.435791
5888	2953	7.075191
5888	2716	6.996641
5888	818	6.938957
5888	2088	6.900812
5888	2100	6.887829
5888	1367	6.804753
5888	1513	6.801805
5888	2042	6.691691
5889	1265	6.068961
5889	2716	5.927813
5889	2918	5.329102
5889	1079	5.176814
5889	1270	5.113974
5889	3868	5.106597
5889	34	5.012540
5889	1307	5.002713
5889	3685	4.913332
5889	2858	4.865455
5890	454	5.973102
5890	337	5.841717
5890	587	5.830195
5890	2231	5.787485
5890	253	5.648526
5890	1777	5.627313
5890	47	5.539698
5890	802	5.510848
5890	1407	5.462359
5890	1625	5.445797
5891	2683	5.481693
5891	2699	5.141834
5891	2706	5.066324
5891	2716	4.983999
5891	3175	4.942992
5891	2723	4.799689
5891	3081	4.786789
5891	2694	4.745300
5891	2490	4.716049
5891	736	4.635191
5892	2406	5.758412
5892	2100	4.928495
5892	1101	4.587954
5892	2858	4.482222
5892	380	4.264155
5892	1220	4.245128
5892	466	4.194603
5892	2762	4.161294
5892	2797	4.124183
5892	367	4.059753
5893	1777	6.519658
5893	1265	6.153290
5893	1569	6.012469
5893	2424	5.815235
5893	3450	5.788282
5893	539	5.754812
5893	1784	5.749747
5893	231	5.657603
5893	11	5.634004
5893	1747	5.593881
5894	3617	6.156915
5894	913	5.839871
5894	1378	5.313919
5894	3623	5.223015
5894	2406	5.218583
5894	2402	5.193230
5894	3074	5.172351
5894	1222	5.151188
5894	2478	5.150287
5894	3717	5.091304
5895	3897	5.547903
5895	2000	5.481066
5895	608	5.447434
5895	1240	5.232860
5895	589	5.150380
5895	2571	5.134875
5895	3763	5.131981
5895	2001	5.110129
5895	50	5.084277
5895	3578	5.061865
5896	2405	7.747651
5896	2100	7.525984
5896	2470	7.437113
5896	1513	7.436274
5896	485	7.273861
5896	3273	7.117797
5896	3623	6.972233
5896	1126	6.876225
5896	1894	6.792993
5896	2478	6.776888
5897	246	6.256703
5897	1307	6.036971
5897	162	5.942963
5897	1265	5.942008
5897	1960	5.916582
5897	594	5.912387
5897	2150	5.864441
5897	608	5.824504
5897	3448	5.819188
5897	930	5.762858
5900	2371	7.316137
5900	2329	7.092695
5900	2011	6.586789
5900	592	6.534351
5900	2000	6.287668
5900	551	6.116198
5900	2791	6.067457
5900	2133	6.050433
5900	3397	5.937128
5900	3160	5.930807
5901	260	4.454950
5901	1198	4.417870
5901	296	4.382775
5901	3751	4.357511
5901	318	4.322618
5901	608	4.145176
5901	1282	4.130846
5901	1249	4.075104
5901	3911	3.946838
5901	3897	3.925690
5902	899	7.236287
5902	2087	6.964959
5902	2018	6.821796
5902	919	6.798083
5902	596	6.669739
5902	1294	6.666214
5902	1029	6.565426
5902	594	6.493774
5902	1230	6.355686
5902	1032	6.323139
5903	1356	6.263881
5903	1527	6.096294
5903	1909	6.048174
5903	1876	5.809058
5903	648	5.750971
5903	1608	5.564073
5903	1580	5.551103
5903	1676	5.481061
5903	480	5.213719
5903	2628	5.043706
5905	329	7.415939
5905	1527	6.833972
5905	2916	6.769265
5905	674	6.531710
5905	3701	6.434314
5905	480	6.413376
5905	1717	6.296039
5905	2528	6.223072
5905	2167	6.172697
5905	2455	6.035321
5906	1408	5.459758
5906	1653	5.452740
5906	2396	5.191044
5906	32	5.137863
5906	1	5.060187
5906	3114	5.033014
5906	1584	4.988993
5906	1206	4.964911
5906	377	4.964308
5906	1617	4.852144
5907	1136	4.357859
5907	2657	4.341999
5907	1394	4.340181
5907	1304	4.213505
5907	1235	4.163424
5907	1307	4.094300
5907	919	4.075265
5907	3362	4.053182
5907	1	4.008900
5907	1199	3.991668
5908	2628	4.747041
5908	3623	4.584062
5908	3555	4.564512
5908	3354	4.520143
5908	2858	4.456780
5908	589	4.454287
5908	3578	4.422496
5908	3793	4.315684
5908	3753	4.205857
5908	260	4.184636
5910	3253	7.094108
5910	1777	7.093000
5910	11	6.533504
5910	39	6.438370
5910	2706	6.400634
5910	852	6.357645
5910	2433	6.228416
5910	2671	6.171244
5910	356	6.135096
5910	3255	6.111878
5911	1101	7.139553
5911	3555	6.592737
5911	733	6.573751
5911	3173	6.446273
5911	3744	6.421303
5911	2628	6.364463
5911	610	6.346213
5911	2916	6.332791
5911	3753	6.318793
5911	1275	6.312630
5912	1784	4.721182
5912	1580	4.622146
5912	3160	4.486990
5912	2291	4.418427
5912	1265	4.384074
5912	356	4.261034
5912	2692	4.212094
5912	3450	4.210930
5912	1747	4.175719
5912	21	4.164241
5913	3253	5.937562
5913	1732	5.829113
5913	3148	5.735557
5913	2572	5.674716
5913	2706	5.638156
5913	39	5.634927
5913	1909	5.596139
5913	2433	5.517020
5913	2707	5.505775
5913	1883	5.486807
5914	589	5.572960
5914	1954	5.446702
5914	2028	5.414798
5914	527	5.383776
5914	1610	5.378001
5914	3471	5.318362
5914	260	5.315627
5914	1240	5.314544
5914	2571	5.193602
5914	1196	5.176425
5915	2701	7.020078
5915	2694	6.423364
5915	1562	6.398250
5915	788	6.343363
5915	2713	6.292390
5915	2722	6.257975
5915	485	6.188450
5915	3273	6.154547
5915	2805	6.100733
5915	2012	6.096035
5916	3686	7.159919
5916	1608	6.707399
5916	2803	6.690461
5916	3249	6.600581
5916	1721	6.540734
5916	2394	6.488874
5916	590	6.212646
5916	1892	6.184071
5916	380	6.140406
5916	2841	6.015446
5917	1307	6.140277
5917	1	5.883237
5917	2355	5.133673
5917	34	5.100502
5917	1238	4.970667
5917	1394	4.951703
5917	1288	4.756814
5917	588	4.745554
5917	1136	4.743898
5917	2289	4.669922
5919	2699	6.158734
5919	2976	6.023501
5919	3175	5.727622
5919	968	5.711080
5919	2490	5.657452
5919	2723	5.567822
5919	2713	5.567064
5919	2826	5.530696
5919	1527	5.475271
5919	1372	5.432737
5920	1393	4.968172
5920	356	4.812476
5920	588	4.731944
5920	357	4.716259
5920	1265	4.688583
5920	1747	4.573445
5920	3408	4.505527
5920	1923	4.389313
5920	3176	4.366991
5920	1721	4.329608
5921	2858	4.418445
5921	608	4.359109
5921	593	4.331938
5921	1198	4.291999
5921	318	4.174367
5921	2194	4.117181
5921	260	4.080960
5921	2000	4.063987
5921	1240	4.054248
5921	2791	3.920334
5922	587	5.218376
5922	2109	4.932344
5922	266	4.880722
5922	1721	4.743651
5922	1212	4.726732
5922	2762	4.647500
5922	356	4.620204
5922	527	4.491791
5922	2300	4.483565
5922	1	4.481746
5923	1210	5.112669
5923	2858	5.082189
5923	1240	4.643312
5923	1196	4.633337
5923	1127	4.621390
5923	3578	4.598367
5923	1097	4.594816
5923	1270	4.579569
5923	2355	4.563145
5923	527	4.538126
5924	1917	8.088801
5924	1831	7.710887
5924	2722	7.575553
5924	2393	7.556642
5924	3697	7.501364
5924	1876	7.385202
5924	2881	7.225338
5924	1590	7.208766
5924	1676	7.181831
5924	1779	7.168739
5925	1097	5.654224
5925	2355	5.462345
5925	2078	5.399229
5925	1022	5.309433
5925	34	5.243504
5925	2987	5.151679
5925	2087	5.121975
5925	969	5.087817
5925	364	5.069019
5925	595	4.997964
5926	2916	6.407255
5926	349	6.129988
5926	1527	6.105759
5926	1608	5.871394
5926	2628	5.852224
5926	1573	5.785262
5926	589	5.668086
5926	1580	5.650552
5926	480	5.631695
5926	2353	5.350047
5927	1265	5.665337
5927	1961	5.438369
5927	3948	5.362355
5927	2000	5.349213
5927	3317	5.346735
5927	1732	5.343439
5927	3263	5.342980
5927	3893	5.279928
5927	3949	5.271285
5927	1089	5.258850
5928	1084	6.528480
5928	2872	6.442987
5928	1204	6.364094
5928	919	6.313708
5928	910	6.287409
5928	912	6.273701
5928	920	6.136734
5928	260	6.057785
5928	1254	6.025054
5928	1248	5.987890
5929	2121	6.895056
5929	1347	6.890382
5929	1983	6.701861
5929	2717	6.677968
5929	1948	6.476064
5929	1321	6.465149
5929	1080	6.375496
5929	2973	6.349194
5929	1380	6.345810
5929	745	6.293900
5930	1201	5.958777
5930	913	5.956250
5930	1179	5.603071
5930	1617	5.557564
5930	3418	5.308032
5930	2762	5.255967
5930	3654	5.229224
5930	2406	5.162860
5930	1214	5.129296
5930	1266	5.005962
5931	2628	5.477248
5931	1198	5.169506
5931	1291	5.154342
5931	2115	5.078517
5931	2571	5.052807
5931	2105	4.908632
5931	2406	4.907964
5931	480	4.809186
5931	2916	4.769989
5931	260	4.751156
5933	2881	6.309696
5933	2490	6.080353
5933	2683	5.983278
5933	2336	5.842856
5933	2581	5.773568
5933	1513	5.687858
5933	3175	5.663123
5933	3053	5.586183
5933	2598	5.574247
5933	3174	5.514898
5934	1	5.310517
5934	750	5.239635
5934	1196	5.218112
5934	608	5.141936
5934	1304	5.117787
5934	1206	5.077740
5934	1197	5.018999
5934	2300	4.895003
5934	541	4.867466
5934	1136	4.827643
5935	1923	6.180820
5935	1517	6.067086
5935	1500	5.910807
5935	104	5.905653
5935	3253	5.904619
5935	497	5.810655
5935	2395	5.780981
5935	223	5.634865
5935	3052	5.546509
5935	356	5.475277
5936	2571	5.556077
5936	1210	5.221152
5936	1249	5.193521
5936	589	4.936424
5936	1617	4.934561
5936	593	4.875596
5936	3471	4.850882
5936	32	4.814327
5936	1206	4.805312
5936	1374	4.719672
5937	3160	5.032947
5937	3418	4.909100
5937	3175	4.707663
5937	589	4.680100
5937	2916	4.656030
5937	110	4.636964
5937	2194	4.633166
5937	1097	4.632460
5937	480	4.623203
5937	592	4.590553
5938	2628	5.625479
5938	2105	4.904497
5938	260	4.881392
5938	2193	4.848174
5938	2028	4.644642
5938	2115	4.600562
5938	648	4.577776
5938	1198	4.567832
5938	1291	4.503858
5938	1097	4.498307
5939	2395	4.766267
5939	2396	4.763176
5939	150	4.723925
5939	1265	4.618585
5939	2997	4.588655
5939	2762	4.579107
5939	1704	4.480663
5939	3114	4.380224
5939	2858	4.347085
5939	32	4.251616
5940	1513	7.038607
5940	2581	7.024995
5940	2881	6.906896
5940	2723	6.791127
5940	2805	6.763602
5940	2683	6.695767
5940	2716	6.575147
5940	2013	6.466780
5940	3219	6.420871
5940	3053	6.405631
5941	3044	5.557447
5941	3897	5.447510
5941	1304	5.364519
5941	1206	5.332173
5941	3654	5.174501
5941	1617	5.008699
5941	3751	4.929557
5941	1230	4.854295
5941	1214	4.851230
5941	924	4.850477
5942	1206	5.355875
5942	1304	5.301561
5942	1230	5.183533
5942	1617	5.124636
5942	1240	4.963613
5942	1077	4.945351
5942	32	4.934130
5942	3471	4.896582
5942	1266	4.879362
5942	1199	4.863837
5943	1238	5.816172
5943	1136	5.715129
5943	912	5.655238
5943	1259	5.330873
5943	1196	5.310613
5943	541	5.226998
5943	1394	5.220308
5943	2300	5.065316
5943	1304	5.024297
5943	1197	4.981925
5944	2406	6.914689
5944	2702	6.740928
5944	2	6.723201
5944	1126	6.669237
5944	1073	6.667118
5944	317	6.660521
5944	2005	6.532397
5944	3489	6.468845
5944	2470	6.402376
5944	3479	6.125185
5945	1380	5.724634
5945	1304	4.994371
5945	1276	4.970885
5945	1234	4.932473
5945	913	4.780491
5945	1207	4.727800
5945	1225	4.683646
5945	3735	4.648548
5945	1212	4.610897
5945	1073	4.610396
5946	597	6.482861
5946	7	6.259207
5946	1777	6.186563
5946	2424	6.148341
5946	587	6.121702
5946	2124	5.890777
5946	11	5.864509
5946	345	5.847803
5946	1883	5.826196
5946	339	5.768472
5947	968	9.231816
5947	1345	8.062945
5947	1350	7.919624
5947	2901	7.858258
5947	3639	7.701904
5947	3365	7.535126
5947	1333	7.437451
5947	2455	7.335027
5947	1201	7.217771
5947	2288	7.213088
5948	3948	4.465528
5948	3827	4.382767
5948	3893	4.225248
5948	1089	4.223126
5948	3617	4.194072
5948	3624	4.053905
5948	3481	4.029689
5948	587	4.023026
5948	3753	3.985629
5948	1092	3.947284
5949	454	5.990666
5949	377	5.582113
5949	3386	5.556212
5949	1580	5.509840
5949	457	5.418607
5949	21	5.285196
5949	161	5.246448
5949	3418	5.238419
5949	3408	5.182402
5949	1883	5.164196
5950	260	5.649807
5950	1198	5.428030
5950	912	5.383565
5950	919	5.159445
5950	1221	5.142297
5950	1225	5.117629
5950	858	5.024747
5950	913	5.005544
5950	1193	4.930610
5950	1214	4.897599
5951	1210	4.985601
5951	2028	4.982907
5951	527	4.946279
5951	593	4.945302
5951	608	4.926659
5951	2858	4.849554
5951	1196	4.789871
5951	1097	4.746405
5951	318	4.673734
5951	1198	4.667715
5952	913	7.210058
5952	1206	6.038430
5952	1266	5.945721
5952	1954	5.866102
5952	599	5.714155
5952	2206	5.529017
5952	1997	5.426978
5952	903	5.266478
5952	553	5.230378
5952	3095	5.175382
5953	1676	5.371051
5953	1876	5.147536
5953	1909	5.143001
5953	1573	5.076430
5953	1544	4.988030
5953	648	4.804481
5953	2094	4.687266
5953	2628	4.649845
5953	185	4.619830
5953	329	4.595856
5954	2424	6.066069
5954	3528	5.969481
5954	539	5.829466
5954	339	5.714648
5954	594	5.634782
5954	1777	5.570333
5954	3034	5.535715
5954	2081	5.477213
5954	2065	5.411767
5954	1888	5.376736
5955	1265	5.200571
5955	588	4.764409
5955	1	4.708646
5955	3751	4.571198
5955	3114	4.382160
5955	2396	4.332518
5955	587	4.297498
5955	357	4.243278
5955	34	4.239547
5955	597	4.213933
5956	1682	6.345713
5956	1883	6.305245
5956	1393	6.138129
5956	150	6.033575
5956	1060	5.886758
5956	3148	5.853898
5956	1784	5.765008
5956	235	5.742045
5956	1732	5.681400
5956	2321	5.654583
5957	500	6.303694
5957	1513	6.163556
5957	2683	5.949100
5957	3752	5.889475
5957	367	5.884808
5957	2369	5.855046
5957	3809	5.741070
5957	3263	5.702151
5957	2100	5.700563
5957	1020	5.651937
5958	913	6.067679
5958	1206	5.474853
5958	1954	5.399806
5958	260	5.325211
5958	1221	5.309481
5958	3471	5.278895
5958	1198	5.179885
5958	1201	5.140513
5958	858	5.077790
5958	2858	4.929918
5959	3253	6.562490
5959	1883	6.541222
5959	1777	6.454180
5959	1923	6.450893
5959	1747	6.292062
5959	357	6.184095
5959	1265	6.171198
5959	39	6.169467
5959	1784	6.148472
5959	1500	6.115044
5960	3219	6.829448
5960	2580	6.816878
5960	3174	6.783954
5960	2598	6.709134
5960	2734	6.685272
5960	2881	6.570811
5960	2490	6.453895
5960	2683	6.419008
5960	785	6.418007
5960	3175	6.222694
5961	1644	7.871620
5961	2617	7.630769
5961	1377	6.876514
5961	3257	6.594704
5961	2193	6.581422
5961	2528	6.444350
5961	653	6.307220
5961	2628	6.295542
5961	2167	6.254896
5961	1917	6.245777
5963	454	5.153760
5963	1573	4.946841
5963	1580	4.812833
5963	648	4.761798
5963	2571	4.754178
5963	1676	4.641519
5963	589	4.608722
5963	2916	4.581916
5963	1653	4.520627
5963	1584	4.494040
5964	2012	4.719760
5964	1092	4.651148
5964	2717	4.599029
5964	3638	4.571775
5964	3081	4.536304
5964	3827	4.488954
5964	736	4.365625
5964	168	4.352523
5964	788	4.252762
5964	2699	4.251358
5965	2580	5.899971
5965	3763	5.295907
5965	3174	5.267246
5965	2599	5.141409
5965	3113	5.132680
5965	2716	5.073145
5965	2976	5.002509
5965	3578	4.972054
5965	3623	4.936609
5965	2490	4.864143
5966	1784	5.893285
5966	1265	5.768465
5966	2321	5.648089
5966	1060	5.585997
5966	1357	5.541154
5966	34	5.370783
5966	588	5.360053
5966	1580	5.322933
5966	551	5.205576
5966	1682	5.079747
5968	1259	6.759170
5968	1394	6.259567
5968	1198	6.158146
5968	1197	6.105294
5968	908	5.932725
5968	1221	5.894573
5968	1293	5.868813
5968	608	5.855205
5968	1228	5.771996
5968	1270	5.767798
5969	1307	6.419013
5969	1265	5.850816
5969	2716	5.466434
5969	1517	5.219790
5969	2918	5.087409
5969	2858	5.036051
5969	2797	5.020360
5969	1500	4.918386
5969	356	4.670187
5969	3868	4.647363
5970	1527	5.537846
5970	3701	5.282493
5970	2916	5.261213
5970	589	5.048113
5970	2167	4.996080
5970	1584	4.899562
5970	480	4.892037
5970	1580	4.793707
5970	1215	4.732926
5970	2657	4.715124
5971	2916	6.150796
5971	589	6.112769
5971	480	6.107894
5971	2571	5.762189
5971	32	5.556642
5971	1580	5.531174
5971	1356	5.397100
5971	110	5.356042
5971	1527	5.342402
5971	3418	5.331298
5972	593	4.807845
5972	3578	4.800530
5972	608	4.780874
5972	457	4.743621
5972	50	4.689852
5972	1393	4.652224
5972	454	4.648200
5972	1089	4.644657
5972	296	4.637586
5972	3751	4.612476
5973	3702	6.568138
5973	1206	6.473666
5973	750	6.130818
5973	1077	5.923725
5973	2529	5.836819
5973	1584	5.792369
5973	1240	5.602744
5973	2858	5.541821
5973	1269	5.538875
5973	1199	5.428163
5974	587	6.240549
5974	588	6.142335
5974	1183	6.034860
5974	356	5.959265
5974	1608	5.916742
5974	1393	5.868186
5974	2875	5.689045
5974	1721	5.654632
5974	1271	5.609266
5974	357	5.590173
5975	1282	4.886238
5975	260	4.866537
5975	1073	4.670533
5975	969	4.564851
5975	1374	4.555942
5975	296	4.553237
5975	2987	4.546714
5975	2968	4.529824
5975	1198	4.527322
5975	1225	4.526968
5976	2804	6.784333
5976	1374	6.709555
5976	1097	6.362252
5976	1197	6.341594
5976	1090	6.305963
5976	1259	6.249021
5976	1957	6.212481
5976	1198	5.996596
5976	3098	5.918675
5976	1228	5.833433
5977	1304	6.380236
5977	3435	6.117393
5977	903	6.075800
5977	1953	6.059039
5977	1267	5.937546
5977	904	5.897631
5977	1230	5.893275
5977	1206	5.809437
5977	1252	5.681576
5977	919	5.623137
5978	1019	5.394105
5978	260	4.921088
5978	1644	4.909837
5978	674	4.670384
5978	919	4.653889
5978	610	4.553938
5978	185	4.525420
5978	2300	4.409399
5978	2054	4.354820
5978	1282	4.323756
5979	920	5.995559
5979	912	5.411423
5979	910	5.198707
5979	1247	5.183831
5979	924	5.145619
5979	1960	5.119402
5979	858	5.103467
5979	1674	4.997785
5979	1220	4.987118
5979	260	4.956968
5980	930	5.894232
5980	377	5.645615
5980	3418	5.383162
5980	1214	5.373506
5980	1266	5.316459
5980	2687	5.303356
5980	920	5.215937
5980	1277	5.076634
5980	3386	5.057722
5980	1201	4.942382
5981	380	5.724277
5981	377	5.286666
5981	2406	5.186084
5981	47	5.162593
5981	1645	5.091453
5981	3623	5.084454
5981	3753	5.080619
5981	457	5.066083
5981	1343	5.058044
5981	3155	4.967171
5982	908	4.958224
5982	1035	4.896852
5982	1282	4.847262
5982	296	4.847096
5982	260	4.841206
5982	1	4.806655
5982	1136	4.725940
5982	1617	4.722987
5982	1214	4.707703
5982	541	4.700682
5984	2529	5.333715
5984	1374	5.053313
5984	589	4.975279
5984	3702	4.973489
5984	608	4.778197
5984	1	4.757216
5984	34	4.711600
5984	1617	4.633898
5984	750	4.602913
5984	1304	4.553762
5985	2997	4.551508
5985	3148	4.355260
5985	2959	4.204335
5985	1732	4.164691
5985	3176	4.152944
5985	150	4.122206
5985	2762	4.080421
5985	3751	4.068787
5985	3174	4.027223
5985	1213	3.931540
5986	750	5.398582
5986	1294	5.278213
5986	3363	5.108902
5986	916	5.042012
5986	1077	5.002311
5986	1292	4.998188
5986	3671	4.958198
5986	3471	4.927847
5986	34	4.854135
5986	3175	4.826841
5987	3263	5.955878
5987	1777	5.802076
5987	2108	5.616798
5987	500	5.541649
5987	2431	5.403628
5987	3809	5.397648
5987	2539	5.292442
5987	1265	5.272057
5987	3253	5.243751
5987	1639	5.242637
5988	1883	6.941887
5988	1265	6.516245
5988	357	6.443355
5988	1393	6.397782
5988	2321	6.381709
5988	39	6.375500
5988	1500	6.373449
5988	3108	6.259375
5988	104	5.936741
5988	356	5.928602
5989	2470	6.968027
5989	2100	6.442644
5989	1073	6.422918
5989	3479	6.315907
5989	2054	6.127964
5989	2797	6.099779
5989	2005	6.069993
5989	2161	6.035603
5989	673	5.684408
5989	2143	5.664593
5990	2976	6.672458
5990	2672	6.367784
5990	2279	6.313976
5990	2713	6.166660
5990	2701	6.149817
5990	3635	6.091765
5990	1037	5.962113
5990	2338	5.890756
5990	2389	5.803962
5990	382	5.690015
5991	912	6.072025
5991	1947	5.769219
5991	1272	5.596001
5991	2396	5.252263
5991	2987	5.234640
5991	920	5.163625
5991	3396	5.154049
5991	527	5.120475
5991	750	4.905088
5991	2797	4.875018
5992	3623	5.331607
5992	2762	4.471651
5992	3578	4.465467
5992	2628	4.438348
5992	3753	4.327243
5992	2706	4.268266
5992	2858	4.207521
5992	3793	4.165884
5992	3273	4.138089
5992	2012	4.123412
5993	1294	4.770357
5993	1265	4.755794
5993	1230	4.737229
5993	1307	4.587429
5993	2746	4.523726
5993	162	4.459387
5993	1674	4.432020
5993	2248	4.411431
5993	3751	4.359834
5993	2081	4.353085
5994	589	6.205097
5994	2628	6.093538
5994	2194	5.656576
5994	2640	5.581663
5994	1036	5.544499
5994	1610	5.280433
5994	480	5.278374
5994	2455	5.236163
5994	1580	5.130126
5994	2571	5.125730
5995	3623	4.389623
5995	3793	4.377793
5995	2762	4.373937
5995	3753	4.292671
5995	1206	4.177518
5995	913	4.011054
5995	1198	4.009612
5995	1240	4.003768
5995	2571	3.970583
5995	1997	3.953399
5996	1391	5.883502
5996	2002	5.844997
5996	1377	5.755129
5996	1918	5.616629
5996	2012	5.590229
5996	3717	5.468314
5996	3744	5.390157
5996	3624	5.364822
5996	1544	5.335699
5996	1378	5.309732
5997	589	6.173381
5997	2916	5.492680
5997	2640	5.343943
5997	2571	5.131951
5997	3160	5.120781
5997	2628	5.035946
5997	2858	5.031105
5997	110	5.011981
5997	1036	4.986929
5997	1240	4.985169
5998	1408	7.336799
5998	356	6.951399
5998	1183	6.720774
5998	39	6.695303
5998	161	6.606968
5998	45	6.390540
5998	2433	6.376161
5998	2706	6.353329
5998	2427	6.298929
5998	2355	6.276938
6000	1663	8.601399
6000	1307	8.333604
6000	3552	8.106032
6000	2746	7.858496
6000	2100	7.796144
6000	2797	7.367132
6000	2259	7.025547
6000	2081	6.943064
6000	2716	6.867558
6000	3710	6.752336
6001	1584	5.261131
6001	32	5.047022
6001	2916	4.945074
6001	2640	4.865151
6001	1580	4.808567
6001	524	4.536404
6001	1240	4.303922
6001	480	4.283898
6001	1527	4.266682
6001	377	4.206787
6002	1206	6.476355
6002	3827	6.451428
6002	1269	6.233441
6002	1212	6.169422
6002	1304	5.977643
6002	1953	5.976216
6002	905	5.950954
6002	272	5.560700
6002	1252	5.484329
6002	942	5.466115
6003	1265	5.879178
6003	1777	5.176010
6003	246	4.944915
6003	1569	4.829521
6003	3448	4.805946
6003	1307	4.803226
6003	356	4.739119
6003	597	4.732265
6003	1747	4.702250
6003	104	4.667593
6004	1073	5.410324
6004	1291	5.371326
6004	2797	5.305935
6004	1019	5.206887
6004	260	5.109533
6004	364	5.094850
6004	1282	5.043263
6004	1198	4.985132
6004	1220	4.933856
6004	1225	4.927248
6005	1974	8.055128
6005	2513	7.684821
6005	968	7.333860
6005	1321	6.874604
6005	3708	6.659954
6005	2976	6.553637
6005	2004	6.461455
6005	2717	6.448570
6005	2716	6.434528
6005	1983	6.413732
6006	783	7.137386
6006	2018	6.882157
6006	2294	6.588726
6006	36	6.530852
6006	34	6.481214
6006	2081	6.041045
6006	2078	6.016286
6006	2137	5.898157
6006	661	5.889909
6006	3006	5.878274
6007	1917	8.256793
6007	1391	7.584976
6007	3697	7.543209
6007	316	7.382277
6007	2393	7.329291
6007	1876	7.241797
6007	1544	7.085324
6007	2808	7.026110
6007	1690	6.941224
6007	329	6.776814
6008	589	5.215682
6008	296	5.095376
6008	1198	5.033766
6008	480	4.818931
6008	2194	4.798878
6008	527	4.786522
6008	1210	4.778202
6008	593	4.747789
6008	457	4.689348
6008	318	4.661957
6009	1722	6.720434
6009	832	6.392909
6009	1573	6.303392
6009	587	6.273511
6009	1721	6.151382
6009	161	6.139800
6009	1909	6.128360
6009	1183	6.081546
6009	1597	6.009538
6009	1408	5.974091
6010	466	5.767351
6010	1307	5.392617
6010	1379	5.049701
6010	2858	4.992941
6010	2716	4.879958
6010	368	4.865160
6010	2881	4.783009
6010	3516	4.777568
6010	2406	4.728555
6010	380	4.705958
6011	296	4.676938
6011	2406	4.641437
6011	1220	4.636861
6011	2628	4.496573
6011	318	4.492127
6011	593	4.474480
6011	2797	4.295198
6011	2028	4.294526
6011	592	4.271755
6011	2005	4.191375
6013	916	6.890492
6013	1688	6.615937
6013	1294	6.346275
6013	899	6.314838
6013	2294	6.290029
6013	920	6.271529
6013	2018	6.208553
6013	783	6.194998
6013	3363	6.133673
6013	1566	6.126292
6014	2018	7.367112
6014	919	7.174853
6014	1022	6.880325
6014	1294	6.730036
6014	2078	6.652286
6014	595	6.631458
6014	2096	6.631408
6014	969	6.605626
6014	2565	6.452522
6014	2067	6.409329
6015	2355	5.305743
6015	1	5.295623
6015	1394	4.956407
6015	1961	4.853671
6015	2997	4.814681
6015	2716	4.765341
6015	1079	4.753031
6015	1288	4.751832
6015	39	4.746451
6015	1197	4.663510
6016	3155	6.982325
6016	7	6.687650
6016	380	6.514574
6016	736	6.491692
6016	3257	6.372099
6016	539	6.261017
6016	802	6.240421
6016	2424	6.219990
6016	353	6.053258
6016	1597	5.984170
6017	1198	6.112594
6017	260	5.907117
6017	1204	5.792561
6017	2028	5.710131
6017	1291	5.573576
6017	924	5.354830
6017	2115	5.346834
6017	318	5.333571
6017	2628	5.305721
6017	858	5.289671
6018	2916	4.909373
6018	2985	4.596023
6018	1527	4.453452
6018	3175	4.348303
6018	589	4.347600
6018	1909	4.329698
6018	1240	4.299069
6018	1214	4.289608
6018	2571	4.249316
6018	260	4.216245
6019	2012	5.676260
6019	1918	5.583304
6019	2701	5.513825
6019	1391	5.330417
6019	2699	5.273837
6019	380	5.261645
6019	788	5.244559
6019	3623	5.155155
6019	2628	5.085408
6019	3257	5.025696
6020	1198	6.776286
6020	1221	6.656517
6020	1240	6.580291
6020	260	6.492471
6020	1200	6.484287
6020	858	6.372340
6020	1204	6.331607
6020	924	6.236031
6020	1210	6.194950
6020	1206	6.190241
6021	1265	5.480461
6021	2355	4.967451
6021	2918	4.916033
6021	1270	4.804222
6021	1307	4.739257
6021	34	4.608918
6021	2000	4.430747
6021	2858	4.430295
6021	2997	4.414875
6021	3552	4.373218
6022	1198	5.350115
6022	1197	4.996752
6022	1097	4.992880
6022	2000	4.884930
6022	2791	4.842747
6022	2804	4.838271
6022	1270	4.835501
6022	3552	4.826057
6022	296	4.745550
6022	1961	4.690774
6023	1527	7.352218
6023	1580	6.791531
6023	2916	6.692874
6023	70	6.664478
6023	349	6.475266
6023	1573	6.462223
6023	1552	6.275128
6023	480	6.228134
6023	2640	6.223562
6023	2617	6.151337
6024	589	6.150817
6024	2916	6.012934
6024	480	6.002069
6024	1580	5.990880
6024	1527	5.858841
6024	1573	5.693974
6024	733	5.605856
6024	1610	5.571426
6024	349	5.515989
6024	2571	5.492870
6025	1569	7.136500
6025	1777	7.010381
6025	2424	6.645533
6025	1265	6.466481
6025	539	6.282542
6025	231	6.184453
6025	11	6.142426
6025	339	6.048926
6025	1747	6.023874
6025	852	6.015569
6026	1644	5.691037
6026	2167	5.428891
6026	1717	5.023650
6026	2617	5.010494
6026	185	4.992226
6026	2528	4.924935
6026	2628	4.786023
6026	2640	4.760236
6026	3638	4.693635
6026	1377	4.675148
6027	2628	5.813566
6027	1608	5.774296
6027	1527	5.500395
6027	648	5.359891
6027	349	5.315646
6027	480	5.238807
6027	1101	5.226028
6027	1356	5.211312
6027	3107	5.133786
6027	733	4.959743
6028	589	6.988337
6028	2160	6.474265
6028	2640	6.463392
6028	1129	6.295240
6028	2455	6.290768
6028	480	6.241662
6028	2628	6.139684
6028	2194	6.111161
6028	2916	6.047950
6028	2454	5.785097
6029	1307	7.378332
6029	1394	5.970788
6029	2797	5.785191
6029	1663	5.735221
6029	1294	5.725494
6029	3072	5.672339
6029	1674	5.642481
6029	2243	5.600848
6029	2746	5.569030
6029	2918	5.429139
6030	3489	6.100537
6030	153	5.862463
6030	2105	5.794041
6030	2421	5.748353
6030	3861	5.721056
6030	2628	5.681408
6030	1562	5.500007
6030	1544	5.416023
6030	434	5.373898
6030	1371	5.283499
6031	2797	5.045144
6031	527	4.963690
6031	593	4.793895
6031	2028	4.740634
6031	1265	4.685848
6031	1094	4.590892
6031	1307	4.572759
6031	318	4.555312
6031	34	4.530593
6031	2243	4.499171
6032	920	6.833765
6032	1230	5.955655
6032	930	5.704669
6032	1201	5.683969
6032	750	5.573551
6032	916	5.492204
6032	910	5.414831
6032	903	5.334172
6032	1294	5.216471
6032	3671	5.162208
6033	2571	5.548662
6033	1240	5.524232
6033	1214	5.447149
6033	589	5.406187
6033	1198	5.260715
6033	1200	5.190289
6033	3702	5.133441
6033	1036	5.106198
6033	1610	5.059788
6033	1206	5.053302
6035	2100	8.426356
6035	2253	7.540398
6035	2470	7.534653
6035	1513	7.425972
6035	3157	7.204454
6035	19	7.186443
6035	2961	7.066005
6035	317	7.056611
6035	2053	6.732753
6035	2088	6.582518
6036	1831	7.087955
6036	435	6.775104
6036	196	6.542441
6036	2002	6.490735
6036	3717	6.375835
6036	1037	6.336499
6036	1391	6.316516
6036	2826	6.305287
6036	1373	6.161622
6036	1779	6.148638
6037	920	6.003021
6037	1214	5.834547
6037	1230	5.509556
6037	1617	5.376823
6037	589	5.249769
6037	3418	5.222406
6037	1240	5.196390
6037	903	5.182387
6037	1269	5.153659
6037	1584	5.098094
6039	3668	5.827729
6039	1380	5.603359
6039	965	5.567084
6039	3528	5.335622
6039	3606	5.324192
6039	1266	5.151936
6039	1339	5.015227
6039	3155	4.969164
6039	1230	4.937113
6039	899	4.920232
6040	1387	5.364087
6040	1231	5.274215
6040	2716	5.200778
6040	913	5.144288
6040	1276	5.099318
6040	912	5.069458
6040	260	5.024801
6040	1221	4.904169
6040	1225	4.866665
6040	1073	4.837054
